C:\Users\eljes\Downloads\simulator-windows-64\IMG\center_2026_08_31_21_50_53_074.jpg, C:\Users\eljes\Downloads\simulator-windows-64\IMG\left_2026_08_31_21_50_53_074.jpg, C:\Users\eljes\Downloads\simulator-windows-64\IMG\right_2026_08_31_21_50_53_074.jpg, 0, 0, 0, 6.403504
C:\Users\eljes\Downloads\simulator-windows-64\IMG\center_2026_08_31_21_50_53_181.jpg, C:\Users\eljes\Downloads\simulator-windows-64\IMG\left_2026_08_31_21_50_53_181.jpg, C:\Users\eljes\Downloads\simulator-windows-64\IMG\right_2026_08_31_21_50_53_181.jpg, 0, 0, 0, 6.339233
C:\Users\eljes\Downloads\simulator-windows-64\IMG\center_2026_08_31_21_50_53_282.jpg, C:\Users\eljes\Downloads\simulator-windows-64\IMG\left_2026_08_31_21_50_53_282.jpg, C:\Users\eljes\Downloads\simulator-windows-64\IMG\right_2026_08_31_21_50_53_282.jpg, 0, 0, 0, 6.275608
C:\Users\eljes\Downloads\simulator-windows-64\IMG\center_2026_08_31_21_50_53_383.jpg, C:\Users\eljes\Downloads\simulator-windows-64\IMG\left_2026_08_31_21_50_53_383.jpg, C:\Users\eljes\Downloads\simulator-windows-64\IMG\right_2026_08_31_21_50_53_383.jpg, 0, 0, 0, 6.212621
C:\Users\eljes\Downloads\simulator-windows-64\IMG\center_2026_08_31_21_50_53_485.jpg, C:\Users\eljes\Downloads\simulator-windows-64\IMG\left_2026_08_31_21_50_53_485.jpg, C:\Users\eljes\Downloads\simulator-windows-64\IMG\right_2026_08_31_21_50_53_485.jpg, 0, 0, 0, 6.13787
C:\Users\eljes\Downloads\simulator-windows-64\IMG\center_2026_08_31_21_50_53_590.jpg, C:\Users\eljes\Downloads\simulator-windows-64\IMG\left_2026_08_31_21_50_53_590.jpg, C:\Users\eljes\Downloads\simulator-windows-64\IMG\right_2026_08_31_21_50_53_590.jpg, 0, 0, 0, 6.076268
C:\Users\eljes\Downloads\simulator-windows-64\IMG\center_2026_08_31_21_50_53_695.jpg, C:\Users\eljes\Downloads\simulator-windows-64\IMG\left_2026_08_31_21_50_53_695.jpg, C:\Users\eljes\Downloads\simulator-windows-64\IMG\right_2026_08_31_21_50_53_695.jpg, 0, 0, 0, 6.014926
C:\Users\eljes\Downloads\simulator-windows-64\IMG\center_2026_08_31_21_50_53_798.jpg, C:\Users\eljes\Downloads\simulator-windows-64\IMG\left_2026_08_31_21_50_53_798.jpg, C:\Users\eljes\Downloads\simulator-windows-64\IMG\right_2026_08_31_21_50_53_798.jpg, 0, 0, 0, 5.953975
C:\Users\eljes\Downloads\simulator-windows-64\IMG\center_2026_08_31_21_50_53_905.jpg, C:\Users\eljes\Downloads\simulator-windows-64\IMG\left_2026_08_31_21_50_53_905.jpg, C:\Users\eljes\Downloads\simulator-windows-64\IMG\right_2026_08_31_21_50_53_905.jpg, 0, 0, 0, 5.880868
C:\Users\eljes\Downloads\simulator-windows-64\IMG\center_2026_08_31_21_50_54_006.jpg, C:\Users\eljes\Downloads\simulator-windows-64\IMG\left_2026_08_31_21_50_54_006.jpg, C:\Users\eljes\Downloads\simulator-windows-64\IMG\right_2026_08_31_21_50_54_006.jpg, 0, 0.2546955, 0, 5.974054
C:\Users\eljes\Downloads\simulator-windows-64\IMG\center_2026_08_31_21_50_54_105.jpg, C:\Users\eljes\Downloads\simulator-windows-64\IMG\left_2026_08_31_21_50_54_105.jpg, C:\Users\eljes\Downloads\simulator-windows-64\IMG\right_2026_08_31_21_50_54_105.jpg, 0, 0.5567859, 0, 6.431466
C:\Users\eljes\Downloads\simulator-windows-64\IMG\center_2026_08_31_21_50_54_207.jpg, C:\Users\eljes\Downloads\simulator-windows-64\IMG\left_2026_08_31_21_50_54_207.jpg, C:\Users\eljes\Downloads\simulator-windows-64\IMG\right_2026_08_31_21_50_54_207.jpg, 0, 0.859175, 0, 7.239795
C:\Users\eljes\Downloads\simulator-windows-64\IMG\center_2026_08_31_21_50_54_307.jpg, C:\Users\eljes\Downloads\simulator-windows-64\IMG\left_2026_08_31_21_50_54_307.jpg, C:\Users\eljes\Downloads\simulator-windows-64\IMG\right_2026_08_31_21_50_54_307.jpg, -0.3016083, 1, 0, 8.319027
C:\Users\eljes\Downloads\simulator-windows-64\IMG\center_2026_08_31_21_50_54_415.jpg, C:\Users\eljes\Downloads\simulator-windows-64\IMG\left_2026_08_31_21_50_54_415.jpg, C:\Users\eljes\Downloads\simulator-windows-64\IMG\right_2026_08_31_21_50_54_415.jpg, -0.004296912, 1, 0, 9.438139
C:\Users\eljes\Downloads\simulator-windows-64\IMG\center_2026_08_31_21_50_54_518.jpg, C:\Users\eljes\Downloads\simulator-windows-64\IMG\left_2026_08_31_21_50_54_518.jpg, C:\Users\eljes\Downloads\simulator-windows-64\IMG\right_2026_08_31_21_50_54_518.jpg, 0, 1, 0, 10.54733
C:\Users\eljes\Downloads\simulator-windows-64\IMG\center_2026_08_31_21_50_54_619.jpg, C:\Users\eljes\Downloads\simulator-windows-64\IMG\left_2026_08_31_21_50_54_619.jpg, C:\Users\eljes\Downloads\simulator-windows-64\IMG\right_2026_08_31_21_50_54_619.jpg, 0, 1, 0, 11.48079
C:\Users\eljes\Downloads\simulator-windows-64\IMG\center_2026_08_31_21_50_54_727.jpg, C:\Users\eljes\Downloads\simulator-windows-64\IMG\left_2026_08_31_21_50_54_727.jpg, C:\Users\eljes\Downloads\simulator-windows-64\IMG\right_2026_08_31_21_50_54_727.jpg, 0, 0.975478, 0, 12.94754
C:\Users\eljes\Downloads\simulator-windows-64\IMG\center_2026_08_31_21_50_54_828.jpg, C:\Users\eljes\Downloads\simulator-windows-64\IMG\left_2026_08_31_21_50_54_828.jpg, C:\Users\eljes\Downloads\simulator-windows-64\IMG\right_2026_08_31_21_50_54_828.jpg, 0, 0.6710421, 0, 13.77326
C:\Users\eljes\Downloads\simulator-windows-64\IMG\center_2026_08_31_21_50_54_929.jpg, C:\Users\eljes\Downloads\simulator-windows-64\IMG\left_2026_08_31_21_50_54_929.jpg, C:\Users\eljes\Downloads\simulator-windows-64\IMG\right_2026_08_31_21_50_54_929.jpg, 0, 0.7583648, 0, 14.23564
C:\Users\eljes\Downloads\simulator-windows-64\IMG\center_2026_08_31_21_50_55_034.jpg, C:\Users\eljes\Downloads\simulator-windows-64\IMG\left_2026_08_31_21_50_55_034.jpg, C:\Users\eljes\Downloads\simulator-windows-64\IMG\right_2026_08_31_21_50_55_034.jpg, 0, 1, 0, 15.40684
C:\Users\eljes\Downloads\simulator-windows-64\IMG\center_2026_08_31_21_50_55_134.jpg, C:\Users\eljes\Downloads\simulator-windows-64\IMG\left_2026_08_31_21_50_55_134.jpg, C:\Users\eljes\Downloads\simulator-windows-64\IMG\right_2026_08_31_21_50_55_134.jpg, -0.08221559, 1, 0, 16.4912
C:\Users\eljes\Downloads\simulator-windows-64\IMG\center_2026_08_31_21_50_55_235.jpg, C:\Users\eljes\Downloads\simulator-windows-64\IMG\left_2026_08_31_21_50_55_235.jpg, C:\Users\eljes\Downloads\simulator-windows-64\IMG\right_2026_08_31_21_50_55_235.jpg, -0.3807006, 1, 0, 17.34783
C:\Users\eljes\Downloads\simulator-windows-64\IMG\center_2026_08_31_21_50_55_338.jpg, C:\Users\eljes\Downloads\simulator-windows-64\IMG\left_2026_08_31_21_50_55_338.jpg, C:\Users\eljes\Downloads\simulator-windows-64\IMG\right_2026_08_31_21_50_55_338.jpg, -0.3058107, 1, 0, 18.44663
C:\Users\eljes\Downloads\simulator-windows-64\IMG\center_2026_08_31_21_50_55_444.jpg, C:\Users\eljes\Downloads\simulator-windows-64\IMG\left_2026_08_31_21_50_55_444.jpg, C:\Users\eljes\Downloads\simulator-windows-64\IMG\right_2026_08_31_21_50_55_444.jpg, 0, 1, 0, 19.65372
C:\Users\eljes\Downloads\simulator-windows-64\IMG\center_2026_08_31_21_50_55_546.jpg, C:\Users\eljes\Downloads\simulator-windows-64\IMG\left_2026_08_31_21_50_55_546.jpg, C:\Users\eljes\Downloads\simulator-windows-64\IMG\right_2026_08_31_21_50_55_546.jpg, 0, 1, 0, 20.55231
C:\Users\eljes\Downloads\simulator-windows-64\IMG\center_2026_08_31_21_50_55_650.jpg, C:\Users\eljes\Downloads\simulator-windows-64\IMG\left_2026_08_31_21_50_55_650.jpg, C:\Users\eljes\Downloads\simulator-windows-64\IMG\right_2026_08_31_21_50_55_650.jpg, 0, 1, 0, 21.62585
C:\Users\eljes\Downloads\simulator-windows-64\IMG\center_2026_08_31_21_50_55_755.jpg, C:\Users\eljes\Downloads\simulator-windows-64\IMG\left_2026_08_31_21_50_55_755.jpg, C:\Users\eljes\Downloads\simulator-windows-64\IMG\right_2026_08_31_21_50_55_755.jpg, -0.2491776, 1, 0, 22.5499
C:\Users\eljes\Downloads\simulator-windows-64\IMG\center_2026_08_31_21_50_55_856.jpg, C:\Users\eljes\Downloads\simulator-windows-64\IMG\left_2026_08_31_21_50_55_856.jpg, C:\Users\eljes\Downloads\simulator-windows-64\IMG\right_2026_08_31_21_50_55_856.jpg, -0.5528802, 1, 0, 23.39484
C:\Users\eljes\Downloads\simulator-windows-64\IMG\center_2026_08_31_21_50_55_960.jpg, C:\Users\eljes\Downloads\simulator-windows-64\IMG\left_2026_08_31_21_50_55_960.jpg, C:\Users\eljes\Downloads\simulator-windows-64\IMG\right_2026_08_31_21_50_55_960.jpg, -0.8460456, 1, 0, 24.04313
C:\Users\eljes\Downloads\simulator-windows-64\IMG\center_2026_08_31_21_50_56_063.jpg, C:\Users\eljes\Downloads\simulator-windows-64\IMG\left_2026_08_31_21_50_56_063.jpg, C:\Users\eljes\Downloads\simulator-windows-64\IMG\right_2026_08_31_21_50_56_063.jpg, -0.5802074, 1, 0, 24.89329
C:\Users\eljes\Downloads\simulator-windows-64\IMG\center_2026_08_31_21_50_56_166.jpg, C:\Users\eljes\Downloads\simulator-windows-64\IMG\left_2026_08_31_21_50_56_166.jpg, C:\Users\eljes\Downloads\simulator-windows-64\IMG\right_2026_08_31_21_50_56_166.jpg, -0.2276255, 1, 0, 26.08786
C:\Users\eljes\Downloads\simulator-windows-64\IMG\center_2026_08_31_21_50_56_273.jpg, C:\Users\eljes\Downloads\simulator-windows-64\IMG\left_2026_08_31_21_50_56_273.jpg, C:\Users\eljes\Downloads\simulator-windows-64\IMG\right_2026_08_31_21_50_56_273.jpg, 0, 1, 0, 27.01544
C:\Users\eljes\Downloads\simulator-windows-64\IMG\center_2026_08_31_21_50_56_377.jpg, C:\Users\eljes\Downloads\simulator-windows-64\IMG\left_2026_08_31_21_50_56_377.jpg, C:\Users\eljes\Downloads\simulator-windows-64\IMG\right_2026_08_31_21_50_56_377.jpg, 0, 1, 0, 27.94422
C:\Users\eljes\Downloads\simulator-windows-64\IMG\center_2026_08_31_21_50_56_483.jpg, C:\Users\eljes\Downloads\simulator-windows-64\IMG\left_2026_08_31_21_50_56_483.jpg, C:\Users\eljes\Downloads\simulator-windows-64\IMG\right_2026_08_31_21_50_56_483.jpg, 0, 1, 0, 28.87282
C:\Users\eljes\Downloads\simulator-windows-64\IMG\center_2026_08_31_21_50_56_588.jpg, C:\Users\eljes\Downloads\simulator-windows-64\IMG\left_2026_08_31_21_50_56_588.jpg, C:\Users\eljes\Downloads\simulator-windows-64\IMG\right_2026_08_31_21_50_56_588.jpg, 0, 1, 0, 29.97678
C:\Users\eljes\Downloads\simulator-windows-64\IMG\center_2026_08_31_21_50_56_689.jpg, C:\Users\eljes\Downloads\simulator-windows-64\IMG\left_2026_08_31_21_50_56_689.jpg, C:\Users\eljes\Downloads\simulator-windows-64\IMG\right_2026_08_31_21_50_56_689.jpg, 0, 1, 0, 30.19061
C:\Users\eljes\Downloads\simulator-windows-64\IMG\center_2026_08_31_21_50_56_790.jpg, C:\Users\eljes\Downloads\simulator-windows-64\IMG\left_2026_08_31_21_50_56_790.jpg, C:\Users\eljes\Downloads\simulator-windows-64\IMG\right_2026_08_31_21_50_56_790.jpg, 0, 1, 0, 30.19044
C:\Users\eljes\Downloads\simulator-windows-64\IMG\center_2026_08_31_21_50_56_890.jpg, C:\Users\eljes\Downloads\simulator-windows-64\IMG\left_2026_08_31_21_50_56_890.jpg, C:\Users\eljes\Downloads\simulator-windows-64\IMG\right_2026_08_31_21_50_56_890.jpg, 0, 1, 0, 30.19127
C:\Users\eljes\Downloads\simulator-windows-64\IMG\center_2026_08_31_21_50_56_995.jpg, C:\Users\eljes\Downloads\simulator-windows-64\IMG\left_2026_08_31_21_50_56_995.jpg, C:\Users\eljes\Downloads\simulator-windows-64\IMG\right_2026_08_31_21_50_56_995.jpg, 0, 1, 0, 30.19018
C:\Users\eljes\Downloads\simulator-windows-64\IMG\center_2026_08_31_21_50_57_096.jpg, C:\Users\eljes\Downloads\simulator-windows-64\IMG\left_2026_08_31_21_50_57_096.jpg, C:\Users\eljes\Downloads\simulator-windows-64\IMG\right_2026_08_31_21_50_57_096.jpg, 0, 1, 0, 30.19031
C:\Users\eljes\Downloads\simulator-windows-64\IMG\center_2026_08_31_21_50_57_200.jpg, C:\Users\eljes\Downloads\simulator-windows-64\IMG\left_2026_08_31_21_50_57_200.jpg, C:\Users\eljes\Downloads\simulator-windows-64\IMG\right_2026_08_31_21_50_57_200.jpg, -0.0710766, 1, 0, 30.18913
C:\Users\eljes\Downloads\simulator-windows-64\IMG\center_2026_08_31_21_50_57_301.jpg, C:\Users\eljes\Downloads\simulator-windows-64\IMG\left_2026_08_31_21_50_57_301.jpg, C:\Users\eljes\Downloads\simulator-windows-64\IMG\right_2026_08_31_21_50_57_301.jpg, -0.3759213, 1, 0, 30.15814
C:\Users\eljes\Downloads\simulator-windows-64\IMG\center_2026_08_31_21_50_57_409.jpg, C:\Users\eljes\Downloads\simulator-windows-64\IMG\left_2026_08_31_21_50_57_409.jpg, C:\Users\eljes\Downloads\simulator-windows-64\IMG\right_2026_08_31_21_50_57_409.jpg, -0.2650497, 1, 0, 30.18964
C:\Users\eljes\Downloads\simulator-windows-64\IMG\center_2026_08_31_21_50_57_510.jpg, C:\Users\eljes\Downloads\simulator-windows-64\IMG\left_2026_08_31_21_50_57_510.jpg, C:\Users\eljes\Downloads\simulator-windows-64\IMG\right_2026_08_31_21_50_57_510.jpg, 0, 1, 0, 30.18622
C:\Users\eljes\Downloads\simulator-windows-64\IMG\center_2026_08_31_21_50_57_612.jpg, C:\Users\eljes\Downloads\simulator-windows-64\IMG\left_2026_08_31_21_50_57_612.jpg, C:\Users\eljes\Downloads\simulator-windows-64\IMG\right_2026_08_31_21_50_57_612.jpg, 0, 1, 0, 30.18978
C:\Users\eljes\Downloads\simulator-windows-64\IMG\center_2026_08_31_21_50_57_716.jpg, C:\Users\eljes\Downloads\simulator-windows-64\IMG\left_2026_08_31_21_50_57_716.jpg, C:\Users\eljes\Downloads\simulator-windows-64\IMG\right_2026_08_31_21_50_57_716.jpg, 0, 1, 0, 30.19009
C:\Users\eljes\Downloads\simulator-windows-64\IMG\center_2026_08_31_21_50_57_820.jpg, C:\Users\eljes\Downloads\simulator-windows-64\IMG\left_2026_08_31_21_50_57_820.jpg, C:\Users\eljes\Downloads\simulator-windows-64\IMG\right_2026_08_31_21_50_57_820.jpg, 0, 1, 0, 30.19009
C:\Users\eljes\Downloads\simulator-windows-64\IMG\center_2026_08_31_21_50_57_923.jpg, C:\Users\eljes\Downloads\simulator-windows-64\IMG\left_2026_08_31_21_50_57_923.jpg, C:\Users\eljes\Downloads\simulator-windows-64\IMG\right_2026_08_31_21_50_57_923.jpg, 0, 1, 0, 30.18986
C:\Users\eljes\Downloads\simulator-windows-64\IMG\center_2026_08_31_21_50_58_028.jpg, C:\Users\eljes\Downloads\simulator-windows-64\IMG\left_2026_08_31_21_50_58_028.jpg, C:\Users\eljes\Downloads\simulator-windows-64\IMG\right_2026_08_31_21_50_58_028.jpg, 0, 1, 0, 30.18983
C:\Users\eljes\Downloads\simulator-windows-64\IMG\center_2026_08_31_21_50_58_131.jpg, C:\Users\eljes\Downloads\simulator-windows-64\IMG\left_2026_08_31_21_50_58_131.jpg, C:\Users\eljes\Downloads\simulator-windows-64\IMG\right_2026_08_31_21_50_58_131.jpg, 0, 1, 0, 30.18994
C:\Users\eljes\Downloads\simulator-windows-64\IMG\center_2026_08_31_21_50_58_234.jpg, C:\Users\eljes\Downloads\simulator-windows-64\IMG\left_2026_08_31_21_50_58_234.jpg, C:\Users\eljes\Downloads\simulator-windows-64\IMG\right_2026_08_31_21_50_58_234.jpg, 0, 1, 0, 30.18995
C:\Users\eljes\Downloads\simulator-windows-64\IMG\center_2026_08_31_21_50_58_335.jpg, C:\Users\eljes\Downloads\simulator-windows-64\IMG\left_2026_08_31_21_50_58_335.jpg, C:\Users\eljes\Downloads\simulator-windows-64\IMG\right_2026_08_31_21_50_58_335.jpg, 0, 1, 0, 30.19003
C:\Users\eljes\Downloads\simulator-windows-64\IMG\center_2026_08_31_21_50_58_441.jpg, C:\Users\eljes\Downloads\simulator-windows-64\IMG\left_2026_08_31_21_50_58_441.jpg, C:\Users\eljes\Downloads\simulator-windows-64\IMG\right_2026_08_31_21_50_58_441.jpg, 0, 1, 0, 30.19049
C:\Users\eljes\Downloads\simulator-windows-64\IMG\center_2026_08_31_21_50_58_545.jpg, C:\Users\eljes\Downloads\simulator-windows-64\IMG\left_2026_08_31_21_50_58_545.jpg, C:\Users\eljes\Downloads\simulator-windows-64\IMG\right_2026_08_31_21_50_58_545.jpg, 0, 1, 0, 30.18985
C:\Users\eljes\Downloads\simulator-windows-64\IMG\center_2026_08_31_21_50_58_646.jpg, C:\Users\eljes\Downloads\simulator-windows-64\IMG\left_2026_08_31_21_50_58_646.jpg, C:\Users\eljes\Downloads\simulator-windows-64\IMG\right_2026_08_31_21_50_58_646.jpg, 0, 1, 0, 30.19076
C:\Users\eljes\Downloads\simulator-windows-64\IMG\center_2026_08_31_21_50_58_748.jpg, C:\Users\eljes\Downloads\simulator-windows-64\IMG\left_2026_08_31_21_50_58_748.jpg, C:\Users\eljes\Downloads\simulator-windows-64\IMG\right_2026_08_31_21_50_58_748.jpg, 0, 1, 0, 30.19044
C:\Users\eljes\Downloads\simulator-windows-64\IMG\center_2026_08_31_21_50_58_851.jpg, C:\Users\eljes\Downloads\simulator-windows-64\IMG\left_2026_08_31_21_50_58_851.jpg, C:\Users\eljes\Downloads\simulator-windows-64\IMG\right_2026_08_31_21_50_58_851.jpg, -0.2240865, 1, 0, 30.17712
C:\Users\eljes\Downloads\simulator-windows-64\IMG\center_2026_08_31_21_50_58_956.jpg, C:\Users\eljes\Downloads\simulator-windows-64\IMG\left_2026_08_31_21_50_58_956.jpg, C:\Users\eljes\Downloads\simulator-windows-64\IMG\right_2026_08_31_21_50_58_956.jpg, -0.190635, 1, 0, 30.18743
C:\Users\eljes\Downloads\simulator-windows-64\IMG\center_2026_08_31_21_50_59_059.jpg, C:\Users\eljes\Downloads\simulator-windows-64\IMG\left_2026_08_31_21_50_59_059.jpg, C:\Users\eljes\Downloads\simulator-windows-64\IMG\right_2026_08_31_21_50_59_059.jpg, 0, 1, 0, 30.18921
C:\Users\eljes\Downloads\simulator-windows-64\IMG\center_2026_08_31_21_50_59_160.jpg, C:\Users\eljes\Downloads\simulator-windows-64\IMG\left_2026_08_31_21_50_59_160.jpg, C:\Users\eljes\Downloads\simulator-windows-64\IMG\right_2026_08_31_21_50_59_160.jpg, 0, 1, 0, 30.19039
C:\Users\eljes\Downloads\simulator-windows-64\IMG\center_2026_08_31_21_50_59_263.jpg, C:\Users\eljes\Downloads\simulator-windows-64\IMG\left_2026_08_31_21_50_59_263.jpg, C:\Users\eljes\Downloads\simulator-windows-64\IMG\right_2026_08_31_21_50_59_263.jpg, 0, 1, 0, 30.1918
C:\Users\eljes\Downloads\simulator-windows-64\IMG\center_2026_08_31_21_50_59_368.jpg, C:\Users\eljes\Downloads\simulator-windows-64\IMG\left_2026_08_31_21_50_59_368.jpg, C:\Users\eljes\Downloads\simulator-windows-64\IMG\right_2026_08_31_21_50_59_368.jpg, 0, 1, 0, 30.19076
C:\Users\eljes\Downloads\simulator-windows-64\IMG\center_2026_08_31_21_50_59_472.jpg, C:\Users\eljes\Downloads\simulator-windows-64\IMG\left_2026_08_31_21_50_59_472.jpg, C:\Users\eljes\Downloads\simulator-windows-64\IMG\right_2026_08_31_21_50_59_472.jpg, -0.2025159, 1, 0, 30.17885
C:\Users\eljes\Downloads\simulator-windows-64\IMG\center_2026_08_31_21_50_59_574.jpg, C:\Users\eljes\Downloads\simulator-windows-64\IMG\left_2026_08_31_21_50_59_574.jpg, C:\Users\eljes\Downloads\simulator-windows-64\IMG\right_2026_08_31_21_50_59_574.jpg, -0.5122848, 1, 0, 30.13891
C:\Users\eljes\Downloads\simulator-windows-64\IMG\center_2026_08_31_21_50_59_677.jpg, C:\Users\eljes\Downloads\simulator-windows-64\IMG\left_2026_08_31_21_50_59_677.jpg, C:\Users\eljes\Downloads\simulator-windows-64\IMG\right_2026_08_31_21_50_59_677.jpg, -0.5637372, 1, 0, 30.1579
C:\Users\eljes\Downloads\simulator-windows-64\IMG\center_2026_08_31_21_50_59_779.jpg, C:\Users\eljes\Downloads\simulator-windows-64\IMG\left_2026_08_31_21_50_59_779.jpg, C:\Users\eljes\Downloads\simulator-windows-64\IMG\right_2026_08_31_21_50_59_779.jpg, -0.260034, 1, 0, 30.19645
C:\Users\eljes\Downloads\simulator-windows-64\IMG\center_2026_08_31_21_50_59_885.jpg, C:\Users\eljes\Downloads\simulator-windows-64\IMG\left_2026_08_31_21_50_59_885.jpg, C:\Users\eljes\Downloads\simulator-windows-64\IMG\right_2026_08_31_21_50_59_885.jpg, 0, 1, 0, 30.1849
C:\Users\eljes\Downloads\simulator-windows-64\IMG\center_2026_08_31_21_50_59_987.jpg, C:\Users\eljes\Downloads\simulator-windows-64\IMG\left_2026_08_31_21_50_59_987.jpg, C:\Users\eljes\Downloads\simulator-windows-64\IMG\right_2026_08_31_21_50_59_987.jpg, 0, 1, 0, 30.18987
C:\Users\eljes\Downloads\simulator-windows-64\IMG\center_2026_08_31_21_51_00_090.jpg, C:\Users\eljes\Downloads\simulator-windows-64\IMG\left_2026_08_31_21_51_00_090.jpg, C:\Users\eljes\Downloads\simulator-windows-64\IMG\right_2026_08_31_21_51_00_090.jpg, 0, 1, 0, 30.19
C:\Users\eljes\Downloads\simulator-windows-64\IMG\center_2026_08_31_21_51_00_192.jpg, C:\Users\eljes\Downloads\simulator-windows-64\IMG\left_2026_08_31_21_51_00_192.jpg, C:\Users\eljes\Downloads\simulator-windows-64\IMG\right_2026_08_31_21_51_00_192.jpg, 0, 1, 0, 30.18998
C:\Users\eljes\Downloads\simulator-windows-64\IMG\center_2026_08_31_21_51_00_293.jpg, C:\Users\eljes\Downloads\simulator-windows-64\IMG\left_2026_08_31_21_51_00_293.jpg, C:\Users\eljes\Downloads\simulator-windows-64\IMG\right_2026_08_31_21_51_00_293.jpg, 0, 1, 0, 30.18995
C:\Users\eljes\Downloads\simulator-windows-64\IMG\center_2026_08_31_21_51_00_396.jpg, C:\Users\eljes\Downloads\simulator-windows-64\IMG\left_2026_08_31_21_51_00_396.jpg, C:\Users\eljes\Downloads\simulator-windows-64\IMG\right_2026_08_31_21_51_00_396.jpg, 0, 1, 0, 30.19061
C:\Users\eljes\Downloads\simulator-windows-64\IMG\center_2026_08_31_21_51_00_499.jpg, C:\Users\eljes\Downloads\simulator-windows-64\IMG\left_2026_08_31_21_51_00_499.jpg, C:\Users\eljes\Downloads\simulator-windows-64\IMG\right_2026_08_31_21_51_00_499.jpg, 0, 1, 0, 30.19025
C:\Users\eljes\Downloads\simulator-windows-64\IMG\center_2026_08_31_21_51_00_599.jpg, C:\Users\eljes\Downloads\simulator-windows-64\IMG\left_2026_08_31_21_51_00_599.jpg, C:\Users\eljes\Downloads\simulator-windows-64\IMG\right_2026_08_31_21_51_00_599.jpg, 0, 1, 0, 30.19094
C:\Users\eljes\Downloads\simulator-windows-64\IMG\center_2026_08_31_21_51_00_702.jpg, C:\Users\eljes\Downloads\simulator-windows-64\IMG\left_2026_08_31_21_51_00_702.jpg, C:\Users\eljes\Downloads\simulator-windows-64\IMG\right_2026_08_31_21_51_00_702.jpg, 0, 1, 0, 30.1905
C:\Users\eljes\Downloads\simulator-windows-64\IMG\center_2026_08_31_21_51_00_803.jpg, C:\Users\eljes\Downloads\simulator-windows-64\IMG\left_2026_08_31_21_51_00_803.jpg, C:\Users\eljes\Downloads\simulator-windows-64\IMG\right_2026_08_31_21_51_00_803.jpg, 0, 1, 0, 30.19038
C:\Users\eljes\Downloads\simulator-windows-64\IMG\center_2026_08_31_21_51_00_910.jpg, C:\Users\eljes\Downloads\simulator-windows-64\IMG\left_2026_08_31_21_51_00_910.jpg, C:\Users\eljes\Downloads\simulator-windows-64\IMG\right_2026_08_31_21_51_00_910.jpg, 0, 1, 0, 30.19041
C:\Users\eljes\Downloads\simulator-windows-64\IMG\center_2026_08_31_21_51_01_012.jpg, C:\Users\eljes\Downloads\simulator-windows-64\IMG\left_2026_08_31_21_51_01_012.jpg, C:\Users\eljes\Downloads\simulator-windows-64\IMG\right_2026_08_31_21_51_01_012.jpg, 0, 1, 0, 30.19148
C:\Users\eljes\Downloads\simulator-windows-64\IMG\center_2026_08_31_21_51_01_114.jpg, C:\Users\eljes\Downloads\simulator-windows-64\IMG\left_2026_08_31_21_51_01_114.jpg, C:\Users\eljes\Downloads\simulator-windows-64\IMG\right_2026_08_31_21_51_01_114.jpg, 0, 1, 0, 30.18939
C:\Users\eljes\Downloads\simulator-windows-64\IMG\center_2026_08_31_21_51_01_220.jpg, C:\Users\eljes\Downloads\simulator-windows-64\IMG\left_2026_08_31_21_51_01_220.jpg, C:\Users\eljes\Downloads\simulator-windows-64\IMG\right_2026_08_31_21_51_01_220.jpg, 0, 1, 0, 30.19061
C:\Users\eljes\Downloads\simulator-windows-64\IMG\center_2026_08_31_21_51_01_321.jpg, C:\Users\eljes\Downloads\simulator-windows-64\IMG\left_2026_08_31_21_51_01_321.jpg, C:\Users\eljes\Downloads\simulator-windows-64\IMG\right_2026_08_31_21_51_01_321.jpg, -0.173082, 1, 0, 30.184
C:\Users\eljes\Downloads\simulator-windows-64\IMG\center_2026_08_31_21_51_01_428.jpg, C:\Users\eljes\Downloads\simulator-windows-64\IMG\left_2026_08_31_21_51_01_428.jpg, C:\Users\eljes\Downloads\simulator-windows-64\IMG\right_2026_08_31_21_51_01_428.jpg, -0.3210633, 1, 0, 30.17618
C:\Users\eljes\Downloads\simulator-windows-64\IMG\center_2026_08_31_21_51_01_531.jpg, C:\Users\eljes\Downloads\simulator-windows-64\IMG\left_2026_08_31_21_51_01_531.jpg, C:\Users\eljes\Downloads\simulator-windows-64\IMG\right_2026_08_31_21_51_01_531.jpg, -0.03281946, 1, 0, 30.18921
C:\Users\eljes\Downloads\simulator-windows-64\IMG\center_2026_08_31_21_51_01_632.jpg, C:\Users\eljes\Downloads\simulator-windows-64\IMG\left_2026_08_31_21_51_01_632.jpg, C:\Users\eljes\Downloads\simulator-windows-64\IMG\right_2026_08_31_21_51_01_632.jpg, 0, 1, 0, 30.1897
C:\Users\eljes\Downloads\simulator-windows-64\IMG\center_2026_08_31_21_51_01_735.jpg, C:\Users\eljes\Downloads\simulator-windows-64\IMG\left_2026_08_31_21_51_01_735.jpg, C:\Users\eljes\Downloads\simulator-windows-64\IMG\right_2026_08_31_21_51_01_735.jpg, 0, 1, 0, 30.19029
C:\Users\eljes\Downloads\simulator-windows-64\IMG\center_2026_08_31_21_51_01_841.jpg, C:\Users\eljes\Downloads\simulator-windows-64\IMG\left_2026_08_31_21_51_01_841.jpg, C:\Users\eljes\Downloads\simulator-windows-64\IMG\right_2026_08_31_21_51_01_841.jpg, -0.0859344, 1, 0, 30.18901
C:\Users\eljes\Downloads\simulator-windows-64\IMG\center_2026_08_31_21_51_01_946.jpg, C:\Users\eljes\Downloads\simulator-windows-64\IMG\left_2026_08_31_21_51_01_946.jpg, C:\Users\eljes\Downloads\simulator-windows-64\IMG\right_2026_08_31_21_51_01_946.jpg, -0.2731366, 1, 0, 30.17749
C:\Users\eljes\Downloads\simulator-windows-64\IMG\center_2026_08_31_21_51_02_047.jpg, C:\Users\eljes\Downloads\simulator-windows-64\IMG\left_2026_08_31_21_51_02_047.jpg, C:\Users\eljes\Downloads\simulator-windows-64\IMG\right_2026_08_31_21_51_02_047.jpg, 0, 1, 0, 30.18851
C:\Users\eljes\Downloads\simulator-windows-64\IMG\center_2026_08_31_21_51_02_153.jpg, C:\Users\eljes\Downloads\simulator-windows-64\IMG\left_2026_08_31_21_51_02_153.jpg, C:\Users\eljes\Downloads\simulator-windows-64\IMG\right_2026_08_31_21_51_02_153.jpg, 0, 1, 0, 30.19002
C:\Users\eljes\Downloads\simulator-windows-64\IMG\center_2026_08_31_21_51_02_254.jpg, C:\Users\eljes\Downloads\simulator-windows-64\IMG\left_2026_08_31_21_51_02_254.jpg, C:\Users\eljes\Downloads\simulator-windows-64\IMG\right_2026_08_31_21_51_02_254.jpg, 0, 1, 0, 30.19026
C:\Users\eljes\Downloads\simulator-windows-64\IMG\center_2026_08_31_21_51_02_357.jpg, C:\Users\eljes\Downloads\simulator-windows-64\IMG\left_2026_08_31_21_51_02_357.jpg, C:\Users\eljes\Downloads\simulator-windows-64\IMG\right_2026_08_31_21_51_02_357.jpg, -0.2380911, 1, 0, 30.17602
C:\Users\eljes\Downloads\simulator-windows-64\IMG\center_2026_08_31_21_51_02_460.jpg, C:\Users\eljes\Downloads\simulator-windows-64\IMG\left_2026_08_31_21_51_02_460.jpg, C:\Users\eljes\Downloads\simulator-windows-64\IMG\right_2026_08_31_21_51_02_460.jpg, -0.5249238, 1, 0, 30.13799
C:\Users\eljes\Downloads\simulator-windows-64\IMG\center_2026_08_31_21_51_02_566.jpg, C:\Users\eljes\Downloads\simulator-windows-64\IMG\left_2026_08_31_21_51_02_566.jpg, C:\Users\eljes\Downloads\simulator-windows-64\IMG\right_2026_08_31_21_51_02_566.jpg, -0.2506617, 1, 0, 30.19329
C:\Users\eljes\Downloads\simulator-windows-64\IMG\center_2026_08_31_21_51_02_670.jpg, C:\Users\eljes\Downloads\simulator-windows-64\IMG\left_2026_08_31_21_51_02_670.jpg, C:\Users\eljes\Downloads\simulator-windows-64\IMG\right_2026_08_31_21_51_02_670.jpg, 0, 1, 0, 30.1857
C:\Users\eljes\Downloads\simulator-windows-64\IMG\center_2026_08_31_21_51_02_773.jpg, C:\Users\eljes\Downloads\simulator-windows-64\IMG\left_2026_08_31_21_51_02_773.jpg, C:\Users\eljes\Downloads\simulator-windows-64\IMG\right_2026_08_31_21_51_02_773.jpg, 0, 1, 0, 30.18984
C:\Users\eljes\Downloads\simulator-windows-64\IMG\center_2026_08_31_21_51_02_876.jpg, C:\Users\eljes\Downloads\simulator-windows-64\IMG\left_2026_08_31_21_51_02_876.jpg, C:\Users\eljes\Downloads\simulator-windows-64\IMG\right_2026_08_31_21_51_02_876.jpg, 0, 1, 0, 30.19029
C:\Users\eljes\Downloads\simulator-windows-64\IMG\center_2026_08_31_21_51_02_981.jpg, C:\Users\eljes\Downloads\simulator-windows-64\IMG\left_2026_08_31_21_51_02_981.jpg, C:\Users\eljes\Downloads\simulator-windows-64\IMG\right_2026_08_31_21_51_02_981.jpg, 0, 1, 0, 30.19031
C:\Users\eljes\Downloads\simulator-windows-64\IMG\center_2026_08_31_21_51_03_087.jpg, C:\Users\eljes\Downloads\simulator-windows-64\IMG\left_2026_08_31_21_51_03_087.jpg, C:\Users\eljes\Downloads\simulator-windows-64\IMG\right_2026_08_31_21_51_03_087.jpg, 0, 1, 0, 30.19032
C:\Users\eljes\Downloads\simulator-windows-64\IMG\center_2026_08_31_21_51_03_191.jpg, C:\Users\eljes\Downloads\simulator-windows-64\IMG\left_2026_08_31_21_51_03_191.jpg, C:\Users\eljes\Downloads\simulator-windows-64\IMG\right_2026_08_31_21_51_03_191.jpg, 0, 1, 0, 30.19027
C:\Users\eljes\Downloads\simulator-windows-64\IMG\center_2026_08_31_21_51_03_295.jpg, C:\Users\eljes\Downloads\simulator-windows-64\IMG\left_2026_08_31_21_51_03_295.jpg, C:\Users\eljes\Downloads\simulator-windows-64\IMG\right_2026_08_31_21_51_03_295.jpg, 0, 1, 0, 30.1903
C:\Users\eljes\Downloads\simulator-windows-64\IMG\center_2026_08_31_21_51_03_395.jpg, C:\Users\eljes\Downloads\simulator-windows-64\IMG\left_2026_08_31_21_51_03_395.jpg, C:\Users\eljes\Downloads\simulator-windows-64\IMG\right_2026_08_31_21_51_03_395.jpg, 0, 1, 0, 30.18979
C:\Users\eljes\Downloads\simulator-windows-64\IMG\center_2026_08_31_21_51_03_502.jpg, C:\Users\eljes\Downloads\simulator-windows-64\IMG\left_2026_08_31_21_51_03_502.jpg, C:\Users\eljes\Downloads\simulator-windows-64\IMG\right_2026_08_31_21_51_03_502.jpg, 0, 1, 0, 30.19012
C:\Users\eljes\Downloads\simulator-windows-64\IMG\center_2026_08_31_21_51_03_607.jpg, C:\Users\eljes\Downloads\simulator-windows-64\IMG\left_2026_08_31_21_51_03_607.jpg, C:\Users\eljes\Downloads\simulator-windows-64\IMG\right_2026_08_31_21_51_03_607.jpg, 0, 1, 0, 30.18975
C:\Users\eljes\Downloads\simulator-windows-64\IMG\center_2026_08_31_21_51_03_708.jpg, C:\Users\eljes\Downloads\simulator-windows-64\IMG\left_2026_08_31_21_51_03_708.jpg, C:\Users\eljes\Downloads\simulator-windows-64\IMG\right_2026_08_31_21_51_03_708.jpg, 0, 1, 0, 30.19001
C:\Users\eljes\Downloads\simulator-windows-64\IMG\center_2026_08_31_21_51_03_813.jpg, C:\Users\eljes\Downloads\simulator-windows-64\IMG\left_2026_08_31_21_51_03_813.jpg, C:\Users\eljes\Downloads\simulator-windows-64\IMG\right_2026_08_31_21_51_03_813.jpg, 0, 1, 0, 30.19004
C:\Users\eljes\Downloads\simulator-windows-64\IMG\center_2026_08_31_21_51_03_919.jpg, C:\Users\eljes\Downloads\simulator-windows-64\IMG\left_2026_08_31_21_51_03_919.jpg, C:\Users\eljes\Downloads\simulator-windows-64\IMG\right_2026_08_31_21_51_03_919.jpg, 0, 1, 0, 30.18965
C:\Users\eljes\Downloads\simulator-windows-64\IMG\center_2026_08_31_21_51_04_020.jpg, C:\Users\eljes\Downloads\simulator-windows-64\IMG\left_2026_08_31_21_51_04_020.jpg, C:\Users\eljes\Downloads\simulator-windows-64\IMG\right_2026_08_31_21_51_04_020.jpg, 0, 1, 0, 30.19031
C:\Users\eljes\Downloads\simulator-windows-64\IMG\center_2026_08_31_21_51_04_120.jpg, C:\Users\eljes\Downloads\simulator-windows-64\IMG\left_2026_08_31_21_51_04_120.jpg, C:\Users\eljes\Downloads\simulator-windows-64\IMG\right_2026_08_31_21_51_04_120.jpg, 0, 1, 0, 30.18999
C:\Users\eljes\Downloads\simulator-windows-64\IMG\center_2026_08_31_21_51_04_225.jpg, C:\Users\eljes\Downloads\simulator-windows-64\IMG\left_2026_08_31_21_51_04_225.jpg, C:\Users\eljes\Downloads\simulator-windows-64\IMG\right_2026_08_31_21_51_04_225.jpg, 0, 1, 0, 30.19036
C:\Users\eljes\Downloads\simulator-windows-64\IMG\center_2026_08_31_21_51_04_327.jpg, C:\Users\eljes\Downloads\simulator-windows-64\IMG\left_2026_08_31_21_51_04_327.jpg, C:\Users\eljes\Downloads\simulator-windows-64\IMG\right_2026_08_31_21_51_04_327.jpg, 0, 1, 0, 30.19029
C:\Users\eljes\Downloads\simulator-windows-64\IMG\center_2026_08_31_21_51_04_433.jpg, C:\Users\eljes\Downloads\simulator-windows-64\IMG\left_2026_08_31_21_51_04_433.jpg, C:\Users\eljes\Downloads\simulator-windows-64\IMG\right_2026_08_31_21_51_04_433.jpg, 0, 1, 0, 30.19032
C:\Users\eljes\Downloads\simulator-windows-64\IMG\center_2026_08_31_21_51_04_535.jpg, C:\Users\eljes\Downloads\simulator-windows-64\IMG\left_2026_08_31_21_51_04_535.jpg, C:\Users\eljes\Downloads\simulator-windows-64\IMG\right_2026_08_31_21_51_04_535.jpg, 0, 1, 0, 30.19032
C:\Users\eljes\Downloads\simulator-windows-64\IMG\center_2026_08_31_21_51_04_637.jpg, C:\Users\eljes\Downloads\simulator-windows-64\IMG\left_2026_08_31_21_51_04_637.jpg, C:\Users\eljes\Downloads\simulator-windows-64\IMG\right_2026_08_31_21_51_04_637.jpg, 0, 1, 0, 30.19026
C:\Users\eljes\Downloads\simulator-windows-64\IMG\center_2026_08_31_21_51_04_736.jpg, C:\Users\eljes\Downloads\simulator-windows-64\IMG\left_2026_08_31_21_51_04_736.jpg, C:\Users\eljes\Downloads\simulator-windows-64\IMG\right_2026_08_31_21_51_04_736.jpg, 0, 1, 0, 30.19097
C:\Users\eljes\Downloads\simulator-windows-64\IMG\center_2026_08_31_21_51_04_838.jpg, C:\Users\eljes\Downloads\simulator-windows-64\IMG\left_2026_08_31_21_51_04_838.jpg, C:\Users\eljes\Downloads\simulator-windows-64\IMG\right_2026_08_31_21_51_04_838.jpg, 0, 1, 0, 30.1905
C:\Users\eljes\Downloads\simulator-windows-64\IMG\center_2026_08_31_21_51_04_939.jpg, C:\Users\eljes\Downloads\simulator-windows-64\IMG\left_2026_08_31_21_51_04_939.jpg, C:\Users\eljes\Downloads\simulator-windows-64\IMG\right_2026_08_31_21_51_04_939.jpg, 0, 1, 0, 30.18995
C:\Users\eljes\Downloads\simulator-windows-64\IMG\center_2026_08_31_21_51_05_045.jpg, C:\Users\eljes\Downloads\simulator-windows-64\IMG\left_2026_08_31_21_51_05_045.jpg, C:\Users\eljes\Downloads\simulator-windows-64\IMG\right_2026_08_31_21_51_05_045.jpg, 0, 1, 0, 30.19051
C:\Users\eljes\Downloads\simulator-windows-64\IMG\center_2026_08_31_21_51_05_150.jpg, C:\Users\eljes\Downloads\simulator-windows-64\IMG\left_2026_08_31_21_51_05_150.jpg, C:\Users\eljes\Downloads\simulator-windows-64\IMG\right_2026_08_31_21_51_05_150.jpg, 0, 1, 0, 30.19046
C:\Users\eljes\Downloads\simulator-windows-64\IMG\center_2026_08_31_21_51_05_252.jpg, C:\Users\eljes\Downloads\simulator-windows-64\IMG\left_2026_08_31_21_51_05_252.jpg, C:\Users\eljes\Downloads\simulator-windows-64\IMG\right_2026_08_31_21_51_05_252.jpg, 0, 1, 0, 30.19024
C:\Users\eljes\Downloads\simulator-windows-64\IMG\center_2026_08_31_21_51_05_355.jpg, C:\Users\eljes\Downloads\simulator-windows-64\IMG\left_2026_08_31_21_51_05_355.jpg, C:\Users\eljes\Downloads\simulator-windows-64\IMG\right_2026_08_31_21_51_05_355.jpg, 0, 1, 0, 30.19033
C:\Users\eljes\Downloads\simulator-windows-64\IMG\center_2026_08_31_21_51_05_456.jpg, C:\Users\eljes\Downloads\simulator-windows-64\IMG\left_2026_08_31_21_51_05_456.jpg, C:\Users\eljes\Downloads\simulator-windows-64\IMG\right_2026_08_31_21_51_05_456.jpg, 0, 1, 0, 30.19012
C:\Users\eljes\Downloads\simulator-windows-64\IMG\center_2026_08_31_21_51_05_560.jpg, C:\Users\eljes\Downloads\simulator-windows-64\IMG\left_2026_08_31_21_51_05_560.jpg, C:\Users\eljes\Downloads\simulator-windows-64\IMG\right_2026_08_31_21_51_05_560.jpg, -0.1790256, 1, 0, 30.18152
C:\Users\eljes\Downloads\simulator-windows-64\IMG\center_2026_08_31_21_51_05_666.jpg, C:\Users\eljes\Downloads\simulator-windows-64\IMG\left_2026_08_31_21_51_05_666.jpg, C:\Users\eljes\Downloads\simulator-windows-64\IMG\right_2026_08_31_21_51_05_666.jpg, -0.2339859, 1, 0, 30.18602
C:\Users\eljes\Downloads\simulator-windows-64\IMG\center_2026_08_31_21_51_05_767.jpg, C:\Users\eljes\Downloads\simulator-windows-64\IMG\left_2026_08_31_21_51_05_767.jpg, C:\Users\eljes\Downloads\simulator-windows-64\IMG\right_2026_08_31_21_51_05_767.jpg, 0, 1, 0, 30.18802
C:\Users\eljes\Downloads\simulator-windows-64\IMG\center_2026_08_31_21_51_05_869.jpg, C:\Users\eljes\Downloads\simulator-windows-64\IMG\left_2026_08_31_21_51_05_869.jpg, C:\Users\eljes\Downloads\simulator-windows-64\IMG\right_2026_08_31_21_51_05_869.jpg, 0, 1, 0, 30.19004
C:\Users\eljes\Downloads\simulator-windows-64\IMG\center_2026_08_31_21_51_05_971.jpg, C:\Users\eljes\Downloads\simulator-windows-64\IMG\left_2026_08_31_21_51_05_971.jpg, C:\Users\eljes\Downloads\simulator-windows-64\IMG\right_2026_08_31_21_51_05_971.jpg, 0, 1, 0, 30.19027
C:\Users\eljes\Downloads\simulator-windows-64\IMG\center_2026_08_31_21_51_06_075.jpg, C:\Users\eljes\Downloads\simulator-windows-64\IMG\left_2026_08_31_21_51_06_075.jpg, C:\Users\eljes\Downloads\simulator-windows-64\IMG\right_2026_08_31_21_51_06_075.jpg, 0, 1, 0, 30.19028
C:\Users\eljes\Downloads\simulator-windows-64\IMG\center_2026_08_31_21_51_06_180.jpg, C:\Users\eljes\Downloads\simulator-windows-64\IMG\left_2026_08_31_21_51_06_180.jpg, C:\Users\eljes\Downloads\simulator-windows-64\IMG\right_2026_08_31_21_51_06_180.jpg, 0, 1, 0, 30.19032
C:\Users\eljes\Downloads\simulator-windows-64\IMG\center_2026_08_31_21_51_06_286.jpg, C:\Users\eljes\Downloads\simulator-windows-64\IMG\left_2026_08_31_21_51_06_286.jpg, C:\Users\eljes\Downloads\simulator-windows-64\IMG\right_2026_08_31_21_51_06_286.jpg, 0, 1, 0, 30.19028
C:\Users\eljes\Downloads\simulator-windows-64\IMG\center_2026_08_31_21_51_06_385.jpg, C:\Users\eljes\Downloads\simulator-windows-64\IMG\left_2026_08_31_21_51_06_385.jpg, C:\Users\eljes\Downloads\simulator-windows-64\IMG\right_2026_08_31_21_51_06_385.jpg, 0, 1, 0, 30.19018
C:\Users\eljes\Downloads\simulator-windows-64\IMG\center_2026_08_31_21_51_06_490.jpg, C:\Users\eljes\Downloads\simulator-windows-64\IMG\left_2026_08_31_21_51_06_490.jpg, C:\Users\eljes\Downloads\simulator-windows-64\IMG\right_2026_08_31_21_51_06_490.jpg, 0, 1, 0, 30.19029
C:\Users\eljes\Downloads\simulator-windows-64\IMG\center_2026_08_31_21_51_06_595.jpg, C:\Users\eljes\Downloads\simulator-windows-64\IMG\left_2026_08_31_21_51_06_595.jpg, C:\Users\eljes\Downloads\simulator-windows-64\IMG\right_2026_08_31_21_51_06_595.jpg, 0, 1, 0, 30.19032
C:\Users\eljes\Downloads\simulator-windows-64\IMG\center_2026_08_31_21_51_06_697.jpg, C:\Users\eljes\Downloads\simulator-windows-64\IMG\left_2026_08_31_21_51_06_697.jpg, C:\Users\eljes\Downloads\simulator-windows-64\IMG\right_2026_08_31_21_51_06_697.jpg, 0, 1, 0, 30.19029
C:\Users\eljes\Downloads\simulator-windows-64\IMG\center_2026_08_31_21_51_06_801.jpg, C:\Users\eljes\Downloads\simulator-windows-64\IMG\left_2026_08_31_21_51_06_801.jpg, C:\Users\eljes\Downloads\simulator-windows-64\IMG\right_2026_08_31_21_51_06_801.jpg, 0, 1, 0, 30.19029
C:\Users\eljes\Downloads\simulator-windows-64\IMG\center_2026_08_31_21_51_06_905.jpg, C:\Users\eljes\Downloads\simulator-windows-64\IMG\left_2026_08_31_21_51_06_905.jpg, C:\Users\eljes\Downloads\simulator-windows-64\IMG\right_2026_08_31_21_51_06_905.jpg, -0.037062, 1, 0, 30.18998
C:\Users\eljes\Downloads\simulator-windows-64\IMG\center_2026_08_31_21_51_07_005.jpg, C:\Users\eljes\Downloads\simulator-windows-64\IMG\left_2026_08_31_21_51_07_005.jpg, C:\Users\eljes\Downloads\simulator-windows-64\IMG\right_2026_08_31_21_51_07_005.jpg, -0.3405201, 1, 0, 30.16287
C:\Users\eljes\Downloads\simulator-windows-64\IMG\center_2026_08_31_21_51_07_108.jpg, C:\Users\eljes\Downloads\simulator-windows-64\IMG\left_2026_08_31_21_51_07_108.jpg, C:\Users\eljes\Downloads\simulator-windows-64\IMG\right_2026_08_31_21_51_07_108.jpg, -0.03177057, 1, 0, 30.19015
C:\Users\eljes\Downloads\simulator-windows-64\IMG\center_2026_08_31_21_51_07_211.jpg, C:\Users\eljes\Downloads\simulator-windows-64\IMG\left_2026_08_31_21_51_07_211.jpg, C:\Users\eljes\Downloads\simulator-windows-64\IMG\right_2026_08_31_21_51_07_211.jpg, 0, 1, 0, 30.18989
C:\Users\eljes\Downloads\simulator-windows-64\IMG\center_2026_08_31_21_51_07_314.jpg, C:\Users\eljes\Downloads\simulator-windows-64\IMG\left_2026_08_31_21_51_07_314.jpg, C:\Users\eljes\Downloads\simulator-windows-64\IMG\right_2026_08_31_21_51_07_314.jpg, 0, 1, 0, 30.19026
C:\Users\eljes\Downloads\simulator-windows-64\IMG\center_2026_08_31_21_51_07_415.jpg, C:\Users\eljes\Downloads\simulator-windows-64\IMG\left_2026_08_31_21_51_07_415.jpg, C:\Users\eljes\Downloads\simulator-windows-64\IMG\right_2026_08_31_21_51_07_415.jpg, 0, 1, 0, 30.19029
C:\Users\eljes\Downloads\simulator-windows-64\IMG\center_2026_08_31_21_51_07_515.jpg, C:\Users\eljes\Downloads\simulator-windows-64\IMG\left_2026_08_31_21_51_07_515.jpg, C:\Users\eljes\Downloads\simulator-windows-64\IMG\right_2026_08_31_21_51_07_515.jpg, 0, 1, 0, 30.19032
C:\Users\eljes\Downloads\simulator-windows-64\IMG\center_2026_08_31_21_51_07_617.jpg, C:\Users\eljes\Downloads\simulator-windows-64\IMG\left_2026_08_31_21_51_07_617.jpg, C:\Users\eljes\Downloads\simulator-windows-64\IMG\right_2026_08_31_21_51_07_617.jpg, 0, 1, 0, 30.19028
C:\Users\eljes\Downloads\simulator-windows-64\IMG\center_2026_08_31_21_51_07_723.jpg, C:\Users\eljes\Downloads\simulator-windows-64\IMG\left_2026_08_31_21_51_07_723.jpg, C:\Users\eljes\Downloads\simulator-windows-64\IMG\right_2026_08_31_21_51_07_723.jpg, 0, 1, 0, 30.1903
C:\Users\eljes\Downloads\simulator-windows-64\IMG\center_2026_08_31_21_51_07_824.jpg, C:\Users\eljes\Downloads\simulator-windows-64\IMG\left_2026_08_31_21_51_07_824.jpg, C:\Users\eljes\Downloads\simulator-windows-64\IMG\right_2026_08_31_21_51_07_824.jpg, 0, 1, 0, 30.19031
C:\Users\eljes\Downloads\simulator-windows-64\IMG\center_2026_08_31_21_51_07_928.jpg, C:\Users\eljes\Downloads\simulator-windows-64\IMG\left_2026_08_31_21_51_07_928.jpg, C:\Users\eljes\Downloads\simulator-windows-64\IMG\right_2026_08_31_21_51_07_928.jpg, 0, 1, 0, 30.19032
C:\Users\eljes\Downloads\simulator-windows-64\IMG\center_2026_08_31_21_51_08_033.jpg, C:\Users\eljes\Downloads\simulator-windows-64\IMG\left_2026_08_31_21_51_08_033.jpg, C:\Users\eljes\Downloads\simulator-windows-64\IMG\right_2026_08_31_21_51_08_033.jpg, 0, 1, 0, 30.19031
C:\Users\eljes\Downloads\simulator-windows-64\IMG\center_2026_08_31_21_51_08_136.jpg, C:\Users\eljes\Downloads\simulator-windows-64\IMG\left_2026_08_31_21_51_08_136.jpg, C:\Users\eljes\Downloads\simulator-windows-64\IMG\right_2026_08_31_21_51_08_136.jpg, 0, 1, 0, 30.19013
C:\Users\eljes\Downloads\simulator-windows-64\IMG\center_2026_08_31_21_51_08_241.jpg, C:\Users\eljes\Downloads\simulator-windows-64\IMG\left_2026_08_31_21_51_08_241.jpg, C:\Users\eljes\Downloads\simulator-windows-64\IMG\right_2026_08_31_21_51_08_241.jpg, 0, 1, 0, 30.19032
C:\Users\eljes\Downloads\simulator-windows-64\IMG\center_2026_08_31_21_51_08_342.jpg, C:\Users\eljes\Downloads\simulator-windows-64\IMG\left_2026_08_31_21_51_08_342.jpg, C:\Users\eljes\Downloads\simulator-windows-64\IMG\right_2026_08_31_21_51_08_342.jpg, 0, 1, 0, 30.19026
C:\Users\eljes\Downloads\simulator-windows-64\IMG\center_2026_08_31_21_51_08_448.jpg, C:\Users\eljes\Downloads\simulator-windows-64\IMG\left_2026_08_31_21_51_08_448.jpg, C:\Users\eljes\Downloads\simulator-windows-64\IMG\right_2026_08_31_21_51_08_448.jpg, 0, 1, 0, 30.19032
C:\Users\eljes\Downloads\simulator-windows-64\IMG\center_2026_08_31_21_51_08_551.jpg, C:\Users\eljes\Downloads\simulator-windows-64\IMG\left_2026_08_31_21_51_08_551.jpg, C:\Users\eljes\Downloads\simulator-windows-64\IMG\right_2026_08_31_21_51_08_551.jpg, 0, 1, 0, 30.1903
C:\Users\eljes\Downloads\simulator-windows-64\IMG\center_2026_08_31_21_51_08_655.jpg, C:\Users\eljes\Downloads\simulator-windows-64\IMG\left_2026_08_31_21_51_08_655.jpg, C:\Users\eljes\Downloads\simulator-windows-64\IMG\right_2026_08_31_21_51_08_655.jpg, 0, 1, 0, 30.1903
C:\Users\eljes\Downloads\simulator-windows-64\IMG\center_2026_08_31_21_51_08_760.jpg, C:\Users\eljes\Downloads\simulator-windows-64\IMG\left_2026_08_31_21_51_08_760.jpg, C:\Users\eljes\Downloads\simulator-windows-64\IMG\right_2026_08_31_21_51_08_760.jpg, 0, 1, 0, 30.19032
C:\Users\eljes\Downloads\simulator-windows-64\IMG\center_2026_08_31_21_51_08_861.jpg, C:\Users\eljes\Downloads\simulator-windows-64\IMG\left_2026_08_31_21_51_08_861.jpg, C:\Users\eljes\Downloads\simulator-windows-64\IMG\right_2026_08_31_21_51_08_861.jpg, 0, 1, 0, 30.26188
C:\Users\eljes\Downloads\simulator-windows-64\IMG\center_2026_08_31_21_51_08_967.jpg, C:\Users\eljes\Downloads\simulator-windows-64\IMG\left_2026_08_31_21_51_08_967.jpg, C:\Users\eljes\Downloads\simulator-windows-64\IMG\right_2026_08_31_21_51_08_967.jpg, 0, 1, 0, 30.19716
C:\Users\eljes\Downloads\simulator-windows-64\IMG\center_2026_08_31_21_51_09_071.jpg, C:\Users\eljes\Downloads\simulator-windows-64\IMG\left_2026_08_31_21_51_09_071.jpg, C:\Users\eljes\Downloads\simulator-windows-64\IMG\right_2026_08_31_21_51_09_071.jpg, -0.1092789, 1, 0, 30.31917
C:\Users\eljes\Downloads\simulator-windows-64\IMG\center_2026_08_31_21_51_09_172.jpg, C:\Users\eljes\Downloads\simulator-windows-64\IMG\left_2026_08_31_21_51_09_172.jpg, C:\Users\eljes\Downloads\simulator-windows-64\IMG\right_2026_08_31_21_51_09_172.jpg, -0.2952567, 1, 0, 30.16552
C:\Users\eljes\Downloads\simulator-windows-64\IMG\center_2026_08_31_21_51_09_277.jpg, C:\Users\eljes\Downloads\simulator-windows-64\IMG\left_2026_08_31_21_51_09_277.jpg, C:\Users\eljes\Downloads\simulator-windows-64\IMG\right_2026_08_31_21_51_09_277.jpg, 0, 1, 0, 30.18748
C:\Users\eljes\Downloads\simulator-windows-64\IMG\center_2026_08_31_21_51_09_379.jpg, C:\Users\eljes\Downloads\simulator-windows-64\IMG\left_2026_08_31_21_51_09_379.jpg, C:\Users\eljes\Downloads\simulator-windows-64\IMG\right_2026_08_31_21_51_09_379.jpg, 0, 1, 0, 30.18951
C:\Users\eljes\Downloads\simulator-windows-64\IMG\center_2026_08_31_21_51_09_485.jpg, C:\Users\eljes\Downloads\simulator-windows-64\IMG\left_2026_08_31_21_51_09_485.jpg, C:\Users\eljes\Downloads\simulator-windows-64\IMG\right_2026_08_31_21_51_09_485.jpg, 0, 1, 0, 30.18994
C:\Users\eljes\Downloads\simulator-windows-64\IMG\center_2026_08_31_21_51_09_590.jpg, C:\Users\eljes\Downloads\simulator-windows-64\IMG\left_2026_08_31_21_51_09_590.jpg, C:\Users\eljes\Downloads\simulator-windows-64\IMG\right_2026_08_31_21_51_09_590.jpg, 0, 1, 0, 30.18996
C:\Users\eljes\Downloads\simulator-windows-64\IMG\center_2026_08_31_21_51_09_695.jpg, C:\Users\eljes\Downloads\simulator-windows-64\IMG\left_2026_08_31_21_51_09_695.jpg, C:\Users\eljes\Downloads\simulator-windows-64\IMG\right_2026_08_31_21_51_09_695.jpg, 0, 1, 0, 30.18994
C:\Users\eljes\Downloads\simulator-windows-64\IMG\center_2026_08_31_21_51_09_803.jpg, C:\Users\eljes\Downloads\simulator-windows-64\IMG\left_2026_08_31_21_51_09_803.jpg, C:\Users\eljes\Downloads\simulator-windows-64\IMG\right_2026_08_31_21_51_09_803.jpg, 0, 1, 0, 30.18996
C:\Users\eljes\Downloads\simulator-windows-64\IMG\center_2026_08_31_21_51_09_904.jpg, C:\Users\eljes\Downloads\simulator-windows-64\IMG\left_2026_08_31_21_51_09_904.jpg, C:\Users\eljes\Downloads\simulator-windows-64\IMG\right_2026_08_31_21_51_09_904.jpg, 0, 1, 0, 30.18996
C:\Users\eljes\Downloads\simulator-windows-64\IMG\center_2026_08_31_21_51_10_012.jpg, C:\Users\eljes\Downloads\simulator-windows-64\IMG\left_2026_08_31_21_51_10_012.jpg, C:\Users\eljes\Downloads\simulator-windows-64\IMG\right_2026_08_31_21_51_10_012.jpg, 0, 1, 0, 30.18996
C:\Users\eljes\Downloads\simulator-windows-64\IMG\center_2026_08_31_21_51_10_112.jpg, C:\Users\eljes\Downloads\simulator-windows-64\IMG\left_2026_08_31_21_51_10_112.jpg, C:\Users\eljes\Downloads\simulator-windows-64\IMG\right_2026_08_31_21_51_10_112.jpg, 0, 1, 0, 30.18995
C:\Users\eljes\Downloads\simulator-windows-64\IMG\center_2026_08_31_21_51_10_213.jpg, C:\Users\eljes\Downloads\simulator-windows-64\IMG\left_2026_08_31_21_51_10_213.jpg, C:\Users\eljes\Downloads\simulator-windows-64\IMG\right_2026_08_31_21_51_10_213.jpg, 0, 1, 0, 30.18996
C:\Users\eljes\Downloads\simulator-windows-64\IMG\center_2026_08_31_21_51_10_317.jpg, C:\Users\eljes\Downloads\simulator-windows-64\IMG\left_2026_08_31_21_51_10_317.jpg, C:\Users\eljes\Downloads\simulator-windows-64\IMG\right_2026_08_31_21_51_10_317.jpg, 0, 1, 0, 30.18996
C:\Users\eljes\Downloads\simulator-windows-64\IMG\center_2026_08_31_21_51_10_421.jpg, C:\Users\eljes\Downloads\simulator-windows-64\IMG\left_2026_08_31_21_51_10_421.jpg, C:\Users\eljes\Downloads\simulator-windows-64\IMG\right_2026_08_31_21_51_10_421.jpg, 0, 1, 0, 30.18998
C:\Users\eljes\Downloads\simulator-windows-64\IMG\center_2026_08_31_21_51_10_523.jpg, C:\Users\eljes\Downloads\simulator-windows-64\IMG\left_2026_08_31_21_51_10_523.jpg, C:\Users\eljes\Downloads\simulator-windows-64\IMG\right_2026_08_31_21_51_10_523.jpg, 0, 1, 0, 30.18998
C:\Users\eljes\Downloads\simulator-windows-64\IMG\center_2026_08_31_21_51_10_629.jpg, C:\Users\eljes\Downloads\simulator-windows-64\IMG\left_2026_08_31_21_51_10_629.jpg, C:\Users\eljes\Downloads\simulator-windows-64\IMG\right_2026_08_31_21_51_10_629.jpg, 0, 1, 0, 30.18996
C:\Users\eljes\Downloads\simulator-windows-64\IMG\center_2026_08_31_21_51_10_733.jpg, C:\Users\eljes\Downloads\simulator-windows-64\IMG\left_2026_08_31_21_51_10_733.jpg, C:\Users\eljes\Downloads\simulator-windows-64\IMG\right_2026_08_31_21_51_10_733.jpg, 0, 1, 0, 30.18997
C:\Users\eljes\Downloads\simulator-windows-64\IMG\center_2026_08_31_21_51_10_833.jpg, C:\Users\eljes\Downloads\simulator-windows-64\IMG\left_2026_08_31_21_51_10_833.jpg, C:\Users\eljes\Downloads\simulator-windows-64\IMG\right_2026_08_31_21_51_10_833.jpg, 0, 1, 0, 30.18996
C:\Users\eljes\Downloads\simulator-windows-64\IMG\center_2026_08_31_21_51_10_934.jpg, C:\Users\eljes\Downloads\simulator-windows-64\IMG\left_2026_08_31_21_51_10_934.jpg, C:\Users\eljes\Downloads\simulator-windows-64\IMG\right_2026_08_31_21_51_10_934.jpg, 0, 1, 0, 30.18997
C:\Users\eljes\Downloads\simulator-windows-64\IMG\center_2026_08_31_21_51_11_039.jpg, C:\Users\eljes\Downloads\simulator-windows-64\IMG\left_2026_08_31_21_51_11_039.jpg, C:\Users\eljes\Downloads\simulator-windows-64\IMG\right_2026_08_31_21_51_11_039.jpg, 0, 1, 0, 30.18997
C:\Users\eljes\Downloads\simulator-windows-64\IMG\center_2026_08_31_21_51_11_143.jpg, C:\Users\eljes\Downloads\simulator-windows-64\IMG\left_2026_08_31_21_51_11_143.jpg, C:\Users\eljes\Downloads\simulator-windows-64\IMG\right_2026_08_31_21_51_11_143.jpg, 0, 1, 0, 30.18998
C:\Users\eljes\Downloads\simulator-windows-64\IMG\center_2026_08_31_21_51_11_250.jpg, C:\Users\eljes\Downloads\simulator-windows-64\IMG\left_2026_08_31_21_51_11_250.jpg, C:\Users\eljes\Downloads\simulator-windows-64\IMG\right_2026_08_31_21_51_11_250.jpg, 0, 1, 0, 30.18995
C:\Users\eljes\Downloads\simulator-windows-64\IMG\center_2026_08_31_21_51_11_350.jpg, C:\Users\eljes\Downloads\simulator-windows-64\IMG\left_2026_08_31_21_51_11_350.jpg, C:\Users\eljes\Downloads\simulator-windows-64\IMG\right_2026_08_31_21_51_11_350.jpg, 0, 1, 0, 30.18998
C:\Users\eljes\Downloads\simulator-windows-64\IMG\center_2026_08_31_21_51_11_450.jpg, C:\Users\eljes\Downloads\simulator-windows-64\IMG\left_2026_08_31_21_51_11_450.jpg, C:\Users\eljes\Downloads\simulator-windows-64\IMG\right_2026_08_31_21_51_11_450.jpg, 0, 1, 0, 30.18997
C:\Users\eljes\Downloads\simulator-windows-64\IMG\center_2026_08_31_21_51_11_553.jpg, C:\Users\eljes\Downloads\simulator-windows-64\IMG\left_2026_08_31_21_51_11_553.jpg, C:\Users\eljes\Downloads\simulator-windows-64\IMG\right_2026_08_31_21_51_11_553.jpg, 0, 1, 0, 30.18995
C:\Users\eljes\Downloads\simulator-windows-64\IMG\center_2026_08_31_21_51_11_654.jpg, C:\Users\eljes\Downloads\simulator-windows-64\IMG\left_2026_08_31_21_51_11_654.jpg, C:\Users\eljes\Downloads\simulator-windows-64\IMG\right_2026_08_31_21_51_11_654.jpg, 0, 1, 0, 30.18997
C:\Users\eljes\Downloads\simulator-windows-64\IMG\center_2026_08_31_21_51_11_756.jpg, C:\Users\eljes\Downloads\simulator-windows-64\IMG\left_2026_08_31_21_51_11_756.jpg, C:\Users\eljes\Downloads\simulator-windows-64\IMG\right_2026_08_31_21_51_11_756.jpg, 0, 1, 0, 30.18995
C:\Users\eljes\Downloads\simulator-windows-64\IMG\center_2026_08_31_21_51_11_859.jpg, C:\Users\eljes\Downloads\simulator-windows-64\IMG\left_2026_08_31_21_51_11_859.jpg, C:\Users\eljes\Downloads\simulator-windows-64\IMG\right_2026_08_31_21_51_11_859.jpg, 0, 1, 0, 30.18996
C:\Users\eljes\Downloads\simulator-windows-64\IMG\center_2026_08_31_21_51_11_959.jpg, C:\Users\eljes\Downloads\simulator-windows-64\IMG\left_2026_08_31_21_51_11_959.jpg, C:\Users\eljes\Downloads\simulator-windows-64\IMG\right_2026_08_31_21_51_11_959.jpg, 0, 1, 0, 30.18997
C:\Users\eljes\Downloads\simulator-windows-64\IMG\center_2026_08_31_21_51_12_061.jpg, C:\Users\eljes\Downloads\simulator-windows-64\IMG\left_2026_08_31_21_51_12_061.jpg, C:\Users\eljes\Downloads\simulator-windows-64\IMG\right_2026_08_31_21_51_12_061.jpg, 0, 1, 0, 30.18995
C:\Users\eljes\Downloads\simulator-windows-64\IMG\center_2026_08_31_21_51_12_162.jpg, C:\Users\eljes\Downloads\simulator-windows-64\IMG\left_2026_08_31_21_51_12_162.jpg, C:\Users\eljes\Downloads\simulator-windows-64\IMG\right_2026_08_31_21_51_12_162.jpg, 0, 0.743488, 0, 30.13834
C:\Users\eljes\Downloads\simulator-windows-64\IMG\center_2026_08_31_21_51_12_265.jpg, C:\Users\eljes\Downloads\simulator-windows-64\IMG\left_2026_08_31_21_51_12_265.jpg, C:\Users\eljes\Downloads\simulator-windows-64\IMG\right_2026_08_31_21_51_12_265.jpg, 0, 0.3902799, 0, 30.04269
C:\Users\eljes\Downloads\simulator-windows-64\IMG\center_2026_08_31_21_51_12_370.jpg, C:\Users\eljes\Downloads\simulator-windows-64\IMG\left_2026_08_31_21_51_12_370.jpg, C:\Users\eljes\Downloads\simulator-windows-64\IMG\right_2026_08_31_21_51_12_370.jpg, 0, 0.07697406, 0, 29.95072
C:\Users\eljes\Downloads\simulator-windows-64\IMG\center_2026_08_31_21_51_12_474.jpg, C:\Users\eljes\Downloads\simulator-windows-64\IMG\left_2026_08_31_21_51_12_474.jpg, C:\Users\eljes\Downloads\simulator-windows-64\IMG\right_2026_08_31_21_51_12_474.jpg, 0, 0, 0, 29.66281
C:\Users\eljes\Downloads\simulator-windows-64\IMG\center_2026_08_31_21_51_12_577.jpg, C:\Users\eljes\Downloads\simulator-windows-64\IMG\left_2026_08_31_21_51_12_577.jpg, C:\Users\eljes\Downloads\simulator-windows-64\IMG\right_2026_08_31_21_51_12_577.jpg, 0, 0, 0, 29.36334
C:\Users\eljes\Downloads\simulator-windows-64\IMG\center_2026_08_31_21_51_12_683.jpg, C:\Users\eljes\Downloads\simulator-windows-64\IMG\left_2026_08_31_21_51_12_683.jpg, C:\Users\eljes\Downloads\simulator-windows-64\IMG\right_2026_08_31_21_51_12_683.jpg, 0, 0, 0, 29.06689
C:\Users\eljes\Downloads\simulator-windows-64\IMG\center_2026_08_31_21_51_12_791.jpg, C:\Users\eljes\Downloads\simulator-windows-64\IMG\left_2026_08_31_21_51_12_791.jpg, C:\Users\eljes\Downloads\simulator-windows-64\IMG\right_2026_08_31_21_51_12_791.jpg, 0, 0, 0, 28.71506
C:\Users\eljes\Downloads\simulator-windows-64\IMG\center_2026_08_31_21_51_12_895.jpg, C:\Users\eljes\Downloads\simulator-windows-64\IMG\left_2026_08_31_21_51_12_895.jpg, C:\Users\eljes\Downloads\simulator-windows-64\IMG\right_2026_08_31_21_51_12_895.jpg, 0, 0, 0, 28.42511
C:\Users\eljes\Downloads\simulator-windows-64\IMG\center_2026_08_31_21_51_12_998.jpg, C:\Users\eljes\Downloads\simulator-windows-64\IMG\left_2026_08_31_21_51_12_998.jpg, C:\Users\eljes\Downloads\simulator-windows-64\IMG\right_2026_08_31_21_51_12_998.jpg, 0, 0, 0, 28.13807
C:\Users\eljes\Downloads\simulator-windows-64\IMG\center_2026_08_31_21_51_13_104.jpg, C:\Users\eljes\Downloads\simulator-windows-64\IMG\left_2026_08_31_21_51_13_104.jpg, C:\Users\eljes\Downloads\simulator-windows-64\IMG\right_2026_08_31_21_51_13_104.jpg, 0, 0, 0, 27.85392
C:\Users\eljes\Downloads\simulator-windows-64\IMG\center_2026_08_31_21_51_13_207.jpg, C:\Users\eljes\Downloads\simulator-windows-64\IMG\left_2026_08_31_21_51_13_207.jpg, C:\Users\eljes\Downloads\simulator-windows-64\IMG\right_2026_08_31_21_51_13_207.jpg, 0, 0, 0, 27.5167
C:\Users\eljes\Downloads\simulator-windows-64\IMG\center_2026_08_31_21_51_13_307.jpg, C:\Users\eljes\Downloads\simulator-windows-64\IMG\left_2026_08_31_21_51_13_307.jpg, C:\Users\eljes\Downloads\simulator-windows-64\IMG\right_2026_08_31_21_51_13_307.jpg, 0, 0, 0, 27.2388
C:\Users\eljes\Downloads\simulator-windows-64\IMG\center_2026_08_31_21_51_13_410.jpg, C:\Users\eljes\Downloads\simulator-windows-64\IMG\left_2026_08_31_21_51_13_410.jpg, C:\Users\eljes\Downloads\simulator-windows-64\IMG\right_2026_08_31_21_51_13_410.jpg, 0, 0, 0, 26.96368
C:\Users\eljes\Downloads\simulator-windows-64\IMG\center_2026_08_31_21_51_13_512.jpg, C:\Users\eljes\Downloads\simulator-windows-64\IMG\left_2026_08_31_21_51_13_512.jpg, C:\Users\eljes\Downloads\simulator-windows-64\IMG\right_2026_08_31_21_51_13_512.jpg, 0, 0, 0, 26.69133
C:\Users\eljes\Downloads\simulator-windows-64\IMG\center_2026_08_31_21_51_13_612.jpg, C:\Users\eljes\Downloads\simulator-windows-64\IMG\left_2026_08_31_21_51_13_612.jpg, C:\Users\eljes\Downloads\simulator-windows-64\IMG\right_2026_08_31_21_51_13_612.jpg, 0, 0, 0, 26.42172
C:\Users\eljes\Downloads\simulator-windows-64\IMG\center_2026_08_31_21_51_13_715.jpg, C:\Users\eljes\Downloads\simulator-windows-64\IMG\left_2026_08_31_21_51_13_715.jpg, C:\Users\eljes\Downloads\simulator-windows-64\IMG\right_2026_08_31_21_51_13_715.jpg, 0, 0, 0, 26.15481
C:\Users\eljes\Downloads\simulator-windows-64\IMG\center_2026_08_31_21_52_18_219.jpg, C:\Users\eljes\Downloads\simulator-windows-64\IMG\left_2026_08_31_21_52_18_219.jpg, C:\Users\eljes\Downloads\simulator-windows-64\IMG\right_2026_08_31_21_52_18_219.jpg, 0, 1, 0, 30.19028
C:\Users\eljes\Downloads\simulator-windows-64\IMG\center_2026_08_31_21_52_18_321.jpg, C:\Users\eljes\Downloads\simulator-windows-64\IMG\left_2026_08_31_21_52_18_321.jpg, C:\Users\eljes\Downloads\simulator-windows-64\IMG\right_2026_08_31_21_52_18_321.jpg, 0, 1, 0, 30.19031
C:\Users\eljes\Downloads\simulator-windows-64\IMG\center_2026_08_31_21_52_18_425.jpg, C:\Users\eljes\Downloads\simulator-windows-64\IMG\left_2026_08_31_21_52_18_425.jpg, C:\Users\eljes\Downloads\simulator-windows-64\IMG\right_2026_08_31_21_52_18_425.jpg, 0, 1, 0, 30.1903
C:\Users\eljes\Downloads\simulator-windows-64\IMG\center_2026_08_31_21_52_18_529.jpg, C:\Users\eljes\Downloads\simulator-windows-64\IMG\left_2026_08_31_21_52_18_529.jpg, C:\Users\eljes\Downloads\simulator-windows-64\IMG\right_2026_08_31_21_52_18_529.jpg, -0.1688598, 1, 0, 30.18242
C:\Users\eljes\Downloads\simulator-windows-64\IMG\center_2026_08_31_21_52_18_632.jpg, C:\Users\eljes\Downloads\simulator-windows-64\IMG\left_2026_08_31_21_52_18_632.jpg, C:\Users\eljes\Downloads\simulator-windows-64\IMG\right_2026_08_31_21_52_18_632.jpg, -0.3073119, 1, 0, 30.17292
C:\Users\eljes\Downloads\simulator-windows-64\IMG\center_2026_08_31_21_52_18_738.jpg, C:\Users\eljes\Downloads\simulator-windows-64\IMG\left_2026_08_31_21_52_18_738.jpg, C:\Users\eljes\Downloads\simulator-windows-64\IMG\right_2026_08_31_21_52_18_738.jpg, -0.02871147, 1, 0, 30.18946
C:\Users\eljes\Downloads\simulator-windows-64\IMG\center_2026_08_31_21_52_18_841.jpg, C:\Users\eljes\Downloads\simulator-windows-64\IMG\left_2026_08_31_21_52_18_841.jpg, C:\Users\eljes\Downloads\simulator-windows-64\IMG\right_2026_08_31_21_52_18_841.jpg, 0, 1, 0, 30.18979
C:\Users\eljes\Downloads\simulator-windows-64\IMG\center_2026_08_31_21_52_18_946.jpg, C:\Users\eljes\Downloads\simulator-windows-64\IMG\left_2026_08_31_21_52_18_946.jpg, C:\Users\eljes\Downloads\simulator-windows-64\IMG\right_2026_08_31_21_52_18_946.jpg, 0, 1, 0, 30.19027
C:\Users\eljes\Downloads\simulator-windows-64\IMG\center_2026_08_31_21_52_19_046.jpg, C:\Users\eljes\Downloads\simulator-windows-64\IMG\left_2026_08_31_21_52_19_046.jpg, C:\Users\eljes\Downloads\simulator-windows-64\IMG\right_2026_08_31_21_52_19_046.jpg, -0.0263076, 1, 0, 30.19019
C:\Users\eljes\Downloads\simulator-windows-64\IMG\center_2026_08_31_21_52_19_150.jpg, C:\Users\eljes\Downloads\simulator-windows-64\IMG\left_2026_08_31_21_52_19_150.jpg, C:\Users\eljes\Downloads\simulator-windows-64\IMG\right_2026_08_31_21_52_19_150.jpg, -0.3360582, 1, 0, 30.16356
C:\Users\eljes\Downloads\simulator-windows-64\IMG\center_2026_08_31_21_52_19_256.jpg, C:\Users\eljes\Downloads\simulator-windows-64\IMG\left_2026_08_31_21_52_19_256.jpg, C:\Users\eljes\Downloads\simulator-windows-64\IMG\right_2026_08_31_21_52_19_256.jpg, -0.04062421, 1, 0, 30.19063
C:\Users\eljes\Downloads\simulator-windows-64\IMG\center_2026_08_31_21_52_19_358.jpg, C:\Users\eljes\Downloads\simulator-windows-64\IMG\left_2026_08_31_21_52_19_358.jpg, C:\Users\eljes\Downloads\simulator-windows-64\IMG\right_2026_08_31_21_52_19_358.jpg, 0, 1, 0, 30.18992
C:\Users\eljes\Downloads\simulator-windows-64\IMG\center_2026_08_31_21_52_19_464.jpg, C:\Users\eljes\Downloads\simulator-windows-64\IMG\left_2026_08_31_21_52_19_464.jpg, C:\Users\eljes\Downloads\simulator-windows-64\IMG\right_2026_08_31_21_52_19_464.jpg, 0, 1, 0, 30.19025
C:\Users\eljes\Downloads\simulator-windows-64\IMG\center_2026_08_31_21_52_19_571.jpg, C:\Users\eljes\Downloads\simulator-windows-64\IMG\left_2026_08_31_21_52_19_571.jpg, C:\Users\eljes\Downloads\simulator-windows-64\IMG\right_2026_08_31_21_52_19_571.jpg, 0, 1, 0, 30.19032
C:\Users\eljes\Downloads\simulator-windows-64\IMG\center_2026_08_31_21_52_19_677.jpg, C:\Users\eljes\Downloads\simulator-windows-64\IMG\left_2026_08_31_21_52_19_677.jpg, C:\Users\eljes\Downloads\simulator-windows-64\IMG\right_2026_08_31_21_52_19_677.jpg, 0, 1, 0, 30.19032
C:\Users\eljes\Downloads\simulator-windows-64\IMG\center_2026_08_31_21_52_19_783.jpg, C:\Users\eljes\Downloads\simulator-windows-64\IMG\left_2026_08_31_21_52_19_783.jpg, C:\Users\eljes\Downloads\simulator-windows-64\IMG\right_2026_08_31_21_52_19_783.jpg, 0, 1, 0, 30.19028
C:\Users\eljes\Downloads\simulator-windows-64\IMG\center_2026_08_31_21_52_19_885.jpg, C:\Users\eljes\Downloads\simulator-windows-64\IMG\left_2026_08_31_21_52_19_885.jpg, C:\Users\eljes\Downloads\simulator-windows-64\IMG\right_2026_08_31_21_52_19_885.jpg, -0.3079158, 1, 0, 30.1677
C:\Users\eljes\Downloads\simulator-windows-64\IMG\center_2026_08_31_21_52_19_988.jpg, C:\Users\eljes\Downloads\simulator-windows-64\IMG\left_2026_08_31_21_52_19_988.jpg, C:\Users\eljes\Downloads\simulator-windows-64\IMG\right_2026_08_31_21_52_19_988.jpg, -0.001254903, 1, 0, 30.18938
C:\Users\eljes\Downloads\simulator-windows-64\IMG\center_2026_08_31_21_52_20_090.jpg, C:\Users\eljes\Downloads\simulator-windows-64\IMG\left_2026_08_31_21_52_20_090.jpg, C:\Users\eljes\Downloads\simulator-windows-64\IMG\right_2026_08_31_21_52_20_090.jpg, 0, 1, 0, 30.18984
C:\Users\eljes\Downloads\simulator-windows-64\IMG\center_2026_08_31_21_52_20_194.jpg, C:\Users\eljes\Downloads\simulator-windows-64\IMG\left_2026_08_31_21_52_20_194.jpg, C:\Users\eljes\Downloads\simulator-windows-64\IMG\right_2026_08_31_21_52_20_194.jpg, 0, 1, 0, 30.19027
C:\Users\eljes\Downloads\simulator-windows-64\IMG\center_2026_08_31_21_52_20_297.jpg, C:\Users\eljes\Downloads\simulator-windows-64\IMG\left_2026_08_31_21_52_20_297.jpg, C:\Users\eljes\Downloads\simulator-windows-64\IMG\right_2026_08_31_21_52_20_297.jpg, 0, 1, 0, 30.19033
C:\Users\eljes\Downloads\simulator-windows-64\IMG\center_2026_08_31_21_52_20_400.jpg, C:\Users\eljes\Downloads\simulator-windows-64\IMG\left_2026_08_31_21_52_20_400.jpg, C:\Users\eljes\Downloads\simulator-windows-64\IMG\right_2026_08_31_21_52_20_400.jpg, 0, 1, 0, 30.19029
C:\Users\eljes\Downloads\simulator-windows-64\IMG\center_2026_08_31_21_52_20_500.jpg, C:\Users\eljes\Downloads\simulator-windows-64\IMG\left_2026_08_31_21_52_20_500.jpg, C:\Users\eljes\Downloads\simulator-windows-64\IMG\right_2026_08_31_21_52_20_500.jpg, 0, 1, 0, 30.19028
C:\Users\eljes\Downloads\simulator-windows-64\IMG\center_2026_08_31_21_52_20_601.jpg, C:\Users\eljes\Downloads\simulator-windows-64\IMG\left_2026_08_31_21_52_20_601.jpg, C:\Users\eljes\Downloads\simulator-windows-64\IMG\right_2026_08_31_21_52_20_601.jpg, 0, 1, 0, 30.19027
C:\Users\eljes\Downloads\simulator-windows-64\IMG\center_2026_08_31_21_52_20_704.jpg, C:\Users\eljes\Downloads\simulator-windows-64\IMG\left_2026_08_31_21_52_20_704.jpg, C:\Users\eljes\Downloads\simulator-windows-64\IMG\right_2026_08_31_21_52_20_704.jpg, -0.1060296, 1, 0, 30.1872
C:\Users\eljes\Downloads\simulator-windows-64\IMG\center_2026_08_31_21_52_20_807.jpg, C:\Users\eljes\Downloads\simulator-windows-64\IMG\left_2026_08_31_21_52_20_807.jpg, C:\Users\eljes\Downloads\simulator-windows-64\IMG\right_2026_08_31_21_52_20_807.jpg, -0.3917196, 1, 0, 30.16047
C:\Users\eljes\Downloads\simulator-windows-64\IMG\center_2026_08_31_21_52_20_913.jpg, C:\Users\eljes\Downloads\simulator-windows-64\IMG\left_2026_08_31_21_52_20_913.jpg, C:\Users\eljes\Downloads\simulator-windows-64\IMG\right_2026_08_31_21_52_20_913.jpg, -0.09182494, 1, 0, 30.19136
C:\Users\eljes\Downloads\simulator-windows-64\IMG\center_2026_08_31_21_52_21_018.jpg, C:\Users\eljes\Downloads\simulator-windows-64\IMG\left_2026_08_31_21_52_21_018.jpg, C:\Users\eljes\Downloads\simulator-windows-64\IMG\right_2026_08_31_21_52_21_018.jpg, 0, 1, 0, 30.18953
C:\Users\eljes\Downloads\simulator-windows-64\IMG\center_2026_08_31_21_52_21_124.jpg, C:\Users\eljes\Downloads\simulator-windows-64\IMG\left_2026_08_31_21_52_21_124.jpg, C:\Users\eljes\Downloads\simulator-windows-64\IMG\right_2026_08_31_21_52_21_124.jpg, 0, 1, 0, 30.19021
C:\Users\eljes\Downloads\simulator-windows-64\IMG\center_2026_08_31_21_52_21_227.jpg, C:\Users\eljes\Downloads\simulator-windows-64\IMG\left_2026_08_31_21_52_21_227.jpg, C:\Users\eljes\Downloads\simulator-windows-64\IMG\right_2026_08_31_21_52_21_227.jpg, 0, 1, 0, 30.1903
C:\Users\eljes\Downloads\simulator-windows-64\IMG\center_2026_08_31_21_52_21_335.jpg, C:\Users\eljes\Downloads\simulator-windows-64\IMG\left_2026_08_31_21_52_21_335.jpg, C:\Users\eljes\Downloads\simulator-windows-64\IMG\right_2026_08_31_21_52_21_335.jpg, 0, 1, 0, 30.19029
C:\Users\eljes\Downloads\simulator-windows-64\IMG\center_2026_08_31_21_52_21_437.jpg, C:\Users\eljes\Downloads\simulator-windows-64\IMG\left_2026_08_31_21_52_21_437.jpg, C:\Users\eljes\Downloads\simulator-windows-64\IMG\right_2026_08_31_21_52_21_437.jpg, 0, 1, 0, 30.19032
C:\Users\eljes\Downloads\simulator-windows-64\IMG\center_2026_08_31_21_52_21_542.jpg, C:\Users\eljes\Downloads\simulator-windows-64\IMG\left_2026_08_31_21_52_21_542.jpg, C:\Users\eljes\Downloads\simulator-windows-64\IMG\right_2026_08_31_21_52_21_542.jpg, 0, 1, 0, 30.19028
C:\Users\eljes\Downloads\simulator-windows-64\IMG\center_2026_08_31_21_52_21_647.jpg, C:\Users\eljes\Downloads\simulator-windows-64\IMG\left_2026_08_31_21_52_21_647.jpg, C:\Users\eljes\Downloads\simulator-windows-64\IMG\right_2026_08_31_21_52_21_647.jpg, 0, 1, 0, 30.19045
C:\Users\eljes\Downloads\simulator-windows-64\IMG\center_2026_08_31_21_52_21_752.jpg, C:\Users\eljes\Downloads\simulator-windows-64\IMG\left_2026_08_31_21_52_21_752.jpg, C:\Users\eljes\Downloads\simulator-windows-64\IMG\right_2026_08_31_21_52_21_752.jpg, 0, 1, 0, 30.1903
C:\Users\eljes\Downloads\simulator-windows-64\IMG\center_2026_08_31_21_52_21_856.jpg, C:\Users\eljes\Downloads\simulator-windows-64\IMG\left_2026_08_31_21_52_21_856.jpg, C:\Users\eljes\Downloads\simulator-windows-64\IMG\right_2026_08_31_21_52_21_856.jpg, -0.0841392, 1, 0, 30.18905
C:\Users\eljes\Downloads\simulator-windows-64\IMG\center_2026_08_31_21_52_21_957.jpg, C:\Users\eljes\Downloads\simulator-windows-64\IMG\left_2026_08_31_21_52_21_957.jpg, C:\Users\eljes\Downloads\simulator-windows-64\IMG\right_2026_08_31_21_52_21_957.jpg, -0.3978744, 1, 0, 30.15505
C:\Users\eljes\Downloads\simulator-windows-64\IMG\center_2026_08_31_21_52_22_057.jpg, C:\Users\eljes\Downloads\simulator-windows-64\IMG\left_2026_08_31_21_52_22_057.jpg, C:\Users\eljes\Downloads\simulator-windows-64\IMG\right_2026_08_31_21_52_22_057.jpg, -0.5238129, 1, 0, 30.15178
C:\Users\eljes\Downloads\simulator-windows-64\IMG\center_2026_08_31_21_52_22_162.jpg, C:\Users\eljes\Downloads\simulator-windows-64\IMG\left_2026_08_31_21_52_22_162.jpg, C:\Users\eljes\Downloads\simulator-windows-64\IMG\right_2026_08_31_21_52_22_162.jpg, -0.2266024, 1, 0, 30.19464
C:\Users\eljes\Downloads\simulator-windows-64\IMG\center_2026_08_31_21_52_22_265.jpg, C:\Users\eljes\Downloads\simulator-windows-64\IMG\left_2026_08_31_21_52_22_265.jpg, C:\Users\eljes\Downloads\simulator-windows-64\IMG\right_2026_08_31_21_52_22_265.jpg, 0, 1, 0, 30.18715
C:\Users\eljes\Downloads\simulator-windows-64\IMG\center_2026_08_31_21_52_22_368.jpg, C:\Users\eljes\Downloads\simulator-windows-64\IMG\left_2026_08_31_21_52_22_368.jpg, C:\Users\eljes\Downloads\simulator-windows-64\IMG\right_2026_08_31_21_52_22_368.jpg, 0, 1, 0, 30.19018
C:\Users\eljes\Downloads\simulator-windows-64\IMG\center_2026_08_31_21_52_22_468.jpg, C:\Users\eljes\Downloads\simulator-windows-64\IMG\left_2026_08_31_21_52_22_468.jpg, C:\Users\eljes\Downloads\simulator-windows-64\IMG\right_2026_08_31_21_52_22_468.jpg, 0, 1, 0, 30.18994
C:\Users\eljes\Downloads\simulator-windows-64\IMG\center_2026_08_31_21_52_22_569.jpg, C:\Users\eljes\Downloads\simulator-windows-64\IMG\left_2026_08_31_21_52_22_569.jpg, C:\Users\eljes\Downloads\simulator-windows-64\IMG\right_2026_08_31_21_52_22_569.jpg, 0, 1, 0, 30.18991
C:\Users\eljes\Downloads\simulator-windows-64\IMG\center_2026_08_31_21_52_22_673.jpg, C:\Users\eljes\Downloads\simulator-windows-64\IMG\left_2026_08_31_21_52_22_673.jpg, C:\Users\eljes\Downloads\simulator-windows-64\IMG\right_2026_08_31_21_52_22_673.jpg, 0, 1, 0, 30.19069
C:\Users\eljes\Downloads\simulator-windows-64\IMG\center_2026_08_31_21_52_22_775.jpg, C:\Users\eljes\Downloads\simulator-windows-64\IMG\left_2026_08_31_21_52_22_775.jpg, C:\Users\eljes\Downloads\simulator-windows-64\IMG\right_2026_08_31_21_52_22_775.jpg, 0, 1, 0, 30.19015
C:\Users\eljes\Downloads\simulator-windows-64\IMG\center_2026_08_31_21_52_22_881.jpg, C:\Users\eljes\Downloads\simulator-windows-64\IMG\left_2026_08_31_21_52_22_881.jpg, C:\Users\eljes\Downloads\simulator-windows-64\IMG\right_2026_08_31_21_52_22_881.jpg, 0, 1, 0, 30.19007
C:\Users\eljes\Downloads\simulator-windows-64\IMG\center_2026_08_31_21_52_22_987.jpg, C:\Users\eljes\Downloads\simulator-windows-64\IMG\left_2026_08_31_21_52_22_987.jpg, C:\Users\eljes\Downloads\simulator-windows-64\IMG\right_2026_08_31_21_52_22_987.jpg, 0, 1, 0, 30.19007
C:\Users\eljes\Downloads\simulator-windows-64\IMG\center_2026_08_31_21_52_23_087.jpg, C:\Users\eljes\Downloads\simulator-windows-64\IMG\left_2026_08_31_21_52_23_087.jpg, C:\Users\eljes\Downloads\simulator-windows-64\IMG\right_2026_08_31_21_52_23_087.jpg, 0, 1, 0, 30.19011
C:\Users\eljes\Downloads\simulator-windows-64\IMG\center_2026_08_31_21_52_23_187.jpg, C:\Users\eljes\Downloads\simulator-windows-64\IMG\left_2026_08_31_21_52_23_187.jpg, C:\Users\eljes\Downloads\simulator-windows-64\IMG\right_2026_08_31_21_52_23_187.jpg, 0, 1, 0, 30.19067
C:\Users\eljes\Downloads\simulator-windows-64\IMG\center_2026_08_31_21_52_23_292.jpg, C:\Users\eljes\Downloads\simulator-windows-64\IMG\left_2026_08_31_21_52_23_292.jpg, C:\Users\eljes\Downloads\simulator-windows-64\IMG\right_2026_08_31_21_52_23_292.jpg, 0, 1, 0, 30.19042
C:\Users\eljes\Downloads\simulator-windows-64\IMG\center_2026_08_31_21_52_23_394.jpg, C:\Users\eljes\Downloads\simulator-windows-64\IMG\left_2026_08_31_21_52_23_394.jpg, C:\Users\eljes\Downloads\simulator-windows-64\IMG\right_2026_08_31_21_52_23_394.jpg, 0, 1, 0, 30.19134
C:\Users\eljes\Downloads\simulator-windows-64\IMG\center_2026_08_31_21_52_23_499.jpg, C:\Users\eljes\Downloads\simulator-windows-64\IMG\left_2026_08_31_21_52_23_499.jpg, C:\Users\eljes\Downloads\simulator-windows-64\IMG\right_2026_08_31_21_52_23_499.jpg, 0, 1, 0, 30.19071
C:\Users\eljes\Downloads\simulator-windows-64\IMG\center_2026_08_31_21_52_23_603.jpg, C:\Users\eljes\Downloads\simulator-windows-64\IMG\left_2026_08_31_21_52_23_603.jpg, C:\Users\eljes\Downloads\simulator-windows-64\IMG\right_2026_08_31_21_52_23_603.jpg, 0, 1, 0, 30.19057
C:\Users\eljes\Downloads\simulator-windows-64\IMG\center_2026_08_31_21_52_23_703.jpg, C:\Users\eljes\Downloads\simulator-windows-64\IMG\left_2026_08_31_21_52_23_703.jpg, C:\Users\eljes\Downloads\simulator-windows-64\IMG\right_2026_08_31_21_52_23_703.jpg, -0.3043431, 1, 0, 30.16756
C:\Users\eljes\Downloads\simulator-windows-64\IMG\center_2026_08_31_21_52_23_805.jpg, C:\Users\eljes\Downloads\simulator-windows-64\IMG\left_2026_08_31_21_52_23_805.jpg, C:\Users\eljes\Downloads\simulator-windows-64\IMG\right_2026_08_31_21_52_23_805.jpg, -0.2024988, 1, 0, 30.19011
C:\Users\eljes\Downloads\simulator-windows-64\IMG\center_2026_08_31_21_52_23_908.jpg, C:\Users\eljes\Downloads\simulator-windows-64\IMG\left_2026_08_31_21_52_23_908.jpg, C:\Users\eljes\Downloads\simulator-windows-64\IMG\right_2026_08_31_21_52_23_908.jpg, 0, 1, 0, 30.18885
C:\Users\eljes\Downloads\simulator-windows-64\IMG\center_2026_08_31_21_52_24_013.jpg, C:\Users\eljes\Downloads\simulator-windows-64\IMG\left_2026_08_31_21_52_24_013.jpg, C:\Users\eljes\Downloads\simulator-windows-64\IMG\right_2026_08_31_21_52_24_013.jpg, 0, 1, 0, 30.18994
C:\Users\eljes\Downloads\simulator-windows-64\IMG\center_2026_08_31_21_52_24_118.jpg, C:\Users\eljes\Downloads\simulator-windows-64\IMG\left_2026_08_31_21_52_24_118.jpg, C:\Users\eljes\Downloads\simulator-windows-64\IMG\right_2026_08_31_21_52_24_118.jpg, 0, 1, 0, 30.19065
C:\Users\eljes\Downloads\simulator-windows-64\IMG\center_2026_08_31_21_52_24_223.jpg, C:\Users\eljes\Downloads\simulator-windows-64\IMG\left_2026_08_31_21_52_24_223.jpg, C:\Users\eljes\Downloads\simulator-windows-64\IMG\right_2026_08_31_21_52_24_223.jpg, -0.1173159, 1, 0, 30.18764
C:\Users\eljes\Downloads\simulator-windows-64\IMG\center_2026_08_31_21_52_24_323.jpg, C:\Users\eljes\Downloads\simulator-windows-64\IMG\left_2026_08_31_21_52_24_323.jpg, C:\Users\eljes\Downloads\simulator-windows-64\IMG\right_2026_08_31_21_52_24_323.jpg, -0.4033767, 1, 0, 30.15577
C:\Users\eljes\Downloads\simulator-windows-64\IMG\center_2026_08_31_21_52_24_422.jpg, C:\Users\eljes\Downloads\simulator-windows-64\IMG\left_2026_08_31_21_52_24_422.jpg, C:\Users\eljes\Downloads\simulator-windows-64\IMG\right_2026_08_31_21_52_24_422.jpg, -0.2039184, 1, 0, 30.19098
C:\Users\eljes\Downloads\simulator-windows-64\IMG\center_2026_08_31_21_52_24_529.jpg, C:\Users\eljes\Downloads\simulator-windows-64\IMG\left_2026_08_31_21_52_24_529.jpg, C:\Users\eljes\Downloads\simulator-windows-64\IMG\right_2026_08_31_21_52_24_529.jpg, 0, 1, 0, 30.18867
C:\Users\eljes\Downloads\simulator-windows-64\IMG\center_2026_08_31_21_52_24_630.jpg, C:\Users\eljes\Downloads\simulator-windows-64\IMG\left_2026_08_31_21_52_24_630.jpg, C:\Users\eljes\Downloads\simulator-windows-64\IMG\right_2026_08_31_21_52_24_630.jpg, 0, 1, 0, 30.19018
C:\Users\eljes\Downloads\simulator-windows-64\IMG\center_2026_08_31_21_52_24_730.jpg, C:\Users\eljes\Downloads\simulator-windows-64\IMG\left_2026_08_31_21_52_24_730.jpg, C:\Users\eljes\Downloads\simulator-windows-64\IMG\right_2026_08_31_21_52_24_730.jpg, -0.1014945, 1, 0, 30.18855
C:\Users\eljes\Downloads\simulator-windows-64\IMG\center_2026_08_31_21_52_24_832.jpg, C:\Users\eljes\Downloads\simulator-windows-64\IMG\left_2026_08_31_21_52_24_832.jpg, C:\Users\eljes\Downloads\simulator-windows-64\IMG\right_2026_08_31_21_52_24_832.jpg, -0.4030188, 1, 0, 30.1562
C:\Users\eljes\Downloads\simulator-windows-64\IMG\center_2026_08_31_21_52_24_932.jpg, C:\Users\eljes\Downloads\simulator-windows-64\IMG\left_2026_08_31_21_52_24_932.jpg, C:\Users\eljes\Downloads\simulator-windows-64\IMG\right_2026_08_31_21_52_24_932.jpg, -0.4632102, 1, 0, 30.16901
C:\Users\eljes\Downloads\simulator-windows-64\IMG\center_2026_08_31_21_52_25_033.jpg, C:\Users\eljes\Downloads\simulator-windows-64\IMG\left_2026_08_31_21_52_25_033.jpg, C:\Users\eljes\Downloads\simulator-windows-64\IMG\right_2026_08_31_21_52_25_033.jpg, -0.161824, 1, 0, 30.19422
C:\Users\eljes\Downloads\simulator-windows-64\IMG\center_2026_08_31_21_52_25_136.jpg, C:\Users\eljes\Downloads\simulator-windows-64\IMG\left_2026_08_31_21_52_25_136.jpg, C:\Users\eljes\Downloads\simulator-windows-64\IMG\right_2026_08_31_21_52_25_136.jpg, 0, 1, 0, 30.18809
C:\Users\eljes\Downloads\simulator-windows-64\IMG\center_2026_08_31_21_52_25_241.jpg, C:\Users\eljes\Downloads\simulator-windows-64\IMG\left_2026_08_31_21_52_25_241.jpg, C:\Users\eljes\Downloads\simulator-windows-64\IMG\right_2026_08_31_21_52_25_241.jpg, 0, 1, 0, 30.19018
C:\Users\eljes\Downloads\simulator-windows-64\IMG\center_2026_08_31_21_52_25_347.jpg, C:\Users\eljes\Downloads\simulator-windows-64\IMG\left_2026_08_31_21_52_25_347.jpg, C:\Users\eljes\Downloads\simulator-windows-64\IMG\right_2026_08_31_21_52_25_347.jpg, 0, 1, 0, 30.19042
C:\Users\eljes\Downloads\simulator-windows-64\IMG\center_2026_08_31_21_52_25_450.jpg, C:\Users\eljes\Downloads\simulator-windows-64\IMG\left_2026_08_31_21_52_25_450.jpg, C:\Users\eljes\Downloads\simulator-windows-64\IMG\right_2026_08_31_21_52_25_450.jpg, 0, 1, 0, 30.19033
C:\Users\eljes\Downloads\simulator-windows-64\IMG\center_2026_08_31_21_52_25_556.jpg, C:\Users\eljes\Downloads\simulator-windows-64\IMG\left_2026_08_31_21_52_25_556.jpg, C:\Users\eljes\Downloads\simulator-windows-64\IMG\right_2026_08_31_21_52_25_556.jpg, 0, 1, 0, 30.19031
C:\Users\eljes\Downloads\simulator-windows-64\IMG\center_2026_08_31_21_52_25_661.jpg, C:\Users\eljes\Downloads\simulator-windows-64\IMG\left_2026_08_31_21_52_25_661.jpg, C:\Users\eljes\Downloads\simulator-windows-64\IMG\right_2026_08_31_21_52_25_661.jpg, 0, 1, 0, 30.19028
C:\Users\eljes\Downloads\simulator-windows-64\IMG\center_2026_08_31_21_52_25_763.jpg, C:\Users\eljes\Downloads\simulator-windows-64\IMG\left_2026_08_31_21_52_25_763.jpg, C:\Users\eljes\Downloads\simulator-windows-64\IMG\right_2026_08_31_21_52_25_763.jpg, -0.0368142, 1, 0, 30.18998
C:\Users\eljes\Downloads\simulator-windows-64\IMG\center_2026_08_31_21_52_25_866.jpg, C:\Users\eljes\Downloads\simulator-windows-64\IMG\left_2026_08_31_21_52_25_866.jpg, C:\Users\eljes\Downloads\simulator-windows-64\IMG\right_2026_08_31_21_52_25_866.jpg, -0.4034241, 1, 0, 30.15408
C:\Users\eljes\Downloads\simulator-windows-64\IMG\center_2026_08_31_21_52_25_971.jpg, C:\Users\eljes\Downloads\simulator-windows-64\IMG\left_2026_08_31_21_52_25_971.jpg, C:\Users\eljes\Downloads\simulator-windows-64\IMG\right_2026_08_31_21_52_25_971.jpg, -0.1051092, 1, 0, 30.19162
C:\Users\eljes\Downloads\simulator-windows-64\IMG\center_2026_08_31_21_52_26_077.jpg, C:\Users\eljes\Downloads\simulator-windows-64\IMG\left_2026_08_31_21_52_26_077.jpg, C:\Users\eljes\Downloads\simulator-windows-64\IMG\right_2026_08_31_21_52_26_077.jpg, 0, 1, 0, 30.18935
C:\Users\eljes\Downloads\simulator-windows-64\IMG\center_2026_08_31_21_52_26_182.jpg, C:\Users\eljes\Downloads\simulator-windows-64\IMG\left_2026_08_31_21_52_26_182.jpg, C:\Users\eljes\Downloads\simulator-windows-64\IMG\right_2026_08_31_21_52_26_182.jpg, 0, 1, 0, 30.19018
C:\Users\eljes\Downloads\simulator-windows-64\IMG\center_2026_08_31_21_52_26_286.jpg, C:\Users\eljes\Downloads\simulator-windows-64\IMG\left_2026_08_31_21_52_26_286.jpg, C:\Users\eljes\Downloads\simulator-windows-64\IMG\right_2026_08_31_21_52_26_286.jpg, -0.0218703, 1, 0, 30.19029
C:\Users\eljes\Downloads\simulator-windows-64\IMG\center_2026_08_31_21_52_26_390.jpg, C:\Users\eljes\Downloads\simulator-windows-64\IMG\left_2026_08_31_21_52_26_390.jpg, C:\Users\eljes\Downloads\simulator-windows-64\IMG\right_2026_08_31_21_52_26_390.jpg, -0.3326187, 1, 0, 30.16452
C:\Users\eljes\Downloads\simulator-windows-64\IMG\center_2026_08_31_21_52_26_491.jpg, C:\Users\eljes\Downloads\simulator-windows-64\IMG\left_2026_08_31_21_52_26_491.jpg, C:\Users\eljes\Downloads\simulator-windows-64\IMG\right_2026_08_31_21_52_26_491.jpg, -0.2553261, 1, 0, 30.18687
C:\Users\eljes\Downloads\simulator-windows-64\IMG\center_2026_08_31_21_52_26_591.jpg, C:\Users\eljes\Downloads\simulator-windows-64\IMG\left_2026_08_31_21_52_26_591.jpg, C:\Users\eljes\Downloads\simulator-windows-64\IMG\right_2026_08_31_21_52_26_591.jpg, 0, 1, 0, 30.18697
C:\Users\eljes\Downloads\simulator-windows-64\IMG\center_2026_08_31_21_52_26_694.jpg, C:\Users\eljes\Downloads\simulator-windows-64\IMG\left_2026_08_31_21_52_26_694.jpg, C:\Users\eljes\Downloads\simulator-windows-64\IMG\right_2026_08_31_21_52_26_694.jpg, 0, 1, 0, 30.19041
C:\Users\eljes\Downloads\simulator-windows-64\IMG\center_2026_08_31_21_52_26_799.jpg, C:\Users\eljes\Downloads\simulator-windows-64\IMG\left_2026_08_31_21_52_26_799.jpg, C:\Users\eljes\Downloads\simulator-windows-64\IMG\right_2026_08_31_21_52_26_799.jpg, 0, 1, 0, 30.19028
C:\Users\eljes\Downloads\simulator-windows-64\IMG\center_2026_08_31_21_52_26_903.jpg, C:\Users\eljes\Downloads\simulator-windows-64\IMG\left_2026_08_31_21_52_26_903.jpg, C:\Users\eljes\Downloads\simulator-windows-64\IMG\right_2026_08_31_21_52_26_903.jpg, 0, 1, 0, 30.1907
C:\Users\eljes\Downloads\simulator-windows-64\IMG\center_2026_08_31_21_52_27_008.jpg, C:\Users\eljes\Downloads\simulator-windows-64\IMG\left_2026_08_31_21_52_27_008.jpg, C:\Users\eljes\Downloads\simulator-windows-64\IMG\right_2026_08_31_21_52_27_008.jpg, 0, 1, 0, 30.19024
C:\Users\eljes\Downloads\simulator-windows-64\IMG\center_2026_08_31_21_52_27_110.jpg, C:\Users\eljes\Downloads\simulator-windows-64\IMG\left_2026_08_31_21_52_27_110.jpg, C:\Users\eljes\Downloads\simulator-windows-64\IMG\right_2026_08_31_21_52_27_110.jpg, 0, 1, 0, 30.19072
C:\Users\eljes\Downloads\simulator-windows-64\IMG\center_2026_08_31_21_52_27_211.jpg, C:\Users\eljes\Downloads\simulator-windows-64\IMG\left_2026_08_31_21_52_27_211.jpg, C:\Users\eljes\Downloads\simulator-windows-64\IMG\right_2026_08_31_21_52_27_211.jpg, 0, 1, 0, 30.1909
C:\Users\eljes\Downloads\simulator-windows-64\IMG\center_2026_08_31_21_52_27_312.jpg, C:\Users\eljes\Downloads\simulator-windows-64\IMG\left_2026_08_31_21_52_27_312.jpg, C:\Users\eljes\Downloads\simulator-windows-64\IMG\right_2026_08_31_21_52_27_312.jpg, 0, 1, 0, 30.19101
C:\Users\eljes\Downloads\simulator-windows-64\IMG\center_2026_08_31_21_52_27_420.jpg, C:\Users\eljes\Downloads\simulator-windows-64\IMG\left_2026_08_31_21_52_27_420.jpg, C:\Users\eljes\Downloads\simulator-windows-64\IMG\right_2026_08_31_21_52_27_420.jpg, 0, 1, 0, 30.19062
C:\Users\eljes\Downloads\simulator-windows-64\IMG\center_2026_08_31_21_52_27_523.jpg, C:\Users\eljes\Downloads\simulator-windows-64\IMG\left_2026_08_31_21_52_27_523.jpg, C:\Users\eljes\Downloads\simulator-windows-64\IMG\right_2026_08_31_21_52_27_523.jpg, 0, 1, 0, 30.19124
C:\Users\eljes\Downloads\simulator-windows-64\IMG\center_2026_08_31_21_52_27_630.jpg, C:\Users\eljes\Downloads\simulator-windows-64\IMG\left_2026_08_31_21_52_27_630.jpg, C:\Users\eljes\Downloads\simulator-windows-64\IMG\right_2026_08_31_21_52_27_630.jpg, 0, 1, 0, 30.19025
C:\Users\eljes\Downloads\simulator-windows-64\IMG\center_2026_08_31_21_52_27_731.jpg, C:\Users\eljes\Downloads\simulator-windows-64\IMG\left_2026_08_31_21_52_27_731.jpg, C:\Users\eljes\Downloads\simulator-windows-64\IMG\right_2026_08_31_21_52_27_731.jpg, 0, 1, 0, 30.19027
C:\Users\eljes\Downloads\simulator-windows-64\IMG\center_2026_08_31_21_52_27_831.jpg, C:\Users\eljes\Downloads\simulator-windows-64\IMG\left_2026_08_31_21_52_27_831.jpg, C:\Users\eljes\Downloads\simulator-windows-64\IMG\right_2026_08_31_21_52_27_831.jpg, -0.07572, 1, 0, 30.18892
C:\Users\eljes\Downloads\simulator-windows-64\IMG\center_2026_08_31_21_52_27_932.jpg, C:\Users\eljes\Downloads\simulator-windows-64\IMG\left_2026_08_31_21_52_27_932.jpg, C:\Users\eljes\Downloads\simulator-windows-64\IMG\right_2026_08_31_21_52_27_932.jpg, -0.3805968, 1, 0, 30.15766
C:\Users\eljes\Downloads\simulator-windows-64\IMG\center_2026_08_31_21_52_28_037.jpg, C:\Users\eljes\Downloads\simulator-windows-64\IMG\left_2026_08_31_21_52_28_037.jpg, C:\Users\eljes\Downloads\simulator-windows-64\IMG\right_2026_08_31_21_52_28_037.jpg, -0.1060084, 1, 0, 30.19151
C:\Users\eljes\Downloads\simulator-windows-64\IMG\center_2026_08_31_21_52_28_139.jpg, C:\Users\eljes\Downloads\simulator-windows-64\IMG\left_2026_08_31_21_52_28_139.jpg, C:\Users\eljes\Downloads\simulator-windows-64\IMG\right_2026_08_31_21_52_28_139.jpg, 0, 1, 0, 30.18933
C:\Users\eljes\Downloads\simulator-windows-64\IMG\center_2026_08_31_21_52_28_244.jpg, C:\Users\eljes\Downloads\simulator-windows-64\IMG\left_2026_08_31_21_52_28_244.jpg, C:\Users\eljes\Downloads\simulator-windows-64\IMG\right_2026_08_31_21_52_28_244.jpg, 0, 1, 0, 30.19019
C:\Users\eljes\Downloads\simulator-windows-64\IMG\center_2026_08_31_21_52_28_349.jpg, C:\Users\eljes\Downloads\simulator-windows-64\IMG\left_2026_08_31_21_52_28_349.jpg, C:\Users\eljes\Downloads\simulator-windows-64\IMG\right_2026_08_31_21_52_28_349.jpg, 0, 1, 0, 30.19032
C:\Users\eljes\Downloads\simulator-windows-64\IMG\center_2026_08_31_21_52_28_452.jpg, C:\Users\eljes\Downloads\simulator-windows-64\IMG\left_2026_08_31_21_52_28_452.jpg, C:\Users\eljes\Downloads\simulator-windows-64\IMG\right_2026_08_31_21_52_28_452.jpg, -0.2903205, 1, 0, 30.16989
C:\Users\eljes\Downloads\simulator-windows-64\IMG\center_2026_08_31_21_52_28_559.jpg, C:\Users\eljes\Downloads\simulator-windows-64\IMG\left_2026_08_31_21_52_28_559.jpg, C:\Users\eljes\Downloads\simulator-windows-64\IMG\right_2026_08_31_21_52_28_559.jpg, -0.2946097, 1, 0, 30.18391
C:\Users\eljes\Downloads\simulator-windows-64\IMG\center_2026_08_31_21_52_28_660.jpg, C:\Users\eljes\Downloads\simulator-windows-64\IMG\left_2026_08_31_21_52_28_660.jpg, C:\Users\eljes\Downloads\simulator-windows-64\IMG\right_2026_08_31_21_52_28_660.jpg, 0, 1, 0, 30.18792
C:\Users\eljes\Downloads\simulator-windows-64\IMG\center_2026_08_31_21_52_28_765.jpg, C:\Users\eljes\Downloads\simulator-windows-64\IMG\left_2026_08_31_21_52_28_765.jpg, C:\Users\eljes\Downloads\simulator-windows-64\IMG\right_2026_08_31_21_52_28_765.jpg, 0, 1, 0, 30.19002
C:\Users\eljes\Downloads\simulator-windows-64\IMG\center_2026_08_31_21_52_28_868.jpg, C:\Users\eljes\Downloads\simulator-windows-64\IMG\left_2026_08_31_21_52_28_868.jpg, C:\Users\eljes\Downloads\simulator-windows-64\IMG\right_2026_08_31_21_52_28_868.jpg, 0, 1, 0, 30.19035
C:\Users\eljes\Downloads\simulator-windows-64\IMG\center_2026_08_31_21_52_28_970.jpg, C:\Users\eljes\Downloads\simulator-windows-64\IMG\left_2026_08_31_21_52_28_970.jpg, C:\Users\eljes\Downloads\simulator-windows-64\IMG\right_2026_08_31_21_52_28_970.jpg, 0, 1, 0, 30.19028
C:\Users\eljes\Downloads\simulator-windows-64\IMG\center_2026_08_31_21_52_29_075.jpg, C:\Users\eljes\Downloads\simulator-windows-64\IMG\left_2026_08_31_21_52_29_075.jpg, C:\Users\eljes\Downloads\simulator-windows-64\IMG\right_2026_08_31_21_52_29_075.jpg, 0, 1, 0, 30.1903
C:\Users\eljes\Downloads\simulator-windows-64\IMG\center_2026_08_31_21_52_29_179.jpg, C:\Users\eljes\Downloads\simulator-windows-64\IMG\left_2026_08_31_21_52_29_179.jpg, C:\Users\eljes\Downloads\simulator-windows-64\IMG\right_2026_08_31_21_52_29_179.jpg, -0.0434478, 1, 0, 30.18985
C:\Users\eljes\Downloads\simulator-windows-64\IMG\center_2026_08_31_21_52_29_283.jpg, C:\Users\eljes\Downloads\simulator-windows-64\IMG\left_2026_08_31_21_52_29_283.jpg, C:\Users\eljes\Downloads\simulator-windows-64\IMG\right_2026_08_31_21_52_29_283.jpg, -0.2747931, 1, 0, 30.17218
C:\Users\eljes\Downloads\simulator-windows-64\IMG\center_2026_08_31_21_52_29_389.jpg, C:\Users\eljes\Downloads\simulator-windows-64\IMG\left_2026_08_31_21_52_29_389.jpg, C:\Users\eljes\Downloads\simulator-windows-64\IMG\right_2026_08_31_21_52_29_389.jpg, 0, 1, 0, 30.18923
C:\Users\eljes\Downloads\simulator-windows-64\IMG\center_2026_08_31_21_52_29_492.jpg, C:\Users\eljes\Downloads\simulator-windows-64\IMG\left_2026_08_31_21_52_29_492.jpg, C:\Users\eljes\Downloads\simulator-windows-64\IMG\right_2026_08_31_21_52_29_492.jpg, 0, 1, 0, 30.19016
C:\Users\eljes\Downloads\simulator-windows-64\IMG\center_2026_08_31_21_52_29_594.jpg, C:\Users\eljes\Downloads\simulator-windows-64\IMG\left_2026_08_31_21_52_29_594.jpg, C:\Users\eljes\Downloads\simulator-windows-64\IMG\right_2026_08_31_21_52_29_594.jpg, 0, 1, 0, 30.19035
C:\Users\eljes\Downloads\simulator-windows-64\IMG\center_2026_08_31_21_52_29_695.jpg, C:\Users\eljes\Downloads\simulator-windows-64\IMG\left_2026_08_31_21_52_29_695.jpg, C:\Users\eljes\Downloads\simulator-windows-64\IMG\right_2026_08_31_21_52_29_695.jpg, 0, 1, 0, 30.19028
C:\Users\eljes\Downloads\simulator-windows-64\IMG\center_2026_08_31_21_52_29_798.jpg, C:\Users\eljes\Downloads\simulator-windows-64\IMG\left_2026_08_31_21_52_29_798.jpg, C:\Users\eljes\Downloads\simulator-windows-64\IMG\right_2026_08_31_21_52_29_798.jpg, 0, 1, 0, 30.19028
C:\Users\eljes\Downloads\simulator-windows-64\IMG\center_2026_08_31_21_52_29_904.jpg, C:\Users\eljes\Downloads\simulator-windows-64\IMG\left_2026_08_31_21_52_29_904.jpg, C:\Users\eljes\Downloads\simulator-windows-64\IMG\right_2026_08_31_21_52_29_904.jpg, 0, 1, 0, 30.18994
C:\Users\eljes\Downloads\simulator-windows-64\IMG\center_2026_08_31_21_52_30_007.jpg, C:\Users\eljes\Downloads\simulator-windows-64\IMG\left_2026_08_31_21_52_30_007.jpg, C:\Users\eljes\Downloads\simulator-windows-64\IMG\right_2026_08_31_21_52_30_007.jpg, 0, 1, 0, 30.1902
C:\Users\eljes\Downloads\simulator-windows-64\IMG\center_2026_08_31_21_52_30_110.jpg, C:\Users\eljes\Downloads\simulator-windows-64\IMG\left_2026_08_31_21_52_30_110.jpg, C:\Users\eljes\Downloads\simulator-windows-64\IMG\right_2026_08_31_21_52_30_110.jpg, 0, 1, 0, 30.1903
C:\Users\eljes\Downloads\simulator-windows-64\IMG\center_2026_08_31_21_52_30_217.jpg, C:\Users\eljes\Downloads\simulator-windows-64\IMG\left_2026_08_31_21_52_30_217.jpg, C:\Users\eljes\Downloads\simulator-windows-64\IMG\right_2026_08_31_21_52_30_217.jpg, 0, 1, 0, 30.18948
C:\Users\eljes\Downloads\simulator-windows-64\IMG\center_2026_08_31_21_52_30_321.jpg, C:\Users\eljes\Downloads\simulator-windows-64\IMG\left_2026_08_31_21_52_30_321.jpg, C:\Users\eljes\Downloads\simulator-windows-64\IMG\right_2026_08_31_21_52_30_321.jpg, 0, 1, 0, 30.19033
C:\Users\eljes\Downloads\simulator-windows-64\IMG\center_2026_08_31_21_52_30_422.jpg, C:\Users\eljes\Downloads\simulator-windows-64\IMG\left_2026_08_31_21_52_30_422.jpg, C:\Users\eljes\Downloads\simulator-windows-64\IMG\right_2026_08_31_21_52_30_422.jpg, 0, 1, 0, 30.18991
C:\Users\eljes\Downloads\simulator-windows-64\IMG\center_2026_08_31_21_52_30_526.jpg, C:\Users\eljes\Downloads\simulator-windows-64\IMG\left_2026_08_31_21_52_30_526.jpg, C:\Users\eljes\Downloads\simulator-windows-64\IMG\right_2026_08_31_21_52_30_526.jpg, 0, 1, 0, 30.19038
C:\Users\eljes\Downloads\simulator-windows-64\IMG\center_2026_08_31_21_52_30_629.jpg, C:\Users\eljes\Downloads\simulator-windows-64\IMG\left_2026_08_31_21_52_30_629.jpg, C:\Users\eljes\Downloads\simulator-windows-64\IMG\right_2026_08_31_21_52_30_629.jpg, 0, 1, 0, 30.19031
C:\Users\eljes\Downloads\simulator-windows-64\IMG\center_2026_08_31_21_52_30_729.jpg, C:\Users\eljes\Downloads\simulator-windows-64\IMG\left_2026_08_31_21_52_30_729.jpg, C:\Users\eljes\Downloads\simulator-windows-64\IMG\right_2026_08_31_21_52_30_729.jpg, 0, 1, 0, 30.19034
C:\Users\eljes\Downloads\simulator-windows-64\IMG\center_2026_08_31_21_52_30_831.jpg, C:\Users\eljes\Downloads\simulator-windows-64\IMG\left_2026_08_31_21_52_30_831.jpg, C:\Users\eljes\Downloads\simulator-windows-64\IMG\right_2026_08_31_21_52_30_831.jpg, 0, 1, 0, 30.19027
C:\Users\eljes\Downloads\simulator-windows-64\IMG\center_2026_08_31_21_52_30_936.jpg, C:\Users\eljes\Downloads\simulator-windows-64\IMG\left_2026_08_31_21_52_30_936.jpg, C:\Users\eljes\Downloads\simulator-windows-64\IMG\right_2026_08_31_21_52_30_936.jpg, 0, 1, 0, 30.19035
C:\Users\eljes\Downloads\simulator-windows-64\IMG\center_2026_08_31_21_52_31_041.jpg, C:\Users\eljes\Downloads\simulator-windows-64\IMG\left_2026_08_31_21_52_31_041.jpg, C:\Users\eljes\Downloads\simulator-windows-64\IMG\right_2026_08_31_21_52_31_041.jpg, 0, 1, 0, 30.18965
C:\Users\eljes\Downloads\simulator-windows-64\IMG\center_2026_08_31_21_52_31_142.jpg, C:\Users\eljes\Downloads\simulator-windows-64\IMG\left_2026_08_31_21_52_31_142.jpg, C:\Users\eljes\Downloads\simulator-windows-64\IMG\right_2026_08_31_21_52_31_142.jpg, 0, 1, 0, 30.1905
C:\Users\eljes\Downloads\simulator-windows-64\IMG\center_2026_08_31_21_52_31_245.jpg, C:\Users\eljes\Downloads\simulator-windows-64\IMG\left_2026_08_31_21_52_31_245.jpg, C:\Users\eljes\Downloads\simulator-windows-64\IMG\right_2026_08_31_21_52_31_245.jpg, 0, 1, 0, 30.18951
C:\Users\eljes\Downloads\simulator-windows-64\IMG\center_2026_08_31_21_52_31_345.jpg, C:\Users\eljes\Downloads\simulator-windows-64\IMG\left_2026_08_31_21_52_31_345.jpg, C:\Users\eljes\Downloads\simulator-windows-64\IMG\right_2026_08_31_21_52_31_345.jpg, 0, 1, 0, 30.19039
C:\Users\eljes\Downloads\simulator-windows-64\IMG\center_2026_08_31_21_52_31_447.jpg, C:\Users\eljes\Downloads\simulator-windows-64\IMG\left_2026_08_31_21_52_31_447.jpg, C:\Users\eljes\Downloads\simulator-windows-64\IMG\right_2026_08_31_21_52_31_447.jpg, 0, 1, 0, 30.1903
C:\Users\eljes\Downloads\simulator-windows-64\IMG\center_2026_08_31_21_52_31_550.jpg, C:\Users\eljes\Downloads\simulator-windows-64\IMG\left_2026_08_31_21_52_31_550.jpg, C:\Users\eljes\Downloads\simulator-windows-64\IMG\right_2026_08_31_21_52_31_550.jpg, 0, 1, 0, 30.19026
C:\Users\eljes\Downloads\simulator-windows-64\IMG\center_2026_08_31_21_52_31_654.jpg, C:\Users\eljes\Downloads\simulator-windows-64\IMG\left_2026_08_31_21_52_31_654.jpg, C:\Users\eljes\Downloads\simulator-windows-64\IMG\right_2026_08_31_21_52_31_654.jpg, 0, 1, 0, 30.19029
C:\Users\eljes\Downloads\simulator-windows-64\IMG\center_2026_08_31_21_52_31_756.jpg, C:\Users\eljes\Downloads\simulator-windows-64\IMG\left_2026_08_31_21_52_31_756.jpg, C:\Users\eljes\Downloads\simulator-windows-64\IMG\right_2026_08_31_21_52_31_756.jpg, 0, 1, 0, 30.19032
C:\Users\eljes\Downloads\simulator-windows-64\IMG\center_2026_08_31_21_52_31_857.jpg, C:\Users\eljes\Downloads\simulator-windows-64\IMG\left_2026_08_31_21_52_31_857.jpg, C:\Users\eljes\Downloads\simulator-windows-64\IMG\right_2026_08_31_21_52_31_857.jpg, 0, 1, 0, 30.19031
C:\Users\eljes\Downloads\simulator-windows-64\IMG\center_2026_08_31_21_52_31_961.jpg, C:\Users\eljes\Downloads\simulator-windows-64\IMG\left_2026_08_31_21_52_31_961.jpg, C:\Users\eljes\Downloads\simulator-windows-64\IMG\right_2026_08_31_21_52_31_961.jpg, 0, 1, 0, 30.19029
C:\Users\eljes\Downloads\simulator-windows-64\IMG\center_2026_08_31_21_52_32_066.jpg, C:\Users\eljes\Downloads\simulator-windows-64\IMG\left_2026_08_31_21_52_32_066.jpg, C:\Users\eljes\Downloads\simulator-windows-64\IMG\right_2026_08_31_21_52_32_066.jpg, 0, 1, 0, 30.19029
C:\Users\eljes\Downloads\simulator-windows-64\IMG\center_2026_08_31_21_52_32_167.jpg, C:\Users\eljes\Downloads\simulator-windows-64\IMG\left_2026_08_31_21_52_32_167.jpg, C:\Users\eljes\Downloads\simulator-windows-64\IMG\right_2026_08_31_21_52_32_167.jpg, -0.2280441, 1, 0, 30.1763
C:\Users\eljes\Downloads\simulator-windows-64\IMG\center_2026_08_31_21_52_32_272.jpg, C:\Users\eljes\Downloads\simulator-windows-64\IMG\left_2026_08_31_21_52_32_272.jpg, C:\Users\eljes\Downloads\simulator-windows-64\IMG\right_2026_08_31_21_52_32_272.jpg, -0.3440286, 1, 0, 30.17292
C:\Users\eljes\Downloads\simulator-windows-64\IMG\center_2026_08_31_21_52_32_375.jpg, C:\Users\eljes\Downloads\simulator-windows-64\IMG\left_2026_08_31_21_52_32_375.jpg, C:\Users\eljes\Downloads\simulator-windows-64\IMG\right_2026_08_31_21_52_32_375.jpg, -0.03892678, 1, 0, 30.18975
C:\Users\eljes\Downloads\simulator-windows-64\IMG\center_2026_08_31_21_52_32_475.jpg, C:\Users\eljes\Downloads\simulator-windows-64\IMG\left_2026_08_31_21_52_32_475.jpg, C:\Users\eljes\Downloads\simulator-windows-64\IMG\right_2026_08_31_21_52_32_475.jpg, 0, 1, 0, 30.18959
C:\Users\eljes\Downloads\simulator-windows-64\IMG\center_2026_08_31_21_52_32_578.jpg, C:\Users\eljes\Downloads\simulator-windows-64\IMG\left_2026_08_31_21_52_32_578.jpg, C:\Users\eljes\Downloads\simulator-windows-64\IMG\right_2026_08_31_21_52_32_578.jpg, 0, 1, 0, 30.19022
C:\Users\eljes\Downloads\simulator-windows-64\IMG\center_2026_08_31_21_52_32_681.jpg, C:\Users\eljes\Downloads\simulator-windows-64\IMG\left_2026_08_31_21_52_32_681.jpg, C:\Users\eljes\Downloads\simulator-windows-64\IMG\right_2026_08_31_21_52_32_681.jpg, 0, 1, 0, 30.19031
C:\Users\eljes\Downloads\simulator-windows-64\IMG\center_2026_08_31_21_52_32_783.jpg, C:\Users\eljes\Downloads\simulator-windows-64\IMG\left_2026_08_31_21_52_32_783.jpg, C:\Users\eljes\Downloads\simulator-windows-64\IMG\right_2026_08_31_21_52_32_783.jpg, -0.1572246, 1, 0, 30.18406
C:\Users\eljes\Downloads\simulator-windows-64\IMG\center_2026_08_31_21_52_32_885.jpg, C:\Users\eljes\Downloads\simulator-windows-64\IMG\left_2026_08_31_21_52_32_885.jpg, C:\Users\eljes\Downloads\simulator-windows-64\IMG\right_2026_08_31_21_52_32_885.jpg, -0.1492668, 1, 0, 30.18963
C:\Users\eljes\Downloads\simulator-windows-64\IMG\center_2026_08_31_21_52_32_986.jpg, C:\Users\eljes\Downloads\simulator-windows-64\IMG\left_2026_08_31_21_52_32_986.jpg, C:\Users\eljes\Downloads\simulator-windows-64\IMG\right_2026_08_31_21_52_32_986.jpg, 0, 1, 0, 30.18958
C:\Users\eljes\Downloads\simulator-windows-64\IMG\center_2026_08_31_21_52_33_087.jpg, C:\Users\eljes\Downloads\simulator-windows-64\IMG\left_2026_08_31_21_52_33_087.jpg, C:\Users\eljes\Downloads\simulator-windows-64\IMG\right_2026_08_31_21_52_33_087.jpg, 0, 1, 0, 30.19021
C:\Users\eljes\Downloads\simulator-windows-64\IMG\center_2026_08_31_21_52_33_191.jpg, C:\Users\eljes\Downloads\simulator-windows-64\IMG\left_2026_08_31_21_52_33_191.jpg, C:\Users\eljes\Downloads\simulator-windows-64\IMG\right_2026_08_31_21_52_33_191.jpg, 0, 1, 0, 30.19028
C:\Users\eljes\Downloads\simulator-windows-64\IMG\center_2026_08_31_21_52_33_293.jpg, C:\Users\eljes\Downloads\simulator-windows-64\IMG\left_2026_08_31_21_52_33_293.jpg, C:\Users\eljes\Downloads\simulator-windows-64\IMG\right_2026_08_31_21_52_33_293.jpg, 0, 1, 0, 30.19028
C:\Users\eljes\Downloads\simulator-windows-64\IMG\center_2026_08_31_21_52_33_397.jpg, C:\Users\eljes\Downloads\simulator-windows-64\IMG\left_2026_08_31_21_52_33_397.jpg, C:\Users\eljes\Downloads\simulator-windows-64\IMG\right_2026_08_31_21_52_33_397.jpg, 0, 1, 0, 30.18999
C:\Users\eljes\Downloads\simulator-windows-64\IMG\center_2026_08_31_21_52_33_500.jpg, C:\Users\eljes\Downloads\simulator-windows-64\IMG\left_2026_08_31_21_52_33_500.jpg, C:\Users\eljes\Downloads\simulator-windows-64\IMG\right_2026_08_31_21_52_33_500.jpg, 0, 1, 0, 30.19004
C:\Users\eljes\Downloads\simulator-windows-64\IMG\center_2026_08_31_21_52_33_606.jpg, C:\Users\eljes\Downloads\simulator-windows-64\IMG\left_2026_08_31_21_52_33_606.jpg, C:\Users\eljes\Downloads\simulator-windows-64\IMG\right_2026_08_31_21_52_33_606.jpg, 0, 1, 0, 30.1897
C:\Users\eljes\Downloads\simulator-windows-64\IMG\center_2026_08_31_21_52_33_707.jpg, C:\Users\eljes\Downloads\simulator-windows-64\IMG\left_2026_08_31_21_52_33_707.jpg, C:\Users\eljes\Downloads\simulator-windows-64\IMG\right_2026_08_31_21_52_33_707.jpg, 0, 1, 0, 30.19007
C:\Users\eljes\Downloads\simulator-windows-64\IMG\center_2026_08_31_21_52_33_812.jpg, C:\Users\eljes\Downloads\simulator-windows-64\IMG\left_2026_08_31_21_52_33_812.jpg, C:\Users\eljes\Downloads\simulator-windows-64\IMG\right_2026_08_31_21_52_33_812.jpg, 0, 1, 0, 30.19
C:\Users\eljes\Downloads\simulator-windows-64\IMG\center_2026_08_31_21_52_33_914.jpg, C:\Users\eljes\Downloads\simulator-windows-64\IMG\left_2026_08_31_21_52_33_914.jpg, C:\Users\eljes\Downloads\simulator-windows-64\IMG\right_2026_08_31_21_52_33_914.jpg, 0, 1, 0, 30.19015
C:\Users\eljes\Downloads\simulator-windows-64\IMG\center_2026_08_31_21_52_34_017.jpg, C:\Users\eljes\Downloads\simulator-windows-64\IMG\left_2026_08_31_21_52_34_017.jpg, C:\Users\eljes\Downloads\simulator-windows-64\IMG\right_2026_08_31_21_52_34_017.jpg, 0, 1, 0, 30.19004
C:\Users\eljes\Downloads\simulator-windows-64\IMG\center_2026_08_31_21_52_34_118.jpg, C:\Users\eljes\Downloads\simulator-windows-64\IMG\left_2026_08_31_21_52_34_118.jpg, C:\Users\eljes\Downloads\simulator-windows-64\IMG\right_2026_08_31_21_52_34_118.jpg, 0, 1, 0, 30.19004
C:\Users\eljes\Downloads\simulator-windows-64\IMG\center_2026_08_31_21_52_34_224.jpg, C:\Users\eljes\Downloads\simulator-windows-64\IMG\left_2026_08_31_21_52_34_224.jpg, C:\Users\eljes\Downloads\simulator-windows-64\IMG\right_2026_08_31_21_52_34_224.jpg, 0, 1, 0, 30.19005
C:\Users\eljes\Downloads\simulator-windows-64\IMG\center_2026_08_31_21_52_34_332.jpg, C:\Users\eljes\Downloads\simulator-windows-64\IMG\left_2026_08_31_21_52_34_332.jpg, C:\Users\eljes\Downloads\simulator-windows-64\IMG\right_2026_08_31_21_52_34_332.jpg, 0, 1, 0, 30.06109
C:\Users\eljes\Downloads\simulator-windows-64\IMG\center_2026_08_31_21_52_34_434.jpg, C:\Users\eljes\Downloads\simulator-windows-64\IMG\left_2026_08_31_21_52_34_434.jpg, C:\Users\eljes\Downloads\simulator-windows-64\IMG\right_2026_08_31_21_52_34_434.jpg, 0, 1, 0, 30.33332
C:\Users\eljes\Downloads\simulator-windows-64\IMG\center_2026_08_31_21_52_34_538.jpg, C:\Users\eljes\Downloads\simulator-windows-64\IMG\left_2026_08_31_21_52_34_538.jpg, C:\Users\eljes\Downloads\simulator-windows-64\IMG\right_2026_08_31_21_52_34_538.jpg, 0, 1, 0, 30.17488
C:\Users\eljes\Downloads\simulator-windows-64\IMG\center_2026_08_31_21_52_34_644.jpg, C:\Users\eljes\Downloads\simulator-windows-64\IMG\left_2026_08_31_21_52_34_644.jpg, C:\Users\eljes\Downloads\simulator-windows-64\IMG\right_2026_08_31_21_52_34_644.jpg, 0, 1, 0, 30.23048
C:\Users\eljes\Downloads\simulator-windows-64\IMG\center_2026_08_31_21_52_34_745.jpg, C:\Users\eljes\Downloads\simulator-windows-64\IMG\left_2026_08_31_21_52_34_745.jpg, C:\Users\eljes\Downloads\simulator-windows-64\IMG\right_2026_08_31_21_52_34_745.jpg, 0, 1, 0, 30.18797
C:\Users\eljes\Downloads\simulator-windows-64\IMG\center_2026_08_31_21_52_34_847.jpg, C:\Users\eljes\Downloads\simulator-windows-64\IMG\left_2026_08_31_21_52_34_847.jpg, C:\Users\eljes\Downloads\simulator-windows-64\IMG\right_2026_08_31_21_52_34_847.jpg, 0, 1, 0, 30.18983
C:\Users\eljes\Downloads\simulator-windows-64\IMG\center_2026_08_31_21_55_14_430.jpg, C:\Users\eljes\Downloads\simulator-windows-64\IMG\left_2026_08_31_21_55_14_430.jpg, C:\Users\eljes\Downloads\simulator-windows-64\IMG\right_2026_08_31_21_55_14_430.jpg, 0, 1, 0, 30.18922
C:\Users\eljes\Downloads\simulator-windows-64\IMG\center_2026_08_31_21_55_14_534.jpg, C:\Users\eljes\Downloads\simulator-windows-64\IMG\left_2026_08_31_21_55_14_534.jpg, C:\Users\eljes\Downloads\simulator-windows-64\IMG\right_2026_08_31_21_55_14_534.jpg, 0, 1, 0, 30.18976
C:\Users\eljes\Downloads\simulator-windows-64\IMG\center_2026_08_31_21_55_14_634.jpg, C:\Users\eljes\Downloads\simulator-windows-64\IMG\left_2026_08_31_21_55_14_634.jpg, C:\Users\eljes\Downloads\simulator-windows-64\IMG\right_2026_08_31_21_55_14_634.jpg, 0, 1, 0, 30.19003
C:\Users\eljes\Downloads\simulator-windows-64\IMG\center_2026_08_31_21_55_14_737.jpg, C:\Users\eljes\Downloads\simulator-windows-64\IMG\left_2026_08_31_21_55_14_737.jpg, C:\Users\eljes\Downloads\simulator-windows-64\IMG\right_2026_08_31_21_55_14_737.jpg, 0, 1, 0, 30.19003
C:\Users\eljes\Downloads\simulator-windows-64\IMG\center_2026_08_31_21_55_14_843.jpg, C:\Users\eljes\Downloads\simulator-windows-64\IMG\left_2026_08_31_21_55_14_843.jpg, C:\Users\eljes\Downloads\simulator-windows-64\IMG\right_2026_08_31_21_55_14_843.jpg, 0, 1, 0, 30.19012
C:\Users\eljes\Downloads\simulator-windows-64\IMG\center_2026_08_31_21_55_14_946.jpg, C:\Users\eljes\Downloads\simulator-windows-64\IMG\left_2026_08_31_21_55_14_946.jpg, C:\Users\eljes\Downloads\simulator-windows-64\IMG\right_2026_08_31_21_55_14_946.jpg, -0.1256226, 1, 0, 30.18597
C:\Users\eljes\Downloads\simulator-windows-64\IMG\center_2026_08_31_21_55_15_049.jpg, C:\Users\eljes\Downloads\simulator-windows-64\IMG\left_2026_08_31_21_55_15_049.jpg, C:\Users\eljes\Downloads\simulator-windows-64\IMG\right_2026_08_31_21_55_15_049.jpg, -0.4351218, 1, 0, 30.15028
C:\Users\eljes\Downloads\simulator-windows-64\IMG\center_2026_08_31_21_55_15_155.jpg, C:\Users\eljes\Downloads\simulator-windows-64\IMG\left_2026_08_31_21_55_15_155.jpg, C:\Users\eljes\Downloads\simulator-windows-64\IMG\right_2026_08_31_21_55_15_155.jpg, -0.646791, 1, 0, 30.13034
C:\Users\eljes\Downloads\simulator-windows-64\IMG\center_2026_08_31_21_55_15_260.jpg, C:\Users\eljes\Downloads\simulator-windows-64\IMG\left_2026_08_31_21_55_15_260.jpg, C:\Users\eljes\Downloads\simulator-windows-64\IMG\right_2026_08_31_21_55_15_260.jpg, -0.3089175, 1, 0, 30.19548
C:\Users\eljes\Downloads\simulator-windows-64\IMG\center_2026_08_31_21_55_15_364.jpg, C:\Users\eljes\Downloads\simulator-windows-64\IMG\left_2026_08_31_21_55_15_364.jpg, C:\Users\eljes\Downloads\simulator-windows-64\IMG\right_2026_08_31_21_55_15_364.jpg, -0.01437331, 1, 0, 30.18542
C:\Users\eljes\Downloads\simulator-windows-64\IMG\center_2026_08_31_21_55_15_467.jpg, C:\Users\eljes\Downloads\simulator-windows-64\IMG\left_2026_08_31_21_55_15_467.jpg, C:\Users\eljes\Downloads\simulator-windows-64\IMG\right_2026_08_31_21_55_15_467.jpg, 0, 1, 0, 30.1893
C:\Users\eljes\Downloads\simulator-windows-64\IMG\center_2026_08_31_21_55_15_572.jpg, C:\Users\eljes\Downloads\simulator-windows-64\IMG\left_2026_08_31_21_55_15_572.jpg, C:\Users\eljes\Downloads\simulator-windows-64\IMG\right_2026_08_31_21_55_15_572.jpg, 0, 1, 0, 30.19078
C:\Users\eljes\Downloads\simulator-windows-64\IMG\center_2026_08_31_21_55_15_675.jpg, C:\Users\eljes\Downloads\simulator-windows-64\IMG\left_2026_08_31_21_55_15_675.jpg, C:\Users\eljes\Downloads\simulator-windows-64\IMG\right_2026_08_31_21_55_15_675.jpg, 0, 1, 0, 30.19098
C:\Users\eljes\Downloads\simulator-windows-64\IMG\center_2026_08_31_21_55_15_778.jpg, C:\Users\eljes\Downloads\simulator-windows-64\IMG\left_2026_08_31_21_55_15_778.jpg, C:\Users\eljes\Downloads\simulator-windows-64\IMG\right_2026_08_31_21_55_15_778.jpg, 0, 1, 0, 30.1913
C:\Users\eljes\Downloads\simulator-windows-64\IMG\center_2026_08_31_21_55_15_883.jpg, C:\Users\eljes\Downloads\simulator-windows-64\IMG\left_2026_08_31_21_55_15_883.jpg, C:\Users\eljes\Downloads\simulator-windows-64\IMG\right_2026_08_31_21_55_15_883.jpg, 0, 1, 0, 30.1905
C:\Users\eljes\Downloads\simulator-windows-64\IMG\center_2026_08_31_21_55_15_987.jpg, C:\Users\eljes\Downloads\simulator-windows-64\IMG\left_2026_08_31_21_55_15_987.jpg, C:\Users\eljes\Downloads\simulator-windows-64\IMG\right_2026_08_31_21_55_15_987.jpg, 0, 1, 0, 30.19109
C:\Users\eljes\Downloads\simulator-windows-64\IMG\center_2026_08_31_21_55_16_089.jpg, C:\Users\eljes\Downloads\simulator-windows-64\IMG\left_2026_08_31_21_55_16_089.jpg, C:\Users\eljes\Downloads\simulator-windows-64\IMG\right_2026_08_31_21_55_16_089.jpg, 0, 1, 0, 30.19022
C:\Users\eljes\Downloads\simulator-windows-64\IMG\center_2026_08_31_21_55_16_191.jpg, C:\Users\eljes\Downloads\simulator-windows-64\IMG\left_2026_08_31_21_55_16_191.jpg, C:\Users\eljes\Downloads\simulator-windows-64\IMG\right_2026_08_31_21_55_16_191.jpg, 0, 1, 0, 30.19043
C:\Users\eljes\Downloads\simulator-windows-64\IMG\center_2026_08_31_21_55_16_295.jpg, C:\Users\eljes\Downloads\simulator-windows-64\IMG\left_2026_08_31_21_55_16_295.jpg, C:\Users\eljes\Downloads\simulator-windows-64\IMG\right_2026_08_31_21_55_16_295.jpg, 0, 1, 0, 30.19031
C:\Users\eljes\Downloads\simulator-windows-64\IMG\center_2026_08_31_21_55_16_399.jpg, C:\Users\eljes\Downloads\simulator-windows-64\IMG\left_2026_08_31_21_55_16_399.jpg, C:\Users\eljes\Downloads\simulator-windows-64\IMG\right_2026_08_31_21_55_16_399.jpg, 0, 1, 0, 30.19033
C:\Users\eljes\Downloads\simulator-windows-64\IMG\center_2026_08_31_21_55_16_500.jpg, C:\Users\eljes\Downloads\simulator-windows-64\IMG\left_2026_08_31_21_55_16_500.jpg, C:\Users\eljes\Downloads\simulator-windows-64\IMG\right_2026_08_31_21_55_16_500.jpg, 0, 1, 0, 30.19035
C:\Users\eljes\Downloads\simulator-windows-64\IMG\center_2026_08_31_21_55_16_605.jpg, C:\Users\eljes\Downloads\simulator-windows-64\IMG\left_2026_08_31_21_55_16_605.jpg, C:\Users\eljes\Downloads\simulator-windows-64\IMG\right_2026_08_31_21_55_16_605.jpg, 0, 1, 0, 30.19031
C:\Users\eljes\Downloads\simulator-windows-64\IMG\center_2026_08_31_21_55_16_711.jpg, C:\Users\eljes\Downloads\simulator-windows-64\IMG\left_2026_08_31_21_55_16_711.jpg, C:\Users\eljes\Downloads\simulator-windows-64\IMG\right_2026_08_31_21_55_16_711.jpg, 0, 1, 0, 30.19028
C:\Users\eljes\Downloads\simulator-windows-64\IMG\center_2026_08_31_21_55_16_815.jpg, C:\Users\eljes\Downloads\simulator-windows-64\IMG\left_2026_08_31_21_55_16_815.jpg, C:\Users\eljes\Downloads\simulator-windows-64\IMG\right_2026_08_31_21_55_16_815.jpg, 0, 1, 0, 30.19028
C:\Users\eljes\Downloads\simulator-windows-64\IMG\center_2026_08_31_21_55_16_918.jpg, C:\Users\eljes\Downloads\simulator-windows-64\IMG\left_2026_08_31_21_55_16_918.jpg, C:\Users\eljes\Downloads\simulator-windows-64\IMG\right_2026_08_31_21_55_16_918.jpg, 0, 1, 0, 30.19034
C:\Users\eljes\Downloads\simulator-windows-64\IMG\center_2026_08_31_21_55_17_021.jpg, C:\Users\eljes\Downloads\simulator-windows-64\IMG\left_2026_08_31_21_55_17_021.jpg, C:\Users\eljes\Downloads\simulator-windows-64\IMG\right_2026_08_31_21_55_17_021.jpg, 0, 1, 0, 30.19013
C:\Users\eljes\Downloads\simulator-windows-64\IMG\center_2026_08_31_21_55_17_125.jpg, C:\Users\eljes\Downloads\simulator-windows-64\IMG\left_2026_08_31_21_55_17_125.jpg, C:\Users\eljes\Downloads\simulator-windows-64\IMG\right_2026_08_31_21_55_17_125.jpg, 0, 1, 0, 30.19028
C:\Users\eljes\Downloads\simulator-windows-64\IMG\center_2026_08_31_21_55_17_229.jpg, C:\Users\eljes\Downloads\simulator-windows-64\IMG\left_2026_08_31_21_55_17_229.jpg, C:\Users\eljes\Downloads\simulator-windows-64\IMG\right_2026_08_31_21_55_17_229.jpg, 0, 1, 0, 30.19062
C:\Users\eljes\Downloads\simulator-windows-64\IMG\center_2026_08_31_21_55_17_335.jpg, C:\Users\eljes\Downloads\simulator-windows-64\IMG\left_2026_08_31_21_55_17_335.jpg, C:\Users\eljes\Downloads\simulator-windows-64\IMG\right_2026_08_31_21_55_17_335.jpg, 0, 1, 0, 30.1903
C:\Users\eljes\Downloads\simulator-windows-64\IMG\center_2026_08_31_21_55_17_435.jpg, C:\Users\eljes\Downloads\simulator-windows-64\IMG\left_2026_08_31_21_55_17_435.jpg, C:\Users\eljes\Downloads\simulator-windows-64\IMG\right_2026_08_31_21_55_17_435.jpg, 0, 1, 0, 30.1903
C:\Users\eljes\Downloads\simulator-windows-64\IMG\center_2026_08_31_21_55_17_540.jpg, C:\Users\eljes\Downloads\simulator-windows-64\IMG\left_2026_08_31_21_55_17_540.jpg, C:\Users\eljes\Downloads\simulator-windows-64\IMG\right_2026_08_31_21_55_17_540.jpg, -0.3375984, 1, 0, 30.16355
C:\Users\eljes\Downloads\simulator-windows-64\IMG\center_2026_08_31_21_55_17_646.jpg, C:\Users\eljes\Downloads\simulator-windows-64\IMG\left_2026_08_31_21_55_17_646.jpg, C:\Users\eljes\Downloads\simulator-windows-64\IMG\right_2026_08_31_21_55_17_646.jpg, -0.4096941, 1, 0, 30.171
C:\Users\eljes\Downloads\simulator-windows-64\IMG\center_2026_08_31_21_55_17_751.jpg, C:\Users\eljes\Downloads\simulator-windows-64\IMG\left_2026_08_31_21_55_17_751.jpg, C:\Users\eljes\Downloads\simulator-windows-64\IMG\right_2026_08_31_21_55_17_751.jpg, -0.1150241, 1, 0, 30.19234
C:\Users\eljes\Downloads\simulator-windows-64\IMG\center_2026_08_31_21_55_17_852.jpg, C:\Users\eljes\Downloads\simulator-windows-64\IMG\left_2026_08_31_21_55_17_852.jpg, C:\Users\eljes\Downloads\simulator-windows-64\IMG\right_2026_08_31_21_55_17_852.jpg, 0, 1, 0, 30.18863
C:\Users\eljes\Downloads\simulator-windows-64\IMG\center_2026_08_31_21_55_17_957.jpg, C:\Users\eljes\Downloads\simulator-windows-64\IMG\left_2026_08_31_21_55_17_957.jpg, C:\Users\eljes\Downloads\simulator-windows-64\IMG\right_2026_08_31_21_55_17_957.jpg, 0, 1, 0, 30.19013
C:\Users\eljes\Downloads\simulator-windows-64\IMG\center_2026_08_31_21_55_18_064.jpg, C:\Users\eljes\Downloads\simulator-windows-64\IMG\left_2026_08_31_21_55_18_064.jpg, C:\Users\eljes\Downloads\simulator-windows-64\IMG\right_2026_08_31_21_55_18_064.jpg, 0, 1, 0, 30.19027
C:\Users\eljes\Downloads\simulator-windows-64\IMG\center_2026_08_31_21_55_18_168.jpg, C:\Users\eljes\Downloads\simulator-windows-64\IMG\left_2026_08_31_21_55_18_168.jpg, C:\Users\eljes\Downloads\simulator-windows-64\IMG\right_2026_08_31_21_55_18_168.jpg, 0, 1, 0, 30.1903
C:\Users\eljes\Downloads\simulator-windows-64\IMG\center_2026_08_31_21_55_18_273.jpg, C:\Users\eljes\Downloads\simulator-windows-64\IMG\left_2026_08_31_21_55_18_273.jpg, C:\Users\eljes\Downloads\simulator-windows-64\IMG\right_2026_08_31_21_55_18_273.jpg, 0, 1, 0, 30.19029
C:\Users\eljes\Downloads\simulator-windows-64\IMG\center_2026_08_31_21_55_18_376.jpg, C:\Users\eljes\Downloads\simulator-windows-64\IMG\left_2026_08_31_21_55_18_376.jpg, C:\Users\eljes\Downloads\simulator-windows-64\IMG\right_2026_08_31_21_55_18_376.jpg, 0, 1, 0, 30.19029
C:\Users\eljes\Downloads\simulator-windows-64\IMG\center_2026_08_31_21_55_18_482.jpg, C:\Users\eljes\Downloads\simulator-windows-64\IMG\left_2026_08_31_21_55_18_482.jpg, C:\Users\eljes\Downloads\simulator-windows-64\IMG\right_2026_08_31_21_55_18_482.jpg, -0.1770342, 1, 0, 30.18169
C:\Users\eljes\Downloads\simulator-windows-64\IMG\center_2026_08_31_21_55_18_587.jpg, C:\Users\eljes\Downloads\simulator-windows-64\IMG\left_2026_08_31_21_55_18_587.jpg, C:\Users\eljes\Downloads\simulator-windows-64\IMG\right_2026_08_31_21_55_18_587.jpg, -0.2374128, 1, 0, 30.18419
C:\Users\eljes\Downloads\simulator-windows-64\IMG\center_2026_08_31_21_55_18_688.jpg, C:\Users\eljes\Downloads\simulator-windows-64\IMG\left_2026_08_31_21_55_18_688.jpg, C:\Users\eljes\Downloads\simulator-windows-64\IMG\right_2026_08_31_21_55_18_688.jpg, 0, 1, 0, 30.18821
C:\Users\eljes\Downloads\simulator-windows-64\IMG\center_2026_08_31_21_55_18_790.jpg, C:\Users\eljes\Downloads\simulator-windows-64\IMG\left_2026_08_31_21_55_18_790.jpg, C:\Users\eljes\Downloads\simulator-windows-64\IMG\right_2026_08_31_21_55_18_790.jpg, 0, 1, 0, 30.19029
C:\Users\eljes\Downloads\simulator-windows-64\IMG\center_2026_08_31_21_55_18_896.jpg, C:\Users\eljes\Downloads\simulator-windows-64\IMG\left_2026_08_31_21_55_18_896.jpg, C:\Users\eljes\Downloads\simulator-windows-64\IMG\right_2026_08_31_21_55_18_896.jpg, 0, 1, 0, 30.1902
C:\Users\eljes\Downloads\simulator-windows-64\IMG\center_2026_08_31_21_55_18_999.jpg, C:\Users\eljes\Downloads\simulator-windows-64\IMG\left_2026_08_31_21_55_18_999.jpg, C:\Users\eljes\Downloads\simulator-windows-64\IMG\right_2026_08_31_21_55_18_999.jpg, -0.0838602, 1, 0, 30.18876
C:\Users\eljes\Downloads\simulator-windows-64\IMG\center_2026_08_31_21_55_19_099.jpg, C:\Users\eljes\Downloads\simulator-windows-64\IMG\left_2026_08_31_21_55_19_099.jpg, C:\Users\eljes\Downloads\simulator-windows-64\IMG\right_2026_08_31_21_55_19_099.jpg, -0.3843267, 1, 0, 30.15772
C:\Users\eljes\Downloads\simulator-windows-64\IMG\center_2026_08_31_21_55_19_200.jpg, C:\Users\eljes\Downloads\simulator-windows-64\IMG\left_2026_08_31_21_55_19_200.jpg, C:\Users\eljes\Downloads\simulator-windows-64\IMG\right_2026_08_31_21_55_19_200.jpg, -0.6882393, 1, 0, 30.11561
C:\Users\eljes\Downloads\simulator-windows-64\IMG\center_2026_08_31_21_55_19_303.jpg, C:\Users\eljes\Downloads\simulator-windows-64\IMG\left_2026_08_31_21_55_19_303.jpg, C:\Users\eljes\Downloads\simulator-windows-64\IMG\right_2026_08_31_21_55_19_303.jpg, -0.6575463, 1, 0, 30.15619
C:\Users\eljes\Downloads\simulator-windows-64\IMG\center_2026_08_31_21_55_19_403.jpg, C:\Users\eljes\Downloads\simulator-windows-64\IMG\left_2026_08_31_21_55_19_403.jpg, C:\Users\eljes\Downloads\simulator-windows-64\IMG\right_2026_08_31_21_55_19_403.jpg, -0.3574095, 1, 0, 30.1984
C:\Users\eljes\Downloads\simulator-windows-64\IMG\center_2026_08_31_21_55_19_507.jpg, C:\Users\eljes\Downloads\simulator-windows-64\IMG\left_2026_08_31_21_55_19_507.jpg, C:\Users\eljes\Downloads\simulator-windows-64\IMG\right_2026_08_31_21_55_19_507.jpg, -0.04737745, 1, 0, 30.18672
C:\Users\eljes\Downloads\simulator-windows-64\IMG\center_2026_08_31_21_55_19_612.jpg, C:\Users\eljes\Downloads\simulator-windows-64\IMG\left_2026_08_31_21_55_19_612.jpg, C:\Users\eljes\Downloads\simulator-windows-64\IMG\right_2026_08_31_21_55_19_612.jpg, 0, 1, 0, 30.18799
C:\Users\eljes\Downloads\simulator-windows-64\IMG\center_2026_08_31_21_55_19_713.jpg, C:\Users\eljes\Downloads\simulator-windows-64\IMG\left_2026_08_31_21_55_19_713.jpg, C:\Users\eljes\Downloads\simulator-windows-64\IMG\right_2026_08_31_21_55_19_713.jpg, 0, 1, 0, 30.18926
C:\Users\eljes\Downloads\simulator-windows-64\IMG\center_2026_08_31_21_55_19_818.jpg, C:\Users\eljes\Downloads\simulator-windows-64\IMG\left_2026_08_31_21_55_19_818.jpg, C:\Users\eljes\Downloads\simulator-windows-64\IMG\right_2026_08_31_21_55_19_818.jpg, 0, 1, 0, 30.19158
C:\Users\eljes\Downloads\simulator-windows-64\IMG\center_2026_08_31_21_55_19_922.jpg, C:\Users\eljes\Downloads\simulator-windows-64\IMG\left_2026_08_31_21_55_19_922.jpg, C:\Users\eljes\Downloads\simulator-windows-64\IMG\right_2026_08_31_21_55_19_922.jpg, 0, 1, 0, 30.18823
C:\Users\eljes\Downloads\simulator-windows-64\IMG\center_2026_08_31_21_55_20_024.jpg, C:\Users\eljes\Downloads\simulator-windows-64\IMG\left_2026_08_31_21_55_20_024.jpg, C:\Users\eljes\Downloads\simulator-windows-64\IMG\right_2026_08_31_21_55_20_024.jpg, 0, 1, 0, 30.19419
C:\Users\eljes\Downloads\simulator-windows-64\IMG\center_2026_08_31_21_55_20_127.jpg, C:\Users\eljes\Downloads\simulator-windows-64\IMG\left_2026_08_31_21_55_20_127.jpg, C:\Users\eljes\Downloads\simulator-windows-64\IMG\right_2026_08_31_21_55_20_127.jpg, 0, 1, 0, 30.18191
C:\Users\eljes\Downloads\simulator-windows-64\IMG\center_2026_08_31_21_55_20_230.jpg, C:\Users\eljes\Downloads\simulator-windows-64\IMG\left_2026_08_31_21_55_20_230.jpg, C:\Users\eljes\Downloads\simulator-windows-64\IMG\right_2026_08_31_21_55_20_230.jpg, 0, 1, 0, 30.19157
C:\Users\eljes\Downloads\simulator-windows-64\IMG\center_2026_08_31_21_55_20_330.jpg, C:\Users\eljes\Downloads\simulator-windows-64\IMG\left_2026_08_31_21_55_20_330.jpg, C:\Users\eljes\Downloads\simulator-windows-64\IMG\right_2026_08_31_21_55_20_330.jpg, 0, 1, 0, 30.21379
C:\Users\eljes\Downloads\simulator-windows-64\IMG\center_2026_08_31_21_55_20_438.jpg, C:\Users\eljes\Downloads\simulator-windows-64\IMG\left_2026_08_31_21_55_20_438.jpg, C:\Users\eljes\Downloads\simulator-windows-64\IMG\right_2026_08_31_21_55_20_438.jpg, 0, 1, 0, 30.14149
C:\Users\eljes\Downloads\simulator-windows-64\IMG\center_2026_08_31_21_55_20_540.jpg, C:\Users\eljes\Downloads\simulator-windows-64\IMG\left_2026_08_31_21_55_20_540.jpg, C:\Users\eljes\Downloads\simulator-windows-64\IMG\right_2026_08_31_21_55_20_540.jpg, 0, 1, 0, 30.1556
C:\Users\eljes\Downloads\simulator-windows-64\IMG\center_2026_08_31_21_55_20_643.jpg, C:\Users\eljes\Downloads\simulator-windows-64\IMG\left_2026_08_31_21_55_20_643.jpg, C:\Users\eljes\Downloads\simulator-windows-64\IMG\right_2026_08_31_21_55_20_643.jpg, 0, 1, 0, 30.19022
C:\Users\eljes\Downloads\simulator-windows-64\IMG\center_2026_08_31_21_55_20_746.jpg, C:\Users\eljes\Downloads\simulator-windows-64\IMG\left_2026_08_31_21_55_20_746.jpg, C:\Users\eljes\Downloads\simulator-windows-64\IMG\right_2026_08_31_21_55_20_746.jpg, 0, 1, 0, 30.16635
C:\Users\eljes\Downloads\simulator-windows-64\IMG\center_2026_08_31_21_55_20_847.jpg, C:\Users\eljes\Downloads\simulator-windows-64\IMG\left_2026_08_31_21_55_20_847.jpg, C:\Users\eljes\Downloads\simulator-windows-64\IMG\right_2026_08_31_21_55_20_847.jpg, 0, 1, 0, 30.20103
C:\Users\eljes\Downloads\simulator-windows-64\IMG\center_2026_08_31_21_55_20_952.jpg, C:\Users\eljes\Downloads\simulator-windows-64\IMG\left_2026_08_31_21_55_20_952.jpg, C:\Users\eljes\Downloads\simulator-windows-64\IMG\right_2026_08_31_21_55_20_952.jpg, 0, 1, 0, 30.19178
C:\Users\eljes\Downloads\simulator-windows-64\IMG\center_2026_08_31_21_55_21_059.jpg, C:\Users\eljes\Downloads\simulator-windows-64\IMG\left_2026_08_31_21_55_21_059.jpg, C:\Users\eljes\Downloads\simulator-windows-64\IMG\right_2026_08_31_21_55_21_059.jpg, 0, 1, 0, 30.19129
C:\Users\eljes\Downloads\simulator-windows-64\IMG\center_2026_08_31_21_55_21_163.jpg, C:\Users\eljes\Downloads\simulator-windows-64\IMG\left_2026_08_31_21_55_21_163.jpg, C:\Users\eljes\Downloads\simulator-windows-64\IMG\right_2026_08_31_21_55_21_163.jpg, 0, 1, 0, 30.14531
C:\Users\eljes\Downloads\simulator-windows-64\IMG\center_2026_08_31_21_55_21_271.jpg, C:\Users\eljes\Downloads\simulator-windows-64\IMG\left_2026_08_31_21_55_21_271.jpg, C:\Users\eljes\Downloads\simulator-windows-64\IMG\right_2026_08_31_21_55_21_271.jpg, 0, 1, 0, 30.1779
C:\Users\eljes\Downloads\simulator-windows-64\IMG\center_2026_08_31_21_55_21_377.jpg, C:\Users\eljes\Downloads\simulator-windows-64\IMG\left_2026_08_31_21_55_21_377.jpg, C:\Users\eljes\Downloads\simulator-windows-64\IMG\right_2026_08_31_21_55_21_377.jpg, 0, 1, 0, 30.16696
C:\Users\eljes\Downloads\simulator-windows-64\IMG\center_2026_08_31_21_55_21_479.jpg, C:\Users\eljes\Downloads\simulator-windows-64\IMG\left_2026_08_31_21_55_21_479.jpg, C:\Users\eljes\Downloads\simulator-windows-64\IMG\right_2026_08_31_21_55_21_479.jpg, 0, 1, 0, 30.20634
C:\Users\eljes\Downloads\simulator-windows-64\IMG\center_2026_08_31_21_55_21_580.jpg, C:\Users\eljes\Downloads\simulator-windows-64\IMG\left_2026_08_31_21_55_21_580.jpg, C:\Users\eljes\Downloads\simulator-windows-64\IMG\right_2026_08_31_21_55_21_580.jpg, 0, 1, 0, 30.19049
C:\Users\eljes\Downloads\simulator-windows-64\IMG\center_2026_08_31_21_55_21_682.jpg, C:\Users\eljes\Downloads\simulator-windows-64\IMG\left_2026_08_31_21_55_21_682.jpg, C:\Users\eljes\Downloads\simulator-windows-64\IMG\right_2026_08_31_21_55_21_682.jpg, 0, 1, 0, 30.19152
C:\Users\eljes\Downloads\simulator-windows-64\IMG\center_2026_08_31_21_55_21_786.jpg, C:\Users\eljes\Downloads\simulator-windows-64\IMG\left_2026_08_31_21_55_21_786.jpg, C:\Users\eljes\Downloads\simulator-windows-64\IMG\right_2026_08_31_21_55_21_786.jpg, 0, 1, 0, 30.19153
C:\Users\eljes\Downloads\simulator-windows-64\IMG\center_2026_08_31_21_55_21_889.jpg, C:\Users\eljes\Downloads\simulator-windows-64\IMG\left_2026_08_31_21_55_21_889.jpg, C:\Users\eljes\Downloads\simulator-windows-64\IMG\right_2026_08_31_21_55_21_889.jpg, 0, 1, 0, 30.19112
C:\Users\eljes\Downloads\simulator-windows-64\IMG\center_2026_08_31_21_55_21_996.jpg, C:\Users\eljes\Downloads\simulator-windows-64\IMG\left_2026_08_31_21_55_21_996.jpg, C:\Users\eljes\Downloads\simulator-windows-64\IMG\right_2026_08_31_21_55_21_996.jpg, 0, 1, 0, 30.19336
C:\Users\eljes\Downloads\simulator-windows-64\IMG\center_2026_08_31_21_55_22_103.jpg, C:\Users\eljes\Downloads\simulator-windows-64\IMG\left_2026_08_31_21_55_22_103.jpg, C:\Users\eljes\Downloads\simulator-windows-64\IMG\right_2026_08_31_21_55_22_103.jpg, -0.1488645, 1, 0, 30.18473
C:\Users\eljes\Downloads\simulator-windows-64\IMG\center_2026_08_31_21_55_22_205.jpg, C:\Users\eljes\Downloads\simulator-windows-64\IMG\left_2026_08_31_21_55_22_205.jpg, C:\Users\eljes\Downloads\simulator-windows-64\IMG\right_2026_08_31_21_55_22_205.jpg, -0.1736559, 1, 0, 30.18824
C:\Users\eljes\Downloads\simulator-windows-64\IMG\center_2026_08_31_21_55_22_307.jpg, C:\Users\eljes\Downloads\simulator-windows-64\IMG\left_2026_08_31_21_55_22_307.jpg, C:\Users\eljes\Downloads\simulator-windows-64\IMG\right_2026_08_31_21_55_22_307.jpg, 0, 1, 0, 30.19036
C:\Users\eljes\Downloads\simulator-windows-64\IMG\center_2026_08_31_21_55_22_407.jpg, C:\Users\eljes\Downloads\simulator-windows-64\IMG\left_2026_08_31_21_55_22_407.jpg, C:\Users\eljes\Downloads\simulator-windows-64\IMG\right_2026_08_31_21_55_22_407.jpg, 0, 1, 0, 30.18997
C:\Users\eljes\Downloads\simulator-windows-64\IMG\center_2026_08_31_21_55_22_512.jpg, C:\Users\eljes\Downloads\simulator-windows-64\IMG\left_2026_08_31_21_55_22_512.jpg, C:\Users\eljes\Downloads\simulator-windows-64\IMG\right_2026_08_31_21_55_22_512.jpg, -0.0204333, 1, 0, 30.19066
C:\Users\eljes\Downloads\simulator-windows-64\IMG\center_2026_08_31_21_55_22_613.jpg, C:\Users\eljes\Downloads\simulator-windows-64\IMG\left_2026_08_31_21_55_22_613.jpg, C:\Users\eljes\Downloads\simulator-windows-64\IMG\right_2026_08_31_21_55_22_613.jpg, -0.3286554, 1, 0, 30.1647
C:\Users\eljes\Downloads\simulator-windows-64\IMG\center_2026_08_31_21_55_22_714.jpg, C:\Users\eljes\Downloads\simulator-windows-64\IMG\left_2026_08_31_21_55_22_714.jpg, C:\Users\eljes\Downloads\simulator-windows-64\IMG\right_2026_08_31_21_55_22_714.jpg, -0.6310923, 1, 0, 30.12484
C:\Users\eljes\Downloads\simulator-windows-64\IMG\center_2026_08_31_21_55_22_821.jpg, C:\Users\eljes\Downloads\simulator-windows-64\IMG\left_2026_08_31_21_55_22_821.jpg, C:\Users\eljes\Downloads\simulator-windows-64\IMG\right_2026_08_31_21_55_22_821.jpg, -0.3505298, 1, 0, 30.19251
C:\Users\eljes\Downloads\simulator-windows-64\IMG\center_2026_08_31_21_55_22_921.jpg, C:\Users\eljes\Downloads\simulator-windows-64\IMG\left_2026_08_31_21_55_22_921.jpg, C:\Users\eljes\Downloads\simulator-windows-64\IMG\right_2026_08_31_21_55_22_921.jpg, -0.04975096, 1, 0, 30.18881
C:\Users\eljes\Downloads\simulator-windows-64\IMG\center_2026_08_31_21_55_23_022.jpg, C:\Users\eljes\Downloads\simulator-windows-64\IMG\left_2026_08_31_21_55_23_022.jpg, C:\Users\eljes\Downloads\simulator-windows-64\IMG\right_2026_08_31_21_55_23_022.jpg, 0, 1, 0, 30.18916
C:\Users\eljes\Downloads\simulator-windows-64\IMG\center_2026_08_31_21_55_23_127.jpg, C:\Users\eljes\Downloads\simulator-windows-64\IMG\left_2026_08_31_21_55_23_127.jpg, C:\Users\eljes\Downloads\simulator-windows-64\IMG\right_2026_08_31_21_55_23_127.jpg, 0, 1, 0, 30.19021
C:\Users\eljes\Downloads\simulator-windows-64\IMG\center_2026_08_31_21_55_23_228.jpg, C:\Users\eljes\Downloads\simulator-windows-64\IMG\left_2026_08_31_21_55_23_228.jpg, C:\Users\eljes\Downloads\simulator-windows-64\IMG\right_2026_08_31_21_55_23_228.jpg, 0, 1, 0, 30.19029
C:\Users\eljes\Downloads\simulator-windows-64\IMG\center_2026_08_31_21_55_23_328.jpg, C:\Users\eljes\Downloads\simulator-windows-64\IMG\left_2026_08_31_21_55_23_328.jpg, C:\Users\eljes\Downloads\simulator-windows-64\IMG\right_2026_08_31_21_55_23_328.jpg, 0, 1, 0, 30.19029
C:\Users\eljes\Downloads\simulator-windows-64\IMG\center_2026_08_31_21_55_23_431.jpg, C:\Users\eljes\Downloads\simulator-windows-64\IMG\left_2026_08_31_21_55_23_431.jpg, C:\Users\eljes\Downloads\simulator-windows-64\IMG\right_2026_08_31_21_55_23_431.jpg, 0, 1, 0, 30.18977
C:\Users\eljes\Downloads\simulator-windows-64\IMG\center_2026_08_31_21_55_23_534.jpg, C:\Users\eljes\Downloads\simulator-windows-64\IMG\left_2026_08_31_21_55_23_534.jpg, C:\Users\eljes\Downloads\simulator-windows-64\IMG\right_2026_08_31_21_55_23_534.jpg, 0, 1, 0, 30.1903
C:\Users\eljes\Downloads\simulator-windows-64\IMG\center_2026_08_31_21_55_23_640.jpg, C:\Users\eljes\Downloads\simulator-windows-64\IMG\left_2026_08_31_21_55_23_640.jpg, C:\Users\eljes\Downloads\simulator-windows-64\IMG\right_2026_08_31_21_55_23_640.jpg, 0, 1, 0, 30.19029
C:\Users\eljes\Downloads\simulator-windows-64\IMG\center_2026_08_31_21_55_23_746.jpg, C:\Users\eljes\Downloads\simulator-windows-64\IMG\left_2026_08_31_21_55_23_746.jpg, C:\Users\eljes\Downloads\simulator-windows-64\IMG\right_2026_08_31_21_55_23_746.jpg, 0, 1, 0, 30.19027
C:\Users\eljes\Downloads\simulator-windows-64\IMG\center_2026_08_31_21_55_23_849.jpg, C:\Users\eljes\Downloads\simulator-windows-64\IMG\left_2026_08_31_21_55_23_849.jpg, C:\Users\eljes\Downloads\simulator-windows-64\IMG\right_2026_08_31_21_55_23_849.jpg, 0, 1, 0, 30.19029
C:\Users\eljes\Downloads\simulator-windows-64\IMG\center_2026_08_31_21_55_23_954.jpg, C:\Users\eljes\Downloads\simulator-windows-64\IMG\left_2026_08_31_21_55_23_954.jpg, C:\Users\eljes\Downloads\simulator-windows-64\IMG\right_2026_08_31_21_55_23_954.jpg, -0.0575454, 1, 0, 30.18947
C:\Users\eljes\Downloads\simulator-windows-64\IMG\center_2026_08_31_21_55_24_055.jpg, C:\Users\eljes\Downloads\simulator-windows-64\IMG\left_2026_08_31_21_55_24_055.jpg, C:\Users\eljes\Downloads\simulator-windows-64\IMG\right_2026_08_31_21_55_24_055.jpg, -0.0321264, 1, 0, 30.19058
C:\Users\eljes\Downloads\simulator-windows-64\IMG\center_2026_08_31_21_55_24_157.jpg, C:\Users\eljes\Downloads\simulator-windows-64\IMG\left_2026_08_31_21_55_24_157.jpg, C:\Users\eljes\Downloads\simulator-windows-64\IMG\right_2026_08_31_21_55_24_157.jpg, 0, 1, 0, 30.19038
C:\Users\eljes\Downloads\simulator-windows-64\IMG\center_2026_08_31_21_55_24_261.jpg, C:\Users\eljes\Downloads\simulator-windows-64\IMG\left_2026_08_31_21_55_24_261.jpg, C:\Users\eljes\Downloads\simulator-windows-64\IMG\right_2026_08_31_21_55_24_261.jpg, -0.145284, 1, 0, 30.18535
C:\Users\eljes\Downloads\simulator-windows-64\IMG\center_2026_08_31_21_55_24_366.jpg, C:\Users\eljes\Downloads\simulator-windows-64\IMG\left_2026_08_31_21_55_24_366.jpg, C:\Users\eljes\Downloads\simulator-windows-64\IMG\right_2026_08_31_21_55_24_366.jpg, -0.3973083, 1, 0, 30.15773
C:\Users\eljes\Downloads\simulator-windows-64\IMG\center_2026_08_31_21_55_24_468.jpg, C:\Users\eljes\Downloads\simulator-windows-64\IMG\left_2026_08_31_21_55_24_468.jpg, C:\Users\eljes\Downloads\simulator-windows-64\IMG\right_2026_08_31_21_55_24_468.jpg, -0.0920928, 1, 0, 30.19164
C:\Users\eljes\Downloads\simulator-windows-64\IMG\center_2026_08_31_21_55_24_568.jpg, C:\Users\eljes\Downloads\simulator-windows-64\IMG\left_2026_08_31_21_55_24_568.jpg, C:\Users\eljes\Downloads\simulator-windows-64\IMG\right_2026_08_31_21_55_24_568.jpg, 0, 1, 0, 30.18939
C:\Users\eljes\Downloads\simulator-windows-64\IMG\center_2026_08_31_21_55_24_673.jpg, C:\Users\eljes\Downloads\simulator-windows-64\IMG\left_2026_08_31_21_55_24_673.jpg, C:\Users\eljes\Downloads\simulator-windows-64\IMG\right_2026_08_31_21_55_24_673.jpg, -0.2300322, 1, 0, 30.18062
C:\Users\eljes\Downloads\simulator-windows-64\IMG\center_2026_08_31_21_55_24_773.jpg, C:\Users\eljes\Downloads\simulator-windows-64\IMG\left_2026_08_31_21_55_24_773.jpg, C:\Users\eljes\Downloads\simulator-windows-64\IMG\right_2026_08_31_21_55_24_773.jpg, -0.1132389, 1, 0, 30.19147
C:\Users\eljes\Downloads\simulator-windows-64\IMG\center_2026_08_31_21_55_24_879.jpg, C:\Users\eljes\Downloads\simulator-windows-64\IMG\left_2026_08_31_21_55_24_879.jpg, C:\Users\eljes\Downloads\simulator-windows-64\IMG\right_2026_08_31_21_55_24_879.jpg, 0, 1, 0, 30.18995
C:\Users\eljes\Downloads\simulator-windows-64\IMG\center_2026_08_31_21_55_24_986.jpg, C:\Users\eljes\Downloads\simulator-windows-64\IMG\left_2026_08_31_21_55_24_986.jpg, C:\Users\eljes\Downloads\simulator-windows-64\IMG\right_2026_08_31_21_55_24_986.jpg, 0, 1, 0, 30.19033
C:\Users\eljes\Downloads\simulator-windows-64\IMG\center_2026_08_31_21_55_25_089.jpg, C:\Users\eljes\Downloads\simulator-windows-64\IMG\left_2026_08_31_21_55_25_089.jpg, C:\Users\eljes\Downloads\simulator-windows-64\IMG\right_2026_08_31_21_55_25_089.jpg, 0, 1, 0, 30.19029
C:\Users\eljes\Downloads\simulator-windows-64\IMG\center_2026_08_31_21_55_25_195.jpg, C:\Users\eljes\Downloads\simulator-windows-64\IMG\left_2026_08_31_21_55_25_195.jpg, C:\Users\eljes\Downloads\simulator-windows-64\IMG\right_2026_08_31_21_55_25_195.jpg, 0, 1, 0, 30.19032
C:\Users\eljes\Downloads\simulator-windows-64\IMG\center_2026_08_31_21_55_25_298.jpg, C:\Users\eljes\Downloads\simulator-windows-64\IMG\left_2026_08_31_21_55_25_298.jpg, C:\Users\eljes\Downloads\simulator-windows-64\IMG\right_2026_08_31_21_55_25_298.jpg, 0, 1, 0, 30.19029
C:\Users\eljes\Downloads\simulator-windows-64\IMG\center_2026_08_31_21_55_25_402.jpg, C:\Users\eljes\Downloads\simulator-windows-64\IMG\left_2026_08_31_21_55_25_402.jpg, C:\Users\eljes\Downloads\simulator-windows-64\IMG\right_2026_08_31_21_55_25_402.jpg, 0, 1, 0, 30.1903
C:\Users\eljes\Downloads\simulator-windows-64\IMG\center_2026_08_31_21_55_25_508.jpg, C:\Users\eljes\Downloads\simulator-windows-64\IMG\left_2026_08_31_21_55_25_508.jpg, C:\Users\eljes\Downloads\simulator-windows-64\IMG\right_2026_08_31_21_55_25_508.jpg, 0, 1, 0, 30.19032
C:\Users\eljes\Downloads\simulator-windows-64\IMG\center_2026_08_31_21_55_25_611.jpg, C:\Users\eljes\Downloads\simulator-windows-64\IMG\left_2026_08_31_21_55_25_611.jpg, C:\Users\eljes\Downloads\simulator-windows-64\IMG\right_2026_08_31_21_55_25_611.jpg, 0, 1, 0, 30.19032
C:\Users\eljes\Downloads\simulator-windows-64\IMG\center_2026_08_31_21_55_25_713.jpg, C:\Users\eljes\Downloads\simulator-windows-64\IMG\left_2026_08_31_21_55_25_713.jpg, C:\Users\eljes\Downloads\simulator-windows-64\IMG\right_2026_08_31_21_55_25_713.jpg, 0, 1, 0, 30.19033
C:\Users\eljes\Downloads\simulator-windows-64\IMG\center_2026_08_31_21_55_25_815.jpg, C:\Users\eljes\Downloads\simulator-windows-64\IMG\left_2026_08_31_21_55_25_815.jpg, C:\Users\eljes\Downloads\simulator-windows-64\IMG\right_2026_08_31_21_55_25_815.jpg, 0, 1, 0, 30.19033
C:\Users\eljes\Downloads\simulator-windows-64\IMG\center_2026_08_31_21_55_25_918.jpg, C:\Users\eljes\Downloads\simulator-windows-64\IMG\left_2026_08_31_21_55_25_918.jpg, C:\Users\eljes\Downloads\simulator-windows-64\IMG\right_2026_08_31_21_55_25_918.jpg, 0, 1, 0, 30.19029
C:\Users\eljes\Downloads\simulator-windows-64\IMG\center_2026_08_31_21_55_26_021.jpg, C:\Users\eljes\Downloads\simulator-windows-64\IMG\left_2026_08_31_21_55_26_021.jpg, C:\Users\eljes\Downloads\simulator-windows-64\IMG\right_2026_08_31_21_55_26_021.jpg, 0, 1, 0, 30.19029
C:\Users\eljes\Downloads\simulator-windows-64\IMG\center_2026_08_31_21_55_26_122.jpg, C:\Users\eljes\Downloads\simulator-windows-64\IMG\left_2026_08_31_21_55_26_122.jpg, C:\Users\eljes\Downloads\simulator-windows-64\IMG\right_2026_08_31_21_55_26_122.jpg, 0, 1, 0, 30.19029
C:\Users\eljes\Downloads\simulator-windows-64\IMG\center_2026_08_31_21_55_26_228.jpg, C:\Users\eljes\Downloads\simulator-windows-64\IMG\left_2026_08_31_21_55_26_228.jpg, C:\Users\eljes\Downloads\simulator-windows-64\IMG\right_2026_08_31_21_55_26_228.jpg, 0, 1, 0, 30.19034
C:\Users\eljes\Downloads\simulator-windows-64\IMG\center_2026_08_31_21_55_26_328.jpg, C:\Users\eljes\Downloads\simulator-windows-64\IMG\left_2026_08_31_21_55_26_328.jpg, C:\Users\eljes\Downloads\simulator-windows-64\IMG\right_2026_08_31_21_55_26_328.jpg, 0, 1, 0, 30.19031
C:\Users\eljes\Downloads\simulator-windows-64\IMG\center_2026_08_31_21_55_26_429.jpg, C:\Users\eljes\Downloads\simulator-windows-64\IMG\left_2026_08_31_21_55_26_429.jpg, C:\Users\eljes\Downloads\simulator-windows-64\IMG\right_2026_08_31_21_55_26_429.jpg, 0, 1, 0, 30.19033
C:\Users\eljes\Downloads\simulator-windows-64\IMG\center_2026_08_31_21_55_26_531.jpg, C:\Users\eljes\Downloads\simulator-windows-64\IMG\left_2026_08_31_21_55_26_531.jpg, C:\Users\eljes\Downloads\simulator-windows-64\IMG\right_2026_08_31_21_55_26_531.jpg, 0, 1, 0, 30.19031
C:\Users\eljes\Downloads\simulator-windows-64\IMG\center_2026_08_31_21_55_26_635.jpg, C:\Users\eljes\Downloads\simulator-windows-64\IMG\left_2026_08_31_21_55_26_635.jpg, C:\Users\eljes\Downloads\simulator-windows-64\IMG\right_2026_08_31_21_55_26_635.jpg, 0, 1, 0, 30.19029
C:\Users\eljes\Downloads\simulator-windows-64\IMG\center_2026_08_31_21_55_26_739.jpg, C:\Users\eljes\Downloads\simulator-windows-64\IMG\left_2026_08_31_21_55_26_739.jpg, C:\Users\eljes\Downloads\simulator-windows-64\IMG\right_2026_08_31_21_55_26_739.jpg, 0, 1, 0, 30.19029
C:\Users\eljes\Downloads\simulator-windows-64\IMG\center_2026_08_31_21_55_26_840.jpg, C:\Users\eljes\Downloads\simulator-windows-64\IMG\left_2026_08_31_21_55_26_840.jpg, C:\Users\eljes\Downloads\simulator-windows-64\IMG\right_2026_08_31_21_55_26_840.jpg, 0, 1, 0, 30.19032
C:\Users\eljes\Downloads\simulator-windows-64\IMG\center_2026_08_31_21_55_26_941.jpg, C:\Users\eljes\Downloads\simulator-windows-64\IMG\left_2026_08_31_21_55_26_941.jpg, C:\Users\eljes\Downloads\simulator-windows-64\IMG\right_2026_08_31_21_55_26_941.jpg, 0, 1, 0, 30.19029
C:\Users\eljes\Downloads\simulator-windows-64\IMG\center_2026_08_31_21_55_27_045.jpg, C:\Users\eljes\Downloads\simulator-windows-64\IMG\left_2026_08_31_21_55_27_045.jpg, C:\Users\eljes\Downloads\simulator-windows-64\IMG\right_2026_08_31_21_55_27_045.jpg, 0, 1, 0, 30.19031
C:\Users\eljes\Downloads\simulator-windows-64\IMG\center_2026_08_31_21_55_27_152.jpg, C:\Users\eljes\Downloads\simulator-windows-64\IMG\left_2026_08_31_21_55_27_152.jpg, C:\Users\eljes\Downloads\simulator-windows-64\IMG\right_2026_08_31_21_55_27_152.jpg, -0.0414225, 1, 0, 30.1899
C:\Users\eljes\Downloads\simulator-windows-64\IMG\center_2026_08_31_21_55_27_257.jpg, C:\Users\eljes\Downloads\simulator-windows-64\IMG\left_2026_08_31_21_55_27_257.jpg, C:\Users\eljes\Downloads\simulator-windows-64\IMG\right_2026_08_31_21_55_27_257.jpg, -0.3388641, 1, 0, 30.16261
C:\Users\eljes\Downloads\simulator-windows-64\IMG\center_2026_08_31_21_55_27_359.jpg, C:\Users\eljes\Downloads\simulator-windows-64\IMG\left_2026_08_31_21_55_27_359.jpg, C:\Users\eljes\Downloads\simulator-windows-64\IMG\right_2026_08_31_21_55_27_359.jpg, -0.07464236, 1, 0, 30.19121
C:\Users\eljes\Downloads\simulator-windows-64\IMG\center_2026_08_31_21_55_27_460.jpg, C:\Users\eljes\Downloads\simulator-windows-64\IMG\left_2026_08_31_21_55_27_460.jpg, C:\Users\eljes\Downloads\simulator-windows-64\IMG\right_2026_08_31_21_55_27_460.jpg, 0, 1, 0, 30.18964
C:\Users\eljes\Downloads\simulator-windows-64\IMG\center_2026_08_31_21_55_27_567.jpg, C:\Users\eljes\Downloads\simulator-windows-64\IMG\left_2026_08_31_21_55_27_567.jpg, C:\Users\eljes\Downloads\simulator-windows-64\IMG\right_2026_08_31_21_55_27_567.jpg, 0, 1, 0, 30.19023
C:\Users\eljes\Downloads\simulator-windows-64\IMG\center_2026_08_31_21_55_27_668.jpg, C:\Users\eljes\Downloads\simulator-windows-64\IMG\left_2026_08_31_21_55_27_668.jpg, C:\Users\eljes\Downloads\simulator-windows-64\IMG\right_2026_08_31_21_55_27_668.jpg, 0, 1, 0, 30.19029
C:\Users\eljes\Downloads\simulator-windows-64\IMG\center_2026_08_31_21_55_27_769.jpg, C:\Users\eljes\Downloads\simulator-windows-64\IMG\left_2026_08_31_21_55_27_769.jpg, C:\Users\eljes\Downloads\simulator-windows-64\IMG\right_2026_08_31_21_55_27_769.jpg, 0, 1, 0, 30.19032
C:\Users\eljes\Downloads\simulator-windows-64\IMG\center_2026_08_31_21_55_27_874.jpg, C:\Users\eljes\Downloads\simulator-windows-64\IMG\left_2026_08_31_21_55_27_874.jpg, C:\Users\eljes\Downloads\simulator-windows-64\IMG\right_2026_08_31_21_55_27_874.jpg, 0, 1, 0, 30.19028
C:\Users\eljes\Downloads\simulator-windows-64\IMG\center_2026_08_31_21_55_27_978.jpg, C:\Users\eljes\Downloads\simulator-windows-64\IMG\left_2026_08_31_21_55_27_978.jpg, C:\Users\eljes\Downloads\simulator-windows-64\IMG\right_2026_08_31_21_55_27_978.jpg, 0, 1, 0, 30.1903
C:\Users\eljes\Downloads\simulator-windows-64\IMG\center_2026_08_31_21_55_28_081.jpg, C:\Users\eljes\Downloads\simulator-windows-64\IMG\left_2026_08_31_21_55_28_081.jpg, C:\Users\eljes\Downloads\simulator-windows-64\IMG\right_2026_08_31_21_55_28_081.jpg, 0, 1, 0, 30.19018
C:\Users\eljes\Downloads\simulator-windows-64\IMG\center_2026_08_31_21_55_28_182.jpg, C:\Users\eljes\Downloads\simulator-windows-64\IMG\left_2026_08_31_21_55_28_182.jpg, C:\Users\eljes\Downloads\simulator-windows-64\IMG\right_2026_08_31_21_55_28_182.jpg, 0, 1, 0, 30.19033
C:\Users\eljes\Downloads\simulator-windows-64\IMG\center_2026_08_31_21_55_28_283.jpg, C:\Users\eljes\Downloads\simulator-windows-64\IMG\left_2026_08_31_21_55_28_283.jpg, C:\Users\eljes\Downloads\simulator-windows-64\IMG\right_2026_08_31_21_55_28_283.jpg, 0, 1, 0, 30.19039
C:\Users\eljes\Downloads\simulator-windows-64\IMG\center_2026_08_31_21_55_28_384.jpg, C:\Users\eljes\Downloads\simulator-windows-64\IMG\left_2026_08_31_21_55_28_384.jpg, C:\Users\eljes\Downloads\simulator-windows-64\IMG\right_2026_08_31_21_55_28_384.jpg, 0, 1, 0, 30.19032
C:\Users\eljes\Downloads\simulator-windows-64\IMG\center_2026_08_31_21_55_28_488.jpg, C:\Users\eljes\Downloads\simulator-windows-64\IMG\left_2026_08_31_21_55_28_488.jpg, C:\Users\eljes\Downloads\simulator-windows-64\IMG\right_2026_08_31_21_55_28_488.jpg, 0, 1, 0, 30.19031
C:\Users\eljes\Downloads\simulator-windows-64\IMG\center_2026_08_31_21_55_28_591.jpg, C:\Users\eljes\Downloads\simulator-windows-64\IMG\left_2026_08_31_21_55_28_591.jpg, C:\Users\eljes\Downloads\simulator-windows-64\IMG\right_2026_08_31_21_55_28_591.jpg, 0, 1, 0, 30.1903
C:\Users\eljes\Downloads\simulator-windows-64\IMG\center_2026_08_31_21_55_28_696.jpg, C:\Users\eljes\Downloads\simulator-windows-64\IMG\left_2026_08_31_21_55_28_696.jpg, C:\Users\eljes\Downloads\simulator-windows-64\IMG\right_2026_08_31_21_55_28_696.jpg, 0, 1, 0, 30.19032
C:\Users\eljes\Downloads\simulator-windows-64\IMG\center_2026_08_31_21_55_28_802.jpg, C:\Users\eljes\Downloads\simulator-windows-64\IMG\left_2026_08_31_21_55_28_802.jpg, C:\Users\eljes\Downloads\simulator-windows-64\IMG\right_2026_08_31_21_55_28_802.jpg, 0, 1, 0, 30.19031
C:\Users\eljes\Downloads\simulator-windows-64\IMG\center_2026_08_31_21_55_28_905.jpg, C:\Users\eljes\Downloads\simulator-windows-64\IMG\left_2026_08_31_21_55_28_905.jpg, C:\Users\eljes\Downloads\simulator-windows-64\IMG\right_2026_08_31_21_55_28_905.jpg, 0, 1, 0, 30.1903
C:\Users\eljes\Downloads\simulator-windows-64\IMG\center_2026_08_31_21_55_29_014.jpg, C:\Users\eljes\Downloads\simulator-windows-64\IMG\left_2026_08_31_21_55_29_014.jpg, C:\Users\eljes\Downloads\simulator-windows-64\IMG\right_2026_08_31_21_55_29_014.jpg, 0, 1, 0, 30.19034
C:\Users\eljes\Downloads\simulator-windows-64\IMG\center_2026_08_31_21_55_29_121.jpg, C:\Users\eljes\Downloads\simulator-windows-64\IMG\left_2026_08_31_21_55_29_121.jpg, C:\Users\eljes\Downloads\simulator-windows-64\IMG\right_2026_08_31_21_55_29_121.jpg, 0, 1, 0, 30.19029
C:\Users\eljes\Downloads\simulator-windows-64\IMG\center_2026_08_31_21_55_29_222.jpg, C:\Users\eljes\Downloads\simulator-windows-64\IMG\left_2026_08_31_21_55_29_222.jpg, C:\Users\eljes\Downloads\simulator-windows-64\IMG\right_2026_08_31_21_55_29_222.jpg, 0, 1, 0, 30.19029
C:\Users\eljes\Downloads\simulator-windows-64\IMG\center_2026_08_31_21_55_29_327.jpg, C:\Users\eljes\Downloads\simulator-windows-64\IMG\left_2026_08_31_21_55_29_327.jpg, C:\Users\eljes\Downloads\simulator-windows-64\IMG\right_2026_08_31_21_55_29_327.jpg, 0, 1, 0, 30.19034
C:\Users\eljes\Downloads\simulator-windows-64\IMG\center_2026_08_31_21_55_29_428.jpg, C:\Users\eljes\Downloads\simulator-windows-64\IMG\left_2026_08_31_21_55_29_428.jpg, C:\Users\eljes\Downloads\simulator-windows-64\IMG\right_2026_08_31_21_55_29_428.jpg, 0, 1, 0, 30.19031
C:\Users\eljes\Downloads\simulator-windows-64\IMG\center_2026_08_31_21_55_29_529.jpg, C:\Users\eljes\Downloads\simulator-windows-64\IMG\left_2026_08_31_21_55_29_529.jpg, C:\Users\eljes\Downloads\simulator-windows-64\IMG\right_2026_08_31_21_55_29_529.jpg, 0, 1, 0, 30.19031
C:\Users\eljes\Downloads\simulator-windows-64\IMG\center_2026_08_31_21_55_29_635.jpg, C:\Users\eljes\Downloads\simulator-windows-64\IMG\left_2026_08_31_21_55_29_635.jpg, C:\Users\eljes\Downloads\simulator-windows-64\IMG\right_2026_08_31_21_55_29_635.jpg, 0, 1, 0, 30.19028
C:\Users\eljes\Downloads\simulator-windows-64\IMG\center_2026_08_31_21_55_29_740.jpg, C:\Users\eljes\Downloads\simulator-windows-64\IMG\left_2026_08_31_21_55_29_740.jpg, C:\Users\eljes\Downloads\simulator-windows-64\IMG\right_2026_08_31_21_55_29_740.jpg, 0, 1, 0, 30.17668
C:\Users\eljes\Downloads\simulator-windows-64\IMG\center_2026_08_31_21_55_29_840.jpg, C:\Users\eljes\Downloads\simulator-windows-64\IMG\left_2026_08_31_21_55_29_840.jpg, C:\Users\eljes\Downloads\simulator-windows-64\IMG\right_2026_08_31_21_55_29_840.jpg, 0, 1, 0, 30.18937
C:\Users\eljes\Downloads\simulator-windows-64\IMG\center_2026_08_31_21_55_29_946.jpg, C:\Users\eljes\Downloads\simulator-windows-64\IMG\left_2026_08_31_21_55_29_946.jpg, C:\Users\eljes\Downloads\simulator-windows-64\IMG\right_2026_08_31_21_55_29_946.jpg, 0, 1, 0, 30.22557
C:\Users\eljes\Downloads\simulator-windows-64\IMG\center_2026_08_31_21_55_30_047.jpg, C:\Users\eljes\Downloads\simulator-windows-64\IMG\left_2026_08_31_21_55_30_047.jpg, C:\Users\eljes\Downloads\simulator-windows-64\IMG\right_2026_08_31_21_55_30_047.jpg, 0, 1, 0, 30.18802
C:\Users\eljes\Downloads\simulator-windows-64\IMG\center_2026_08_31_21_55_30_148.jpg, C:\Users\eljes\Downloads\simulator-windows-64\IMG\left_2026_08_31_21_55_30_148.jpg, C:\Users\eljes\Downloads\simulator-windows-64\IMG\right_2026_08_31_21_55_30_148.jpg, 0, 1, 0, 30.18952
C:\Users\eljes\Downloads\simulator-windows-64\IMG\center_2026_08_31_21_55_30_251.jpg, C:\Users\eljes\Downloads\simulator-windows-64\IMG\left_2026_08_31_21_55_30_251.jpg, C:\Users\eljes\Downloads\simulator-windows-64\IMG\right_2026_08_31_21_55_30_251.jpg, 0, 1, 0, 30.18979
C:\Users\eljes\Downloads\simulator-windows-64\IMG\center_2026_08_31_21_55_30_351.jpg, C:\Users\eljes\Downloads\simulator-windows-64\IMG\left_2026_08_31_21_55_30_351.jpg, C:\Users\eljes\Downloads\simulator-windows-64\IMG\right_2026_08_31_21_55_30_351.jpg, 0, 1, 0, 30.18982
C:\Users\eljes\Downloads\simulator-windows-64\IMG\center_2026_08_31_21_56_38_145.jpg, C:\Users\eljes\Downloads\simulator-windows-64\IMG\left_2026_08_31_21_56_38_145.jpg, C:\Users\eljes\Downloads\simulator-windows-64\IMG\right_2026_08_31_21_56_38_145.jpg, 0, 1, 0, 30.19029
C:\Users\eljes\Downloads\simulator-windows-64\IMG\center_2026_08_31_21_56_38_248.jpg, C:\Users\eljes\Downloads\simulator-windows-64\IMG\left_2026_08_31_21_56_38_248.jpg, C:\Users\eljes\Downloads\simulator-windows-64\IMG\right_2026_08_31_21_56_38_248.jpg, 0, 1, 0, 30.19029
C:\Users\eljes\Downloads\simulator-windows-64\IMG\center_2026_08_31_21_56_38_353.jpg, C:\Users\eljes\Downloads\simulator-windows-64\IMG\left_2026_08_31_21_56_38_353.jpg, C:\Users\eljes\Downloads\simulator-windows-64\IMG\right_2026_08_31_21_56_38_353.jpg, 0, 1, 0, 30.19031
C:\Users\eljes\Downloads\simulator-windows-64\IMG\center_2026_08_31_21_56_38_459.jpg, C:\Users\eljes\Downloads\simulator-windows-64\IMG\left_2026_08_31_21_56_38_459.jpg, C:\Users\eljes\Downloads\simulator-windows-64\IMG\right_2026_08_31_21_56_38_459.jpg, 0, 1, 0, 30.19031
C:\Users\eljes\Downloads\simulator-windows-64\IMG\center_2026_08_31_21_56_38_561.jpg, C:\Users\eljes\Downloads\simulator-windows-64\IMG\left_2026_08_31_21_56_38_561.jpg, C:\Users\eljes\Downloads\simulator-windows-64\IMG\right_2026_08_31_21_56_38_561.jpg, 0, 1, 0, 30.19028
C:\Users\eljes\Downloads\simulator-windows-64\IMG\center_2026_08_31_21_56_38_664.jpg, C:\Users\eljes\Downloads\simulator-windows-64\IMG\left_2026_08_31_21_56_38_664.jpg, C:\Users\eljes\Downloads\simulator-windows-64\IMG\right_2026_08_31_21_56_38_664.jpg, 0, 1, 0, 30.19031
C:\Users\eljes\Downloads\simulator-windows-64\IMG\center_2026_08_31_21_56_38_771.jpg, C:\Users\eljes\Downloads\simulator-windows-64\IMG\left_2026_08_31_21_56_38_771.jpg, C:\Users\eljes\Downloads\simulator-windows-64\IMG\right_2026_08_31_21_56_38_771.jpg, 0, 1, 0, 30.1903
C:\Users\eljes\Downloads\simulator-windows-64\IMG\center_2026_08_31_21_56_38_872.jpg, C:\Users\eljes\Downloads\simulator-windows-64\IMG\left_2026_08_31_21_56_38_872.jpg, C:\Users\eljes\Downloads\simulator-windows-64\IMG\right_2026_08_31_21_56_38_872.jpg, 0, 1, 0, 30.19022
C:\Users\eljes\Downloads\simulator-windows-64\IMG\center_2026_08_31_21_56_38_973.jpg, C:\Users\eljes\Downloads\simulator-windows-64\IMG\left_2026_08_31_21_56_38_973.jpg, C:\Users\eljes\Downloads\simulator-windows-64\IMG\right_2026_08_31_21_56_38_973.jpg, 0, 1, 0, 30.19032
C:\Users\eljes\Downloads\simulator-windows-64\IMG\center_2026_08_31_21_56_39_077.jpg, C:\Users\eljes\Downloads\simulator-windows-64\IMG\left_2026_08_31_21_56_39_077.jpg, C:\Users\eljes\Downloads\simulator-windows-64\IMG\right_2026_08_31_21_56_39_077.jpg, 0, 1, 0, 30.19031
C:\Users\eljes\Downloads\simulator-windows-64\IMG\center_2026_08_31_21_56_39_184.jpg, C:\Users\eljes\Downloads\simulator-windows-64\IMG\left_2026_08_31_21_56_39_184.jpg, C:\Users\eljes\Downloads\simulator-windows-64\IMG\right_2026_08_31_21_56_39_184.jpg, 0, 1, 0, 30.19033
C:\Users\eljes\Downloads\simulator-windows-64\IMG\center_2026_08_31_21_56_39_286.jpg, C:\Users\eljes\Downloads\simulator-windows-64\IMG\left_2026_08_31_21_56_39_286.jpg, C:\Users\eljes\Downloads\simulator-windows-64\IMG\right_2026_08_31_21_56_39_286.jpg, 0, 1, 0, 30.19029
C:\Users\eljes\Downloads\simulator-windows-64\IMG\center_2026_08_31_21_56_39_389.jpg, C:\Users\eljes\Downloads\simulator-windows-64\IMG\left_2026_08_31_21_56_39_389.jpg, C:\Users\eljes\Downloads\simulator-windows-64\IMG\right_2026_08_31_21_56_39_389.jpg, 0, 1, 0, 30.19031
C:\Users\eljes\Downloads\simulator-windows-64\IMG\center_2026_08_31_21_56_39_489.jpg, C:\Users\eljes\Downloads\simulator-windows-64\IMG\left_2026_08_31_21_56_39_489.jpg, C:\Users\eljes\Downloads\simulator-windows-64\IMG\right_2026_08_31_21_56_39_489.jpg, -0.1024935, 1, 0, 30.18751
C:\Users\eljes\Downloads\simulator-windows-64\IMG\center_2026_08_31_21_56_39_591.jpg, C:\Users\eljes\Downloads\simulator-windows-64\IMG\left_2026_08_31_21_56_39_591.jpg, C:\Users\eljes\Downloads\simulator-windows-64\IMG\right_2026_08_31_21_56_39_591.jpg, -0.3575031, 1, 0, 30.16261
C:\Users\eljes\Downloads\simulator-windows-64\IMG\center_2026_08_31_21_56_39_691.jpg, C:\Users\eljes\Downloads\simulator-windows-64\IMG\left_2026_08_31_21_56_39_691.jpg, C:\Users\eljes\Downloads\simulator-windows-64\IMG\right_2026_08_31_21_56_39_691.jpg, -0.05307056, 1, 0, 30.19056
C:\Users\eljes\Downloads\simulator-windows-64\IMG\center_2026_08_31_21_56_39_799.jpg, C:\Users\eljes\Downloads\simulator-windows-64\IMG\left_2026_08_31_21_56_39_799.jpg, C:\Users\eljes\Downloads\simulator-windows-64\IMG\right_2026_08_31_21_56_39_799.jpg, 0, 1, 0, 30.18987
C:\Users\eljes\Downloads\simulator-windows-64\IMG\center_2026_08_31_21_56_39_902.jpg, C:\Users\eljes\Downloads\simulator-windows-64\IMG\left_2026_08_31_21_56_39_902.jpg, C:\Users\eljes\Downloads\simulator-windows-64\IMG\right_2026_08_31_21_56_39_902.jpg, 0, 1, 0, 30.19002
C:\Users\eljes\Downloads\simulator-windows-64\IMG\center_2026_08_31_21_56_40_005.jpg, C:\Users\eljes\Downloads\simulator-windows-64\IMG\left_2026_08_31_21_56_40_005.jpg, C:\Users\eljes\Downloads\simulator-windows-64\IMG\right_2026_08_31_21_56_40_005.jpg, 0, 1, 0, 30.1903
C:\Users\eljes\Downloads\simulator-windows-64\IMG\center_2026_08_31_21_56_40_105.jpg, C:\Users\eljes\Downloads\simulator-windows-64\IMG\left_2026_08_31_21_56_40_105.jpg, C:\Users\eljes\Downloads\simulator-windows-64\IMG\right_2026_08_31_21_56_40_105.jpg, -0.30105, 1, 0, 30.16906
C:\Users\eljes\Downloads\simulator-windows-64\IMG\center_2026_08_31_21_56_40_212.jpg, C:\Users\eljes\Downloads\simulator-windows-64\IMG\left_2026_08_31_21_56_40_212.jpg, C:\Users\eljes\Downloads\simulator-windows-64\IMG\right_2026_08_31_21_56_40_212.jpg, -0.2214404, 1, 0, 30.18787
C:\Users\eljes\Downloads\simulator-windows-64\IMG\center_2026_08_31_21_56_40_314.jpg, C:\Users\eljes\Downloads\simulator-windows-64\IMG\left_2026_08_31_21_56_40_314.jpg, C:\Users\eljes\Downloads\simulator-windows-64\IMG\right_2026_08_31_21_56_40_314.jpg, 0, 1, 0, 30.18797
C:\Users\eljes\Downloads\simulator-windows-64\IMG\center_2026_08_31_21_56_40_421.jpg, C:\Users\eljes\Downloads\simulator-windows-64\IMG\left_2026_08_31_21_56_40_421.jpg, C:\Users\eljes\Downloads\simulator-windows-64\IMG\right_2026_08_31_21_56_40_421.jpg, 0, 1, 0, 30.19013
C:\Users\eljes\Downloads\simulator-windows-64\IMG\center_2026_08_31_21_56_40_526.jpg, C:\Users\eljes\Downloads\simulator-windows-64\IMG\left_2026_08_31_21_56_40_526.jpg, C:\Users\eljes\Downloads\simulator-windows-64\IMG\right_2026_08_31_21_56_40_526.jpg, 0, 1, 0, 30.19031
C:\Users\eljes\Downloads\simulator-windows-64\IMG\center_2026_08_31_21_56_40_627.jpg, C:\Users\eljes\Downloads\simulator-windows-64\IMG\left_2026_08_31_21_56_40_627.jpg, C:\Users\eljes\Downloads\simulator-windows-64\IMG\right_2026_08_31_21_56_40_627.jpg, 0, 1, 0, 30.19031
C:\Users\eljes\Downloads\simulator-windows-64\IMG\center_2026_08_31_21_56_40_732.jpg, C:\Users\eljes\Downloads\simulator-windows-64\IMG\left_2026_08_31_21_56_40_732.jpg, C:\Users\eljes\Downloads\simulator-windows-64\IMG\right_2026_08_31_21_56_40_732.jpg, 0, 1, 0, 30.19032
C:\Users\eljes\Downloads\simulator-windows-64\IMG\center_2026_08_31_21_56_40_832.jpg, C:\Users\eljes\Downloads\simulator-windows-64\IMG\left_2026_08_31_21_56_40_832.jpg, C:\Users\eljes\Downloads\simulator-windows-64\IMG\right_2026_08_31_21_56_40_832.jpg, 0, 1, 0, 30.19027
C:\Users\eljes\Downloads\simulator-windows-64\IMG\center_2026_08_31_21_56_40_933.jpg, C:\Users\eljes\Downloads\simulator-windows-64\IMG\left_2026_08_31_21_56_40_933.jpg, C:\Users\eljes\Downloads\simulator-windows-64\IMG\right_2026_08_31_21_56_40_933.jpg, 0, 1, 0, 30.19022
C:\Users\eljes\Downloads\simulator-windows-64\IMG\center_2026_08_31_21_56_41_039.jpg, C:\Users\eljes\Downloads\simulator-windows-64\IMG\left_2026_08_31_21_56_41_039.jpg, C:\Users\eljes\Downloads\simulator-windows-64\IMG\right_2026_08_31_21_56_41_039.jpg, -0.0493746, 1, 0, 30.18965
C:\Users\eljes\Downloads\simulator-windows-64\IMG\center_2026_08_31_21_56_41_145.jpg, C:\Users\eljes\Downloads\simulator-windows-64\IMG\left_2026_08_31_21_56_41_145.jpg, C:\Users\eljes\Downloads\simulator-windows-64\IMG\right_2026_08_31_21_56_41_145.jpg, -0.3656496, 1, 0, 30.15893
C:\Users\eljes\Downloads\simulator-windows-64\IMG\center_2026_08_31_21_56_41_248.jpg, C:\Users\eljes\Downloads\simulator-windows-64\IMG\left_2026_08_31_21_56_41_248.jpg, C:\Users\eljes\Downloads\simulator-windows-64\IMG\right_2026_08_31_21_56_41_248.jpg, -0.07667278, 1, 0, 30.19117
C:\Users\eljes\Downloads\simulator-windows-64\IMG\center_2026_08_31_21_56_41_349.jpg, C:\Users\eljes\Downloads\simulator-windows-64\IMG\left_2026_08_31_21_56_41_349.jpg, C:\Users\eljes\Downloads\simulator-windows-64\IMG\right_2026_08_31_21_56_41_349.jpg, 0, 1, 0, 30.1897
C:\Users\eljes\Downloads\simulator-windows-64\IMG\center_2026_08_31_21_56_41_449.jpg, C:\Users\eljes\Downloads\simulator-windows-64\IMG\left_2026_08_31_21_56_41_449.jpg, C:\Users\eljes\Downloads\simulator-windows-64\IMG\right_2026_08_31_21_56_41_449.jpg, 0, 1, 0, 30.19021
C:\Users\eljes\Downloads\simulator-windows-64\IMG\center_2026_08_31_21_56_41_550.jpg, C:\Users\eljes\Downloads\simulator-windows-64\IMG\left_2026_08_31_21_56_41_550.jpg, C:\Users\eljes\Downloads\simulator-windows-64\IMG\right_2026_08_31_21_56_41_550.jpg, 0, 1, 0, 30.19033
C:\Users\eljes\Downloads\simulator-windows-64\IMG\center_2026_08_31_21_56_41_654.jpg, C:\Users\eljes\Downloads\simulator-windows-64\IMG\left_2026_08_31_21_56_41_654.jpg, C:\Users\eljes\Downloads\simulator-windows-64\IMG\right_2026_08_31_21_56_41_654.jpg, 0, 1, 0, 30.19033
C:\Users\eljes\Downloads\simulator-windows-64\IMG\center_2026_08_31_21_56_41_756.jpg, C:\Users\eljes\Downloads\simulator-windows-64\IMG\left_2026_08_31_21_56_41_756.jpg, C:\Users\eljes\Downloads\simulator-windows-64\IMG\right_2026_08_31_21_56_41_756.jpg, 0, 1, 0, 30.19012
C:\Users\eljes\Downloads\simulator-windows-64\IMG\center_2026_08_31_21_56_41_862.jpg, C:\Users\eljes\Downloads\simulator-windows-64\IMG\left_2026_08_31_21_56_41_862.jpg, C:\Users\eljes\Downloads\simulator-windows-64\IMG\right_2026_08_31_21_56_41_862.jpg, 0, 1, 0, 30.1903
C:\Users\eljes\Downloads\simulator-windows-64\IMG\center_2026_08_31_21_56_41_968.jpg, C:\Users\eljes\Downloads\simulator-windows-64\IMG\left_2026_08_31_21_56_41_968.jpg, C:\Users\eljes\Downloads\simulator-windows-64\IMG\right_2026_08_31_21_56_41_968.jpg, -0.0689871, 1, 0, 30.18881
C:\Users\eljes\Downloads\simulator-windows-64\IMG\center_2026_08_31_21_56_42_073.jpg, C:\Users\eljes\Downloads\simulator-windows-64\IMG\left_2026_08_31_21_56_42_073.jpg, C:\Users\eljes\Downloads\simulator-windows-64\IMG\right_2026_08_31_21_56_42_073.jpg, -0.385431, 1, 0, 30.15663
C:\Users\eljes\Downloads\simulator-windows-64\IMG\center_2026_08_31_21_56_42_178.jpg, C:\Users\eljes\Downloads\simulator-windows-64\IMG\left_2026_08_31_21_56_42_178.jpg, C:\Users\eljes\Downloads\simulator-windows-64\IMG\right_2026_08_31_21_56_42_178.jpg, -0.2397453, 1, 0, 30.1892
C:\Users\eljes\Downloads\simulator-windows-64\IMG\center_2026_08_31_21_56_42_283.jpg, C:\Users\eljes\Downloads\simulator-windows-64\IMG\left_2026_08_31_21_56_42_283.jpg, C:\Users\eljes\Downloads\simulator-windows-64\IMG\right_2026_08_31_21_56_42_283.jpg, 0, 1, 0, 30.18822
C:\Users\eljes\Downloads\simulator-windows-64\IMG\center_2026_08_31_21_56_42_385.jpg, C:\Users\eljes\Downloads\simulator-windows-64\IMG\left_2026_08_31_21_56_42_385.jpg, C:\Users\eljes\Downloads\simulator-windows-64\IMG\right_2026_08_31_21_56_42_385.jpg, 0, 1, 0, 30.19044
C:\Users\eljes\Downloads\simulator-windows-64\IMG\center_2026_08_31_21_56_42_491.jpg, C:\Users\eljes\Downloads\simulator-windows-64\IMG\left_2026_08_31_21_56_42_491.jpg, C:\Users\eljes\Downloads\simulator-windows-64\IMG\right_2026_08_31_21_56_42_491.jpg, 0, 1, 0, 30.18983
C:\Users\eljes\Downloads\simulator-windows-64\IMG\center_2026_08_31_21_56_42_593.jpg, C:\Users\eljes\Downloads\simulator-windows-64\IMG\left_2026_08_31_21_56_42_593.jpg, C:\Users\eljes\Downloads\simulator-windows-64\IMG\right_2026_08_31_21_56_42_593.jpg, 0, 1, 0, 30.19
C:\Users\eljes\Downloads\simulator-windows-64\IMG\center_2026_08_31_21_56_42_695.jpg, C:\Users\eljes\Downloads\simulator-windows-64\IMG\left_2026_08_31_21_56_42_695.jpg, C:\Users\eljes\Downloads\simulator-windows-64\IMG\right_2026_08_31_21_56_42_695.jpg, 0, 1, 0, 30.19011
C:\Users\eljes\Downloads\simulator-windows-64\IMG\center_2026_08_31_21_56_42_803.jpg, C:\Users\eljes\Downloads\simulator-windows-64\IMG\left_2026_08_31_21_56_42_803.jpg, C:\Users\eljes\Downloads\simulator-windows-64\IMG\right_2026_08_31_21_56_42_803.jpg, 0, 1, 0, 30.18849
C:\Users\eljes\Downloads\simulator-windows-64\IMG\center_2026_08_31_21_56_42_905.jpg, C:\Users\eljes\Downloads\simulator-windows-64\IMG\left_2026_08_31_21_56_42_905.jpg, C:\Users\eljes\Downloads\simulator-windows-64\IMG\right_2026_08_31_21_56_42_905.jpg, 0, 1, 0, 30.19051
C:\Users\eljes\Downloads\simulator-windows-64\IMG\center_2026_08_31_21_56_43_007.jpg, C:\Users\eljes\Downloads\simulator-windows-64\IMG\left_2026_08_31_21_56_43_007.jpg, C:\Users\eljes\Downloads\simulator-windows-64\IMG\right_2026_08_31_21_56_43_007.jpg, 0, 1, 0, 30.19033
C:\Users\eljes\Downloads\simulator-windows-64\IMG\center_2026_08_31_21_56_43_112.jpg, C:\Users\eljes\Downloads\simulator-windows-64\IMG\left_2026_08_31_21_56_43_112.jpg, C:\Users\eljes\Downloads\simulator-windows-64\IMG\right_2026_08_31_21_56_43_112.jpg, 0, 1, 0, 30.19035
C:\Users\eljes\Downloads\simulator-windows-64\IMG\center_2026_08_31_21_56_43_213.jpg, C:\Users\eljes\Downloads\simulator-windows-64\IMG\left_2026_08_31_21_56_43_213.jpg, C:\Users\eljes\Downloads\simulator-windows-64\IMG\right_2026_08_31_21_56_43_213.jpg, 0, 1, 0, 30.19035
C:\Users\eljes\Downloads\simulator-windows-64\IMG\center_2026_08_31_21_56_43_320.jpg, C:\Users\eljes\Downloads\simulator-windows-64\IMG\left_2026_08_31_21_56_43_320.jpg, C:\Users\eljes\Downloads\simulator-windows-64\IMG\right_2026_08_31_21_56_43_320.jpg, 0, 1, 0, 30.19035
C:\Users\eljes\Downloads\simulator-windows-64\IMG\center_2026_08_31_21_56_43_426.jpg, C:\Users\eljes\Downloads\simulator-windows-64\IMG\left_2026_08_31_21_56_43_426.jpg, C:\Users\eljes\Downloads\simulator-windows-64\IMG\right_2026_08_31_21_56_43_426.jpg, 0, 1, 0, 30.19003
C:\Users\eljes\Downloads\simulator-windows-64\IMG\center_2026_08_31_21_56_43_532.jpg, C:\Users\eljes\Downloads\simulator-windows-64\IMG\left_2026_08_31_21_56_43_532.jpg, C:\Users\eljes\Downloads\simulator-windows-64\IMG\right_2026_08_31_21_56_43_532.jpg, 0, 1, 0, 30.19022
C:\Users\eljes\Downloads\simulator-windows-64\IMG\center_2026_08_31_21_56_43_633.jpg, C:\Users\eljes\Downloads\simulator-windows-64\IMG\left_2026_08_31_21_56_43_633.jpg, C:\Users\eljes\Downloads\simulator-windows-64\IMG\right_2026_08_31_21_56_43_633.jpg, 0, 1, 0, 30.1911
C:\Users\eljes\Downloads\simulator-windows-64\IMG\center_2026_08_31_21_56_43_735.jpg, C:\Users\eljes\Downloads\simulator-windows-64\IMG\left_2026_08_31_21_56_43_735.jpg, C:\Users\eljes\Downloads\simulator-windows-64\IMG\right_2026_08_31_21_56_43_735.jpg, 0, 1, 0, 30.19011
C:\Users\eljes\Downloads\simulator-windows-64\IMG\center_2026_08_31_21_56_43_840.jpg, C:\Users\eljes\Downloads\simulator-windows-64\IMG\left_2026_08_31_21_56_43_840.jpg, C:\Users\eljes\Downloads\simulator-windows-64\IMG\right_2026_08_31_21_56_43_840.jpg, -0.1165593, 1, 0, 30.18671
C:\Users\eljes\Downloads\simulator-windows-64\IMG\center_2026_08_31_21_56_43_941.jpg, C:\Users\eljes\Downloads\simulator-windows-64\IMG\left_2026_08_31_21_56_43_941.jpg, C:\Users\eljes\Downloads\simulator-windows-64\IMG\right_2026_08_31_21_56_43_941.jpg, -0.4199895, 1, 0, 30.15134
C:\Users\eljes\Downloads\simulator-windows-64\IMG\center_2026_08_31_21_56_44_043.jpg, C:\Users\eljes\Downloads\simulator-windows-64\IMG\left_2026_08_31_21_56_44_043.jpg, C:\Users\eljes\Downloads\simulator-windows-64\IMG\right_2026_08_31_21_56_44_043.jpg, -0.4904836, 1, 0, 30.16463
C:\Users\eljes\Downloads\simulator-windows-64\IMG\center_2026_08_31_21_56_44_149.jpg, C:\Users\eljes\Downloads\simulator-windows-64\IMG\left_2026_08_31_21_56_44_149.jpg, C:\Users\eljes\Downloads\simulator-windows-64\IMG\right_2026_08_31_21_56_44_149.jpg, -0.1913578, 1, 0, 30.19507
C:\Users\eljes\Downloads\simulator-windows-64\IMG\center_2026_08_31_21_56_44_255.jpg, C:\Users\eljes\Downloads\simulator-windows-64\IMG\left_2026_08_31_21_56_44_255.jpg, C:\Users\eljes\Downloads\simulator-windows-64\IMG\right_2026_08_31_21_56_44_255.jpg, 0, 1, 0, 30.18708
C:\Users\eljes\Downloads\simulator-windows-64\IMG\center_2026_08_31_21_56_44_359.jpg, C:\Users\eljes\Downloads\simulator-windows-64\IMG\left_2026_08_31_21_56_44_359.jpg, C:\Users\eljes\Downloads\simulator-windows-64\IMG\right_2026_08_31_21_56_44_359.jpg, 0, 1, 0, 30.19006
C:\Users\eljes\Downloads\simulator-windows-64\IMG\center_2026_08_31_21_56_44_466.jpg, C:\Users\eljes\Downloads\simulator-windows-64\IMG\left_2026_08_31_21_56_44_466.jpg, C:\Users\eljes\Downloads\simulator-windows-64\IMG\right_2026_08_31_21_56_44_466.jpg, -0.0986229, 1, 0, 30.18886
C:\Users\eljes\Downloads\simulator-windows-64\IMG\center_2026_08_31_21_56_44_568.jpg, C:\Users\eljes\Downloads\simulator-windows-64\IMG\left_2026_08_31_21_56_44_568.jpg, C:\Users\eljes\Downloads\simulator-windows-64\IMG\right_2026_08_31_21_56_44_568.jpg, -0.4079069, 1, 0, 30.15611
C:\Users\eljes\Downloads\simulator-windows-64\IMG\center_2026_08_31_21_56_44_673.jpg, C:\Users\eljes\Downloads\simulator-windows-64\IMG\left_2026_08_31_21_56_44_673.jpg, C:\Users\eljes\Downloads\simulator-windows-64\IMG\right_2026_08_31_21_56_44_673.jpg, -0.3148311, 1, 0, 30.18622
C:\Users\eljes\Downloads\simulator-windows-64\IMG\center_2026_08_31_21_56_44_778.jpg, C:\Users\eljes\Downloads\simulator-windows-64\IMG\left_2026_08_31_21_56_44_778.jpg, C:\Users\eljes\Downloads\simulator-windows-64\IMG\right_2026_08_31_21_56_44_778.jpg, -0.01623782, 1, 0, 30.18773
C:\Users\eljes\Downloads\simulator-windows-64\IMG\center_2026_08_31_21_56_44_882.jpg, C:\Users\eljes\Downloads\simulator-windows-64\IMG\left_2026_08_31_21_56_44_882.jpg, C:\Users\eljes\Downloads\simulator-windows-64\IMG\right_2026_08_31_21_56_44_882.jpg, 0, 1, 0, 30.18987
C:\Users\eljes\Downloads\simulator-windows-64\IMG\center_2026_08_31_21_56_44_984.jpg, C:\Users\eljes\Downloads\simulator-windows-64\IMG\left_2026_08_31_21_56_44_984.jpg, C:\Users\eljes\Downloads\simulator-windows-64\IMG\right_2026_08_31_21_56_44_984.jpg, 0, 1, 0, 30.19029
C:\Users\eljes\Downloads\simulator-windows-64\IMG\center_2026_08_31_21_56_45_087.jpg, C:\Users\eljes\Downloads\simulator-windows-64\IMG\left_2026_08_31_21_56_45_087.jpg, C:\Users\eljes\Downloads\simulator-windows-64\IMG\right_2026_08_31_21_56_45_087.jpg, 0, 1, 0, 30.19036
C:\Users\eljes\Downloads\simulator-windows-64\IMG\center_2026_08_31_21_56_45_187.jpg, C:\Users\eljes\Downloads\simulator-windows-64\IMG\left_2026_08_31_21_56_45_187.jpg, C:\Users\eljes\Downloads\simulator-windows-64\IMG\right_2026_08_31_21_56_45_187.jpg, 0, 1, 0, 30.1903
C:\Users\eljes\Downloads\simulator-windows-64\IMG\center_2026_08_31_21_56_45_291.jpg, C:\Users\eljes\Downloads\simulator-windows-64\IMG\left_2026_08_31_21_56_45_291.jpg, C:\Users\eljes\Downloads\simulator-windows-64\IMG\right_2026_08_31_21_56_45_291.jpg, -0.09945991, 1, 0, 30.18779
C:\Users\eljes\Downloads\simulator-windows-64\IMG\center_2026_08_31_21_56_45_393.jpg, C:\Users\eljes\Downloads\simulator-windows-64\IMG\left_2026_08_31_21_56_45_393.jpg, C:\Users\eljes\Downloads\simulator-windows-64\IMG\right_2026_08_31_21_56_45_393.jpg, -0.4033464, 1, 0, 30.15456
C:\Users\eljes\Downloads\simulator-windows-64\IMG\center_2026_08_31_21_56_45_498.jpg, C:\Users\eljes\Downloads\simulator-windows-64\IMG\left_2026_08_31_21_56_45_498.jpg, C:\Users\eljes\Downloads\simulator-windows-64\IMG\right_2026_08_31_21_56_45_498.jpg, -0.2684865, 1, 0, 30.18915
C:\Users\eljes\Downloads\simulator-windows-64\IMG\center_2026_08_31_21_56_45_601.jpg, C:\Users\eljes\Downloads\simulator-windows-64\IMG\left_2026_08_31_21_56_45_601.jpg, C:\Users\eljes\Downloads\simulator-windows-64\IMG\right_2026_08_31_21_56_45_601.jpg, 0, 1, 0, 30.18753
C:\Users\eljes\Downloads\simulator-windows-64\IMG\center_2026_08_31_21_56_45_701.jpg, C:\Users\eljes\Downloads\simulator-windows-64\IMG\left_2026_08_31_21_56_45_701.jpg, C:\Users\eljes\Downloads\simulator-windows-64\IMG\right_2026_08_31_21_56_45_701.jpg, 0, 1, 0, 30.19042
C:\Users\eljes\Downloads\simulator-windows-64\IMG\center_2026_08_31_21_56_45_801.jpg, C:\Users\eljes\Downloads\simulator-windows-64\IMG\left_2026_08_31_21_56_45_801.jpg, C:\Users\eljes\Downloads\simulator-windows-64\IMG\right_2026_08_31_21_56_45_801.jpg, 0, 1, 0, 30.19027
C:\Users\eljes\Downloads\simulator-windows-64\IMG\center_2026_08_31_21_56_45_906.jpg, C:\Users\eljes\Downloads\simulator-windows-64\IMG\left_2026_08_31_21_56_45_906.jpg, C:\Users\eljes\Downloads\simulator-windows-64\IMG\right_2026_08_31_21_56_45_906.jpg, 0, 1, 0, 30.19029
C:\Users\eljes\Downloads\simulator-windows-64\IMG\center_2026_08_31_21_56_46_012.jpg, C:\Users\eljes\Downloads\simulator-windows-64\IMG\left_2026_08_31_21_56_46_012.jpg, C:\Users\eljes\Downloads\simulator-windows-64\IMG\right_2026_08_31_21_56_46_012.jpg, 0, 1, 0, 30.19032
C:\Users\eljes\Downloads\simulator-windows-64\IMG\center_2026_08_31_21_56_46_112.jpg, C:\Users\eljes\Downloads\simulator-windows-64\IMG\left_2026_08_31_21_56_46_112.jpg, C:\Users\eljes\Downloads\simulator-windows-64\IMG\right_2026_08_31_21_56_46_112.jpg, 0, 1, 0, 30.1903
C:\Users\eljes\Downloads\simulator-windows-64\IMG\center_2026_08_31_21_56_46_219.jpg, C:\Users\eljes\Downloads\simulator-windows-64\IMG\left_2026_08_31_21_56_46_219.jpg, C:\Users\eljes\Downloads\simulator-windows-64\IMG\right_2026_08_31_21_56_46_219.jpg, -0.2228604, 1, 0, 30.17722
C:\Users\eljes\Downloads\simulator-windows-64\IMG\center_2026_08_31_21_56_46_324.jpg, C:\Users\eljes\Downloads\simulator-windows-64\IMG\left_2026_08_31_21_56_46_324.jpg, C:\Users\eljes\Downloads\simulator-windows-64\IMG\right_2026_08_31_21_56_46_324.jpg, -0.5383452, 1, 0, 30.13499
C:\Users\eljes\Downloads\simulator-windows-64\IMG\center_2026_08_31_21_56_46_427.jpg, C:\Users\eljes\Downloads\simulator-windows-64\IMG\left_2026_08_31_21_56_46_427.jpg, C:\Users\eljes\Downloads\simulator-windows-64\IMG\right_2026_08_31_21_56_46_427.jpg, -0.3799442, 1, 0, 30.18554
C:\Users\eljes\Downloads\simulator-windows-64\IMG\center_2026_08_31_21_56_46_531.jpg, C:\Users\eljes\Downloads\simulator-windows-64\IMG\left_2026_08_31_21_56_46_531.jpg, C:\Users\eljes\Downloads\simulator-windows-64\IMG\right_2026_08_31_21_56_46_531.jpg, -0.06701515, 1, 0, 30.19031
C:\Users\eljes\Downloads\simulator-windows-64\IMG\center_2026_08_31_21_56_46_632.jpg, C:\Users\eljes\Downloads\simulator-windows-64\IMG\left_2026_08_31_21_56_46_632.jpg, C:\Users\eljes\Downloads\simulator-windows-64\IMG\right_2026_08_31_21_56_46_632.jpg, 0, 1, 0, 30.18849
C:\Users\eljes\Downloads\simulator-windows-64\IMG\center_2026_08_31_21_56_46_736.jpg, C:\Users\eljes\Downloads\simulator-windows-64\IMG\left_2026_08_31_21_56_46_736.jpg, C:\Users\eljes\Downloads\simulator-windows-64\IMG\right_2026_08_31_21_56_46_736.jpg, 0, 1, 0, 30.18982
C:\Users\eljes\Downloads\simulator-windows-64\IMG\center_2026_08_31_21_56_46_841.jpg, C:\Users\eljes\Downloads\simulator-windows-64\IMG\left_2026_08_31_21_56_46_841.jpg, C:\Users\eljes\Downloads\simulator-windows-64\IMG\right_2026_08_31_21_56_46_841.jpg, 0, 1, 0, 30.18924
C:\Users\eljes\Downloads\simulator-windows-64\IMG\center_2026_08_31_21_56_46_942.jpg, C:\Users\eljes\Downloads\simulator-windows-64\IMG\left_2026_08_31_21_56_46_942.jpg, C:\Users\eljes\Downloads\simulator-windows-64\IMG\right_2026_08_31_21_56_46_942.jpg, 0, 1, 0, 30.19016
C:\Users\eljes\Downloads\simulator-windows-64\IMG\center_2026_08_31_21_56_47_047.jpg, C:\Users\eljes\Downloads\simulator-windows-64\IMG\left_2026_08_31_21_56_47_047.jpg, C:\Users\eljes\Downloads\simulator-windows-64\IMG\right_2026_08_31_21_56_47_047.jpg, 0, 1, 0, 30.18896
C:\Users\eljes\Downloads\simulator-windows-64\IMG\center_2026_08_31_21_56_47_154.jpg, C:\Users\eljes\Downloads\simulator-windows-64\IMG\left_2026_08_31_21_56_47_154.jpg, C:\Users\eljes\Downloads\simulator-windows-64\IMG\right_2026_08_31_21_56_47_154.jpg, 0, 1, 0, 30.19041
C:\Users\eljes\Downloads\simulator-windows-64\IMG\center_2026_08_31_21_56_47_255.jpg, C:\Users\eljes\Downloads\simulator-windows-64\IMG\left_2026_08_31_21_56_47_255.jpg, C:\Users\eljes\Downloads\simulator-windows-64\IMG\right_2026_08_31_21_56_47_255.jpg, 0, 1, 0, 30.1902
C:\Users\eljes\Downloads\simulator-windows-64\IMG\center_2026_08_31_21_56_47_360.jpg, C:\Users\eljes\Downloads\simulator-windows-64\IMG\left_2026_08_31_21_56_47_360.jpg, C:\Users\eljes\Downloads\simulator-windows-64\IMG\right_2026_08_31_21_56_47_360.jpg, 0, 1, 0, 30.19014
C:\Users\eljes\Downloads\simulator-windows-64\IMG\center_2026_08_31_21_56_47_465.jpg, C:\Users\eljes\Downloads\simulator-windows-64\IMG\left_2026_08_31_21_56_47_465.jpg, C:\Users\eljes\Downloads\simulator-windows-64\IMG\right_2026_08_31_21_56_47_465.jpg, 0, 1, 0, 30.19013
C:\Users\eljes\Downloads\simulator-windows-64\IMG\center_2026_08_31_21_56_47_569.jpg, C:\Users\eljes\Downloads\simulator-windows-64\IMG\left_2026_08_31_21_56_47_569.jpg, C:\Users\eljes\Downloads\simulator-windows-64\IMG\right_2026_08_31_21_56_47_569.jpg, 0, 1, 0, 30.19063
C:\Users\eljes\Downloads\simulator-windows-64\IMG\center_2026_08_31_21_56_47_676.jpg, C:\Users\eljes\Downloads\simulator-windows-64\IMG\left_2026_08_31_21_56_47_676.jpg, C:\Users\eljes\Downloads\simulator-windows-64\IMG\right_2026_08_31_21_56_47_676.jpg, 0, 1, 0, 30.19042
C:\Users\eljes\Downloads\simulator-windows-64\IMG\center_2026_08_31_21_56_47_778.jpg, C:\Users\eljes\Downloads\simulator-windows-64\IMG\left_2026_08_31_21_56_47_778.jpg, C:\Users\eljes\Downloads\simulator-windows-64\IMG\right_2026_08_31_21_56_47_778.jpg, 0, 1, 0, 30.19095
C:\Users\eljes\Downloads\simulator-windows-64\IMG\center_2026_08_31_21_56_47_882.jpg, C:\Users\eljes\Downloads\simulator-windows-64\IMG\left_2026_08_31_21_56_47_882.jpg, C:\Users\eljes\Downloads\simulator-windows-64\IMG\right_2026_08_31_21_56_47_882.jpg, 0, 1, 0, 30.19062
C:\Users\eljes\Downloads\simulator-windows-64\IMG\center_2026_08_31_21_56_47_985.jpg, C:\Users\eljes\Downloads\simulator-windows-64\IMG\left_2026_08_31_21_56_47_985.jpg, C:\Users\eljes\Downloads\simulator-windows-64\IMG\right_2026_08_31_21_56_47_985.jpg, 0, 1, 0, 30.19059
C:\Users\eljes\Downloads\simulator-windows-64\IMG\center_2026_08_31_21_56_48_092.jpg, C:\Users\eljes\Downloads\simulator-windows-64\IMG\left_2026_08_31_21_56_48_092.jpg, C:\Users\eljes\Downloads\simulator-windows-64\IMG\right_2026_08_31_21_56_48_092.jpg, 0, 1, 0, 30.19058
C:\Users\eljes\Downloads\simulator-windows-64\IMG\center_2026_08_31_21_56_48_195.jpg, C:\Users\eljes\Downloads\simulator-windows-64\IMG\left_2026_08_31_21_56_48_195.jpg, C:\Users\eljes\Downloads\simulator-windows-64\IMG\right_2026_08_31_21_56_48_195.jpg, -0.1162137, 1, 0, 30.19045
C:\Users\eljes\Downloads\simulator-windows-64\IMG\center_2026_08_31_21_56_48_301.jpg, C:\Users\eljes\Downloads\simulator-windows-64\IMG\left_2026_08_31_21_56_48_301.jpg, C:\Users\eljes\Downloads\simulator-windows-64\IMG\right_2026_08_31_21_56_48_301.jpg, 0, 1, 0, 30.18983
C:\Users\eljes\Downloads\simulator-windows-64\IMG\center_2026_08_31_21_56_48_402.jpg, C:\Users\eljes\Downloads\simulator-windows-64\IMG\left_2026_08_31_21_56_48_402.jpg, C:\Users\eljes\Downloads\simulator-windows-64\IMG\right_2026_08_31_21_56_48_402.jpg, 0, 1, 0, 30.19418
C:\Users\eljes\Downloads\simulator-windows-64\IMG\center_2026_08_31_21_56_48_509.jpg, C:\Users\eljes\Downloads\simulator-windows-64\IMG\left_2026_08_31_21_56_48_509.jpg, C:\Users\eljes\Downloads\simulator-windows-64\IMG\right_2026_08_31_21_56_48_509.jpg, 0, 1, 0, 30.19014
C:\Users\eljes\Downloads\simulator-windows-64\IMG\center_2026_08_31_21_56_48_615.jpg, C:\Users\eljes\Downloads\simulator-windows-64\IMG\left_2026_08_31_21_56_48_615.jpg, C:\Users\eljes\Downloads\simulator-windows-64\IMG\right_2026_08_31_21_56_48_615.jpg, -0.2296323, 1, 0, 30.1769
C:\Users\eljes\Downloads\simulator-windows-64\IMG\center_2026_08_31_21_56_48_716.jpg, C:\Users\eljes\Downloads\simulator-windows-64\IMG\left_2026_08_31_21_56_48_716.jpg, C:\Users\eljes\Downloads\simulator-windows-64\IMG\right_2026_08_31_21_56_48_716.jpg, -0.5349357, 1, 0, 30.13709
C:\Users\eljes\Downloads\simulator-windows-64\IMG\center_2026_08_31_21_56_48_823.jpg, C:\Users\eljes\Downloads\simulator-windows-64\IMG\left_2026_08_31_21_56_48_823.jpg, C:\Users\eljes\Downloads\simulator-windows-64\IMG\right_2026_08_31_21_56_48_823.jpg, -0.5706795, 1, 0, 30.16576
C:\Users\eljes\Downloads\simulator-windows-64\IMG\center_2026_08_31_21_56_48_925.jpg, C:\Users\eljes\Downloads\simulator-windows-64\IMG\left_2026_08_31_21_56_48_925.jpg, C:\Users\eljes\Downloads\simulator-windows-64\IMG\right_2026_08_31_21_56_48_925.jpg, -0.2625234, 1, 0, 30.19763
C:\Users\eljes\Downloads\simulator-windows-64\IMG\center_2026_08_31_21_56_49_029.jpg, C:\Users\eljes\Downloads\simulator-windows-64\IMG\left_2026_08_31_21_56_49_029.jpg, C:\Users\eljes\Downloads\simulator-windows-64\IMG\right_2026_08_31_21_56_49_029.jpg, 0, 1, 0, 30.18433
C:\Users\eljes\Downloads\simulator-windows-64\IMG\center_2026_08_31_21_56_49_129.jpg, C:\Users\eljes\Downloads\simulator-windows-64\IMG\left_2026_08_31_21_56_49_129.jpg, C:\Users\eljes\Downloads\simulator-windows-64\IMG\right_2026_08_31_21_56_49_129.jpg, 0, 1, 0, 30.1895
C:\Users\eljes\Downloads\simulator-windows-64\IMG\center_2026_08_31_21_56_49_232.jpg, C:\Users\eljes\Downloads\simulator-windows-64\IMG\left_2026_08_31_21_56_49_232.jpg, C:\Users\eljes\Downloads\simulator-windows-64\IMG\right_2026_08_31_21_56_49_232.jpg, 0, 1, 0, 30.19028
C:\Users\eljes\Downloads\simulator-windows-64\IMG\center_2026_08_31_21_56_49_336.jpg, C:\Users\eljes\Downloads\simulator-windows-64\IMG\left_2026_08_31_21_56_49_336.jpg, C:\Users\eljes\Downloads\simulator-windows-64\IMG\right_2026_08_31_21_56_49_336.jpg, 0, 1, 0, 30.19031
C:\Users\eljes\Downloads\simulator-windows-64\IMG\center_2026_08_31_21_56_49_439.jpg, C:\Users\eljes\Downloads\simulator-windows-64\IMG\left_2026_08_31_21_56_49_439.jpg, C:\Users\eljes\Downloads\simulator-windows-64\IMG\right_2026_08_31_21_56_49_439.jpg, 0, 1, 0, 30.18965
C:\Users\eljes\Downloads\simulator-windows-64\IMG\center_2026_08_31_21_56_49_539.jpg, C:\Users\eljes\Downloads\simulator-windows-64\IMG\left_2026_08_31_21_56_49_539.jpg, C:\Users\eljes\Downloads\simulator-windows-64\IMG\right_2026_08_31_21_56_49_539.jpg, 0, 1, 0, 30.18997
C:\Users\eljes\Downloads\simulator-windows-64\IMG\center_2026_08_31_21_56_49_643.jpg, C:\Users\eljes\Downloads\simulator-windows-64\IMG\left_2026_08_31_21_56_49_643.jpg, C:\Users\eljes\Downloads\simulator-windows-64\IMG\right_2026_08_31_21_56_49_643.jpg, 0, 1, 0, 30.1889
C:\Users\eljes\Downloads\simulator-windows-64\IMG\center_2026_08_31_21_56_49_746.jpg, C:\Users\eljes\Downloads\simulator-windows-64\IMG\left_2026_08_31_21_56_49_746.jpg, C:\Users\eljes\Downloads\simulator-windows-64\IMG\right_2026_08_31_21_56_49_746.jpg, 0, 1, 0, 30.18996
C:\Users\eljes\Downloads\simulator-windows-64\IMG\center_2026_08_31_21_56_49_848.jpg, C:\Users\eljes\Downloads\simulator-windows-64\IMG\left_2026_08_31_21_56_49_848.jpg, C:\Users\eljes\Downloads\simulator-windows-64\IMG\right_2026_08_31_21_56_49_848.jpg, 0, 1, 0, 30.18993
C:\Users\eljes\Downloads\simulator-windows-64\IMG\center_2026_08_31_21_56_49_951.jpg, C:\Users\eljes\Downloads\simulator-windows-64\IMG\left_2026_08_31_21_56_49_951.jpg, C:\Users\eljes\Downloads\simulator-windows-64\IMG\right_2026_08_31_21_56_49_951.jpg, 0, 1, 0, 30.19017
C:\Users\eljes\Downloads\simulator-windows-64\IMG\center_2026_08_31_21_56_50_054.jpg, C:\Users\eljes\Downloads\simulator-windows-64\IMG\left_2026_08_31_21_56_50_054.jpg, C:\Users\eljes\Downloads\simulator-windows-64\IMG\right_2026_08_31_21_56_50_054.jpg, 0, 1, 0, 30.19003
C:\Users\eljes\Downloads\simulator-windows-64\IMG\center_2026_08_31_21_56_50_161.jpg, C:\Users\eljes\Downloads\simulator-windows-64\IMG\left_2026_08_31_21_56_50_161.jpg, C:\Users\eljes\Downloads\simulator-windows-64\IMG\right_2026_08_31_21_56_50_161.jpg, 0, 1, 0, 30.19004
C:\Users\eljes\Downloads\simulator-windows-64\IMG\center_2026_08_31_21_56_50_262.jpg, C:\Users\eljes\Downloads\simulator-windows-64\IMG\left_2026_08_31_21_56_50_262.jpg, C:\Users\eljes\Downloads\simulator-windows-64\IMG\right_2026_08_31_21_56_50_262.jpg, 0, 1, 0, 30.19002
C:\Users\eljes\Downloads\simulator-windows-64\IMG\center_2026_08_31_21_56_50_368.jpg, C:\Users\eljes\Downloads\simulator-windows-64\IMG\left_2026_08_31_21_56_50_368.jpg, C:\Users\eljes\Downloads\simulator-windows-64\IMG\right_2026_08_31_21_56_50_368.jpg, 0, 1, 0, 30.19003
C:\Users\eljes\Downloads\simulator-windows-64\IMG\center_2026_08_31_21_56_50_472.jpg, C:\Users\eljes\Downloads\simulator-windows-64\IMG\left_2026_08_31_21_56_50_472.jpg, C:\Users\eljes\Downloads\simulator-windows-64\IMG\right_2026_08_31_21_56_50_472.jpg, 0, 1, 0, 30.19028
C:\Users\eljes\Downloads\simulator-windows-64\IMG\center_2026_08_31_21_56_50_577.jpg, C:\Users\eljes\Downloads\simulator-windows-64\IMG\left_2026_08_31_21_56_50_577.jpg, C:\Users\eljes\Downloads\simulator-windows-64\IMG\right_2026_08_31_21_56_50_577.jpg, 0, 1, 0, 30.19016
C:\Users\eljes\Downloads\simulator-windows-64\IMG\center_2026_08_31_21_56_50_678.jpg, C:\Users\eljes\Downloads\simulator-windows-64\IMG\left_2026_08_31_21_56_50_678.jpg, C:\Users\eljes\Downloads\simulator-windows-64\IMG\right_2026_08_31_21_56_50_678.jpg, 0, 1, 0, 30.19063
C:\Users\eljes\Downloads\simulator-windows-64\IMG\center_2026_08_31_21_56_50_781.jpg, C:\Users\eljes\Downloads\simulator-windows-64\IMG\left_2026_08_31_21_56_50_781.jpg, C:\Users\eljes\Downloads\simulator-windows-64\IMG\right_2026_08_31_21_56_50_781.jpg, 0, 1, 0, 30.1903
C:\Users\eljes\Downloads\simulator-windows-64\IMG\center_2026_08_31_21_56_50_884.jpg, C:\Users\eljes\Downloads\simulator-windows-64\IMG\left_2026_08_31_21_56_50_884.jpg, C:\Users\eljes\Downloads\simulator-windows-64\IMG\right_2026_08_31_21_56_50_884.jpg, 0, 1, 0, 30.19025
C:\Users\eljes\Downloads\simulator-windows-64\IMG\center_2026_08_31_21_56_50_986.jpg, C:\Users\eljes\Downloads\simulator-windows-64\IMG\left_2026_08_31_21_56_50_986.jpg, C:\Users\eljes\Downloads\simulator-windows-64\IMG\right_2026_08_31_21_56_50_986.jpg, 0, 1, 0, 30.19027
C:\Users\eljes\Downloads\simulator-windows-64\IMG\center_2026_08_31_21_56_51_087.jpg, C:\Users\eljes\Downloads\simulator-windows-64\IMG\left_2026_08_31_21_56_51_087.jpg, C:\Users\eljes\Downloads\simulator-windows-64\IMG\right_2026_08_31_21_56_51_087.jpg, 0, 1, 0, 30.1903
C:\Users\eljes\Downloads\simulator-windows-64\IMG\center_2026_08_31_21_56_51_192.jpg, C:\Users\eljes\Downloads\simulator-windows-64\IMG\left_2026_08_31_21_56_51_192.jpg, C:\Users\eljes\Downloads\simulator-windows-64\IMG\right_2026_08_31_21_56_51_192.jpg, 0, 1, 0, 30.19026
C:\Users\eljes\Downloads\simulator-windows-64\IMG\center_2026_08_31_21_56_51_293.jpg, C:\Users\eljes\Downloads\simulator-windows-64\IMG\left_2026_08_31_21_56_51_293.jpg, C:\Users\eljes\Downloads\simulator-windows-64\IMG\right_2026_08_31_21_56_51_293.jpg, 0, 1, 0, 30.19043
C:\Users\eljes\Downloads\simulator-windows-64\IMG\center_2026_08_31_21_56_51_396.jpg, C:\Users\eljes\Downloads\simulator-windows-64\IMG\left_2026_08_31_21_56_51_396.jpg, C:\Users\eljes\Downloads\simulator-windows-64\IMG\right_2026_08_31_21_56_51_396.jpg, 0, 1, 0, 30.19037
C:\Users\eljes\Downloads\simulator-windows-64\IMG\center_2026_08_31_21_56_51_500.jpg, C:\Users\eljes\Downloads\simulator-windows-64\IMG\left_2026_08_31_21_56_51_500.jpg, C:\Users\eljes\Downloads\simulator-windows-64\IMG\right_2026_08_31_21_56_51_500.jpg, 0, 1, 0, 30.19058
C:\Users\eljes\Downloads\simulator-windows-64\IMG\center_2026_08_31_21_56_51_605.jpg, C:\Users\eljes\Downloads\simulator-windows-64\IMG\left_2026_08_31_21_56_51_605.jpg, C:\Users\eljes\Downloads\simulator-windows-64\IMG\right_2026_08_31_21_56_51_605.jpg, 0, 1, 0, 30.19048
C:\Users\eljes\Downloads\simulator-windows-64\IMG\center_2026_08_31_21_56_51_710.jpg, C:\Users\eljes\Downloads\simulator-windows-64\IMG\left_2026_08_31_21_56_51_710.jpg, C:\Users\eljes\Downloads\simulator-windows-64\IMG\right_2026_08_31_21_56_51_710.jpg, 0, 1, 0, 30.1905
C:\Users\eljes\Downloads\simulator-windows-64\IMG\center_2026_08_31_21_56_51_812.jpg, C:\Users\eljes\Downloads\simulator-windows-64\IMG\left_2026_08_31_21_56_51_812.jpg, C:\Users\eljes\Downloads\simulator-windows-64\IMG\right_2026_08_31_21_56_51_812.jpg, 0, 1, 0, 30.19044
C:\Users\eljes\Downloads\simulator-windows-64\IMG\center_2026_08_31_21_56_51_918.jpg, C:\Users\eljes\Downloads\simulator-windows-64\IMG\left_2026_08_31_21_56_51_918.jpg, C:\Users\eljes\Downloads\simulator-windows-64\IMG\right_2026_08_31_21_56_51_918.jpg, 0, 1, 0, 30.19048
C:\Users\eljes\Downloads\simulator-windows-64\IMG\center_2026_08_31_21_56_52_021.jpg, C:\Users\eljes\Downloads\simulator-windows-64\IMG\left_2026_08_31_21_56_52_021.jpg, C:\Users\eljes\Downloads\simulator-windows-64\IMG\right_2026_08_31_21_56_52_021.jpg, 0, 1, 0, 30.19023
C:\Users\eljes\Downloads\simulator-windows-64\IMG\center_2026_08_31_21_56_52_125.jpg, C:\Users\eljes\Downloads\simulator-windows-64\IMG\left_2026_08_31_21_56_52_125.jpg, C:\Users\eljes\Downloads\simulator-windows-64\IMG\right_2026_08_31_21_56_52_125.jpg, 0, 1, 0, 30.19062
C:\Users\eljes\Downloads\simulator-windows-64\IMG\center_2026_08_31_21_56_52_226.jpg, C:\Users\eljes\Downloads\simulator-windows-64\IMG\left_2026_08_31_21_56_52_226.jpg, C:\Users\eljes\Downloads\simulator-windows-64\IMG\right_2026_08_31_21_56_52_226.jpg, 0, 1, 0, 30.18992
C:\Users\eljes\Downloads\simulator-windows-64\IMG\center_2026_08_31_21_56_52_331.jpg, C:\Users\eljes\Downloads\simulator-windows-64\IMG\left_2026_08_31_21_56_52_331.jpg, C:\Users\eljes\Downloads\simulator-windows-64\IMG\right_2026_08_31_21_56_52_331.jpg, 0, 1, 0, 30.19071
C:\Users\eljes\Downloads\simulator-windows-64\IMG\center_2026_08_31_21_56_52_434.jpg, C:\Users\eljes\Downloads\simulator-windows-64\IMG\left_2026_08_31_21_56_52_434.jpg, C:\Users\eljes\Downloads\simulator-windows-64\IMG\right_2026_08_31_21_56_52_434.jpg, 0, 1, 0, 30.1907
C:\Users\eljes\Downloads\simulator-windows-64\IMG\center_2026_08_31_21_56_52_535.jpg, C:\Users\eljes\Downloads\simulator-windows-64\IMG\left_2026_08_31_21_56_52_535.jpg, C:\Users\eljes\Downloads\simulator-windows-64\IMG\right_2026_08_31_21_56_52_535.jpg, 0, 1, 0, 30.19065
C:\Users\eljes\Downloads\simulator-windows-64\IMG\center_2026_08_31_21_56_52_641.jpg, C:\Users\eljes\Downloads\simulator-windows-64\IMG\left_2026_08_31_21_56_52_641.jpg, C:\Users\eljes\Downloads\simulator-windows-64\IMG\right_2026_08_31_21_56_52_641.jpg, -0.1491282, 1, 0, 30.18404
C:\Users\eljes\Downloads\simulator-windows-64\IMG\center_2026_08_31_21_56_52_747.jpg, C:\Users\eljes\Downloads\simulator-windows-64\IMG\left_2026_08_31_21_56_52_747.jpg, C:\Users\eljes\Downloads\simulator-windows-64\IMG\right_2026_08_31_21_56_52_747.jpg, -0.1742265, 1, 0, 30.1877
C:\Users\eljes\Downloads\simulator-windows-64\IMG\center_2026_08_31_21_56_52_849.jpg, C:\Users\eljes\Downloads\simulator-windows-64\IMG\left_2026_08_31_21_56_52_849.jpg, C:\Users\eljes\Downloads\simulator-windows-64\IMG\right_2026_08_31_21_56_52_849.jpg, 0, 1, 0, 30.18972
C:\Users\eljes\Downloads\simulator-windows-64\IMG\center_2026_08_31_21_56_52_952.jpg, C:\Users\eljes\Downloads\simulator-windows-64\IMG\left_2026_08_31_21_56_52_952.jpg, C:\Users\eljes\Downloads\simulator-windows-64\IMG\right_2026_08_31_21_56_52_952.jpg, 0, 1, 0, 30.18991
C:\Users\eljes\Downloads\simulator-windows-64\IMG\center_2026_08_31_21_56_53_054.jpg, C:\Users\eljes\Downloads\simulator-windows-64\IMG\left_2026_08_31_21_56_53_054.jpg, C:\Users\eljes\Downloads\simulator-windows-64\IMG\right_2026_08_31_21_56_53_054.jpg, 0, 1, 0, 30.19028
C:\Users\eljes\Downloads\simulator-windows-64\IMG\center_2026_08_31_21_56_53_158.jpg, C:\Users\eljes\Downloads\simulator-windows-64\IMG\left_2026_08_31_21_56_53_158.jpg, C:\Users\eljes\Downloads\simulator-windows-64\IMG\right_2026_08_31_21_56_53_158.jpg, -0.3119397, 1, 0, 30.16773
C:\Users\eljes\Downloads\simulator-windows-64\IMG\center_2026_08_31_21_56_53_261.jpg, C:\Users\eljes\Downloads\simulator-windows-64\IMG\left_2026_08_31_21_56_53_261.jpg, C:\Users\eljes\Downloads\simulator-windows-64\IMG\right_2026_08_31_21_56_53_261.jpg, -0.2101437, 1, 0, 30.18962
C:\Users\eljes\Downloads\simulator-windows-64\IMG\center_2026_08_31_21_56_53_362.jpg, C:\Users\eljes\Downloads\simulator-windows-64\IMG\left_2026_08_31_21_56_53_362.jpg, C:\Users\eljes\Downloads\simulator-windows-64\IMG\right_2026_08_31_21_56_53_362.jpg, 0, 1, 0, 30.18809
C:\Users\eljes\Downloads\simulator-windows-64\IMG\center_2026_08_31_21_56_53_466.jpg, C:\Users\eljes\Downloads\simulator-windows-64\IMG\left_2026_08_31_21_56_53_466.jpg, C:\Users\eljes\Downloads\simulator-windows-64\IMG\right_2026_08_31_21_56_53_466.jpg, 0, 1, 0, 30.19006
C:\Users\eljes\Downloads\simulator-windows-64\IMG\center_2026_08_31_21_56_53_571.jpg, C:\Users\eljes\Downloads\simulator-windows-64\IMG\left_2026_08_31_21_56_53_571.jpg, C:\Users\eljes\Downloads\simulator-windows-64\IMG\right_2026_08_31_21_56_53_571.jpg, 0, 1, 0, 30.19029
C:\Users\eljes\Downloads\simulator-windows-64\IMG\center_2026_08_31_21_56_53_675.jpg, C:\Users\eljes\Downloads\simulator-windows-64\IMG\left_2026_08_31_21_56_53_675.jpg, C:\Users\eljes\Downloads\simulator-windows-64\IMG\right_2026_08_31_21_56_53_675.jpg, 0, 1, 0, 30.19064
C:\Users\eljes\Downloads\simulator-windows-64\IMG\center_2026_08_31_21_56_53_779.jpg, C:\Users\eljes\Downloads\simulator-windows-64\IMG\left_2026_08_31_21_56_53_779.jpg, C:\Users\eljes\Downloads\simulator-windows-64\IMG\right_2026_08_31_21_56_53_779.jpg, 0, 1, 0, 30.19019
C:\Users\eljes\Downloads\simulator-windows-64\IMG\center_2026_08_31_21_56_53_883.jpg, C:\Users\eljes\Downloads\simulator-windows-64\IMG\left_2026_08_31_21_56_53_883.jpg, C:\Users\eljes\Downloads\simulator-windows-64\IMG\right_2026_08_31_21_56_53_883.jpg, 0, 1, 0, 30.19059
C:\Users\eljes\Downloads\simulator-windows-64\IMG\center_2026_08_31_21_56_53_983.jpg, C:\Users\eljes\Downloads\simulator-windows-64\IMG\left_2026_08_31_21_56_53_983.jpg, C:\Users\eljes\Downloads\simulator-windows-64\IMG\right_2026_08_31_21_56_53_983.jpg, 0, 1, 0, 30.19034
C:\Users\eljes\Downloads\simulator-windows-64\IMG\center_2026_08_31_21_56_54_087.jpg, C:\Users\eljes\Downloads\simulator-windows-64\IMG\left_2026_08_31_21_56_54_087.jpg, C:\Users\eljes\Downloads\simulator-windows-64\IMG\right_2026_08_31_21_56_54_087.jpg, 0, 1, 0, 30.19016
C:\Users\eljes\Downloads\simulator-windows-64\IMG\center_2026_08_31_21_56_54_187.jpg, C:\Users\eljes\Downloads\simulator-windows-64\IMG\left_2026_08_31_21_56_54_187.jpg, C:\Users\eljes\Downloads\simulator-windows-64\IMG\right_2026_08_31_21_56_54_187.jpg, 0, 1, 0, 30.19015
C:\Users\eljes\Downloads\simulator-windows-64\IMG\center_2026_08_31_21_56_54_288.jpg, C:\Users\eljes\Downloads\simulator-windows-64\IMG\left_2026_08_31_21_56_54_288.jpg, C:\Users\eljes\Downloads\simulator-windows-64\IMG\right_2026_08_31_21_56_54_288.jpg, 0, 1, 0, 30.19014
C:\Users\eljes\Downloads\simulator-windows-64\IMG\center_2026_08_31_21_56_54_394.jpg, C:\Users\eljes\Downloads\simulator-windows-64\IMG\left_2026_08_31_21_56_54_394.jpg, C:\Users\eljes\Downloads\simulator-windows-64\IMG\right_2026_08_31_21_56_54_394.jpg, 0, 1, 0, 30.19016
C:\Users\eljes\Downloads\simulator-windows-64\IMG\center_2026_08_31_21_56_54_495.jpg, C:\Users\eljes\Downloads\simulator-windows-64\IMG\left_2026_08_31_21_56_54_495.jpg, C:\Users\eljes\Downloads\simulator-windows-64\IMG\right_2026_08_31_21_56_54_495.jpg, 0, 1, 0, 30.19015
C:\Users\eljes\Downloads\simulator-windows-64\IMG\center_2026_08_31_21_56_54_601.jpg, C:\Users\eljes\Downloads\simulator-windows-64\IMG\left_2026_08_31_21_56_54_601.jpg, C:\Users\eljes\Downloads\simulator-windows-64\IMG\right_2026_08_31_21_56_54_601.jpg, 0, 1, 0, 30.1901
C:\Users\eljes\Downloads\simulator-windows-64\IMG\center_2026_08_31_21_56_54_703.jpg, C:\Users\eljes\Downloads\simulator-windows-64\IMG\left_2026_08_31_21_56_54_703.jpg, C:\Users\eljes\Downloads\simulator-windows-64\IMG\right_2026_08_31_21_56_54_703.jpg, 0, 1, 0, 30.19022
C:\Users\eljes\Downloads\simulator-windows-64\IMG\center_2026_08_31_21_56_54_805.jpg, C:\Users\eljes\Downloads\simulator-windows-64\IMG\left_2026_08_31_21_56_54_805.jpg, C:\Users\eljes\Downloads\simulator-windows-64\IMG\right_2026_08_31_21_56_54_805.jpg, 0, 1, 0, 30.1902
C:\Users\eljes\Downloads\simulator-windows-64\IMG\center_2026_08_31_21_56_54_911.jpg, C:\Users\eljes\Downloads\simulator-windows-64\IMG\left_2026_08_31_21_56_54_911.jpg, C:\Users\eljes\Downloads\simulator-windows-64\IMG\right_2026_08_31_21_56_54_911.jpg, 0, 1, 0, 30.19033
C:\Users\eljes\Downloads\simulator-windows-64\IMG\center_2026_08_31_21_56_55_015.jpg, C:\Users\eljes\Downloads\simulator-windows-64\IMG\left_2026_08_31_21_56_55_015.jpg, C:\Users\eljes\Downloads\simulator-windows-64\IMG\right_2026_08_31_21_56_55_015.jpg, 0, 1, 0, 30.19027
C:\Users\eljes\Downloads\simulator-windows-64\IMG\center_2026_08_31_21_56_55_122.jpg, C:\Users\eljes\Downloads\simulator-windows-64\IMG\left_2026_08_31_21_56_55_122.jpg, C:\Users\eljes\Downloads\simulator-windows-64\IMG\right_2026_08_31_21_56_55_122.jpg, 0, 1, 0, 30.19026
C:\Users\eljes\Downloads\simulator-windows-64\IMG\center_2026_08_31_21_56_55_223.jpg, C:\Users\eljes\Downloads\simulator-windows-64\IMG\left_2026_08_31_21_56_55_223.jpg, C:\Users\eljes\Downloads\simulator-windows-64\IMG\right_2026_08_31_21_56_55_223.jpg, 0, 1, 0, 30.19028
C:\Users\eljes\Downloads\simulator-windows-64\IMG\center_2026_08_31_21_56_55_326.jpg, C:\Users\eljes\Downloads\simulator-windows-64\IMG\left_2026_08_31_21_56_55_326.jpg, C:\Users\eljes\Downloads\simulator-windows-64\IMG\right_2026_08_31_21_56_55_326.jpg, 0, 1, 0, 30.07722
C:\Users\eljes\Downloads\simulator-windows-64\IMG\center_2026_08_31_21_56_55_433.jpg, C:\Users\eljes\Downloads\simulator-windows-64\IMG\left_2026_08_31_21_56_55_433.jpg, C:\Users\eljes\Downloads\simulator-windows-64\IMG\right_2026_08_31_21_56_55_433.jpg, 0, 1, 0, 30.33113
C:\Users\eljes\Downloads\simulator-windows-64\IMG\center_2026_08_31_21_56_55_533.jpg, C:\Users\eljes\Downloads\simulator-windows-64\IMG\left_2026_08_31_21_56_55_533.jpg, C:\Users\eljes\Downloads\simulator-windows-64\IMG\right_2026_08_31_21_56_55_533.jpg, -0.0389355, 1, 0, 30.05837
C:\Users\eljes\Downloads\simulator-windows-64\IMG\center_2026_08_31_21_56_55_637.jpg, C:\Users\eljes\Downloads\simulator-windows-64\IMG\left_2026_08_31_21_56_55_637.jpg, C:\Users\eljes\Downloads\simulator-windows-64\IMG\right_2026_08_31_21_56_55_637.jpg, 0, 1, 0, 30.20284
C:\Users\eljes\Downloads\simulator-windows-64\IMG\center_2026_08_31_21_56_55_740.jpg, C:\Users\eljes\Downloads\simulator-windows-64\IMG\left_2026_08_31_21_56_55_740.jpg, C:\Users\eljes\Downloads\simulator-windows-64\IMG\right_2026_08_31_21_56_55_740.jpg, 0, 1, 0, 30.18889
C:\Users\eljes\Downloads\simulator-windows-64\IMG\center_2026_08_31_21_56_55_847.jpg, C:\Users\eljes\Downloads\simulator-windows-64\IMG\left_2026_08_31_21_56_55_847.jpg, C:\Users\eljes\Downloads\simulator-windows-64\IMG\right_2026_08_31_21_56_55_847.jpg, 0, 1, 0, 30.1898
C:\Users\eljes\Downloads\simulator-windows-64\IMG\center_2026_08_31_21_56_55_950.jpg, C:\Users\eljes\Downloads\simulator-windows-64\IMG\left_2026_08_31_21_56_55_950.jpg, C:\Users\eljes\Downloads\simulator-windows-64\IMG\right_2026_08_31_21_56_55_950.jpg, 0, 1, 0, 30.18993
C:\Users\eljes\Downloads\simulator-windows-64\IMG\center_2026_08_31_21_56_56_050.jpg, C:\Users\eljes\Downloads\simulator-windows-64\IMG\left_2026_08_31_21_56_56_050.jpg, C:\Users\eljes\Downloads\simulator-windows-64\IMG\right_2026_08_31_21_56_56_050.jpg, 0, 1, 0, 30.18991
C:\Users\eljes\Downloads\simulator-windows-64\IMG\center_2026_08_31_21_56_56_157.jpg, C:\Users\eljes\Downloads\simulator-windows-64\IMG\left_2026_08_31_21_56_56_157.jpg, C:\Users\eljes\Downloads\simulator-windows-64\IMG\right_2026_08_31_21_56_56_157.jpg, 0, 1, 0, 30.1899
C:\Users\eljes\Downloads\simulator-windows-64\IMG\center_2026_08_31_21_56_56_263.jpg, C:\Users\eljes\Downloads\simulator-windows-64\IMG\left_2026_08_31_21_56_56_263.jpg, C:\Users\eljes\Downloads\simulator-windows-64\IMG\right_2026_08_31_21_56_56_263.jpg, 0, 1, 0, 30.18989
C:\Users\eljes\Downloads\simulator-windows-64\IMG\center_2026_08_31_21_56_56_367.jpg, C:\Users\eljes\Downloads\simulator-windows-64\IMG\left_2026_08_31_21_56_56_367.jpg, C:\Users\eljes\Downloads\simulator-windows-64\IMG\right_2026_08_31_21_56_56_367.jpg, 0, 1, 0, 30.18989
C:\Users\eljes\Downloads\simulator-windows-64\IMG\center_2026_08_31_21_56_56_472.jpg, C:\Users\eljes\Downloads\simulator-windows-64\IMG\left_2026_08_31_21_56_56_472.jpg, C:\Users\eljes\Downloads\simulator-windows-64\IMG\right_2026_08_31_21_56_56_472.jpg, 0, 1, 0, 30.1899
C:\Users\eljes\Downloads\simulator-windows-64\IMG\center_2026_08_31_21_58_00_729.jpg, C:\Users\eljes\Downloads\simulator-windows-64\IMG\left_2026_08_31_21_58_00_729.jpg, C:\Users\eljes\Downloads\simulator-windows-64\IMG\right_2026_08_31_21_58_00_729.jpg, 0, 1, 0, 30.19027
C:\Users\eljes\Downloads\simulator-windows-64\IMG\center_2026_08_31_21_58_00_833.jpg, C:\Users\eljes\Downloads\simulator-windows-64\IMG\left_2026_08_31_21_58_00_833.jpg, C:\Users\eljes\Downloads\simulator-windows-64\IMG\right_2026_08_31_21_58_00_833.jpg, 0, 1, 0, 30.1903
C:\Users\eljes\Downloads\simulator-windows-64\IMG\center_2026_08_31_21_58_00_935.jpg, C:\Users\eljes\Downloads\simulator-windows-64\IMG\left_2026_08_31_21_58_00_935.jpg, C:\Users\eljes\Downloads\simulator-windows-64\IMG\right_2026_08_31_21_58_00_935.jpg, 0, 1, 0, 30.19036
C:\Users\eljes\Downloads\simulator-windows-64\IMG\center_2026_08_31_21_58_01_039.jpg, C:\Users\eljes\Downloads\simulator-windows-64\IMG\left_2026_08_31_21_58_01_039.jpg, C:\Users\eljes\Downloads\simulator-windows-64\IMG\right_2026_08_31_21_58_01_039.jpg, 0, 1, 0, 30.1903
C:\Users\eljes\Downloads\simulator-windows-64\IMG\center_2026_08_31_21_58_01_142.jpg, C:\Users\eljes\Downloads\simulator-windows-64\IMG\left_2026_08_31_21_58_01_142.jpg, C:\Users\eljes\Downloads\simulator-windows-64\IMG\right_2026_08_31_21_58_01_142.jpg, 0, 1, 0, 30.1903
C:\Users\eljes\Downloads\simulator-windows-64\IMG\center_2026_08_31_21_58_01_246.jpg, C:\Users\eljes\Downloads\simulator-windows-64\IMG\left_2026_08_31_21_58_01_246.jpg, C:\Users\eljes\Downloads\simulator-windows-64\IMG\right_2026_08_31_21_58_01_246.jpg, 0, 1, 0, 30.19036
C:\Users\eljes\Downloads\simulator-windows-64\IMG\center_2026_08_31_21_58_01_345.jpg, C:\Users\eljes\Downloads\simulator-windows-64\IMG\left_2026_08_31_21_58_01_345.jpg, C:\Users\eljes\Downloads\simulator-windows-64\IMG\right_2026_08_31_21_58_01_345.jpg, 0, 1, 0, 30.19028
C:\Users\eljes\Downloads\simulator-windows-64\IMG\center_2026_08_31_21_58_01_448.jpg, C:\Users\eljes\Downloads\simulator-windows-64\IMG\left_2026_08_31_21_58_01_448.jpg, C:\Users\eljes\Downloads\simulator-windows-64\IMG\right_2026_08_31_21_58_01_448.jpg, 0, 1, 0, 30.19028
C:\Users\eljes\Downloads\simulator-windows-64\IMG\center_2026_08_31_21_58_01_550.jpg, C:\Users\eljes\Downloads\simulator-windows-64\IMG\left_2026_08_31_21_58_01_550.jpg, C:\Users\eljes\Downloads\simulator-windows-64\IMG\right_2026_08_31_21_58_01_550.jpg, 0, 1, 0, 30.19028
C:\Users\eljes\Downloads\simulator-windows-64\IMG\center_2026_08_31_21_58_01_658.jpg, C:\Users\eljes\Downloads\simulator-windows-64\IMG\left_2026_08_31_21_58_01_658.jpg, C:\Users\eljes\Downloads\simulator-windows-64\IMG\right_2026_08_31_21_58_01_658.jpg, 0, 1, 0, 30.19029
C:\Users\eljes\Downloads\simulator-windows-64\IMG\center_2026_08_31_21_58_01_765.jpg, C:\Users\eljes\Downloads\simulator-windows-64\IMG\left_2026_08_31_21_58_01_765.jpg, C:\Users\eljes\Downloads\simulator-windows-64\IMG\right_2026_08_31_21_58_01_765.jpg, 0, 1, 0, 30.19031
C:\Users\eljes\Downloads\simulator-windows-64\IMG\center_2026_08_31_21_58_01_870.jpg, C:\Users\eljes\Downloads\simulator-windows-64\IMG\left_2026_08_31_21_58_01_870.jpg, C:\Users\eljes\Downloads\simulator-windows-64\IMG\right_2026_08_31_21_58_01_870.jpg, 0, 1, 0, 30.19033
C:\Users\eljes\Downloads\simulator-windows-64\IMG\center_2026_08_31_21_58_01_976.jpg, C:\Users\eljes\Downloads\simulator-windows-64\IMG\left_2026_08_31_21_58_01_976.jpg, C:\Users\eljes\Downloads\simulator-windows-64\IMG\right_2026_08_31_21_58_01_976.jpg, 0, 1, 0, 30.19029
C:\Users\eljes\Downloads\simulator-windows-64\IMG\center_2026_08_31_21_58_02_080.jpg, C:\Users\eljes\Downloads\simulator-windows-64\IMG\left_2026_08_31_21_58_02_080.jpg, C:\Users\eljes\Downloads\simulator-windows-64\IMG\right_2026_08_31_21_58_02_080.jpg, -0.0794526, 1, 0, 30.18871
C:\Users\eljes\Downloads\simulator-windows-64\IMG\center_2026_08_31_21_58_02_186.jpg, C:\Users\eljes\Downloads\simulator-windows-64\IMG\left_2026_08_31_21_58_02_186.jpg, C:\Users\eljes\Downloads\simulator-windows-64\IMG\right_2026_08_31_21_58_02_186.jpg, -0.3776816, 1, 0, 30.15865
C:\Users\eljes\Downloads\simulator-windows-64\IMG\center_2026_08_31_21_58_02_290.jpg, C:\Users\eljes\Downloads\simulator-windows-64\IMG\left_2026_08_31_21_58_02_290.jpg, C:\Users\eljes\Downloads\simulator-windows-64\IMG\right_2026_08_31_21_58_02_290.jpg, -0.2277996, 1, 0, 30.1897
C:\Users\eljes\Downloads\simulator-windows-64\IMG\center_2026_08_31_21_58_02_391.jpg, C:\Users\eljes\Downloads\simulator-windows-64\IMG\left_2026_08_31_21_58_02_391.jpg, C:\Users\eljes\Downloads\simulator-windows-64\IMG\right_2026_08_31_21_58_02_391.jpg, 0, 1, 0, 30.18768
C:\Users\eljes\Downloads\simulator-windows-64\IMG\center_2026_08_31_21_58_02_495.jpg, C:\Users\eljes\Downloads\simulator-windows-64\IMG\left_2026_08_31_21_58_02_495.jpg, C:\Users\eljes\Downloads\simulator-windows-64\IMG\right_2026_08_31_21_58_02_495.jpg, 0, 1, 0, 30.18996
C:\Users\eljes\Downloads\simulator-windows-64\IMG\center_2026_08_31_21_58_02_601.jpg, C:\Users\eljes\Downloads\simulator-windows-64\IMG\left_2026_08_31_21_58_02_601.jpg, C:\Users\eljes\Downloads\simulator-windows-64\IMG\right_2026_08_31_21_58_02_601.jpg, 0, 1, 0, 30.19025
C:\Users\eljes\Downloads\simulator-windows-64\IMG\center_2026_08_31_21_58_02_701.jpg, C:\Users\eljes\Downloads\simulator-windows-64\IMG\left_2026_08_31_21_58_02_701.jpg, C:\Users\eljes\Downloads\simulator-windows-64\IMG\right_2026_08_31_21_58_02_701.jpg, 0, 1, 0, 30.19033
C:\Users\eljes\Downloads\simulator-windows-64\IMG\center_2026_08_31_21_58_02_807.jpg, C:\Users\eljes\Downloads\simulator-windows-64\IMG\left_2026_08_31_21_58_02_807.jpg, C:\Users\eljes\Downloads\simulator-windows-64\IMG\right_2026_08_31_21_58_02_807.jpg, 0, 1, 0, 30.19017
C:\Users\eljes\Downloads\simulator-windows-64\IMG\center_2026_08_31_21_58_02_915.jpg, C:\Users\eljes\Downloads\simulator-windows-64\IMG\left_2026_08_31_21_58_02_915.jpg, C:\Users\eljes\Downloads\simulator-windows-64\IMG\right_2026_08_31_21_58_02_915.jpg, 0, 1, 0, 30.19021
C:\Users\eljes\Downloads\simulator-windows-64\IMG\center_2026_08_31_21_58_03_016.jpg, C:\Users\eljes\Downloads\simulator-windows-64\IMG\left_2026_08_31_21_58_03_016.jpg, C:\Users\eljes\Downloads\simulator-windows-64\IMG\right_2026_08_31_21_58_03_016.jpg, -0.2052801, 1, 0, 30.17901
C:\Users\eljes\Downloads\simulator-windows-64\IMG\center_2026_08_31_21_58_03_119.jpg, C:\Users\eljes\Downloads\simulator-windows-64\IMG\left_2026_08_31_21_58_03_119.jpg, C:\Users\eljes\Downloads\simulator-windows-64\IMG\right_2026_08_31_21_58_03_119.jpg, -0.1999425, 1, 0, 30.18837
C:\Users\eljes\Downloads\simulator-windows-64\IMG\center_2026_08_31_21_58_03_224.jpg, C:\Users\eljes\Downloads\simulator-windows-64\IMG\left_2026_08_31_21_58_03_224.jpg, C:\Users\eljes\Downloads\simulator-windows-64\IMG\right_2026_08_31_21_58_03_224.jpg, 0, 1, 0, 30.18886
C:\Users\eljes\Downloads\simulator-windows-64\IMG\center_2026_08_31_21_58_03_330.jpg, C:\Users\eljes\Downloads\simulator-windows-64\IMG\left_2026_08_31_21_58_03_330.jpg, C:\Users\eljes\Downloads\simulator-windows-64\IMG\right_2026_08_31_21_58_03_330.jpg, 0, 1, 0, 30.19027
C:\Users\eljes\Downloads\simulator-windows-64\IMG\center_2026_08_31_21_58_03_432.jpg, C:\Users\eljes\Downloads\simulator-windows-64\IMG\left_2026_08_31_21_58_03_432.jpg, C:\Users\eljes\Downloads\simulator-windows-64\IMG\right_2026_08_31_21_58_03_432.jpg, 0, 1, 0, 30.19025
C:\Users\eljes\Downloads\simulator-windows-64\IMG\center_2026_08_31_21_58_03_536.jpg, C:\Users\eljes\Downloads\simulator-windows-64\IMG\left_2026_08_31_21_58_03_536.jpg, C:\Users\eljes\Downloads\simulator-windows-64\IMG\right_2026_08_31_21_58_03_536.jpg, 0, 1, 0, 30.19036
C:\Users\eljes\Downloads\simulator-windows-64\IMG\center_2026_08_31_21_58_03_640.jpg, C:\Users\eljes\Downloads\simulator-windows-64\IMG\left_2026_08_31_21_58_03_640.jpg, C:\Users\eljes\Downloads\simulator-windows-64\IMG\right_2026_08_31_21_58_03_640.jpg, 0, 1, 0, 30.19029
C:\Users\eljes\Downloads\simulator-windows-64\IMG\center_2026_08_31_21_58_03_744.jpg, C:\Users\eljes\Downloads\simulator-windows-64\IMG\left_2026_08_31_21_58_03_744.jpg, C:\Users\eljes\Downloads\simulator-windows-64\IMG\right_2026_08_31_21_58_03_744.jpg, 0, 1, 0, 30.19029
C:\Users\eljes\Downloads\simulator-windows-64\IMG\center_2026_08_31_21_58_03_851.jpg, C:\Users\eljes\Downloads\simulator-windows-64\IMG\left_2026_08_31_21_58_03_851.jpg, C:\Users\eljes\Downloads\simulator-windows-64\IMG\right_2026_08_31_21_58_03_851.jpg, 0, 1, 0, 30.19033
C:\Users\eljes\Downloads\simulator-windows-64\IMG\center_2026_08_31_21_58_03_955.jpg, C:\Users\eljes\Downloads\simulator-windows-64\IMG\left_2026_08_31_21_58_03_955.jpg, C:\Users\eljes\Downloads\simulator-windows-64\IMG\right_2026_08_31_21_58_03_955.jpg, -0.0812715, 1, 0, 30.18866
C:\Users\eljes\Downloads\simulator-windows-64\IMG\center_2026_08_31_21_58_04_059.jpg, C:\Users\eljes\Downloads\simulator-windows-64\IMG\left_2026_08_31_21_58_04_059.jpg, C:\Users\eljes\Downloads\simulator-windows-64\IMG\right_2026_08_31_21_58_04_059.jpg, -0.4213326, 1, 0, 30.15215
C:\Users\eljes\Downloads\simulator-windows-64\IMG\center_2026_08_31_21_58_04_161.jpg, C:\Users\eljes\Downloads\simulator-windows-64\IMG\left_2026_08_31_21_58_04_161.jpg, C:\Users\eljes\Downloads\simulator-windows-64\IMG\right_2026_08_31_21_58_04_161.jpg, -0.1165323, 1, 0, 30.19175
C:\Users\eljes\Downloads\simulator-windows-64\IMG\center_2026_08_31_21_58_04_267.jpg, C:\Users\eljes\Downloads\simulator-windows-64\IMG\left_2026_08_31_21_58_04_267.jpg, C:\Users\eljes\Downloads\simulator-windows-64\IMG\right_2026_08_31_21_58_04_267.jpg, 0, 1, 0, 30.18917
C:\Users\eljes\Downloads\simulator-windows-64\IMG\center_2026_08_31_21_58_04_373.jpg, C:\Users\eljes\Downloads\simulator-windows-64\IMG\left_2026_08_31_21_58_04_373.jpg, C:\Users\eljes\Downloads\simulator-windows-64\IMG\right_2026_08_31_21_58_04_373.jpg, 0, 1, 0, 30.19019
C:\Users\eljes\Downloads\simulator-windows-64\IMG\center_2026_08_31_21_58_04_478.jpg, C:\Users\eljes\Downloads\simulator-windows-64\IMG\left_2026_08_31_21_58_04_478.jpg, C:\Users\eljes\Downloads\simulator-windows-64\IMG\right_2026_08_31_21_58_04_478.jpg, 0, 1, 0, 30.19025
C:\Users\eljes\Downloads\simulator-windows-64\IMG\center_2026_08_31_21_58_04_581.jpg, C:\Users\eljes\Downloads\simulator-windows-64\IMG\left_2026_08_31_21_58_04_581.jpg, C:\Users\eljes\Downloads\simulator-windows-64\IMG\right_2026_08_31_21_58_04_581.jpg, 0, 1, 0, 30.19022
C:\Users\eljes\Downloads\simulator-windows-64\IMG\center_2026_08_31_21_58_04_684.jpg, C:\Users\eljes\Downloads\simulator-windows-64\IMG\left_2026_08_31_21_58_04_684.jpg, C:\Users\eljes\Downloads\simulator-windows-64\IMG\right_2026_08_31_21_58_04_684.jpg, 0, 1, 0, 30.19032
C:\Users\eljes\Downloads\simulator-windows-64\IMG\center_2026_08_31_21_58_04_787.jpg, C:\Users\eljes\Downloads\simulator-windows-64\IMG\left_2026_08_31_21_58_04_787.jpg, C:\Users\eljes\Downloads\simulator-windows-64\IMG\right_2026_08_31_21_58_04_787.jpg, 0, 1, 0, 30.19034
C:\Users\eljes\Downloads\simulator-windows-64\IMG\center_2026_08_31_21_58_04_888.jpg, C:\Users\eljes\Downloads\simulator-windows-64\IMG\left_2026_08_31_21_58_04_888.jpg, C:\Users\eljes\Downloads\simulator-windows-64\IMG\right_2026_08_31_21_58_04_888.jpg, 0, 1, 0, 30.19024
C:\Users\eljes\Downloads\simulator-windows-64\IMG\center_2026_08_31_21_58_04_994.jpg, C:\Users\eljes\Downloads\simulator-windows-64\IMG\left_2026_08_31_21_58_04_994.jpg, C:\Users\eljes\Downloads\simulator-windows-64\IMG\right_2026_08_31_21_58_04_994.jpg, 0, 1, 0, 30.19025
C:\Users\eljes\Downloads\simulator-windows-64\IMG\center_2026_08_31_21_58_05_102.jpg, C:\Users\eljes\Downloads\simulator-windows-64\IMG\left_2026_08_31_21_58_05_102.jpg, C:\Users\eljes\Downloads\simulator-windows-64\IMG\right_2026_08_31_21_58_05_102.jpg, 0, 1, 0, 30.1903
C:\Users\eljes\Downloads\simulator-windows-64\IMG\center_2026_08_31_21_58_05_206.jpg, C:\Users\eljes\Downloads\simulator-windows-64\IMG\left_2026_08_31_21_58_05_206.jpg, C:\Users\eljes\Downloads\simulator-windows-64\IMG\right_2026_08_31_21_58_05_206.jpg, 0, 1, 0, 30.19028
C:\Users\eljes\Downloads\simulator-windows-64\IMG\center_2026_08_31_21_58_05_313.jpg, C:\Users\eljes\Downloads\simulator-windows-64\IMG\left_2026_08_31_21_58_05_313.jpg, C:\Users\eljes\Downloads\simulator-windows-64\IMG\right_2026_08_31_21_58_05_313.jpg, 0, 1, 0, 30.19029
C:\Users\eljes\Downloads\simulator-windows-64\IMG\center_2026_08_31_21_58_05_414.jpg, C:\Users\eljes\Downloads\simulator-windows-64\IMG\left_2026_08_31_21_58_05_414.jpg, C:\Users\eljes\Downloads\simulator-windows-64\IMG\right_2026_08_31_21_58_05_414.jpg, 0, 1, 0, 30.19031
C:\Users\eljes\Downloads\simulator-windows-64\IMG\center_2026_08_31_21_58_05_518.jpg, C:\Users\eljes\Downloads\simulator-windows-64\IMG\left_2026_08_31_21_58_05_518.jpg, C:\Users\eljes\Downloads\simulator-windows-64\IMG\right_2026_08_31_21_58_05_518.jpg, 0, 1, 0, 30.19024
C:\Users\eljes\Downloads\simulator-windows-64\IMG\center_2026_08_31_21_58_05_625.jpg, C:\Users\eljes\Downloads\simulator-windows-64\IMG\left_2026_08_31_21_58_05_625.jpg, C:\Users\eljes\Downloads\simulator-windows-64\IMG\right_2026_08_31_21_58_05_625.jpg, -0.221052, 1, 0, 30.17728
C:\Users\eljes\Downloads\simulator-windows-64\IMG\center_2026_08_31_21_58_05_728.jpg, C:\Users\eljes\Downloads\simulator-windows-64\IMG\left_2026_08_31_21_58_05_728.jpg, C:\Users\eljes\Downloads\simulator-windows-64\IMG\right_2026_08_31_21_58_05_728.jpg, -0.2111334, 1, 0, 30.18676
C:\Users\eljes\Downloads\simulator-windows-64\IMG\center_2026_08_31_21_58_05_832.jpg, C:\Users\eljes\Downloads\simulator-windows-64\IMG\left_2026_08_31_21_58_05_832.jpg, C:\Users\eljes\Downloads\simulator-windows-64\IMG\right_2026_08_31_21_58_05_832.jpg, 0, 1, 0, 30.18843
C:\Users\eljes\Downloads\simulator-windows-64\IMG\center_2026_08_31_21_58_05_936.jpg, C:\Users\eljes\Downloads\simulator-windows-64\IMG\left_2026_08_31_21_58_05_936.jpg, C:\Users\eljes\Downloads\simulator-windows-64\IMG\right_2026_08_31_21_58_05_936.jpg, 0, 1, 0, 30.19003
C:\Users\eljes\Downloads\simulator-windows-64\IMG\center_2026_08_31_21_58_06_041.jpg, C:\Users\eljes\Downloads\simulator-windows-64\IMG\left_2026_08_31_21_58_06_041.jpg, C:\Users\eljes\Downloads\simulator-windows-64\IMG\right_2026_08_31_21_58_06_041.jpg, 0, 1, 0, 30.19029
C:\Users\eljes\Downloads\simulator-windows-64\IMG\center_2026_08_31_21_58_06_141.jpg, C:\Users\eljes\Downloads\simulator-windows-64\IMG\left_2026_08_31_21_58_06_141.jpg, C:\Users\eljes\Downloads\simulator-windows-64\IMG\right_2026_08_31_21_58_06_141.jpg, -0.2310681, 1, 0, 30.17747
C:\Users\eljes\Downloads\simulator-windows-64\IMG\center_2026_08_31_21_58_06_242.jpg, C:\Users\eljes\Downloads\simulator-windows-64\IMG\left_2026_08_31_21_58_06_242.jpg, C:\Users\eljes\Downloads\simulator-windows-64\IMG\right_2026_08_31_21_58_06_242.jpg, -0.3574761, 1, 0, 30.17009
C:\Users\eljes\Downloads\simulator-windows-64\IMG\center_2026_08_31_21_58_06_344.jpg, C:\Users\eljes\Downloads\simulator-windows-64\IMG\left_2026_08_31_21_58_06_344.jpg, C:\Users\eljes\Downloads\simulator-windows-64\IMG\right_2026_08_31_21_58_06_344.jpg, -0.04970587, 1, 0, 30.19023
C:\Users\eljes\Downloads\simulator-windows-64\IMG\center_2026_08_31_21_58_06_451.jpg, C:\Users\eljes\Downloads\simulator-windows-64\IMG\left_2026_08_31_21_58_06_451.jpg, C:\Users\eljes\Downloads\simulator-windows-64\IMG\right_2026_08_31_21_58_06_451.jpg, 0, 1, 0, 30.18955
C:\Users\eljes\Downloads\simulator-windows-64\IMG\center_2026_08_31_21_58_06_554.jpg, C:\Users\eljes\Downloads\simulator-windows-64\IMG\left_2026_08_31_21_58_06_554.jpg, C:\Users\eljes\Downloads\simulator-windows-64\IMG\right_2026_08_31_21_58_06_554.jpg, 0, 1, 0, 30.1902
C:\Users\eljes\Downloads\simulator-windows-64\IMG\center_2026_08_31_21_58_06_655.jpg, C:\Users\eljes\Downloads\simulator-windows-64\IMG\left_2026_08_31_21_58_06_655.jpg, C:\Users\eljes\Downloads\simulator-windows-64\IMG\right_2026_08_31_21_58_06_655.jpg, 0, 1, 0, 30.19029
C:\Users\eljes\Downloads\simulator-windows-64\IMG\center_2026_08_31_21_58_06_757.jpg, C:\Users\eljes\Downloads\simulator-windows-64\IMG\left_2026_08_31_21_58_06_757.jpg, C:\Users\eljes\Downloads\simulator-windows-64\IMG\right_2026_08_31_21_58_06_757.jpg, 0, 1, 0, 30.19029
C:\Users\eljes\Downloads\simulator-windows-64\IMG\center_2026_08_31_21_58_06_861.jpg, C:\Users\eljes\Downloads\simulator-windows-64\IMG\left_2026_08_31_21_58_06_861.jpg, C:\Users\eljes\Downloads\simulator-windows-64\IMG\right_2026_08_31_21_58_06_861.jpg, -0.0221646, 1, 0, 30.1902
C:\Users\eljes\Downloads\simulator-windows-64\IMG\center_2026_08_31_21_58_06_961.jpg, C:\Users\eljes\Downloads\simulator-windows-64\IMG\left_2026_08_31_21_58_06_961.jpg, C:\Users\eljes\Downloads\simulator-windows-64\IMG\right_2026_08_31_21_58_06_961.jpg, -0.3230904, 1, 0, 30.16507
C:\Users\eljes\Downloads\simulator-windows-64\IMG\center_2026_08_31_21_58_07_061.jpg, C:\Users\eljes\Downloads\simulator-windows-64\IMG\left_2026_08_31_21_58_07_061.jpg, C:\Users\eljes\Downloads\simulator-windows-64\IMG\right_2026_08_31_21_58_07_061.jpg, -0.2518395, 1, 0, 30.18724
C:\Users\eljes\Downloads\simulator-windows-64\IMG\center_2026_08_31_21_58_07_163.jpg, C:\Users\eljes\Downloads\simulator-windows-64\IMG\left_2026_08_31_21_58_07_163.jpg, C:\Users\eljes\Downloads\simulator-windows-64\IMG\right_2026_08_31_21_58_07_163.jpg, 0, 1, 0, 30.18733
C:\Users\eljes\Downloads\simulator-windows-64\IMG\center_2026_08_31_21_58_07_268.jpg, C:\Users\eljes\Downloads\simulator-windows-64\IMG\left_2026_08_31_21_58_07_268.jpg, C:\Users\eljes\Downloads\simulator-windows-64\IMG\right_2026_08_31_21_58_07_268.jpg, 0, 1, 0, 30.18991
C:\Users\eljes\Downloads\simulator-windows-64\IMG\center_2026_08_31_21_58_07_370.jpg, C:\Users\eljes\Downloads\simulator-windows-64\IMG\left_2026_08_31_21_58_07_370.jpg, C:\Users\eljes\Downloads\simulator-windows-64\IMG\right_2026_08_31_21_58_07_370.jpg, 0, 1, 0, 30.19026
C:\Users\eljes\Downloads\simulator-windows-64\IMG\center_2026_08_31_21_58_07_473.jpg, C:\Users\eljes\Downloads\simulator-windows-64\IMG\left_2026_08_31_21_58_07_473.jpg, C:\Users\eljes\Downloads\simulator-windows-64\IMG\right_2026_08_31_21_58_07_473.jpg, 0, 1, 0, 30.1903
C:\Users\eljes\Downloads\simulator-windows-64\IMG\center_2026_08_31_21_58_07_575.jpg, C:\Users\eljes\Downloads\simulator-windows-64\IMG\left_2026_08_31_21_58_07_575.jpg, C:\Users\eljes\Downloads\simulator-windows-64\IMG\right_2026_08_31_21_58_07_575.jpg, 0, 1, 0, 30.19021
C:\Users\eljes\Downloads\simulator-windows-64\IMG\center_2026_08_31_21_58_07_685.jpg, C:\Users\eljes\Downloads\simulator-windows-64\IMG\left_2026_08_31_21_58_07_685.jpg, C:\Users\eljes\Downloads\simulator-windows-64\IMG\right_2026_08_31_21_58_07_685.jpg, -0.0257958, 1, 0, 30.1901
C:\Users\eljes\Downloads\simulator-windows-64\IMG\center_2026_08_31_21_58_07_786.jpg, C:\Users\eljes\Downloads\simulator-windows-64\IMG\left_2026_08_31_21_58_07_786.jpg, C:\Users\eljes\Downloads\simulator-windows-64\IMG\right_2026_08_31_21_58_07_786.jpg, -0.3263814, 1, 0, 30.16402
C:\Users\eljes\Downloads\simulator-windows-64\IMG\center_2026_08_31_21_58_07_887.jpg, C:\Users\eljes\Downloads\simulator-windows-64\IMG\left_2026_08_31_21_58_07_887.jpg, C:\Users\eljes\Downloads\simulator-windows-64\IMG\right_2026_08_31_21_58_07_887.jpg, -0.1356993, 1, 0, 30.19124
C:\Users\eljes\Downloads\simulator-windows-64\IMG\center_2026_08_31_21_58_07_993.jpg, C:\Users\eljes\Downloads\simulator-windows-64\IMG\left_2026_08_31_21_58_07_993.jpg, C:\Users\eljes\Downloads\simulator-windows-64\IMG\right_2026_08_31_21_58_07_993.jpg, 0, 1, 0, 30.18932
C:\Users\eljes\Downloads\simulator-windows-64\IMG\center_2026_08_31_21_58_08_096.jpg, C:\Users\eljes\Downloads\simulator-windows-64\IMG\left_2026_08_31_21_58_08_096.jpg, C:\Users\eljes\Downloads\simulator-windows-64\IMG\right_2026_08_31_21_58_08_096.jpg, 0, 1, 0, 30.19075
C:\Users\eljes\Downloads\simulator-windows-64\IMG\center_2026_08_31_21_58_08_199.jpg, C:\Users\eljes\Downloads\simulator-windows-64\IMG\left_2026_08_31_21_58_08_199.jpg, C:\Users\eljes\Downloads\simulator-windows-64\IMG\right_2026_08_31_21_58_08_199.jpg, 0, 1, 0, 30.19036
C:\Users\eljes\Downloads\simulator-windows-64\IMG\center_2026_08_31_21_58_08_299.jpg, C:\Users\eljes\Downloads\simulator-windows-64\IMG\left_2026_08_31_21_58_08_299.jpg, C:\Users\eljes\Downloads\simulator-windows-64\IMG\right_2026_08_31_21_58_08_299.jpg, 0, 1, 0, 30.19032
C:\Users\eljes\Downloads\simulator-windows-64\IMG\center_2026_08_31_21_58_08_403.jpg, C:\Users\eljes\Downloads\simulator-windows-64\IMG\left_2026_08_31_21_58_08_403.jpg, C:\Users\eljes\Downloads\simulator-windows-64\IMG\right_2026_08_31_21_58_08_403.jpg, 0, 1, 0, 30.19029
C:\Users\eljes\Downloads\simulator-windows-64\IMG\center_2026_08_31_21_58_08_504.jpg, C:\Users\eljes\Downloads\simulator-windows-64\IMG\left_2026_08_31_21_58_08_504.jpg, C:\Users\eljes\Downloads\simulator-windows-64\IMG\right_2026_08_31_21_58_08_504.jpg, 0, 1, 0, 30.18942
C:\Users\eljes\Downloads\simulator-windows-64\IMG\center_2026_08_31_21_58_08_606.jpg, C:\Users\eljes\Downloads\simulator-windows-64\IMG\left_2026_08_31_21_58_08_606.jpg, C:\Users\eljes\Downloads\simulator-windows-64\IMG\right_2026_08_31_21_58_08_606.jpg, -0.20961, 1, 0, 30.1777
C:\Users\eljes\Downloads\simulator-windows-64\IMG\center_2026_08_31_21_58_08_710.jpg, C:\Users\eljes\Downloads\simulator-windows-64\IMG\left_2026_08_31_21_58_08_710.jpg, C:\Users\eljes\Downloads\simulator-windows-64\IMG\right_2026_08_31_21_58_08_710.jpg, -0.3593016, 1, 0, 30.16605
C:\Users\eljes\Downloads\simulator-windows-64\IMG\center_2026_08_31_21_58_08_811.jpg, C:\Users\eljes\Downloads\simulator-windows-64\IMG\left_2026_08_31_21_58_08_811.jpg, C:\Users\eljes\Downloads\simulator-windows-64\IMG\right_2026_08_31_21_58_08_811.jpg, -0.05032166, 1, 0, 30.1904
C:\Users\eljes\Downloads\simulator-windows-64\IMG\center_2026_08_31_21_58_08_913.jpg, C:\Users\eljes\Downloads\simulator-windows-64\IMG\left_2026_08_31_21_58_08_913.jpg, C:\Users\eljes\Downloads\simulator-windows-64\IMG\right_2026_08_31_21_58_08_913.jpg, 0, 1, 0, 30.18952
C:\Users\eljes\Downloads\simulator-windows-64\IMG\center_2026_08_31_21_58_09_014.jpg, C:\Users\eljes\Downloads\simulator-windows-64\IMG\left_2026_08_31_21_58_09_014.jpg, C:\Users\eljes\Downloads\simulator-windows-64\IMG\right_2026_08_31_21_58_09_014.jpg, -0.0873393, 1, 0, 30.18951
C:\Users\eljes\Downloads\simulator-windows-64\IMG\center_2026_08_31_21_58_09_118.jpg, C:\Users\eljes\Downloads\simulator-windows-64\IMG\left_2026_08_31_21_58_09_118.jpg, C:\Users\eljes\Downloads\simulator-windows-64\IMG\right_2026_08_31_21_58_09_118.jpg, -0.107382, 1, 0, 30.19051
C:\Users\eljes\Downloads\simulator-windows-64\IMG\center_2026_08_31_21_58_09_220.jpg, C:\Users\eljes\Downloads\simulator-windows-64\IMG\left_2026_08_31_21_58_09_220.jpg, C:\Users\eljes\Downloads\simulator-windows-64\IMG\right_2026_08_31_21_58_09_220.jpg, 0, 1, 0, 30.19002
C:\Users\eljes\Downloads\simulator-windows-64\IMG\center_2026_08_31_21_58_09_327.jpg, C:\Users\eljes\Downloads\simulator-windows-64\IMG\left_2026_08_31_21_58_09_327.jpg, C:\Users\eljes\Downloads\simulator-windows-64\IMG\right_2026_08_31_21_58_09_327.jpg, 0, 1, 0, 30.19026
C:\Users\eljes\Downloads\simulator-windows-64\IMG\center_2026_08_31_21_58_09_431.jpg, C:\Users\eljes\Downloads\simulator-windows-64\IMG\left_2026_08_31_21_58_09_431.jpg, C:\Users\eljes\Downloads\simulator-windows-64\IMG\right_2026_08_31_21_58_09_431.jpg, -0.2895933, 1, 0, 30.17025
C:\Users\eljes\Downloads\simulator-windows-64\IMG\center_2026_08_31_21_58_09_535.jpg, C:\Users\eljes\Downloads\simulator-windows-64\IMG\left_2026_08_31_21_58_09_535.jpg, C:\Users\eljes\Downloads\simulator-windows-64\IMG\right_2026_08_31_21_58_09_535.jpg, -0.581197, 1, 0, 30.13152
C:\Users\eljes\Downloads\simulator-windows-64\IMG\center_2026_08_31_21_58_09_643.jpg, C:\Users\eljes\Downloads\simulator-windows-64\IMG\left_2026_08_31_21_58_09_643.jpg, C:\Users\eljes\Downloads\simulator-windows-64\IMG\right_2026_08_31_21_58_09_643.jpg, -0.7488819, 1, 0, 30.12782
C:\Users\eljes\Downloads\simulator-windows-64\IMG\center_2026_08_31_21_58_09_746.jpg, C:\Users\eljes\Downloads\simulator-windows-64\IMG\left_2026_08_31_21_58_09_746.jpg, C:\Users\eljes\Downloads\simulator-windows-64\IMG\right_2026_08_31_21_58_09_746.jpg, -0.4390451, 1, 0, 30.1976
C:\Users\eljes\Downloads\simulator-windows-64\IMG\center_2026_08_31_21_58_09_850.jpg, C:\Users\eljes\Downloads\simulator-windows-64\IMG\left_2026_08_31_21_58_09_850.jpg, C:\Users\eljes\Downloads\simulator-windows-64\IMG\right_2026_08_31_21_58_09_850.jpg, -0.1452404, 1, 0, 30.19437
C:\Users\eljes\Downloads\simulator-windows-64\IMG\center_2026_08_31_21_58_09_955.jpg, C:\Users\eljes\Downloads\simulator-windows-64\IMG\left_2026_08_31_21_58_09_955.jpg, C:\Users\eljes\Downloads\simulator-windows-64\IMG\right_2026_08_31_21_58_09_955.jpg, 0, 1, 0, 30.18807
C:\Users\eljes\Downloads\simulator-windows-64\IMG\center_2026_08_31_21_58_10_061.jpg, C:\Users\eljes\Downloads\simulator-windows-64\IMG\left_2026_08_31_21_58_10_061.jpg, C:\Users\eljes\Downloads\simulator-windows-64\IMG\right_2026_08_31_21_58_10_061.jpg, 0, 1, 0, 30.18902
C:\Users\eljes\Downloads\simulator-windows-64\IMG\center_2026_08_31_21_58_10_167.jpg, C:\Users\eljes\Downloads\simulator-windows-64\IMG\left_2026_08_31_21_58_10_167.jpg, C:\Users\eljes\Downloads\simulator-windows-64\IMG\right_2026_08_31_21_58_10_167.jpg, 0.2963025, 1, 0, 30.16501
C:\Users\eljes\Downloads\simulator-windows-64\IMG\center_2026_08_31_21_58_10_268.jpg, C:\Users\eljes\Downloads\simulator-windows-64\IMG\left_2026_08_31_21_58_10_268.jpg, C:\Users\eljes\Downloads\simulator-windows-64\IMG\right_2026_08_31_21_58_10_268.jpg, 0.4348329, 1, 0, 30.15905
C:\Users\eljes\Downloads\simulator-windows-64\IMG\center_2026_08_31_21_58_10_368.jpg, C:\Users\eljes\Downloads\simulator-windows-64\IMG\left_2026_08_31_21_58_10_368.jpg, C:\Users\eljes\Downloads\simulator-windows-64\IMG\right_2026_08_31_21_58_10_368.jpg, 0.1389104, 1, 0, 30.19134
C:\Users\eljes\Downloads\simulator-windows-64\IMG\center_2026_08_31_21_58_10_469.jpg, C:\Users\eljes\Downloads\simulator-windows-64\IMG\left_2026_08_31_21_58_10_469.jpg, C:\Users\eljes\Downloads\simulator-windows-64\IMG\right_2026_08_31_21_58_10_469.jpg, 0, 1, 0, 30.18791
C:\Users\eljes\Downloads\simulator-windows-64\IMG\center_2026_08_31_21_58_10_570.jpg, C:\Users\eljes\Downloads\simulator-windows-64\IMG\left_2026_08_31_21_58_10_570.jpg, C:\Users\eljes\Downloads\simulator-windows-64\IMG\right_2026_08_31_21_58_10_570.jpg, 0, 1, 0, 30.19027
C:\Users\eljes\Downloads\simulator-windows-64\IMG\center_2026_08_31_21_58_10_677.jpg, C:\Users\eljes\Downloads\simulator-windows-64\IMG\left_2026_08_31_21_58_10_677.jpg, C:\Users\eljes\Downloads\simulator-windows-64\IMG\right_2026_08_31_21_58_10_677.jpg, 0, 1, 0, 30.19036
C:\Users\eljes\Downloads\simulator-windows-64\IMG\center_2026_08_31_21_58_10_784.jpg, C:\Users\eljes\Downloads\simulator-windows-64\IMG\left_2026_08_31_21_58_10_784.jpg, C:\Users\eljes\Downloads\simulator-windows-64\IMG\right_2026_08_31_21_58_10_784.jpg, 0, 1, 0, 30.19108
C:\Users\eljes\Downloads\simulator-windows-64\IMG\center_2026_08_31_21_58_10_888.jpg, C:\Users\eljes\Downloads\simulator-windows-64\IMG\left_2026_08_31_21_58_10_888.jpg, C:\Users\eljes\Downloads\simulator-windows-64\IMG\right_2026_08_31_21_58_10_888.jpg, 0, 1, 0, 30.19066
C:\Users\eljes\Downloads\simulator-windows-64\IMG\center_2026_08_31_21_58_10_988.jpg, C:\Users\eljes\Downloads\simulator-windows-64\IMG\left_2026_08_31_21_58_10_988.jpg, C:\Users\eljes\Downloads\simulator-windows-64\IMG\right_2026_08_31_21_58_10_988.jpg, 0, 1, 0, 30.19061
C:\Users\eljes\Downloads\simulator-windows-64\IMG\center_2026_08_31_21_58_11_088.jpg, C:\Users\eljes\Downloads\simulator-windows-64\IMG\left_2026_08_31_21_58_11_088.jpg, C:\Users\eljes\Downloads\simulator-windows-64\IMG\right_2026_08_31_21_58_11_088.jpg, 0, 1, 0, 30.1906
C:\Users\eljes\Downloads\simulator-windows-64\IMG\center_2026_08_31_21_58_11_194.jpg, C:\Users\eljes\Downloads\simulator-windows-64\IMG\left_2026_08_31_21_58_11_194.jpg, C:\Users\eljes\Downloads\simulator-windows-64\IMG\right_2026_08_31_21_58_11_194.jpg, 0, 1, 0, 30.19197
C:\Users\eljes\Downloads\simulator-windows-64\IMG\center_2026_08_31_21_58_11_297.jpg, C:\Users\eljes\Downloads\simulator-windows-64\IMG\left_2026_08_31_21_58_11_297.jpg, C:\Users\eljes\Downloads\simulator-windows-64\IMG\right_2026_08_31_21_58_11_297.jpg, 0, 1, 0, 30.19097
C:\Users\eljes\Downloads\simulator-windows-64\IMG\center_2026_08_31_21_58_11_401.jpg, C:\Users\eljes\Downloads\simulator-windows-64\IMG\left_2026_08_31_21_58_11_401.jpg, C:\Users\eljes\Downloads\simulator-windows-64\IMG\right_2026_08_31_21_58_11_401.jpg, 0, 1, 0, 30.19196
C:\Users\eljes\Downloads\simulator-windows-64\IMG\center_2026_08_31_21_58_11_503.jpg, C:\Users\eljes\Downloads\simulator-windows-64\IMG\left_2026_08_31_21_58_11_503.jpg, C:\Users\eljes\Downloads\simulator-windows-64\IMG\right_2026_08_31_21_58_11_503.jpg, -0.1644642, 1, 0, 30.18196
C:\Users\eljes\Downloads\simulator-windows-64\IMG\center_2026_08_31_21_58_11_607.jpg, C:\Users\eljes\Downloads\simulator-windows-64\IMG\left_2026_08_31_21_58_11_607.jpg, C:\Users\eljes\Downloads\simulator-windows-64\IMG\right_2026_08_31_21_58_11_607.jpg, 0, 1, 0, 30.19014
C:\Users\eljes\Downloads\simulator-windows-64\IMG\center_2026_08_31_21_58_11_710.jpg, C:\Users\eljes\Downloads\simulator-windows-64\IMG\left_2026_08_31_21_58_11_710.jpg, C:\Users\eljes\Downloads\simulator-windows-64\IMG\right_2026_08_31_21_58_11_710.jpg, 0, 1, 0, 30.19233
C:\Users\eljes\Downloads\simulator-windows-64\IMG\center_2026_08_31_21_58_11_815.jpg, C:\Users\eljes\Downloads\simulator-windows-64\IMG\left_2026_08_31_21_58_11_815.jpg, C:\Users\eljes\Downloads\simulator-windows-64\IMG\right_2026_08_31_21_58_11_815.jpg, 0, 1, 0, 30.19005
C:\Users\eljes\Downloads\simulator-windows-64\IMG\center_2026_08_31_21_58_11_920.jpg, C:\Users\eljes\Downloads\simulator-windows-64\IMG\left_2026_08_31_21_58_11_920.jpg, C:\Users\eljes\Downloads\simulator-windows-64\IMG\right_2026_08_31_21_58_11_920.jpg, -0.1864239, 1, 0, 30.18347
C:\Users\eljes\Downloads\simulator-windows-64\IMG\center_2026_08_31_21_58_12_021.jpg, C:\Users\eljes\Downloads\simulator-windows-64\IMG\left_2026_08_31_21_58_12_021.jpg, C:\Users\eljes\Downloads\simulator-windows-64\IMG\right_2026_08_31_21_58_12_021.jpg, 0, 1, 0, 30.1897
C:\Users\eljes\Downloads\simulator-windows-64\IMG\center_2026_08_31_21_58_12_128.jpg, C:\Users\eljes\Downloads\simulator-windows-64\IMG\left_2026_08_31_21_58_12_128.jpg, C:\Users\eljes\Downloads\simulator-windows-64\IMG\right_2026_08_31_21_58_12_128.jpg, 0, 1, 0, 30.19018
C:\Users\eljes\Downloads\simulator-windows-64\IMG\center_2026_08_31_21_58_12_231.jpg, C:\Users\eljes\Downloads\simulator-windows-64\IMG\left_2026_08_31_21_58_12_231.jpg, C:\Users\eljes\Downloads\simulator-windows-64\IMG\right_2026_08_31_21_58_12_231.jpg, -0.2878551, 1, 0, 30.17167
C:\Users\eljes\Downloads\simulator-windows-64\IMG\center_2026_08_31_21_58_12_337.jpg, C:\Users\eljes\Downloads\simulator-windows-64\IMG\left_2026_08_31_21_58_12_337.jpg, C:\Users\eljes\Downloads\simulator-windows-64\IMG\right_2026_08_31_21_58_12_337.jpg, -0.5861646, 1, 0, 30.13109
C:\Users\eljes\Downloads\simulator-windows-64\IMG\center_2026_08_31_21_58_12_440.jpg, C:\Users\eljes\Downloads\simulator-windows-64\IMG\left_2026_08_31_21_58_12_440.jpg, C:\Users\eljes\Downloads\simulator-windows-64\IMG\right_2026_08_31_21_58_12_440.jpg, -0.5919507, 1, 0, 30.16762
C:\Users\eljes\Downloads\simulator-windows-64\IMG\center_2026_08_31_21_58_12_545.jpg, C:\Users\eljes\Downloads\simulator-windows-64\IMG\left_2026_08_31_21_58_12_545.jpg, C:\Users\eljes\Downloads\simulator-windows-64\IMG\right_2026_08_31_21_58_12_545.jpg, -0.2768557, 1, 0, 30.20095
C:\Users\eljes\Downloads\simulator-windows-64\IMG\center_2026_08_31_21_58_12_652.jpg, C:\Users\eljes\Downloads\simulator-windows-64\IMG\left_2026_08_31_21_58_12_652.jpg, C:\Users\eljes\Downloads\simulator-windows-64\IMG\right_2026_08_31_21_58_12_652.jpg, 0, 1, 0, 30.18526
C:\Users\eljes\Downloads\simulator-windows-64\IMG\center_2026_08_31_21_58_12_753.jpg, C:\Users\eljes\Downloads\simulator-windows-64\IMG\left_2026_08_31_21_58_12_753.jpg, C:\Users\eljes\Downloads\simulator-windows-64\IMG\right_2026_08_31_21_58_12_753.jpg, 0, 1, 0, 30.18934
C:\Users\eljes\Downloads\simulator-windows-64\IMG\center_2026_08_31_21_58_12_857.jpg, C:\Users\eljes\Downloads\simulator-windows-64\IMG\left_2026_08_31_21_58_12_857.jpg, C:\Users\eljes\Downloads\simulator-windows-64\IMG\right_2026_08_31_21_58_12_857.jpg, 0, 1, 0, 30.19029
C:\Users\eljes\Downloads\simulator-windows-64\IMG\center_2026_08_31_21_58_12_963.jpg, C:\Users\eljes\Downloads\simulator-windows-64\IMG\left_2026_08_31_21_58_12_963.jpg, C:\Users\eljes\Downloads\simulator-windows-64\IMG\right_2026_08_31_21_58_12_963.jpg, 0, 1, 0, 30.19033
C:\Users\eljes\Downloads\simulator-windows-64\IMG\center_2026_08_31_21_58_13_064.jpg, C:\Users\eljes\Downloads\simulator-windows-64\IMG\left_2026_08_31_21_58_13_064.jpg, C:\Users\eljes\Downloads\simulator-windows-64\IMG\right_2026_08_31_21_58_13_064.jpg, 0, 1, 0, 30.19029
C:\Users\eljes\Downloads\simulator-windows-64\IMG\center_2026_08_31_21_58_13_167.jpg, C:\Users\eljes\Downloads\simulator-windows-64\IMG\left_2026_08_31_21_58_13_167.jpg, C:\Users\eljes\Downloads\simulator-windows-64\IMG\right_2026_08_31_21_58_13_167.jpg, 0, 1, 0, 30.19032
C:\Users\eljes\Downloads\simulator-windows-64\IMG\center_2026_08_31_21_58_13_268.jpg, C:\Users\eljes\Downloads\simulator-windows-64\IMG\left_2026_08_31_21_58_13_268.jpg, C:\Users\eljes\Downloads\simulator-windows-64\IMG\right_2026_08_31_21_58_13_268.jpg, 0, 1, 0, 30.19027
C:\Users\eljes\Downloads\simulator-windows-64\IMG\center_2026_08_31_21_58_13_374.jpg, C:\Users\eljes\Downloads\simulator-windows-64\IMG\left_2026_08_31_21_58_13_374.jpg, C:\Users\eljes\Downloads\simulator-windows-64\IMG\right_2026_08_31_21_58_13_374.jpg, 0, 1, 0, 30.19041
C:\Users\eljes\Downloads\simulator-windows-64\IMG\center_2026_08_31_21_58_13_478.jpg, C:\Users\eljes\Downloads\simulator-windows-64\IMG\left_2026_08_31_21_58_13_478.jpg, C:\Users\eljes\Downloads\simulator-windows-64\IMG\right_2026_08_31_21_58_13_478.jpg, 0, 1, 0, 30.19031
C:\Users\eljes\Downloads\simulator-windows-64\IMG\center_2026_08_31_21_58_13_583.jpg, C:\Users\eljes\Downloads\simulator-windows-64\IMG\left_2026_08_31_21_58_13_583.jpg, C:\Users\eljes\Downloads\simulator-windows-64\IMG\right_2026_08_31_21_58_13_583.jpg, 0, 1, 0, 30.19038
C:\Users\eljes\Downloads\simulator-windows-64\IMG\center_2026_08_31_21_58_13_684.jpg, C:\Users\eljes\Downloads\simulator-windows-64\IMG\left_2026_08_31_21_58_13_684.jpg, C:\Users\eljes\Downloads\simulator-windows-64\IMG\right_2026_08_31_21_58_13_684.jpg, 0, 1, 0, 30.19029
C:\Users\eljes\Downloads\simulator-windows-64\IMG\center_2026_08_31_21_58_13_791.jpg, C:\Users\eljes\Downloads\simulator-windows-64\IMG\left_2026_08_31_21_58_13_791.jpg, C:\Users\eljes\Downloads\simulator-windows-64\IMG\right_2026_08_31_21_58_13_791.jpg, 0, 1, 0, 30.19027
C:\Users\eljes\Downloads\simulator-windows-64\IMG\center_2026_08_31_21_58_13_893.jpg, C:\Users\eljes\Downloads\simulator-windows-64\IMG\left_2026_08_31_21_58_13_893.jpg, C:\Users\eljes\Downloads\simulator-windows-64\IMG\right_2026_08_31_21_58_13_893.jpg, 0, 1, 0, 30.1903
C:\Users\eljes\Downloads\simulator-windows-64\IMG\center_2026_08_31_21_58_13_995.jpg, C:\Users\eljes\Downloads\simulator-windows-64\IMG\left_2026_08_31_21_58_13_995.jpg, C:\Users\eljes\Downloads\simulator-windows-64\IMG\right_2026_08_31_21_58_13_995.jpg, 0, 1, 0, 30.19032
C:\Users\eljes\Downloads\simulator-windows-64\IMG\center_2026_08_31_21_58_14_101.jpg, C:\Users\eljes\Downloads\simulator-windows-64\IMG\left_2026_08_31_21_58_14_101.jpg, C:\Users\eljes\Downloads\simulator-windows-64\IMG\right_2026_08_31_21_58_14_101.jpg, 0, 1, 0, 30.19051
C:\Users\eljes\Downloads\simulator-windows-64\IMG\center_2026_08_31_21_58_14_202.jpg, C:\Users\eljes\Downloads\simulator-windows-64\IMG\left_2026_08_31_21_58_14_202.jpg, C:\Users\eljes\Downloads\simulator-windows-64\IMG\right_2026_08_31_21_58_14_202.jpg, 0, 1, 0, 30.19027
C:\Users\eljes\Downloads\simulator-windows-64\IMG\center_2026_08_31_21_58_14_304.jpg, C:\Users\eljes\Downloads\simulator-windows-64\IMG\left_2026_08_31_21_58_14_304.jpg, C:\Users\eljes\Downloads\simulator-windows-64\IMG\right_2026_08_31_21_58_14_304.jpg, 0, 1, 0, 30.19038
C:\Users\eljes\Downloads\simulator-windows-64\IMG\center_2026_08_31_21_58_14_410.jpg, C:\Users\eljes\Downloads\simulator-windows-64\IMG\left_2026_08_31_21_58_14_410.jpg, C:\Users\eljes\Downloads\simulator-windows-64\IMG\right_2026_08_31_21_58_14_410.jpg, 0, 1, 0, 30.19029
C:\Users\eljes\Downloads\simulator-windows-64\IMG\center_2026_08_31_21_58_14_513.jpg, C:\Users\eljes\Downloads\simulator-windows-64\IMG\left_2026_08_31_21_58_14_513.jpg, C:\Users\eljes\Downloads\simulator-windows-64\IMG\right_2026_08_31_21_58_14_513.jpg, 0, 1, 0, 30.19032
C:\Users\eljes\Downloads\simulator-windows-64\IMG\center_2026_08_31_21_58_14_614.jpg, C:\Users\eljes\Downloads\simulator-windows-64\IMG\left_2026_08_31_21_58_14_614.jpg, C:\Users\eljes\Downloads\simulator-windows-64\IMG\right_2026_08_31_21_58_14_614.jpg, -0.2193744, 1, 0, 30.17745
C:\Users\eljes\Downloads\simulator-windows-64\IMG\center_2026_08_31_21_58_14_720.jpg, C:\Users\eljes\Downloads\simulator-windows-64\IMG\left_2026_08_31_21_58_14_720.jpg, C:\Users\eljes\Downloads\simulator-windows-64\IMG\right_2026_08_31_21_58_14_720.jpg, -0.2000487, 1, 0, 30.18887
C:\Users\eljes\Downloads\simulator-windows-64\IMG\center_2026_08_31_21_58_14_820.jpg, C:\Users\eljes\Downloads\simulator-windows-64\IMG\left_2026_08_31_21_58_14_820.jpg, C:\Users\eljes\Downloads\simulator-windows-64\IMG\right_2026_08_31_21_58_14_820.jpg, 0, 1, 0, 30.18873
C:\Users\eljes\Downloads\simulator-windows-64\IMG\center_2026_08_31_21_58_14_926.jpg, C:\Users\eljes\Downloads\simulator-windows-64\IMG\left_2026_08_31_21_58_14_926.jpg, C:\Users\eljes\Downloads\simulator-windows-64\IMG\right_2026_08_31_21_58_14_926.jpg, 0, 1, 0, 30.18977
C:\Users\eljes\Downloads\simulator-windows-64\IMG\center_2026_08_31_21_58_15_032.jpg, C:\Users\eljes\Downloads\simulator-windows-64\IMG\left_2026_08_31_21_58_15_032.jpg, C:\Users\eljes\Downloads\simulator-windows-64\IMG\right_2026_08_31_21_58_15_032.jpg, 0, 1, 0, 30.19029
C:\Users\eljes\Downloads\simulator-windows-64\IMG\center_2026_08_31_21_58_15_132.jpg, C:\Users\eljes\Downloads\simulator-windows-64\IMG\left_2026_08_31_21_58_15_132.jpg, C:\Users\eljes\Downloads\simulator-windows-64\IMG\right_2026_08_31_21_58_15_132.jpg, 0, 1, 0, 30.19033
C:\Users\eljes\Downloads\simulator-windows-64\IMG\center_2026_08_31_21_58_15_233.jpg, C:\Users\eljes\Downloads\simulator-windows-64\IMG\left_2026_08_31_21_58_15_233.jpg, C:\Users\eljes\Downloads\simulator-windows-64\IMG\right_2026_08_31_21_58_15_233.jpg, 0, 1, 0, 30.19017
C:\Users\eljes\Downloads\simulator-windows-64\IMG\center_2026_08_31_21_58_15_336.jpg, C:\Users\eljes\Downloads\simulator-windows-64\IMG\left_2026_08_31_21_58_15_336.jpg, C:\Users\eljes\Downloads\simulator-windows-64\IMG\right_2026_08_31_21_58_15_336.jpg, 0.1075077, 1, 0, 30.1872
C:\Users\eljes\Downloads\simulator-windows-64\IMG\center_2026_08_31_21_58_15_440.jpg, C:\Users\eljes\Downloads\simulator-windows-64\IMG\left_2026_08_31_21_58_15_440.jpg, C:\Users\eljes\Downloads\simulator-windows-64\IMG\right_2026_08_31_21_58_15_440.jpg, 0.2567436, 1, 0, 30.18113
C:\Users\eljes\Downloads\simulator-windows-64\IMG\center_2026_08_31_21_58_15_545.jpg, C:\Users\eljes\Downloads\simulator-windows-64\IMG\left_2026_08_31_21_58_15_545.jpg, C:\Users\eljes\Downloads\simulator-windows-64\IMG\right_2026_08_31_21_58_15_545.jpg, 0, 1, 0, 30.18817
C:\Users\eljes\Downloads\simulator-windows-64\IMG\center_2026_08_31_21_58_15_645.jpg, C:\Users\eljes\Downloads\simulator-windows-64\IMG\left_2026_08_31_21_58_15_645.jpg, C:\Users\eljes\Downloads\simulator-windows-64\IMG\right_2026_08_31_21_58_15_645.jpg, 0, 1, 0, 30.18999
C:\Users\eljes\Downloads\simulator-windows-64\IMG\center_2026_08_31_21_58_15_751.jpg, C:\Users\eljes\Downloads\simulator-windows-64\IMG\left_2026_08_31_21_58_15_751.jpg, C:\Users\eljes\Downloads\simulator-windows-64\IMG\right_2026_08_31_21_58_15_751.jpg, 0, 1, 0, 30.19023
C:\Users\eljes\Downloads\simulator-windows-64\IMG\center_2026_08_31_21_58_15_855.jpg, C:\Users\eljes\Downloads\simulator-windows-64\IMG\left_2026_08_31_21_58_15_855.jpg, C:\Users\eljes\Downloads\simulator-windows-64\IMG\right_2026_08_31_21_58_15_855.jpg, -0.1056657, 1, 0, 30.18681
C:\Users\eljes\Downloads\simulator-windows-64\IMG\center_2026_08_31_21_58_15_955.jpg, C:\Users\eljes\Downloads\simulator-windows-64\IMG\left_2026_08_31_21_58_15_955.jpg, C:\Users\eljes\Downloads\simulator-windows-64\IMG\right_2026_08_31_21_58_15_955.jpg, -0.3021972, 1, 0, 30.16957
C:\Users\eljes\Downloads\simulator-windows-64\IMG\center_2026_08_31_21_58_16_057.jpg, C:\Users\eljes\Downloads\simulator-windows-64\IMG\left_2026_08_31_21_58_16_057.jpg, C:\Users\eljes\Downloads\simulator-windows-64\IMG\right_2026_08_31_21_58_16_057.jpg, -0.01470633, 1, 0, 30.18934
C:\Users\eljes\Downloads\simulator-windows-64\IMG\center_2026_08_31_21_58_16_159.jpg, C:\Users\eljes\Downloads\simulator-windows-64\IMG\left_2026_08_31_21_58_16_159.jpg, C:\Users\eljes\Downloads\simulator-windows-64\IMG\right_2026_08_31_21_58_16_159.jpg, 0, 1, 0, 30.19002
C:\Users\eljes\Downloads\simulator-windows-64\IMG\center_2026_08_31_21_58_16_263.jpg, C:\Users\eljes\Downloads\simulator-windows-64\IMG\left_2026_08_31_21_58_16_263.jpg, C:\Users\eljes\Downloads\simulator-windows-64\IMG\right_2026_08_31_21_58_16_263.jpg, 0, 1, 0, 30.19026
C:\Users\eljes\Downloads\simulator-windows-64\IMG\center_2026_08_31_21_58_16_369.jpg, C:\Users\eljes\Downloads\simulator-windows-64\IMG\left_2026_08_31_21_58_16_369.jpg, C:\Users\eljes\Downloads\simulator-windows-64\IMG\right_2026_08_31_21_58_16_369.jpg, -0.1802847, 1, 0, 30.18265
C:\Users\eljes\Downloads\simulator-windows-64\IMG\center_2026_08_31_21_58_16_474.jpg, C:\Users\eljes\Downloads\simulator-windows-64\IMG\left_2026_08_31_21_58_16_474.jpg, C:\Users\eljes\Downloads\simulator-windows-64\IMG\right_2026_08_31_21_58_16_474.jpg, -0.05913571, 1, 0, 30.19087
C:\Users\eljes\Downloads\simulator-windows-64\IMG\center_2026_08_31_21_58_16_580.jpg, C:\Users\eljes\Downloads\simulator-windows-64\IMG\left_2026_08_31_21_58_16_580.jpg, C:\Users\eljes\Downloads\simulator-windows-64\IMG\right_2026_08_31_21_58_16_580.jpg, 0, 1, 0, 30.19019
C:\Users\eljes\Downloads\simulator-windows-64\IMG\center_2026_08_31_21_58_16_682.jpg, C:\Users\eljes\Downloads\simulator-windows-64\IMG\left_2026_08_31_21_58_16_682.jpg, C:\Users\eljes\Downloads\simulator-windows-64\IMG\right_2026_08_31_21_58_16_682.jpg, 0, 1, 0, 30.19027
C:\Users\eljes\Downloads\simulator-windows-64\IMG\center_2026_08_31_21_58_16_782.jpg, C:\Users\eljes\Downloads\simulator-windows-64\IMG\left_2026_08_31_21_58_16_782.jpg, C:\Users\eljes\Downloads\simulator-windows-64\IMG\right_2026_08_31_21_58_16_782.jpg, 0.0225492, 1, 0, 30.19022
C:\Users\eljes\Downloads\simulator-windows-64\IMG\center_2026_08_31_21_58_16_887.jpg, C:\Users\eljes\Downloads\simulator-windows-64\IMG\left_2026_08_31_21_58_16_887.jpg, C:\Users\eljes\Downloads\simulator-windows-64\IMG\right_2026_08_31_21_58_16_887.jpg, 0.2305398, 1, 0, 30.17549
C:\Users\eljes\Downloads\simulator-windows-64\IMG\center_2026_08_31_21_58_16_994.jpg, C:\Users\eljes\Downloads\simulator-windows-64\IMG\left_2026_08_31_21_58_16_994.jpg, C:\Users\eljes\Downloads\simulator-windows-64\IMG\right_2026_08_31_21_58_16_994.jpg, 0, 1, 0, 30.18922
C:\Users\eljes\Downloads\simulator-windows-64\IMG\center_2026_08_31_21_58_17_095.jpg, C:\Users\eljes\Downloads\simulator-windows-64\IMG\left_2026_08_31_21_58_17_095.jpg, C:\Users\eljes\Downloads\simulator-windows-64\IMG\right_2026_08_31_21_58_17_095.jpg, 0, 1, 0, 30.19016
C:\Users\eljes\Downloads\simulator-windows-64\IMG\center_2026_08_31_21_58_17_199.jpg, C:\Users\eljes\Downloads\simulator-windows-64\IMG\left_2026_08_31_21_58_17_199.jpg, C:\Users\eljes\Downloads\simulator-windows-64\IMG\right_2026_08_31_21_58_17_199.jpg, 0, 1, 0, 30.19029
C:\Users\eljes\Downloads\simulator-windows-64\IMG\center_2026_08_31_21_58_17_304.jpg, C:\Users\eljes\Downloads\simulator-windows-64\IMG\left_2026_08_31_21_58_17_304.jpg, C:\Users\eljes\Downloads\simulator-windows-64\IMG\right_2026_08_31_21_58_17_304.jpg, 0, 1, 0, 30.19032
C:\Users\eljes\Downloads\simulator-windows-64\IMG\center_2026_08_31_21_58_17_405.jpg, C:\Users\eljes\Downloads\simulator-windows-64\IMG\left_2026_08_31_21_58_17_405.jpg, C:\Users\eljes\Downloads\simulator-windows-64\IMG\right_2026_08_31_21_58_17_405.jpg, 0.0218694, 1, 0, 30.19019
C:\Users\eljes\Downloads\simulator-windows-64\IMG\center_2026_08_31_21_58_17_507.jpg, C:\Users\eljes\Downloads\simulator-windows-64\IMG\left_2026_08_31_21_58_17_507.jpg, C:\Users\eljes\Downloads\simulator-windows-64\IMG\right_2026_08_31_21_58_17_507.jpg, 0.3092055, 1, 0, 30.1671
C:\Users\eljes\Downloads\simulator-windows-64\IMG\center_2026_08_31_21_58_17_609.jpg, C:\Users\eljes\Downloads\simulator-windows-64\IMG\left_2026_08_31_21_58_17_609.jpg, C:\Users\eljes\Downloads\simulator-windows-64\IMG\right_2026_08_31_21_58_17_609.jpg, 0.1247265, 1, 0, 30.19124
C:\Users\eljes\Downloads\simulator-windows-64\IMG\center_2026_08_31_21_58_17_713.jpg, C:\Users\eljes\Downloads\simulator-windows-64\IMG\left_2026_08_31_21_58_17_713.jpg, C:\Users\eljes\Downloads\simulator-windows-64\IMG\right_2026_08_31_21_58_17_713.jpg, 0, 1, 0, 30.18938
C:\Users\eljes\Downloads\simulator-windows-64\IMG\center_2026_08_31_21_58_17_817.jpg, C:\Users\eljes\Downloads\simulator-windows-64\IMG\left_2026_08_31_21_58_17_817.jpg, C:\Users\eljes\Downloads\simulator-windows-64\IMG\right_2026_08_31_21_58_17_817.jpg, 0, 1, 0, 30.19017
C:\Users\eljes\Downloads\simulator-windows-64\IMG\center_2026_08_31_21_58_17_918.jpg, C:\Users\eljes\Downloads\simulator-windows-64\IMG\left_2026_08_31_21_58_17_918.jpg, C:\Users\eljes\Downloads\simulator-windows-64\IMG\right_2026_08_31_21_58_17_918.jpg, -0.1539252, 1, 0, 30.18269
C:\Users\eljes\Downloads\simulator-windows-64\IMG\center_2026_08_31_21_58_18_022.jpg, C:\Users\eljes\Downloads\simulator-windows-64\IMG\left_2026_08_31_21_58_18_022.jpg, C:\Users\eljes\Downloads\simulator-windows-64\IMG\right_2026_08_31_21_58_18_022.jpg, -0.2214822, 1, 0, 30.18529
C:\Users\eljes\Downloads\simulator-windows-64\IMG\center_2026_08_31_21_58_18_124.jpg, C:\Users\eljes\Downloads\simulator-windows-64\IMG\left_2026_08_31_21_58_18_124.jpg, C:\Users\eljes\Downloads\simulator-windows-64\IMG\right_2026_08_31_21_58_18_124.jpg, 0, 1, 0, 30.18867
C:\Users\eljes\Downloads\simulator-windows-64\IMG\center_2026_08_31_21_58_18_229.jpg, C:\Users\eljes\Downloads\simulator-windows-64\IMG\left_2026_08_31_21_58_18_229.jpg, C:\Users\eljes\Downloads\simulator-windows-64\IMG\right_2026_08_31_21_58_18_229.jpg, -0.05579371, 1, 0, 30.18966
C:\Users\eljes\Downloads\simulator-windows-64\IMG\center_2026_08_31_21_58_18_332.jpg, C:\Users\eljes\Downloads\simulator-windows-64\IMG\left_2026_08_31_21_58_18_332.jpg, C:\Users\eljes\Downloads\simulator-windows-64\IMG\right_2026_08_31_21_58_18_332.jpg, -0.3613098, 1, 0, 30.16363
C:\Users\eljes\Downloads\simulator-windows-64\IMG\center_2026_08_31_21_58_18_434.jpg, C:\Users\eljes\Downloads\simulator-windows-64\IMG\left_2026_08_31_21_58_18_434.jpg, C:\Users\eljes\Downloads\simulator-windows-64\IMG\right_2026_08_31_21_58_18_434.jpg, -0.1201122, 1, 0, 30.1911
C:\Users\eljes\Downloads\simulator-windows-64\IMG\center_2026_08_31_21_58_18_535.jpg, C:\Users\eljes\Downloads\simulator-windows-64\IMG\left_2026_08_31_21_58_18_535.jpg, C:\Users\eljes\Downloads\simulator-windows-64\IMG\right_2026_08_31_21_58_18_535.jpg, 0, 1, 0, 30.18932
C:\Users\eljes\Downloads\simulator-windows-64\IMG\center_2026_08_31_21_58_18_638.jpg, C:\Users\eljes\Downloads\simulator-windows-64\IMG\left_2026_08_31_21_58_18_638.jpg, C:\Users\eljes\Downloads\simulator-windows-64\IMG\right_2026_08_31_21_58_18_638.jpg, 0, 1, 0, 30.19007
C:\Users\eljes\Downloads\simulator-windows-64\IMG\center_2026_08_31_21_58_18_745.jpg, C:\Users\eljes\Downloads\simulator-windows-64\IMG\left_2026_08_31_21_58_18_745.jpg, C:\Users\eljes\Downloads\simulator-windows-64\IMG\right_2026_08_31_21_58_18_745.jpg, 0, 1, 0, 30.19026
C:\Users\eljes\Downloads\simulator-windows-64\IMG\center_2026_08_31_21_58_18_848.jpg, C:\Users\eljes\Downloads\simulator-windows-64\IMG\left_2026_08_31_21_58_18_848.jpg, C:\Users\eljes\Downloads\simulator-windows-64\IMG\right_2026_08_31_21_58_18_848.jpg, 0, 1, 0, 30.19027
C:\Users\eljes\Downloads\simulator-windows-64\IMG\center_2026_08_31_21_58_18_953.jpg, C:\Users\eljes\Downloads\simulator-windows-64\IMG\left_2026_08_31_21_58_18_953.jpg, C:\Users\eljes\Downloads\simulator-windows-64\IMG\right_2026_08_31_21_58_18_953.jpg, 0, 1, 0, 30.19029
C:\Users\eljes\Downloads\simulator-windows-64\IMG\center_2026_08_31_21_58_19_054.jpg, C:\Users\eljes\Downloads\simulator-windows-64\IMG\left_2026_08_31_21_58_19_054.jpg, C:\Users\eljes\Downloads\simulator-windows-64\IMG\right_2026_08_31_21_58_19_054.jpg, 0, 1, 0, 30.19027
C:\Users\eljes\Downloads\simulator-windows-64\IMG\center_2026_08_31_21_59_26_901.jpg, C:\Users\eljes\Downloads\simulator-windows-64\IMG\left_2026_08_31_21_59_26_901.jpg, C:\Users\eljes\Downloads\simulator-windows-64\IMG\right_2026_08_31_21_59_26_901.jpg, 0, 1, 0, 30.19032
C:\Users\eljes\Downloads\simulator-windows-64\IMG\center_2026_08_31_21_59_27_008.jpg, C:\Users\eljes\Downloads\simulator-windows-64\IMG\left_2026_08_31_21_59_27_008.jpg, C:\Users\eljes\Downloads\simulator-windows-64\IMG\right_2026_08_31_21_59_27_008.jpg, 0, 1, 0, 30.19
C:\Users\eljes\Downloads\simulator-windows-64\IMG\center_2026_08_31_21_59_27_108.jpg, C:\Users\eljes\Downloads\simulator-windows-64\IMG\left_2026_08_31_21_59_27_108.jpg, C:\Users\eljes\Downloads\simulator-windows-64\IMG\right_2026_08_31_21_59_27_108.jpg, -0.2785227, 1, 0, 30.17157
C:\Users\eljes\Downloads\simulator-windows-64\IMG\center_2026_08_31_21_59_27_214.jpg, C:\Users\eljes\Downloads\simulator-windows-64\IMG\left_2026_08_31_21_59_27_214.jpg, C:\Users\eljes\Downloads\simulator-windows-64\IMG\right_2026_08_31_21_59_27_214.jpg, -0.1997871, 1, 0, 30.18903
C:\Users\eljes\Downloads\simulator-windows-64\IMG\center_2026_08_31_21_59_27_316.jpg, C:\Users\eljes\Downloads\simulator-windows-64\IMG\left_2026_08_31_21_59_27_316.jpg, C:\Users\eljes\Downloads\simulator-windows-64\IMG\right_2026_08_31_21_59_27_316.jpg, 0, 1, 0, 30.18858
C:\Users\eljes\Downloads\simulator-windows-64\IMG\center_2026_08_31_21_59_27_417.jpg, C:\Users\eljes\Downloads\simulator-windows-64\IMG\left_2026_08_31_21_59_27_417.jpg, C:\Users\eljes\Downloads\simulator-windows-64\IMG\right_2026_08_31_21_59_27_417.jpg, 0, 1, 0, 30.18973
C:\Users\eljes\Downloads\simulator-windows-64\IMG\center_2026_08_31_21_59_27_521.jpg, C:\Users\eljes\Downloads\simulator-windows-64\IMG\left_2026_08_31_21_59_27_521.jpg, C:\Users\eljes\Downloads\simulator-windows-64\IMG\right_2026_08_31_21_59_27_521.jpg, 0, 1, 0, 30.1902
C:\Users\eljes\Downloads\simulator-windows-64\IMG\center_2026_08_31_21_59_27_622.jpg, C:\Users\eljes\Downloads\simulator-windows-64\IMG\left_2026_08_31_21_59_27_622.jpg, C:\Users\eljes\Downloads\simulator-windows-64\IMG\right_2026_08_31_21_59_27_622.jpg, -0.2513316, 1, 0, 30.17463
C:\Users\eljes\Downloads\simulator-windows-64\IMG\center_2026_08_31_21_59_27_723.jpg, C:\Users\eljes\Downloads\simulator-windows-64\IMG\left_2026_08_31_21_59_27_723.jpg, C:\Users\eljes\Downloads\simulator-windows-64\IMG\right_2026_08_31_21_59_27_723.jpg, -0.5523603, 1, 0, 30.13575
C:\Users\eljes\Downloads\simulator-windows-64\IMG\center_2026_08_31_21_59_27_827.jpg, C:\Users\eljes\Downloads\simulator-windows-64\IMG\left_2026_08_31_21_59_27_827.jpg, C:\Users\eljes\Downloads\simulator-windows-64\IMG\right_2026_08_31_21_59_27_827.jpg, -0.2597067, 1, 0, 30.19263
C:\Users\eljes\Downloads\simulator-windows-64\IMG\center_2026_08_31_21_59_27_935.jpg, C:\Users\eljes\Downloads\simulator-windows-64\IMG\left_2026_08_31_21_59_27_935.jpg, C:\Users\eljes\Downloads\simulator-windows-64\IMG\right_2026_08_31_21_59_27_935.jpg, 0, 1, 0, 30.18529
C:\Users\eljes\Downloads\simulator-windows-64\IMG\center_2026_08_31_21_59_28_040.jpg, C:\Users\eljes\Downloads\simulator-windows-64\IMG\left_2026_08_31_21_59_28_040.jpg, C:\Users\eljes\Downloads\simulator-windows-64\IMG\right_2026_08_31_21_59_28_040.jpg, 0, 1, 0, 30.19028
C:\Users\eljes\Downloads\simulator-windows-64\IMG\center_2026_08_31_21_59_28_140.jpg, C:\Users\eljes\Downloads\simulator-windows-64\IMG\left_2026_08_31_21_59_28_140.jpg, C:\Users\eljes\Downloads\simulator-windows-64\IMG\right_2026_08_31_21_59_28_140.jpg, 0, 1, 0, 30.19008
C:\Users\eljes\Downloads\simulator-windows-64\IMG\center_2026_08_31_21_59_28_246.jpg, C:\Users\eljes\Downloads\simulator-windows-64\IMG\left_2026_08_31_21_59_28_246.jpg, C:\Users\eljes\Downloads\simulator-windows-64\IMG\right_2026_08_31_21_59_28_246.jpg, 0, 1, 0, 30.19032
C:\Users\eljes\Downloads\simulator-windows-64\IMG\center_2026_08_31_21_59_28_351.jpg, C:\Users\eljes\Downloads\simulator-windows-64\IMG\left_2026_08_31_21_59_28_351.jpg, C:\Users\eljes\Downloads\simulator-windows-64\IMG\right_2026_08_31_21_59_28_351.jpg, 0, 1, 0, 30.19023
C:\Users\eljes\Downloads\simulator-windows-64\IMG\center_2026_08_31_21_59_28_455.jpg, C:\Users\eljes\Downloads\simulator-windows-64\IMG\left_2026_08_31_21_59_28_455.jpg, C:\Users\eljes\Downloads\simulator-windows-64\IMG\right_2026_08_31_21_59_28_455.jpg, 0, 1, 0, 30.19033
C:\Users\eljes\Downloads\simulator-windows-64\IMG\center_2026_08_31_21_59_28_557.jpg, C:\Users\eljes\Downloads\simulator-windows-64\IMG\left_2026_08_31_21_59_28_557.jpg, C:\Users\eljes\Downloads\simulator-windows-64\IMG\right_2026_08_31_21_59_28_557.jpg, 0, 1, 0, 30.19039
C:\Users\eljes\Downloads\simulator-windows-64\IMG\center_2026_08_31_21_59_28_663.jpg, C:\Users\eljes\Downloads\simulator-windows-64\IMG\left_2026_08_31_21_59_28_663.jpg, C:\Users\eljes\Downloads\simulator-windows-64\IMG\right_2026_08_31_21_59_28_663.jpg, 0, 1, 0, 30.19031
C:\Users\eljes\Downloads\simulator-windows-64\IMG\center_2026_08_31_21_59_28_767.jpg, C:\Users\eljes\Downloads\simulator-windows-64\IMG\left_2026_08_31_21_59_28_767.jpg, C:\Users\eljes\Downloads\simulator-windows-64\IMG\right_2026_08_31_21_59_28_767.jpg, 0, 1, 0, 30.19031
C:\Users\eljes\Downloads\simulator-windows-64\IMG\center_2026_08_31_21_59_28_870.jpg, C:\Users\eljes\Downloads\simulator-windows-64\IMG\left_2026_08_31_21_59_28_870.jpg, C:\Users\eljes\Downloads\simulator-windows-64\IMG\right_2026_08_31_21_59_28_870.jpg, 0, 1, 0, 30.19025
C:\Users\eljes\Downloads\simulator-windows-64\IMG\center_2026_08_31_21_59_28_972.jpg, C:\Users\eljes\Downloads\simulator-windows-64\IMG\left_2026_08_31_21_59_28_972.jpg, C:\Users\eljes\Downloads\simulator-windows-64\IMG\right_2026_08_31_21_59_28_972.jpg, 0, 1, 0, 30.19031
C:\Users\eljes\Downloads\simulator-windows-64\IMG\center_2026_08_31_21_59_29_075.jpg, C:\Users\eljes\Downloads\simulator-windows-64\IMG\left_2026_08_31_21_59_29_075.jpg, C:\Users\eljes\Downloads\simulator-windows-64\IMG\right_2026_08_31_21_59_29_075.jpg, 0, 1, 0, 30.19029
C:\Users\eljes\Downloads\simulator-windows-64\IMG\center_2026_08_31_21_59_29_182.jpg, C:\Users\eljes\Downloads\simulator-windows-64\IMG\left_2026_08_31_21_59_29_182.jpg, C:\Users\eljes\Downloads\simulator-windows-64\IMG\right_2026_08_31_21_59_29_182.jpg, 0, 1, 0, 30.18949
C:\Users\eljes\Downloads\simulator-windows-64\IMG\center_2026_08_31_21_59_29_284.jpg, C:\Users\eljes\Downloads\simulator-windows-64\IMG\left_2026_08_31_21_59_29_284.jpg, C:\Users\eljes\Downloads\simulator-windows-64\IMG\right_2026_08_31_21_59_29_284.jpg, 0, 1, 0, 30.1904
C:\Users\eljes\Downloads\simulator-windows-64\IMG\center_2026_08_31_21_59_29_391.jpg, C:\Users\eljes\Downloads\simulator-windows-64\IMG\left_2026_08_31_21_59_29_391.jpg, C:\Users\eljes\Downloads\simulator-windows-64\IMG\right_2026_08_31_21_59_29_391.jpg, 0, 1, 0, 30.19054
C:\Users\eljes\Downloads\simulator-windows-64\IMG\center_2026_08_31_21_59_29_491.jpg, C:\Users\eljes\Downloads\simulator-windows-64\IMG\left_2026_08_31_21_59_29_491.jpg, C:\Users\eljes\Downloads\simulator-windows-64\IMG\right_2026_08_31_21_59_29_491.jpg, 0, 1, 0, 30.1909
C:\Users\eljes\Downloads\simulator-windows-64\IMG\center_2026_08_31_21_59_29_592.jpg, C:\Users\eljes\Downloads\simulator-windows-64\IMG\left_2026_08_31_21_59_29_592.jpg, C:\Users\eljes\Downloads\simulator-windows-64\IMG\right_2026_08_31_21_59_29_592.jpg, 0, 1, 0, 30.19049
C:\Users\eljes\Downloads\simulator-windows-64\IMG\center_2026_08_31_21_59_29_695.jpg, C:\Users\eljes\Downloads\simulator-windows-64\IMG\left_2026_08_31_21_59_29_695.jpg, C:\Users\eljes\Downloads\simulator-windows-64\IMG\right_2026_08_31_21_59_29_695.jpg, 0, 1, 0, 30.19029
C:\Users\eljes\Downloads\simulator-windows-64\IMG\center_2026_08_31_21_59_29_798.jpg, C:\Users\eljes\Downloads\simulator-windows-64\IMG\left_2026_08_31_21_59_29_798.jpg, C:\Users\eljes\Downloads\simulator-windows-64\IMG\right_2026_08_31_21_59_29_798.jpg, 0, 1, 0, 30.19024
C:\Users\eljes\Downloads\simulator-windows-64\IMG\center_2026_08_31_21_59_29_903.jpg, C:\Users\eljes\Downloads\simulator-windows-64\IMG\left_2026_08_31_21_59_29_903.jpg, C:\Users\eljes\Downloads\simulator-windows-64\IMG\right_2026_08_31_21_59_29_903.jpg, 0, 1, 0, 30.19025
C:\Users\eljes\Downloads\simulator-windows-64\IMG\center_2026_08_31_21_59_30_005.jpg, C:\Users\eljes\Downloads\simulator-windows-64\IMG\left_2026_08_31_21_59_30_005.jpg, C:\Users\eljes\Downloads\simulator-windows-64\IMG\right_2026_08_31_21_59_30_005.jpg, 0, 1, 0, 30.1903
C:\Users\eljes\Downloads\simulator-windows-64\IMG\center_2026_08_31_21_59_30_109.jpg, C:\Users\eljes\Downloads\simulator-windows-64\IMG\left_2026_08_31_21_59_30_109.jpg, C:\Users\eljes\Downloads\simulator-windows-64\IMG\right_2026_08_31_21_59_30_109.jpg, 0, 1, 0, 30.19091
C:\Users\eljes\Downloads\simulator-windows-64\IMG\center_2026_08_31_21_59_30_213.jpg, C:\Users\eljes\Downloads\simulator-windows-64\IMG\left_2026_08_31_21_59_30_213.jpg, C:\Users\eljes\Downloads\simulator-windows-64\IMG\right_2026_08_31_21_59_30_213.jpg, 0, 1, 0, 30.1903
C:\Users\eljes\Downloads\simulator-windows-64\IMG\center_2026_08_31_21_59_30_315.jpg, C:\Users\eljes\Downloads\simulator-windows-64\IMG\left_2026_08_31_21_59_30_315.jpg, C:\Users\eljes\Downloads\simulator-windows-64\IMG\right_2026_08_31_21_59_30_315.jpg, -0.218322, 1, 0, 30.17786
C:\Users\eljes\Downloads\simulator-windows-64\IMG\center_2026_08_31_21_59_30_416.jpg, C:\Users\eljes\Downloads\simulator-windows-64\IMG\left_2026_08_31_21_59_30_416.jpg, C:\Users\eljes\Downloads\simulator-windows-64\IMG\right_2026_08_31_21_59_30_416.jpg, 0, 1, 0, 30.18979
C:\Users\eljes\Downloads\simulator-windows-64\IMG\center_2026_08_31_21_59_30_523.jpg, C:\Users\eljes\Downloads\simulator-windows-64\IMG\left_2026_08_31_21_59_30_523.jpg, C:\Users\eljes\Downloads\simulator-windows-64\IMG\right_2026_08_31_21_59_30_523.jpg, 0, 1, 0, 30.1902
C:\Users\eljes\Downloads\simulator-windows-64\IMG\center_2026_08_31_21_59_30_627.jpg, C:\Users\eljes\Downloads\simulator-windows-64\IMG\left_2026_08_31_21_59_30_627.jpg, C:\Users\eljes\Downloads\simulator-windows-64\IMG\right_2026_08_31_21_59_30_627.jpg, 0, 1, 0, 30.1903
C:\Users\eljes\Downloads\simulator-windows-64\IMG\center_2026_08_31_21_59_30_730.jpg, C:\Users\eljes\Downloads\simulator-windows-64\IMG\left_2026_08_31_21_59_30_730.jpg, C:\Users\eljes\Downloads\simulator-windows-64\IMG\right_2026_08_31_21_59_30_730.jpg, -0.2868834, 1, 0, 30.17059
C:\Users\eljes\Downloads\simulator-windows-64\IMG\center_2026_08_31_21_59_30_830.jpg, C:\Users\eljes\Downloads\simulator-windows-64\IMG\left_2026_08_31_21_59_30_830.jpg, C:\Users\eljes\Downloads\simulator-windows-64\IMG\right_2026_08_31_21_59_30_830.jpg, -0.5907084, 1, 0, 30.12974
C:\Users\eljes\Downloads\simulator-windows-64\IMG\center_2026_08_31_21_59_30_931.jpg, C:\Users\eljes\Downloads\simulator-windows-64\IMG\left_2026_08_31_21_59_30_931.jpg, C:\Users\eljes\Downloads\simulator-windows-64\IMG\right_2026_08_31_21_59_30_931.jpg, -0.5701698, 1, 0, 30.16519
C:\Users\eljes\Downloads\simulator-windows-64\IMG\center_2026_08_31_21_59_31_034.jpg, C:\Users\eljes\Downloads\simulator-windows-64\IMG\left_2026_08_31_21_59_31_034.jpg, C:\Users\eljes\Downloads\simulator-windows-64\IMG\right_2026_08_31_21_59_31_034.jpg, -0.2756634, 1, 0, 30.19738
C:\Users\eljes\Downloads\simulator-windows-64\IMG\center_2026_08_31_21_59_31_141.jpg, C:\Users\eljes\Downloads\simulator-windows-64\IMG\left_2026_08_31_21_59_31_141.jpg, C:\Users\eljes\Downloads\simulator-windows-64\IMG\right_2026_08_31_21_59_31_141.jpg, 0, 1, 0, 30.18504
C:\Users\eljes\Downloads\simulator-windows-64\IMG\center_2026_08_31_21_59_31_241.jpg, C:\Users\eljes\Downloads\simulator-windows-64\IMG\left_2026_08_31_21_59_31_241.jpg, C:\Users\eljes\Downloads\simulator-windows-64\IMG\right_2026_08_31_21_59_31_241.jpg, 0, 1, 0, 30.18989
C:\Users\eljes\Downloads\simulator-windows-64\IMG\center_2026_08_31_21_59_31_344.jpg, C:\Users\eljes\Downloads\simulator-windows-64\IMG\left_2026_08_31_21_59_31_344.jpg, C:\Users\eljes\Downloads\simulator-windows-64\IMG\right_2026_08_31_21_59_31_344.jpg, 0, 1, 0, 30.19028
C:\Users\eljes\Downloads\simulator-windows-64\IMG\center_2026_08_31_21_59_31_448.jpg, C:\Users\eljes\Downloads\simulator-windows-64\IMG\left_2026_08_31_21_59_31_448.jpg, C:\Users\eljes\Downloads\simulator-windows-64\IMG\right_2026_08_31_21_59_31_448.jpg, 0, 1, 0, 30.19038
C:\Users\eljes\Downloads\simulator-windows-64\IMG\center_2026_08_31_21_59_31_551.jpg, C:\Users\eljes\Downloads\simulator-windows-64\IMG\left_2026_08_31_21_59_31_551.jpg, C:\Users\eljes\Downloads\simulator-windows-64\IMG\right_2026_08_31_21_59_31_551.jpg, 0, 1, 0, 30.19035
C:\Users\eljes\Downloads\simulator-windows-64\IMG\center_2026_08_31_21_59_31_654.jpg, C:\Users\eljes\Downloads\simulator-windows-64\IMG\left_2026_08_31_21_59_31_654.jpg, C:\Users\eljes\Downloads\simulator-windows-64\IMG\right_2026_08_31_21_59_31_654.jpg, -0.029253, 1, 0, 30.18989
C:\Users\eljes\Downloads\simulator-windows-64\IMG\center_2026_08_31_21_59_31_755.jpg, C:\Users\eljes\Downloads\simulator-windows-64\IMG\left_2026_08_31_21_59_31_755.jpg, C:\Users\eljes\Downloads\simulator-windows-64\IMG\right_2026_08_31_21_59_31_755.jpg, -0.3152649, 1, 0, 30.16554
C:\Users\eljes\Downloads\simulator-windows-64\IMG\center_2026_08_31_21_59_31_859.jpg, C:\Users\eljes\Downloads\simulator-windows-64\IMG\left_2026_08_31_21_59_31_859.jpg, C:\Users\eljes\Downloads\simulator-windows-64\IMG\right_2026_08_31_21_59_31_859.jpg, -0.3688554, 1, 0, 30.1787
C:\Users\eljes\Downloads\simulator-windows-64\IMG\center_2026_08_31_21_59_31_963.jpg, C:\Users\eljes\Downloads\simulator-windows-64\IMG\left_2026_08_31_21_59_31_963.jpg, C:\Users\eljes\Downloads\simulator-windows-64\IMG\right_2026_08_31_21_59_31_963.jpg, -0.05962015, 1, 0, 30.19024
C:\Users\eljes\Downloads\simulator-windows-64\IMG\center_2026_08_31_21_59_32_068.jpg, C:\Users\eljes\Downloads\simulator-windows-64\IMG\left_2026_08_31_21_59_32_068.jpg, C:\Users\eljes\Downloads\simulator-windows-64\IMG\right_2026_08_31_21_59_32_068.jpg, 0, 1, 0, 30.18888
C:\Users\eljes\Downloads\simulator-windows-64\IMG\center_2026_08_31_21_59_32_169.jpg, C:\Users\eljes\Downloads\simulator-windows-64\IMG\left_2026_08_31_21_59_32_169.jpg, C:\Users\eljes\Downloads\simulator-windows-64\IMG\right_2026_08_31_21_59_32_169.jpg, 0, 1, 0, 30.19061
C:\Users\eljes\Downloads\simulator-windows-64\IMG\center_2026_08_31_21_59_32_275.jpg, C:\Users\eljes\Downloads\simulator-windows-64\IMG\left_2026_08_31_21_59_32_275.jpg, C:\Users\eljes\Downloads\simulator-windows-64\IMG\right_2026_08_31_21_59_32_275.jpg, 0, 1, 0, 30.18953
C:\Users\eljes\Downloads\simulator-windows-64\IMG\center_2026_08_31_21_59_32_380.jpg, C:\Users\eljes\Downloads\simulator-windows-64\IMG\left_2026_08_31_21_59_32_380.jpg, C:\Users\eljes\Downloads\simulator-windows-64\IMG\right_2026_08_31_21_59_32_380.jpg, 0, 1, 0, 30.19014
C:\Users\eljes\Downloads\simulator-windows-64\IMG\center_2026_08_31_21_59_32_481.jpg, C:\Users\eljes\Downloads\simulator-windows-64\IMG\left_2026_08_31_21_59_32_481.jpg, C:\Users\eljes\Downloads\simulator-windows-64\IMG\right_2026_08_31_21_59_32_481.jpg, 0, 1, 0, 30.19003
C:\Users\eljes\Downloads\simulator-windows-64\IMG\center_2026_08_31_21_59_32_583.jpg, C:\Users\eljes\Downloads\simulator-windows-64\IMG\left_2026_08_31_21_59_32_583.jpg, C:\Users\eljes\Downloads\simulator-windows-64\IMG\right_2026_08_31_21_59_32_583.jpg, 0.1012758, 1, 0, 30.18852
C:\Users\eljes\Downloads\simulator-windows-64\IMG\center_2026_08_31_21_59_32_689.jpg, C:\Users\eljes\Downloads\simulator-windows-64\IMG\left_2026_08_31_21_59_32_689.jpg, C:\Users\eljes\Downloads\simulator-windows-64\IMG\right_2026_08_31_21_59_32_689.jpg, 0.2619576, 1, 0, 30.17543
C:\Users\eljes\Downloads\simulator-windows-64\IMG\center_2026_08_31_21_59_32_792.jpg, C:\Users\eljes\Downloads\simulator-windows-64\IMG\left_2026_08_31_21_59_32_792.jpg, C:\Users\eljes\Downloads\simulator-windows-64\IMG\right_2026_08_31_21_59_32_792.jpg, 0, 1, 0, 30.18862
C:\Users\eljes\Downloads\simulator-windows-64\IMG\center_2026_08_31_21_59_32_899.jpg, C:\Users\eljes\Downloads\simulator-windows-64\IMG\left_2026_08_31_21_59_32_899.jpg, C:\Users\eljes\Downloads\simulator-windows-64\IMG\right_2026_08_31_21_59_32_899.jpg, 0, 1, 0, 30.19019
C:\Users\eljes\Downloads\simulator-windows-64\IMG\center_2026_08_31_21_59_32_999.jpg, C:\Users\eljes\Downloads\simulator-windows-64\IMG\left_2026_08_31_21_59_32_999.jpg, C:\Users\eljes\Downloads\simulator-windows-64\IMG\right_2026_08_31_21_59_32_999.jpg, 0, 1, 0, 30.19178
C:\Users\eljes\Downloads\simulator-windows-64\IMG\center_2026_08_31_21_59_33_103.jpg, C:\Users\eljes\Downloads\simulator-windows-64\IMG\left_2026_08_31_21_59_33_103.jpg, C:\Users\eljes\Downloads\simulator-windows-64\IMG\right_2026_08_31_21_59_33_103.jpg, 0, 1, 0, 30.19086
C:\Users\eljes\Downloads\simulator-windows-64\IMG\center_2026_08_31_21_59_33_209.jpg, C:\Users\eljes\Downloads\simulator-windows-64\IMG\left_2026_08_31_21_59_33_209.jpg, C:\Users\eljes\Downloads\simulator-windows-64\IMG\right_2026_08_31_21_59_33_209.jpg, -0.2973708, 1, 0, 30.16598
C:\Users\eljes\Downloads\simulator-windows-64\IMG\center_2026_08_31_21_59_33_311.jpg, C:\Users\eljes\Downloads\simulator-windows-64\IMG\left_2026_08_31_21_59_33_311.jpg, C:\Users\eljes\Downloads\simulator-windows-64\IMG\right_2026_08_31_21_59_33_311.jpg, -0.0365859, 1, 0, 30.19115
C:\Users\eljes\Downloads\simulator-windows-64\IMG\center_2026_08_31_21_59_33_413.jpg, C:\Users\eljes\Downloads\simulator-windows-64\IMG\left_2026_08_31_21_59_33_413.jpg, C:\Users\eljes\Downloads\simulator-windows-64\IMG\right_2026_08_31_21_59_33_413.jpg, 0, 1, 0, 30.1907
C:\Users\eljes\Downloads\simulator-windows-64\IMG\center_2026_08_31_21_59_33_515.jpg, C:\Users\eljes\Downloads\simulator-windows-64\IMG\left_2026_08_31_21_59_33_515.jpg, C:\Users\eljes\Downloads\simulator-windows-64\IMG\right_2026_08_31_21_59_33_515.jpg, -0.0543288, 1, 0, 30.18991
C:\Users\eljes\Downloads\simulator-windows-64\IMG\center_2026_08_31_21_59_33_616.jpg, C:\Users\eljes\Downloads\simulator-windows-64\IMG\left_2026_08_31_21_59_33_616.jpg, C:\Users\eljes\Downloads\simulator-windows-64\IMG\right_2026_08_31_21_59_33_616.jpg, -0.3533997, 1, 0, 30.16352
C:\Users\eljes\Downloads\simulator-windows-64\IMG\center_2026_08_31_21_59_33_716.jpg, C:\Users\eljes\Downloads\simulator-windows-64\IMG\left_2026_08_31_21_59_33_716.jpg, C:\Users\eljes\Downloads\simulator-windows-64\IMG\right_2026_08_31_21_59_33_716.jpg, -0.1276122, 1, 0, 30.19136
C:\Users\eljes\Downloads\simulator-windows-64\IMG\center_2026_08_31_21_59_33_822.jpg, C:\Users\eljes\Downloads\simulator-windows-64\IMG\left_2026_08_31_21_59_33_822.jpg, C:\Users\eljes\Downloads\simulator-windows-64\IMG\right_2026_08_31_21_59_33_822.jpg, 0, 1, 0, 30.18967
C:\Users\eljes\Downloads\simulator-windows-64\IMG\center_2026_08_31_21_59_33_925.jpg, C:\Users\eljes\Downloads\simulator-windows-64\IMG\left_2026_08_31_21_59_33_925.jpg, C:\Users\eljes\Downloads\simulator-windows-64\IMG\right_2026_08_31_21_59_33_925.jpg, -0.2932725, 1, 0, 30.17348
C:\Users\eljes\Downloads\simulator-windows-64\IMG\center_2026_08_31_21_59_34_028.jpg, C:\Users\eljes\Downloads\simulator-windows-64\IMG\left_2026_08_31_21_59_34_028.jpg, C:\Users\eljes\Downloads\simulator-windows-64\IMG\right_2026_08_31_21_59_34_028.jpg, -0.02114462, 1, 0, 30.19015
C:\Users\eljes\Downloads\simulator-windows-64\IMG\center_2026_08_31_21_59_34_131.jpg, C:\Users\eljes\Downloads\simulator-windows-64\IMG\left_2026_08_31_21_59_34_131.jpg, C:\Users\eljes\Downloads\simulator-windows-64\IMG\right_2026_08_31_21_59_34_131.jpg, 0, 1, 0, 30.19003
C:\Users\eljes\Downloads\simulator-windows-64\IMG\center_2026_08_31_21_59_34_236.jpg, C:\Users\eljes\Downloads\simulator-windows-64\IMG\left_2026_08_31_21_59_34_236.jpg, C:\Users\eljes\Downloads\simulator-windows-64\IMG\right_2026_08_31_21_59_34_236.jpg, -0.1186689, 1, 0, 30.1879
C:\Users\eljes\Downloads\simulator-windows-64\IMG\center_2026_08_31_21_59_34_341.jpg, C:\Users\eljes\Downloads\simulator-windows-64\IMG\left_2026_08_31_21_59_34_341.jpg, C:\Users\eljes\Downloads\simulator-windows-64\IMG\right_2026_08_31_21_59_34_341.jpg, -0.4829485, 1, 0, 30.14576
C:\Users\eljes\Downloads\simulator-windows-64\IMG\center_2026_08_31_21_59_34_445.jpg, C:\Users\eljes\Downloads\simulator-windows-64\IMG\left_2026_08_31_21_59_34_445.jpg, C:\Users\eljes\Downloads\simulator-windows-64\IMG\right_2026_08_31_21_59_34_445.jpg, -0.5166771, 1, 0, 30.16589
C:\Users\eljes\Downloads\simulator-windows-64\IMG\center_2026_08_31_21_59_34_551.jpg, C:\Users\eljes\Downloads\simulator-windows-64\IMG\left_2026_08_31_21_59_34_551.jpg, C:\Users\eljes\Downloads\simulator-windows-64\IMG\right_2026_08_31_21_59_34_551.jpg, -0.2021973, 1, 0, 30.196
C:\Users\eljes\Downloads\simulator-windows-64\IMG\center_2026_08_31_21_59_34_655.jpg, C:\Users\eljes\Downloads\simulator-windows-64\IMG\left_2026_08_31_21_59_34_655.jpg, C:\Users\eljes\Downloads\simulator-windows-64\IMG\right_2026_08_31_21_59_34_655.jpg, 0, 1, 0, 30.18611
C:\Users\eljes\Downloads\simulator-windows-64\IMG\center_2026_08_31_21_59_34_757.jpg, C:\Users\eljes\Downloads\simulator-windows-64\IMG\left_2026_08_31_21_59_34_757.jpg, C:\Users\eljes\Downloads\simulator-windows-64\IMG\right_2026_08_31_21_59_34_757.jpg, 0, 1, 0, 30.18991
C:\Users\eljes\Downloads\simulator-windows-64\IMG\center_2026_08_31_21_59_34_858.jpg, C:\Users\eljes\Downloads\simulator-windows-64\IMG\left_2026_08_31_21_59_34_858.jpg, C:\Users\eljes\Downloads\simulator-windows-64\IMG\right_2026_08_31_21_59_34_858.jpg, 0, 1, 0, 30.19028
C:\Users\eljes\Downloads\simulator-windows-64\IMG\center_2026_08_31_21_59_34_964.jpg, C:\Users\eljes\Downloads\simulator-windows-64\IMG\left_2026_08_31_21_59_34_964.jpg, C:\Users\eljes\Downloads\simulator-windows-64\IMG\right_2026_08_31_21_59_34_964.jpg, 0, 1, 0, 30.19061
C:\Users\eljes\Downloads\simulator-windows-64\IMG\center_2026_08_31_21_59_35_067.jpg, C:\Users\eljes\Downloads\simulator-windows-64\IMG\left_2026_08_31_21_59_35_067.jpg, C:\Users\eljes\Downloads\simulator-windows-64\IMG\right_2026_08_31_21_59_35_067.jpg, 0, 1, 0, 30.19033
C:\Users\eljes\Downloads\simulator-windows-64\IMG\center_2026_08_31_21_59_35_168.jpg, C:\Users\eljes\Downloads\simulator-windows-64\IMG\left_2026_08_31_21_59_35_168.jpg, C:\Users\eljes\Downloads\simulator-windows-64\IMG\right_2026_08_31_21_59_35_168.jpg, 0, 1, 0, 30.19031
C:\Users\eljes\Downloads\simulator-windows-64\IMG\center_2026_08_31_21_59_35_270.jpg, C:\Users\eljes\Downloads\simulator-windows-64\IMG\left_2026_08_31_21_59_35_270.jpg, C:\Users\eljes\Downloads\simulator-windows-64\IMG\right_2026_08_31_21_59_35_270.jpg, 0, 1, 0, 30.19034
C:\Users\eljes\Downloads\simulator-windows-64\IMG\center_2026_08_31_21_59_35_372.jpg, C:\Users\eljes\Downloads\simulator-windows-64\IMG\left_2026_08_31_21_59_35_372.jpg, C:\Users\eljes\Downloads\simulator-windows-64\IMG\right_2026_08_31_21_59_35_372.jpg, 0, 1, 0, 30.19033
C:\Users\eljes\Downloads\simulator-windows-64\IMG\center_2026_08_31_21_59_35_478.jpg, C:\Users\eljes\Downloads\simulator-windows-64\IMG\left_2026_08_31_21_59_35_478.jpg, C:\Users\eljes\Downloads\simulator-windows-64\IMG\right_2026_08_31_21_59_35_478.jpg, -0.271575, 1, 0, 30.17141
C:\Users\eljes\Downloads\simulator-windows-64\IMG\center_2026_08_31_21_59_35_582.jpg, C:\Users\eljes\Downloads\simulator-windows-64\IMG\left_2026_08_31_21_59_35_582.jpg, C:\Users\eljes\Downloads\simulator-windows-64\IMG\right_2026_08_31_21_59_35_582.jpg, -0.3023244, 1, 0, 30.18373
C:\Users\eljes\Downloads\simulator-windows-64\IMG\center_2026_08_31_21_59_35_685.jpg, C:\Users\eljes\Downloads\simulator-windows-64\IMG\left_2026_08_31_21_59_35_685.jpg, C:\Users\eljes\Downloads\simulator-windows-64\IMG\right_2026_08_31_21_59_35_685.jpg, -0.0138456, 1, 0, 30.18708
C:\Users\eljes\Downloads\simulator-windows-64\IMG\center_2026_08_31_21_59_35_790.jpg, C:\Users\eljes\Downloads\simulator-windows-64\IMG\left_2026_08_31_21_59_35_790.jpg, C:\Users\eljes\Downloads\simulator-windows-64\IMG\right_2026_08_31_21_59_35_790.jpg, 0, 1, 0, 30.18975
C:\Users\eljes\Downloads\simulator-windows-64\IMG\center_2026_08_31_21_59_35_894.jpg, C:\Users\eljes\Downloads\simulator-windows-64\IMG\left_2026_08_31_21_59_35_894.jpg, C:\Users\eljes\Downloads\simulator-windows-64\IMG\right_2026_08_31_21_59_35_894.jpg, 0, 1, 0, 30.19036
C:\Users\eljes\Downloads\simulator-windows-64\IMG\center_2026_08_31_21_59_36_000.jpg, C:\Users\eljes\Downloads\simulator-windows-64\IMG\left_2026_08_31_21_59_36_000.jpg, C:\Users\eljes\Downloads\simulator-windows-64\IMG\right_2026_08_31_21_59_36_000.jpg, 0, 1, 0, 30.19032
C:\Users\eljes\Downloads\simulator-windows-64\IMG\center_2026_08_31_21_59_36_108.jpg, C:\Users\eljes\Downloads\simulator-windows-64\IMG\left_2026_08_31_21_59_36_108.jpg, C:\Users\eljes\Downloads\simulator-windows-64\IMG\right_2026_08_31_21_59_36_108.jpg, 0, 1, 0, 30.19027
C:\Users\eljes\Downloads\simulator-windows-64\IMG\center_2026_08_31_21_59_36_210.jpg, C:\Users\eljes\Downloads\simulator-windows-64\IMG\left_2026_08_31_21_59_36_210.jpg, C:\Users\eljes\Downloads\simulator-windows-64\IMG\right_2026_08_31_21_59_36_210.jpg, 0, 1, 0, 30.19032
C:\Users\eljes\Downloads\simulator-windows-64\IMG\center_2026_08_31_21_59_36_314.jpg, C:\Users\eljes\Downloads\simulator-windows-64\IMG\left_2026_08_31_21_59_36_314.jpg, C:\Users\eljes\Downloads\simulator-windows-64\IMG\right_2026_08_31_21_59_36_314.jpg, 0, 1, 0, 30.19027
C:\Users\eljes\Downloads\simulator-windows-64\IMG\center_2026_08_31_21_59_36_418.jpg, C:\Users\eljes\Downloads\simulator-windows-64\IMG\left_2026_08_31_21_59_36_418.jpg, C:\Users\eljes\Downloads\simulator-windows-64\IMG\right_2026_08_31_21_59_36_418.jpg, 0, 1, 0, 30.18983
C:\Users\eljes\Downloads\simulator-windows-64\IMG\center_2026_08_31_21_59_36_518.jpg, C:\Users\eljes\Downloads\simulator-windows-64\IMG\left_2026_08_31_21_59_36_518.jpg, C:\Users\eljes\Downloads\simulator-windows-64\IMG\right_2026_08_31_21_59_36_518.jpg, 0, 1, 0, 30.19031
C:\Users\eljes\Downloads\simulator-windows-64\IMG\center_2026_08_31_21_59_36_625.jpg, C:\Users\eljes\Downloads\simulator-windows-64\IMG\left_2026_08_31_21_59_36_625.jpg, C:\Users\eljes\Downloads\simulator-windows-64\IMG\right_2026_08_31_21_59_36_625.jpg, 0, 1, 0, 30.19001
C:\Users\eljes\Downloads\simulator-windows-64\IMG\center_2026_08_31_21_59_36_731.jpg, C:\Users\eljes\Downloads\simulator-windows-64\IMG\left_2026_08_31_21_59_36_731.jpg, C:\Users\eljes\Downloads\simulator-windows-64\IMG\right_2026_08_31_21_59_36_731.jpg, 0, 1, 0, 30.19031
C:\Users\eljes\Downloads\simulator-windows-64\IMG\center_2026_08_31_21_59_36_835.jpg, C:\Users\eljes\Downloads\simulator-windows-64\IMG\left_2026_08_31_21_59_36_835.jpg, C:\Users\eljes\Downloads\simulator-windows-64\IMG\right_2026_08_31_21_59_36_835.jpg, 0, 1, 0, 30.1903
C:\Users\eljes\Downloads\simulator-windows-64\IMG\center_2026_08_31_21_59_36_937.jpg, C:\Users\eljes\Downloads\simulator-windows-64\IMG\left_2026_08_31_21_59_36_937.jpg, C:\Users\eljes\Downloads\simulator-windows-64\IMG\right_2026_08_31_21_59_36_937.jpg, 0, 1, 0, 30.19032
C:\Users\eljes\Downloads\simulator-windows-64\IMG\center_2026_08_31_21_59_37_037.jpg, C:\Users\eljes\Downloads\simulator-windows-64\IMG\left_2026_08_31_21_59_37_037.jpg, C:\Users\eljes\Downloads\simulator-windows-64\IMG\right_2026_08_31_21_59_37_037.jpg, 0, 1, 0, 30.1903
C:\Users\eljes\Downloads\simulator-windows-64\IMG\center_2026_08_31_21_59_37_142.jpg, C:\Users\eljes\Downloads\simulator-windows-64\IMG\left_2026_08_31_21_59_37_142.jpg, C:\Users\eljes\Downloads\simulator-windows-64\IMG\right_2026_08_31_21_59_37_142.jpg, -0.0207285, 1, 0, 30.19009
C:\Users\eljes\Downloads\simulator-windows-64\IMG\center_2026_08_31_21_59_37_245.jpg, C:\Users\eljes\Downloads\simulator-windows-64\IMG\left_2026_08_31_21_59_37_245.jpg, C:\Users\eljes\Downloads\simulator-windows-64\IMG\right_2026_08_31_21_59_37_245.jpg, -0.3131496, 1, 0, 30.16647
C:\Users\eljes\Downloads\simulator-windows-64\IMG\center_2026_08_31_21_59_37_348.jpg, C:\Users\eljes\Downloads\simulator-windows-64\IMG\left_2026_08_31_21_59_37_348.jpg, C:\Users\eljes\Downloads\simulator-windows-64\IMG\right_2026_08_31_21_59_37_348.jpg, -0.6171865, 1, 0, 30.12581
C:\Users\eljes\Downloads\simulator-windows-64\IMG\center_2026_08_31_21_59_37_452.jpg, C:\Users\eljes\Downloads\simulator-windows-64\IMG\left_2026_08_31_21_59_37_452.jpg, C:\Users\eljes\Downloads\simulator-windows-64\IMG\right_2026_08_31_21_59_37_452.jpg, -0.3032436, 1, 0, 30.19239
C:\Users\eljes\Downloads\simulator-windows-64\IMG\center_2026_08_31_21_59_37_557.jpg, C:\Users\eljes\Downloads\simulator-windows-64\IMG\left_2026_08_31_21_59_37_557.jpg, C:\Users\eljes\Downloads\simulator-windows-64\IMG\right_2026_08_31_21_59_37_557.jpg, -0.007302887, 1, 0, 30.1857
C:\Users\eljes\Downloads\simulator-windows-64\IMG\center_2026_08_31_21_59_37_658.jpg, C:\Users\eljes\Downloads\simulator-windows-64\IMG\left_2026_08_31_21_59_37_658.jpg, C:\Users\eljes\Downloads\simulator-windows-64\IMG\right_2026_08_31_21_59_37_658.jpg, 0, 1, 0, 30.18945
C:\Users\eljes\Downloads\simulator-windows-64\IMG\center_2026_08_31_21_59_37_764.jpg, C:\Users\eljes\Downloads\simulator-windows-64\IMG\left_2026_08_31_21_59_37_764.jpg, C:\Users\eljes\Downloads\simulator-windows-64\IMG\right_2026_08_31_21_59_37_764.jpg, 0, 1, 0, 30.19027
C:\Users\eljes\Downloads\simulator-windows-64\IMG\center_2026_08_31_21_59_37_865.jpg, C:\Users\eljes\Downloads\simulator-windows-64\IMG\left_2026_08_31_21_59_37_865.jpg, C:\Users\eljes\Downloads\simulator-windows-64\IMG\right_2026_08_31_21_59_37_865.jpg, 0, 1, 0, 30.19005
C:\Users\eljes\Downloads\simulator-windows-64\IMG\center_2026_08_31_21_59_37_966.jpg, C:\Users\eljes\Downloads\simulator-windows-64\IMG\left_2026_08_31_21_59_37_966.jpg, C:\Users\eljes\Downloads\simulator-windows-64\IMG\right_2026_08_31_21_59_37_966.jpg, 0.1984191, 1, 0, 30.17943
C:\Users\eljes\Downloads\simulator-windows-64\IMG\center_2026_08_31_21_59_38_072.jpg, C:\Users\eljes\Downloads\simulator-windows-64\IMG\left_2026_08_31_21_59_38_072.jpg, C:\Users\eljes\Downloads\simulator-windows-64\IMG\right_2026_08_31_21_59_38_072.jpg, 0.5118423, 1, 0, 30.13807
C:\Users\eljes\Downloads\simulator-windows-64\IMG\center_2026_08_31_21_59_38_174.jpg, C:\Users\eljes\Downloads\simulator-windows-64\IMG\left_2026_08_31_21_59_38_174.jpg, C:\Users\eljes\Downloads\simulator-windows-64\IMG\right_2026_08_31_21_59_38_174.jpg, 0.223914, 1, 0, 30.19194
C:\Users\eljes\Downloads\simulator-windows-64\IMG\center_2026_08_31_21_59_38_276.jpg, C:\Users\eljes\Downloads\simulator-windows-64\IMG\left_2026_08_31_21_59_38_276.jpg, C:\Users\eljes\Downloads\simulator-windows-64\IMG\right_2026_08_31_21_59_38_276.jpg, 0, 1, 0, 30.18696
C:\Users\eljes\Downloads\simulator-windows-64\IMG\center_2026_08_31_21_59_38_382.jpg, C:\Users\eljes\Downloads\simulator-windows-64\IMG\left_2026_08_31_21_59_38_382.jpg, C:\Users\eljes\Downloads\simulator-windows-64\IMG\right_2026_08_31_21_59_38_382.jpg, 0, 1, 0, 30.19063
C:\Users\eljes\Downloads\simulator-windows-64\IMG\center_2026_08_31_21_59_38_482.jpg, C:\Users\eljes\Downloads\simulator-windows-64\IMG\left_2026_08_31_21_59_38_482.jpg, C:\Users\eljes\Downloads\simulator-windows-64\IMG\right_2026_08_31_21_59_38_482.jpg, 0, 1, 0, 30.1903
C:\Users\eljes\Downloads\simulator-windows-64\IMG\center_2026_08_31_21_59_38_584.jpg, C:\Users\eljes\Downloads\simulator-windows-64\IMG\left_2026_08_31_21_59_38_584.jpg, C:\Users\eljes\Downloads\simulator-windows-64\IMG\right_2026_08_31_21_59_38_584.jpg, 0, 1, 0, 30.19081
C:\Users\eljes\Downloads\simulator-windows-64\IMG\center_2026_08_31_21_59_38_690.jpg, C:\Users\eljes\Downloads\simulator-windows-64\IMG\left_2026_08_31_21_59_38_690.jpg, C:\Users\eljes\Downloads\simulator-windows-64\IMG\right_2026_08_31_21_59_38_690.jpg, 0, 1, 0, 30.19018
C:\Users\eljes\Downloads\simulator-windows-64\IMG\center_2026_08_31_21_59_38_794.jpg, C:\Users\eljes\Downloads\simulator-windows-64\IMG\left_2026_08_31_21_59_38_794.jpg, C:\Users\eljes\Downloads\simulator-windows-64\IMG\right_2026_08_31_21_59_38_794.jpg, -0.2090964, 1, 0, 30.17859
C:\Users\eljes\Downloads\simulator-windows-64\IMG\center_2026_08_31_21_59_38_901.jpg, C:\Users\eljes\Downloads\simulator-windows-64\IMG\left_2026_08_31_21_59_38_901.jpg, C:\Users\eljes\Downloads\simulator-windows-64\IMG\right_2026_08_31_21_59_38_901.jpg, -0.3569484, 1, 0, 30.1745
C:\Users\eljes\Downloads\simulator-windows-64\IMG\center_2026_08_31_21_59_39_007.jpg, C:\Users\eljes\Downloads\simulator-windows-64\IMG\left_2026_08_31_21_59_39_007.jpg, C:\Users\eljes\Downloads\simulator-windows-64\IMG\right_2026_08_31_21_59_39_007.jpg, -0.05790237, 1, 0, 30.19016
C:\Users\eljes\Downloads\simulator-windows-64\IMG\center_2026_08_31_21_59_39_109.jpg, C:\Users\eljes\Downloads\simulator-windows-64\IMG\left_2026_08_31_21_59_39_109.jpg, C:\Users\eljes\Downloads\simulator-windows-64\IMG\right_2026_08_31_21_59_39_109.jpg, 0, 1, 0, 30.18942
C:\Users\eljes\Downloads\simulator-windows-64\IMG\center_2026_08_31_21_59_39_213.jpg, C:\Users\eljes\Downloads\simulator-windows-64\IMG\left_2026_08_31_21_59_39_213.jpg, C:\Users\eljes\Downloads\simulator-windows-64\IMG\right_2026_08_31_21_59_39_213.jpg, 0, 1, 0, 30.19018
C:\Users\eljes\Downloads\simulator-windows-64\IMG\center_2026_08_31_21_59_39_320.jpg, C:\Users\eljes\Downloads\simulator-windows-64\IMG\left_2026_08_31_21_59_39_320.jpg, C:\Users\eljes\Downloads\simulator-windows-64\IMG\right_2026_08_31_21_59_39_320.jpg, 0, 1, 0, 30.19027
C:\Users\eljes\Downloads\simulator-windows-64\IMG\center_2026_08_31_21_59_39_425.jpg, C:\Users\eljes\Downloads\simulator-windows-64\IMG\left_2026_08_31_21_59_39_425.jpg, C:\Users\eljes\Downloads\simulator-windows-64\IMG\right_2026_08_31_21_59_39_425.jpg, -0.2322918, 1, 0, 30.17711
C:\Users\eljes\Downloads\simulator-windows-64\IMG\center_2026_08_31_21_59_39_525.jpg, C:\Users\eljes\Downloads\simulator-windows-64\IMG\left_2026_08_31_21_59_39_525.jpg, C:\Users\eljes\Downloads\simulator-windows-64\IMG\right_2026_08_31_21_59_39_525.jpg, -0.1972611, 1, 0, 30.18806
C:\Users\eljes\Downloads\simulator-windows-64\IMG\center_2026_08_31_21_59_39_626.jpg, C:\Users\eljes\Downloads\simulator-windows-64\IMG\left_2026_08_31_21_59_39_626.jpg, C:\Users\eljes\Downloads\simulator-windows-64\IMG\right_2026_08_31_21_59_39_626.jpg, 0, 1, 0, 30.18908
C:\Users\eljes\Downloads\simulator-windows-64\IMG\center_2026_08_31_21_59_39_732.jpg, C:\Users\eljes\Downloads\simulator-windows-64\IMG\left_2026_08_31_21_59_39_732.jpg, C:\Users\eljes\Downloads\simulator-windows-64\IMG\right_2026_08_31_21_59_39_732.jpg, 0, 1, 0, 30.19014
C:\Users\eljes\Downloads\simulator-windows-64\IMG\center_2026_08_31_21_59_39_836.jpg, C:\Users\eljes\Downloads\simulator-windows-64\IMG\left_2026_08_31_21_59_39_836.jpg, C:\Users\eljes\Downloads\simulator-windows-64\IMG\right_2026_08_31_21_59_39_836.jpg, 0, 1, 0, 30.1903
C:\Users\eljes\Downloads\simulator-windows-64\IMG\center_2026_08_31_21_59_39_937.jpg, C:\Users\eljes\Downloads\simulator-windows-64\IMG\left_2026_08_31_21_59_39_937.jpg, C:\Users\eljes\Downloads\simulator-windows-64\IMG\right_2026_08_31_21_59_39_937.jpg, 0, 1, 0, 30.19031
C:\Users\eljes\Downloads\simulator-windows-64\IMG\center_2026_08_31_21_59_40_038.jpg, C:\Users\eljes\Downloads\simulator-windows-64\IMG\left_2026_08_31_21_59_40_038.jpg, C:\Users\eljes\Downloads\simulator-windows-64\IMG\right_2026_08_31_21_59_40_038.jpg, 0, 1, 0, 30.19034
C:\Users\eljes\Downloads\simulator-windows-64\IMG\center_2026_08_31_21_59_40_143.jpg, C:\Users\eljes\Downloads\simulator-windows-64\IMG\left_2026_08_31_21_59_40_143.jpg, C:\Users\eljes\Downloads\simulator-windows-64\IMG\right_2026_08_31_21_59_40_143.jpg, 0, 1, 0, 30.1903
C:\Users\eljes\Downloads\simulator-windows-64\IMG\center_2026_08_31_21_59_40_244.jpg, C:\Users\eljes\Downloads\simulator-windows-64\IMG\left_2026_08_31_21_59_40_244.jpg, C:\Users\eljes\Downloads\simulator-windows-64\IMG\right_2026_08_31_21_59_40_244.jpg, 0, 1, 0, 30.19008
C:\Users\eljes\Downloads\simulator-windows-64\IMG\center_2026_08_31_21_59_40_345.jpg, C:\Users\eljes\Downloads\simulator-windows-64\IMG\left_2026_08_31_21_59_40_345.jpg, C:\Users\eljes\Downloads\simulator-windows-64\IMG\right_2026_08_31_21_59_40_345.jpg, 0, 1, 0, 30.18971
C:\Users\eljes\Downloads\simulator-windows-64\IMG\center_2026_08_31_21_59_40_450.jpg, C:\Users\eljes\Downloads\simulator-windows-64\IMG\left_2026_08_31_21_59_40_450.jpg, C:\Users\eljes\Downloads\simulator-windows-64\IMG\right_2026_08_31_21_59_40_450.jpg, 0, 1, 0, 30.19004
C:\Users\eljes\Downloads\simulator-windows-64\IMG\center_2026_08_31_21_59_40_551.jpg, C:\Users\eljes\Downloads\simulator-windows-64\IMG\left_2026_08_31_21_59_40_551.jpg, C:\Users\eljes\Downloads\simulator-windows-64\IMG\right_2026_08_31_21_59_40_551.jpg, 0, 1, 0, 30.19016
C:\Users\eljes\Downloads\simulator-windows-64\IMG\center_2026_08_31_21_59_40_655.jpg, C:\Users\eljes\Downloads\simulator-windows-64\IMG\left_2026_08_31_21_59_40_655.jpg, C:\Users\eljes\Downloads\simulator-windows-64\IMG\right_2026_08_31_21_59_40_655.jpg, 0, 1, 0, 30.19047
C:\Users\eljes\Downloads\simulator-windows-64\IMG\center_2026_08_31_21_59_40_762.jpg, C:\Users\eljes\Downloads\simulator-windows-64\IMG\left_2026_08_31_21_59_40_762.jpg, C:\Users\eljes\Downloads\simulator-windows-64\IMG\right_2026_08_31_21_59_40_762.jpg, 0, 1, 0, 30.19021
C:\Users\eljes\Downloads\simulator-windows-64\IMG\center_2026_08_31_22_00_50_142.jpg, C:\Users\eljes\Downloads\simulator-windows-64\IMG\left_2026_08_31_22_00_50_142.jpg, C:\Users\eljes\Downloads\simulator-windows-64\IMG\right_2026_08_31_22_00_50_142.jpg, 0, 1, 0, 30.19028
C:\Users\eljes\Downloads\simulator-windows-64\IMG\center_2026_08_31_22_00_50_247.jpg, C:\Users\eljes\Downloads\simulator-windows-64\IMG\left_2026_08_31_22_00_50_247.jpg, C:\Users\eljes\Downloads\simulator-windows-64\IMG\right_2026_08_31_22_00_50_247.jpg, 0, 1, 0, 30.19031
C:\Users\eljes\Downloads\simulator-windows-64\IMG\center_2026_08_31_22_00_50_352.jpg, C:\Users\eljes\Downloads\simulator-windows-64\IMG\left_2026_08_31_22_00_50_352.jpg, C:\Users\eljes\Downloads\simulator-windows-64\IMG\right_2026_08_31_22_00_50_352.jpg, 0, 1, 0, 30.19013
C:\Users\eljes\Downloads\simulator-windows-64\IMG\center_2026_08_31_22_00_50_457.jpg, C:\Users\eljes\Downloads\simulator-windows-64\IMG\left_2026_08_31_22_00_50_457.jpg, C:\Users\eljes\Downloads\simulator-windows-64\IMG\right_2026_08_31_22_00_50_457.jpg, 0, 1, 0, 30.19031
C:\Users\eljes\Downloads\simulator-windows-64\IMG\center_2026_08_31_22_00_50_558.jpg, C:\Users\eljes\Downloads\simulator-windows-64\IMG\left_2026_08_31_22_00_50_558.jpg, C:\Users\eljes\Downloads\simulator-windows-64\IMG\right_2026_08_31_22_00_50_558.jpg, 0, 1, 0, 30.19032
C:\Users\eljes\Downloads\simulator-windows-64\IMG\center_2026_08_31_22_00_50_659.jpg, C:\Users\eljes\Downloads\simulator-windows-64\IMG\left_2026_08_31_22_00_50_659.jpg, C:\Users\eljes\Downloads\simulator-windows-64\IMG\right_2026_08_31_22_00_50_659.jpg, 0, 1, 0, 30.19029
C:\Users\eljes\Downloads\simulator-windows-64\IMG\center_2026_08_31_22_00_50_761.jpg, C:\Users\eljes\Downloads\simulator-windows-64\IMG\left_2026_08_31_22_00_50_761.jpg, C:\Users\eljes\Downloads\simulator-windows-64\IMG\right_2026_08_31_22_00_50_761.jpg, 0, 1, 0, 30.19029
C:\Users\eljes\Downloads\simulator-windows-64\IMG\center_2026_08_31_22_00_50_862.jpg, C:\Users\eljes\Downloads\simulator-windows-64\IMG\left_2026_08_31_22_00_50_862.jpg, C:\Users\eljes\Downloads\simulator-windows-64\IMG\right_2026_08_31_22_00_50_862.jpg, 0, 1, 0, 30.19031
C:\Users\eljes\Downloads\simulator-windows-64\IMG\center_2026_08_31_22_00_50_964.jpg, C:\Users\eljes\Downloads\simulator-windows-64\IMG\left_2026_08_31_22_00_50_964.jpg, C:\Users\eljes\Downloads\simulator-windows-64\IMG\right_2026_08_31_22_00_50_964.jpg, 0, 1, 0, 30.19032
C:\Users\eljes\Downloads\simulator-windows-64\IMG\center_2026_08_31_22_00_51_065.jpg, C:\Users\eljes\Downloads\simulator-windows-64\IMG\left_2026_08_31_22_00_51_065.jpg, C:\Users\eljes\Downloads\simulator-windows-64\IMG\right_2026_08_31_22_00_51_065.jpg, 0, 1, 0, 30.19033
C:\Users\eljes\Downloads\simulator-windows-64\IMG\center_2026_08_31_22_00_51_166.jpg, C:\Users\eljes\Downloads\simulator-windows-64\IMG\left_2026_08_31_22_00_51_166.jpg, C:\Users\eljes\Downloads\simulator-windows-64\IMG\right_2026_08_31_22_00_51_166.jpg, 0, 1, 0, 30.19017
C:\Users\eljes\Downloads\simulator-windows-64\IMG\center_2026_08_31_22_00_51_266.jpg, C:\Users\eljes\Downloads\simulator-windows-64\IMG\left_2026_08_31_22_00_51_266.jpg, C:\Users\eljes\Downloads\simulator-windows-64\IMG\right_2026_08_31_22_00_51_266.jpg, 0, 1, 0, 30.19024
C:\Users\eljes\Downloads\simulator-windows-64\IMG\center_2026_08_31_22_00_51_374.jpg, C:\Users\eljes\Downloads\simulator-windows-64\IMG\left_2026_08_31_22_00_51_374.jpg, C:\Users\eljes\Downloads\simulator-windows-64\IMG\right_2026_08_31_22_00_51_374.jpg, 0, 1, 0, 30.19032
C:\Users\eljes\Downloads\simulator-windows-64\IMG\center_2026_08_31_22_00_51_482.jpg, C:\Users\eljes\Downloads\simulator-windows-64\IMG\left_2026_08_31_22_00_51_482.jpg, C:\Users\eljes\Downloads\simulator-windows-64\IMG\right_2026_08_31_22_00_51_482.jpg, -0.1253502, 1, 0, 30.18593
C:\Users\eljes\Downloads\simulator-windows-64\IMG\center_2026_08_31_22_00_51_585.jpg, C:\Users\eljes\Downloads\simulator-windows-64\IMG\left_2026_08_31_22_00_51_585.jpg, C:\Users\eljes\Downloads\simulator-windows-64\IMG\right_2026_08_31_22_00_51_585.jpg, -0.4335573, 1, 0, 30.15026
C:\Users\eljes\Downloads\simulator-windows-64\IMG\center_2026_08_31_22_00_51_691.jpg, C:\Users\eljes\Downloads\simulator-windows-64\IMG\left_2026_08_31_22_00_51_691.jpg, C:\Users\eljes\Downloads\simulator-windows-64\IMG\right_2026_08_31_22_00_51_691.jpg, -0.2890842, 1, 0, 30.18824
C:\Users\eljes\Downloads\simulator-windows-64\IMG\center_2026_08_31_22_00_51_796.jpg, C:\Users\eljes\Downloads\simulator-windows-64\IMG\left_2026_08_31_22_00_51_796.jpg, C:\Users\eljes\Downloads\simulator-windows-64\IMG\right_2026_08_31_22_00_51_796.jpg, 0, 1, 0, 30.18622
C:\Users\eljes\Downloads\simulator-windows-64\IMG\center_2026_08_31_22_00_51_898.jpg, C:\Users\eljes\Downloads\simulator-windows-64\IMG\left_2026_08_31_22_00_51_898.jpg, C:\Users\eljes\Downloads\simulator-windows-64\IMG\right_2026_08_31_22_00_51_898.jpg, 0, 1, 0, 30.18966
C:\Users\eljes\Downloads\simulator-windows-64\IMG\center_2026_08_31_22_00_51_997.jpg, C:\Users\eljes\Downloads\simulator-windows-64\IMG\left_2026_08_31_22_00_51_997.jpg, C:\Users\eljes\Downloads\simulator-windows-64\IMG\right_2026_08_31_22_00_51_997.jpg, 0, 1, 0, 30.19019
C:\Users\eljes\Downloads\simulator-windows-64\IMG\center_2026_08_31_22_00_52_098.jpg, C:\Users\eljes\Downloads\simulator-windows-64\IMG\left_2026_08_31_22_00_52_098.jpg, C:\Users\eljes\Downloads\simulator-windows-64\IMG\right_2026_08_31_22_00_52_098.jpg, 0, 1, 0, 30.19026
C:\Users\eljes\Downloads\simulator-windows-64\IMG\center_2026_08_31_22_00_52_198.jpg, C:\Users\eljes\Downloads\simulator-windows-64\IMG\left_2026_08_31_22_00_52_198.jpg, C:\Users\eljes\Downloads\simulator-windows-64\IMG\right_2026_08_31_22_00_52_198.jpg, 0, 1, 0, 30.19049
C:\Users\eljes\Downloads\simulator-windows-64\IMG\center_2026_08_31_22_00_52_299.jpg, C:\Users\eljes\Downloads\simulator-windows-64\IMG\left_2026_08_31_22_00_52_299.jpg, C:\Users\eljes\Downloads\simulator-windows-64\IMG\right_2026_08_31_22_00_52_299.jpg, 0, 1, 0, 30.19026
C:\Users\eljes\Downloads\simulator-windows-64\IMG\center_2026_08_31_22_00_52_403.jpg, C:\Users\eljes\Downloads\simulator-windows-64\IMG\left_2026_08_31_22_00_52_403.jpg, C:\Users\eljes\Downloads\simulator-windows-64\IMG\right_2026_08_31_22_00_52_403.jpg, 0, 1, 0, 30.19023
C:\Users\eljes\Downloads\simulator-windows-64\IMG\center_2026_08_31_22_00_52_504.jpg, C:\Users\eljes\Downloads\simulator-windows-64\IMG\left_2026_08_31_22_00_52_504.jpg, C:\Users\eljes\Downloads\simulator-windows-64\IMG\right_2026_08_31_22_00_52_504.jpg, 0, 1, 0, 30.1903
C:\Users\eljes\Downloads\simulator-windows-64\IMG\center_2026_08_31_22_00_52_610.jpg, C:\Users\eljes\Downloads\simulator-windows-64\IMG\left_2026_08_31_22_00_52_610.jpg, C:\Users\eljes\Downloads\simulator-windows-64\IMG\right_2026_08_31_22_00_52_610.jpg, 0, 1, 0, 30.19025
C:\Users\eljes\Downloads\simulator-windows-64\IMG\center_2026_08_31_22_00_52_711.jpg, C:\Users\eljes\Downloads\simulator-windows-64\IMG\left_2026_08_31_22_00_52_711.jpg, C:\Users\eljes\Downloads\simulator-windows-64\IMG\right_2026_08_31_22_00_52_711.jpg, 0, 1, 0, 30.19036
C:\Users\eljes\Downloads\simulator-windows-64\IMG\center_2026_08_31_22_00_52_813.jpg, C:\Users\eljes\Downloads\simulator-windows-64\IMG\left_2026_08_31_22_00_52_813.jpg, C:\Users\eljes\Downloads\simulator-windows-64\IMG\right_2026_08_31_22_00_52_813.jpg, 0, 1, 0, 30.19031
C:\Users\eljes\Downloads\simulator-windows-64\IMG\center_2026_08_31_22_00_52_919.jpg, C:\Users\eljes\Downloads\simulator-windows-64\IMG\left_2026_08_31_22_00_52_919.jpg, C:\Users\eljes\Downloads\simulator-windows-64\IMG\right_2026_08_31_22_00_52_919.jpg, 0, 1, 0, 30.19033
C:\Users\eljes\Downloads\simulator-windows-64\IMG\center_2026_08_31_22_00_53_020.jpg, C:\Users\eljes\Downloads\simulator-windows-64\IMG\left_2026_08_31_22_00_53_020.jpg, C:\Users\eljes\Downloads\simulator-windows-64\IMG\right_2026_08_31_22_00_53_020.jpg, 0, 1, 0, 30.19028
C:\Users\eljes\Downloads\simulator-windows-64\IMG\center_2026_08_31_22_00_53_123.jpg, C:\Users\eljes\Downloads\simulator-windows-64\IMG\left_2026_08_31_22_00_53_123.jpg, C:\Users\eljes\Downloads\simulator-windows-64\IMG\right_2026_08_31_22_00_53_123.jpg, 0, 1, 0, 30.19031
C:\Users\eljes\Downloads\simulator-windows-64\IMG\center_2026_08_31_22_00_53_226.jpg, C:\Users\eljes\Downloads\simulator-windows-64\IMG\left_2026_08_31_22_00_53_226.jpg, C:\Users\eljes\Downloads\simulator-windows-64\IMG\right_2026_08_31_22_00_53_226.jpg, 0, 1, 0, 30.19027
C:\Users\eljes\Downloads\simulator-windows-64\IMG\center_2026_08_31_22_00_53_327.jpg, C:\Users\eljes\Downloads\simulator-windows-64\IMG\left_2026_08_31_22_00_53_327.jpg, C:\Users\eljes\Downloads\simulator-windows-64\IMG\right_2026_08_31_22_00_53_327.jpg, -0.0218085, 1, 0, 30.19009
C:\Users\eljes\Downloads\simulator-windows-64\IMG\center_2026_08_31_22_00_53_431.jpg, C:\Users\eljes\Downloads\simulator-windows-64\IMG\left_2026_08_31_22_00_53_431.jpg, C:\Users\eljes\Downloads\simulator-windows-64\IMG\right_2026_08_31_22_00_53_431.jpg, -0.3278613, 1, 0, 30.16416
C:\Users\eljes\Downloads\simulator-windows-64\IMG\center_2026_08_31_22_00_53_533.jpg, C:\Users\eljes\Downloads\simulator-windows-64\IMG\left_2026_08_31_22_00_53_533.jpg, C:\Users\eljes\Downloads\simulator-windows-64\IMG\right_2026_08_31_22_00_53_533.jpg, -0.0362037, 1, 0, 30.19025
C:\Users\eljes\Downloads\simulator-windows-64\IMG\center_2026_08_31_22_00_53_637.jpg, C:\Users\eljes\Downloads\simulator-windows-64\IMG\left_2026_08_31_22_00_53_637.jpg, C:\Users\eljes\Downloads\simulator-windows-64\IMG\right_2026_08_31_22_00_53_637.jpg, 0, 1, 0, 30.18991
C:\Users\eljes\Downloads\simulator-windows-64\IMG\center_2026_08_31_22_00_53_742.jpg, C:\Users\eljes\Downloads\simulator-windows-64\IMG\left_2026_08_31_22_00_53_742.jpg, C:\Users\eljes\Downloads\simulator-windows-64\IMG\right_2026_08_31_22_00_53_742.jpg, -0.0412836, 1, 0, 30.19015
C:\Users\eljes\Downloads\simulator-windows-64\IMG\center_2026_08_31_22_00_53_843.jpg, C:\Users\eljes\Downloads\simulator-windows-64\IMG\left_2026_08_31_22_00_53_843.jpg, C:\Users\eljes\Downloads\simulator-windows-64\IMG\right_2026_08_31_22_00_53_843.jpg, -0.3464628, 1, 0, 30.16344
C:\Users\eljes\Downloads\simulator-windows-64\IMG\center_2026_08_31_22_00_53_943.jpg, C:\Users\eljes\Downloads\simulator-windows-64\IMG\left_2026_08_31_22_00_53_943.jpg, C:\Users\eljes\Downloads\simulator-windows-64\IMG\right_2026_08_31_22_00_53_943.jpg, -0.6480529, 1, 0, 30.12315
C:\Users\eljes\Downloads\simulator-windows-64\IMG\center_2026_08_31_22_00_54_051.jpg, C:\Users\eljes\Downloads\simulator-windows-64\IMG\left_2026_08_31_22_00_54_051.jpg, C:\Users\eljes\Downloads\simulator-windows-64\IMG\right_2026_08_31_22_00_54_051.jpg, -0.3502096, 1, 0, 30.19184
C:\Users\eljes\Downloads\simulator-windows-64\IMG\center_2026_08_31_22_00_54_157.jpg, C:\Users\eljes\Downloads\simulator-windows-64\IMG\left_2026_08_31_22_00_54_157.jpg, C:\Users\eljes\Downloads\simulator-windows-64\IMG\right_2026_08_31_22_00_54_157.jpg, -0.05093776, 1, 0, 30.18905
C:\Users\eljes\Downloads\simulator-windows-64\IMG\center_2026_08_31_22_00_54_259.jpg, C:\Users\eljes\Downloads\simulator-windows-64\IMG\left_2026_08_31_22_00_54_259.jpg, C:\Users\eljes\Downloads\simulator-windows-64\IMG\right_2026_08_31_22_00_54_259.jpg, 0, 1, 0, 30.1895
C:\Users\eljes\Downloads\simulator-windows-64\IMG\center_2026_08_31_22_00_54_365.jpg, C:\Users\eljes\Downloads\simulator-windows-64\IMG\left_2026_08_31_22_00_54_365.jpg, C:\Users\eljes\Downloads\simulator-windows-64\IMG\right_2026_08_31_22_00_54_365.jpg, 0, 1, 0, 30.19023
C:\Users\eljes\Downloads\simulator-windows-64\IMG\center_2026_08_31_22_00_54_470.jpg, C:\Users\eljes\Downloads\simulator-windows-64\IMG\left_2026_08_31_22_00_54_470.jpg, C:\Users\eljes\Downloads\simulator-windows-64\IMG\right_2026_08_31_22_00_54_470.jpg, 0, 1, 0, 30.19033
C:\Users\eljes\Downloads\simulator-windows-64\IMG\center_2026_08_31_22_00_54_571.jpg, C:\Users\eljes\Downloads\simulator-windows-64\IMG\left_2026_08_31_22_00_54_571.jpg, C:\Users\eljes\Downloads\simulator-windows-64\IMG\right_2026_08_31_22_00_54_571.jpg, 0, 1, 0, 30.19029
C:\Users\eljes\Downloads\simulator-windows-64\IMG\center_2026_08_31_22_00_54_677.jpg, C:\Users\eljes\Downloads\simulator-windows-64\IMG\left_2026_08_31_22_00_54_677.jpg, C:\Users\eljes\Downloads\simulator-windows-64\IMG\right_2026_08_31_22_00_54_677.jpg, 0, 1, 0, 30.1903
C:\Users\eljes\Downloads\simulator-windows-64\IMG\center_2026_08_31_22_00_54_781.jpg, C:\Users\eljes\Downloads\simulator-windows-64\IMG\left_2026_08_31_22_00_54_781.jpg, C:\Users\eljes\Downloads\simulator-windows-64\IMG\right_2026_08_31_22_00_54_781.jpg, 0, 1, 0, 30.19032
C:\Users\eljes\Downloads\simulator-windows-64\IMG\center_2026_08_31_22_00_54_884.jpg, C:\Users\eljes\Downloads\simulator-windows-64\IMG\left_2026_08_31_22_00_54_884.jpg, C:\Users\eljes\Downloads\simulator-windows-64\IMG\right_2026_08_31_22_00_54_884.jpg, 0, 1, 0, 30.19026
C:\Users\eljes\Downloads\simulator-windows-64\IMG\center_2026_08_31_22_00_54_986.jpg, C:\Users\eljes\Downloads\simulator-windows-64\IMG\left_2026_08_31_22_00_54_986.jpg, C:\Users\eljes\Downloads\simulator-windows-64\IMG\right_2026_08_31_22_00_54_986.jpg, 0, 1, 0, 30.19032
C:\Users\eljes\Downloads\simulator-windows-64\IMG\center_2026_08_31_22_00_55_089.jpg, C:\Users\eljes\Downloads\simulator-windows-64\IMG\left_2026_08_31_22_00_55_089.jpg, C:\Users\eljes\Downloads\simulator-windows-64\IMG\right_2026_08_31_22_00_55_089.jpg, 0, 1, 0, 30.19028
C:\Users\eljes\Downloads\simulator-windows-64\IMG\center_2026_08_31_22_00_55_193.jpg, C:\Users\eljes\Downloads\simulator-windows-64\IMG\left_2026_08_31_22_00_55_193.jpg, C:\Users\eljes\Downloads\simulator-windows-64\IMG\right_2026_08_31_22_00_55_193.jpg, 0, 1, 0, 30.19029
C:\Users\eljes\Downloads\simulator-windows-64\IMG\center_2026_08_31_22_00_55_296.jpg, C:\Users\eljes\Downloads\simulator-windows-64\IMG\left_2026_08_31_22_00_55_296.jpg, C:\Users\eljes\Downloads\simulator-windows-64\IMG\right_2026_08_31_22_00_55_296.jpg, 0, 1, 0, 30.19029
C:\Users\eljes\Downloads\simulator-windows-64\IMG\center_2026_08_31_22_00_55_401.jpg, C:\Users\eljes\Downloads\simulator-windows-64\IMG\left_2026_08_31_22_00_55_401.jpg, C:\Users\eljes\Downloads\simulator-windows-64\IMG\right_2026_08_31_22_00_55_401.jpg, 0, 1, 0, 30.19029
C:\Users\eljes\Downloads\simulator-windows-64\IMG\center_2026_08_31_22_00_55_506.jpg, C:\Users\eljes\Downloads\simulator-windows-64\IMG\left_2026_08_31_22_00_55_506.jpg, C:\Users\eljes\Downloads\simulator-windows-64\IMG\right_2026_08_31_22_00_55_506.jpg, 0, 1, 0, 30.19035
C:\Users\eljes\Downloads\simulator-windows-64\IMG\center_2026_08_31_22_00_55_613.jpg, C:\Users\eljes\Downloads\simulator-windows-64\IMG\left_2026_08_31_22_00_55_613.jpg, C:\Users\eljes\Downloads\simulator-windows-64\IMG\right_2026_08_31_22_00_55_613.jpg, 0, 1, 0, 30.19029
C:\Users\eljes\Downloads\simulator-windows-64\IMG\center_2026_08_31_22_00_55_716.jpg, C:\Users\eljes\Downloads\simulator-windows-64\IMG\left_2026_08_31_22_00_55_716.jpg, C:\Users\eljes\Downloads\simulator-windows-64\IMG\right_2026_08_31_22_00_55_716.jpg, -0.2238609, 1, 0, 30.17696
C:\Users\eljes\Downloads\simulator-windows-64\IMG\center_2026_08_31_22_00_55_820.jpg, C:\Users\eljes\Downloads\simulator-windows-64\IMG\left_2026_08_31_22_00_55_820.jpg, C:\Users\eljes\Downloads\simulator-windows-64\IMG\right_2026_08_31_22_00_55_820.jpg, -0.5720829, 1, 0, 30.13233
C:\Users\eljes\Downloads\simulator-windows-64\IMG\center_2026_08_31_22_00_55_921.jpg, C:\Users\eljes\Downloads\simulator-windows-64\IMG\left_2026_08_31_22_00_55_921.jpg, C:\Users\eljes\Downloads\simulator-windows-64\IMG\right_2026_08_31_22_00_55_921.jpg, -0.2688444, 1, 0, 30.19223
C:\Users\eljes\Downloads\simulator-windows-64\IMG\center_2026_08_31_22_00_56_026.jpg, C:\Users\eljes\Downloads\simulator-windows-64\IMG\left_2026_08_31_22_00_56_026.jpg, C:\Users\eljes\Downloads\simulator-windows-64\IMG\right_2026_08_31_22_00_56_026.jpg, 0, 1, 0, 30.1861
C:\Users\eljes\Downloads\simulator-windows-64\IMG\center_2026_08_31_22_00_56_130.jpg, C:\Users\eljes\Downloads\simulator-windows-64\IMG\left_2026_08_31_22_00_56_130.jpg, C:\Users\eljes\Downloads\simulator-windows-64\IMG\right_2026_08_31_22_00_56_130.jpg, 0, 1, 0, 30.18969
C:\Users\eljes\Downloads\simulator-windows-64\IMG\center_2026_08_31_22_00_56_233.jpg, C:\Users\eljes\Downloads\simulator-windows-64\IMG\left_2026_08_31_22_00_56_233.jpg, C:\Users\eljes\Downloads\simulator-windows-64\IMG\right_2026_08_31_22_00_56_233.jpg, 0, 1, 0, 30.19028
C:\Users\eljes\Downloads\simulator-windows-64\IMG\center_2026_08_31_22_00_56_333.jpg, C:\Users\eljes\Downloads\simulator-windows-64\IMG\left_2026_08_31_22_00_56_333.jpg, C:\Users\eljes\Downloads\simulator-windows-64\IMG\right_2026_08_31_22_00_56_333.jpg, 0, 1, 0, 30.19029
C:\Users\eljes\Downloads\simulator-windows-64\IMG\center_2026_08_31_22_00_56_435.jpg, C:\Users\eljes\Downloads\simulator-windows-64\IMG\left_2026_08_31_22_00_56_435.jpg, C:\Users\eljes\Downloads\simulator-windows-64\IMG\right_2026_08_31_22_00_56_435.jpg, -0.2265885, 1, 0, 30.17722
C:\Users\eljes\Downloads\simulator-windows-64\IMG\center_2026_08_31_22_00_56_540.jpg, C:\Users\eljes\Downloads\simulator-windows-64\IMG\left_2026_08_31_22_00_56_540.jpg, C:\Users\eljes\Downloads\simulator-windows-64\IMG\right_2026_08_31_22_00_56_540.jpg, -0.1977796, 1, 0, 30.18866
C:\Users\eljes\Downloads\simulator-windows-64\IMG\center_2026_08_31_22_00_56_645.jpg, C:\Users\eljes\Downloads\simulator-windows-64\IMG\left_2026_08_31_22_00_56_645.jpg, C:\Users\eljes\Downloads\simulator-windows-64\IMG\right_2026_08_31_22_00_56_645.jpg, 0, 1, 0, 30.1888
C:\Users\eljes\Downloads\simulator-windows-64\IMG\center_2026_08_31_22_00_56_748.jpg, C:\Users\eljes\Downloads\simulator-windows-64\IMG\left_2026_08_31_22_00_56_748.jpg, C:\Users\eljes\Downloads\simulator-windows-64\IMG\right_2026_08_31_22_00_56_748.jpg, 0, 1, 0, 30.19013
C:\Users\eljes\Downloads\simulator-windows-64\IMG\center_2026_08_31_22_00_56_851.jpg, C:\Users\eljes\Downloads\simulator-windows-64\IMG\left_2026_08_31_22_00_56_851.jpg, C:\Users\eljes\Downloads\simulator-windows-64\IMG\right_2026_08_31_22_00_56_851.jpg, 0, 1, 0, 30.19031
C:\Users\eljes\Downloads\simulator-windows-64\IMG\center_2026_08_31_22_00_56_953.jpg, C:\Users\eljes\Downloads\simulator-windows-64\IMG\left_2026_08_31_22_00_56_953.jpg, C:\Users\eljes\Downloads\simulator-windows-64\IMG\right_2026_08_31_22_00_56_953.jpg, -0.2227518, 1, 0, 30.178
C:\Users\eljes\Downloads\simulator-windows-64\IMG\center_2026_08_31_22_00_57_054.jpg, C:\Users\eljes\Downloads\simulator-windows-64\IMG\left_2026_08_31_22_00_57_054.jpg, C:\Users\eljes\Downloads\simulator-windows-64\IMG\right_2026_08_31_22_00_57_054.jpg, -0.5366972, 1, 0, 30.13676
C:\Users\eljes\Downloads\simulator-windows-64\IMG\center_2026_08_31_22_00_57_155.jpg, C:\Users\eljes\Downloads\simulator-windows-64\IMG\left_2026_08_31_22_00_57_155.jpg, C:\Users\eljes\Downloads\simulator-windows-64\IMG\right_2026_08_31_22_00_57_155.jpg, -0.5623776, 1, 0, 30.16118
C:\Users\eljes\Downloads\simulator-windows-64\IMG\center_2026_08_31_22_00_57_261.jpg, C:\Users\eljes\Downloads\simulator-windows-64\IMG\left_2026_08_31_22_00_57_261.jpg, C:\Users\eljes\Downloads\simulator-windows-64\IMG\right_2026_08_31_22_00_57_261.jpg, -0.2077137, 1, 0, 30.19645
C:\Users\eljes\Downloads\simulator-windows-64\IMG\center_2026_08_31_22_00_57_363.jpg, C:\Users\eljes\Downloads\simulator-windows-64\IMG\left_2026_08_31_22_00_57_363.jpg, C:\Users\eljes\Downloads\simulator-windows-64\IMG\right_2026_08_31_22_00_57_363.jpg, 0, 1, 0, 30.18625
C:\Users\eljes\Downloads\simulator-windows-64\IMG\center_2026_08_31_22_00_57_465.jpg, C:\Users\eljes\Downloads\simulator-windows-64\IMG\left_2026_08_31_22_00_57_465.jpg, C:\Users\eljes\Downloads\simulator-windows-64\IMG\right_2026_08_31_22_00_57_465.jpg, 0, 1, 0, 30.18996
C:\Users\eljes\Downloads\simulator-windows-64\IMG\center_2026_08_31_22_00_57_572.jpg, C:\Users\eljes\Downloads\simulator-windows-64\IMG\left_2026_08_31_22_00_57_572.jpg, C:\Users\eljes\Downloads\simulator-windows-64\IMG\right_2026_08_31_22_00_57_572.jpg, 0, 1, 0, 30.18981
C:\Users\eljes\Downloads\simulator-windows-64\IMG\center_2026_08_31_22_00_57_680.jpg, C:\Users\eljes\Downloads\simulator-windows-64\IMG\left_2026_08_31_22_00_57_680.jpg, C:\Users\eljes\Downloads\simulator-windows-64\IMG\right_2026_08_31_22_00_57_680.jpg, 0.0499734, 1, 0, 30.18991
C:\Users\eljes\Downloads\simulator-windows-64\IMG\center_2026_08_31_22_00_57_784.jpg, C:\Users\eljes\Downloads\simulator-windows-64\IMG\left_2026_08_31_22_00_57_784.jpg, C:\Users\eljes\Downloads\simulator-windows-64\IMG\right_2026_08_31_22_00_57_784.jpg, 0.3627681, 1, 0, 30.15904
C:\Users\eljes\Downloads\simulator-windows-64\IMG\center_2026_08_31_22_00_57_887.jpg, C:\Users\eljes\Downloads\simulator-windows-64\IMG\left_2026_08_31_22_00_57_887.jpg, C:\Users\eljes\Downloads\simulator-windows-64\IMG\right_2026_08_31_22_00_57_887.jpg, 0.4932324, 1, 0, 30.15462
C:\Users\eljes\Downloads\simulator-windows-64\IMG\center_2026_08_31_22_00_57_990.jpg, C:\Users\eljes\Downloads\simulator-windows-64\IMG\left_2026_08_31_22_00_57_990.jpg, C:\Users\eljes\Downloads\simulator-windows-64\IMG\right_2026_08_31_22_00_57_990.jpg, 0.1816416, 1, 0, 30.19378
C:\Users\eljes\Downloads\simulator-windows-64\IMG\center_2026_08_31_22_00_58_098.jpg, C:\Users\eljes\Downloads\simulator-windows-64\IMG\left_2026_08_31_22_00_58_098.jpg, C:\Users\eljes\Downloads\simulator-windows-64\IMG\right_2026_08_31_22_00_58_098.jpg, 0, 1, 0, 30.18769
C:\Users\eljes\Downloads\simulator-windows-64\IMG\center_2026_08_31_22_00_58_204.jpg, C:\Users\eljes\Downloads\simulator-windows-64\IMG\left_2026_08_31_22_00_58_204.jpg, C:\Users\eljes\Downloads\simulator-windows-64\IMG\right_2026_08_31_22_00_58_204.jpg, -0.3178305, 1, 0, 30.15784
C:\Users\eljes\Downloads\simulator-windows-64\IMG\center_2026_08_31_22_00_58_310.jpg, C:\Users\eljes\Downloads\simulator-windows-64\IMG\left_2026_08_31_22_00_58_310.jpg, C:\Users\eljes\Downloads\simulator-windows-64\IMG\right_2026_08_31_22_00_58_310.jpg, -0.6176097, 1, 0, 30.12005
C:\Users\eljes\Downloads\simulator-windows-64\IMG\center_2026_08_31_22_00_58_411.jpg, C:\Users\eljes\Downloads\simulator-windows-64\IMG\left_2026_08_31_22_00_58_411.jpg, C:\Users\eljes\Downloads\simulator-windows-64\IMG\right_2026_08_31_22_00_58_411.jpg, -0.7801121, 1, 0, 30.11502
C:\Users\eljes\Downloads\simulator-windows-64\IMG\center_2026_08_31_22_00_58_515.jpg, C:\Users\eljes\Downloads\simulator-windows-64\IMG\left_2026_08_31_22_00_58_515.jpg, C:\Users\eljes\Downloads\simulator-windows-64\IMG\right_2026_08_31_22_00_58_515.jpg, -0.4788005, 1, 0, 30.1916
C:\Users\eljes\Downloads\simulator-windows-64\IMG\center_2026_08_31_22_00_58_618.jpg, C:\Users\eljes\Downloads\simulator-windows-64\IMG\left_2026_08_31_22_00_58_618.jpg, C:\Users\eljes\Downloads\simulator-windows-64\IMG\right_2026_08_31_22_00_58_618.jpg, -0.1703142, 1, 0, 30.19595
C:\Users\eljes\Downloads\simulator-windows-64\IMG\center_2026_08_31_22_00_58_724.jpg, C:\Users\eljes\Downloads\simulator-windows-64\IMG\left_2026_08_31_22_00_58_724.jpg, C:\Users\eljes\Downloads\simulator-windows-64\IMG\right_2026_08_31_22_00_58_724.jpg, 0, 1, 0, 30.1872
C:\Users\eljes\Downloads\simulator-windows-64\IMG\center_2026_08_31_22_00_58_827.jpg, C:\Users\eljes\Downloads\simulator-windows-64\IMG\left_2026_08_31_22_00_58_827.jpg, C:\Users\eljes\Downloads\simulator-windows-64\IMG\right_2026_08_31_22_00_58_827.jpg, 0, 1, 0, 30.19004
C:\Users\eljes\Downloads\simulator-windows-64\IMG\center_2026_08_31_22_00_58_930.jpg, C:\Users\eljes\Downloads\simulator-windows-64\IMG\left_2026_08_31_22_00_58_930.jpg, C:\Users\eljes\Downloads\simulator-windows-64\IMG\right_2026_08_31_22_00_58_930.jpg, 0.3011502, 1, 0, 30.16529
C:\Users\eljes\Downloads\simulator-windows-64\IMG\center_2026_08_31_22_00_59_035.jpg, C:\Users\eljes\Downloads\simulator-windows-64\IMG\left_2026_08_31_22_00_59_035.jpg, C:\Users\eljes\Downloads\simulator-windows-64\IMG\right_2026_08_31_22_00_59_035.jpg, 0.6016037, 1, 0, 30.12664
C:\Users\eljes\Downloads\simulator-windows-64\IMG\center_2026_08_31_22_00_59_141.jpg, C:\Users\eljes\Downloads\simulator-windows-64\IMG\left_2026_08_31_22_00_59_141.jpg, C:\Users\eljes\Downloads\simulator-windows-64\IMG\right_2026_08_31_22_00_59_141.jpg, 0.3282191, 1, 0, 30.1922
C:\Users\eljes\Downloads\simulator-windows-64\IMG\center_2026_08_31_22_00_59_247.jpg, C:\Users\eljes\Downloads\simulator-windows-64\IMG\left_2026_08_31_22_00_59_247.jpg, C:\Users\eljes\Downloads\simulator-windows-64\IMG\right_2026_08_31_22_00_59_247.jpg, 0.03048715, 1, 0, 30.1873
C:\Users\eljes\Downloads\simulator-windows-64\IMG\center_2026_08_31_22_00_59_352.jpg, C:\Users\eljes\Downloads\simulator-windows-64\IMG\left_2026_08_31_22_00_59_352.jpg, C:\Users\eljes\Downloads\simulator-windows-64\IMG\right_2026_08_31_22_00_59_352.jpg, 0, 1, 0, 30.18965
C:\Users\eljes\Downloads\simulator-windows-64\IMG\center_2026_08_31_22_00_59_454.jpg, C:\Users\eljes\Downloads\simulator-windows-64\IMG\left_2026_08_31_22_00_59_454.jpg, C:\Users\eljes\Downloads\simulator-windows-64\IMG\right_2026_08_31_22_00_59_454.jpg, -0.0622284, 1, 0, 30.18802
C:\Users\eljes\Downloads\simulator-windows-64\IMG\center_2026_08_31_22_00_59_558.jpg, C:\Users\eljes\Downloads\simulator-windows-64\IMG\left_2026_08_31_22_00_59_558.jpg, C:\Users\eljes\Downloads\simulator-windows-64\IMG\right_2026_08_31_22_00_59_558.jpg, -0.3230535, 1, 0, 30.16356
C:\Users\eljes\Downloads\simulator-windows-64\IMG\center_2026_08_31_22_00_59_660.jpg, C:\Users\eljes\Downloads\simulator-windows-64\IMG\left_2026_08_31_22_00_59_660.jpg, C:\Users\eljes\Downloads\simulator-windows-64\IMG\right_2026_08_31_22_00_59_660.jpg, 0, 1, 0, 30.18792
C:\Users\eljes\Downloads\simulator-windows-64\IMG\center_2026_08_31_22_00_59_761.jpg, C:\Users\eljes\Downloads\simulator-windows-64\IMG\left_2026_08_31_22_00_59_761.jpg, C:\Users\eljes\Downloads\simulator-windows-64\IMG\right_2026_08_31_22_00_59_761.jpg, 0, 1, 0, 30.18987
C:\Users\eljes\Downloads\simulator-windows-64\IMG\center_2026_08_31_22_00_59_862.jpg, C:\Users\eljes\Downloads\simulator-windows-64\IMG\left_2026_08_31_22_00_59_862.jpg, C:\Users\eljes\Downloads\simulator-windows-64\IMG\right_2026_08_31_22_00_59_862.jpg, -0.2560734, 1, 0, 30.1762
C:\Users\eljes\Downloads\simulator-windows-64\IMG\center_2026_08_31_22_00_59_966.jpg, C:\Users\eljes\Downloads\simulator-windows-64\IMG\left_2026_08_31_22_00_59_966.jpg, C:\Users\eljes\Downloads\simulator-windows-64\IMG\right_2026_08_31_22_00_59_966.jpg, -0.5464557, 1, 0, 30.13783
C:\Users\eljes\Downloads\simulator-windows-64\IMG\center_2026_08_31_22_01_00_073.jpg, C:\Users\eljes\Downloads\simulator-windows-64\IMG\left_2026_08_31_22_01_00_073.jpg, C:\Users\eljes\Downloads\simulator-windows-64\IMG\right_2026_08_31_22_01_00_073.jpg, -0.4352766, 1, 0, 30.18192
C:\Users\eljes\Downloads\simulator-windows-64\IMG\center_2026_08_31_22_01_00_175.jpg, C:\Users\eljes\Downloads\simulator-windows-64\IMG\left_2026_08_31_22_01_00_175.jpg, C:\Users\eljes\Downloads\simulator-windows-64\IMG\right_2026_08_31_22_01_00_175.jpg, -0.1329018, 1, 0, 30.19381
C:\Users\eljes\Downloads\simulator-windows-64\IMG\center_2026_08_31_22_01_00_275.jpg, C:\Users\eljes\Downloads\simulator-windows-64\IMG\left_2026_08_31_22_01_00_275.jpg, C:\Users\eljes\Downloads\simulator-windows-64\IMG\right_2026_08_31_22_01_00_275.jpg, 0, 1, 0, 30.18818
C:\Users\eljes\Downloads\simulator-windows-64\IMG\center_2026_08_31_22_01_00_375.jpg, C:\Users\eljes\Downloads\simulator-windows-64\IMG\left_2026_08_31_22_01_00_375.jpg, C:\Users\eljes\Downloads\simulator-windows-64\IMG\right_2026_08_31_22_01_00_375.jpg, 0, 1, 0, 30.19011
C:\Users\eljes\Downloads\simulator-windows-64\IMG\center_2026_08_31_22_01_00_477.jpg, C:\Users\eljes\Downloads\simulator-windows-64\IMG\left_2026_08_31_22_01_00_477.jpg, C:\Users\eljes\Downloads\simulator-windows-64\IMG\right_2026_08_31_22_01_00_477.jpg, 0, 1, 0, 30.18975
C:\Users\eljes\Downloads\simulator-windows-64\IMG\center_2026_08_31_22_01_00_584.jpg, C:\Users\eljes\Downloads\simulator-windows-64\IMG\left_2026_08_31_22_01_00_584.jpg, C:\Users\eljes\Downloads\simulator-windows-64\IMG\right_2026_08_31_22_01_00_584.jpg, 0, 1, 0, 30.19031
C:\Users\eljes\Downloads\simulator-windows-64\IMG\center_2026_08_31_22_01_00_687.jpg, C:\Users\eljes\Downloads\simulator-windows-64\IMG\left_2026_08_31_22_01_00_687.jpg, C:\Users\eljes\Downloads\simulator-windows-64\IMG\right_2026_08_31_22_01_00_687.jpg, 0, 1, 0, 30.19027
C:\Users\eljes\Downloads\simulator-windows-64\IMG\center_2026_08_31_22_01_00_789.jpg, C:\Users\eljes\Downloads\simulator-windows-64\IMG\left_2026_08_31_22_01_00_789.jpg, C:\Users\eljes\Downloads\simulator-windows-64\IMG\right_2026_08_31_22_01_00_789.jpg, 0, 1, 0, 30.1903
C:\Users\eljes\Downloads\simulator-windows-64\IMG\center_2026_08_31_22_01_00_891.jpg, C:\Users\eljes\Downloads\simulator-windows-64\IMG\left_2026_08_31_22_01_00_891.jpg, C:\Users\eljes\Downloads\simulator-windows-64\IMG\right_2026_08_31_22_01_00_891.jpg, 0, 1, 0, 30.19029
C:\Users\eljes\Downloads\simulator-windows-64\IMG\center_2026_08_31_22_01_00_992.jpg, C:\Users\eljes\Downloads\simulator-windows-64\IMG\left_2026_08_31_22_01_00_992.jpg, C:\Users\eljes\Downloads\simulator-windows-64\IMG\right_2026_08_31_22_01_00_992.jpg, 0, 1, 0, 30.1904
C:\Users\eljes\Downloads\simulator-windows-64\IMG\center_2026_08_31_22_01_01_095.jpg, C:\Users\eljes\Downloads\simulator-windows-64\IMG\left_2026_08_31_22_01_01_095.jpg, C:\Users\eljes\Downloads\simulator-windows-64\IMG\right_2026_08_31_22_01_01_095.jpg, 0, 1, 0, 30.19027
C:\Users\eljes\Downloads\simulator-windows-64\IMG\center_2026_08_31_22_01_01_201.jpg, C:\Users\eljes\Downloads\simulator-windows-64\IMG\left_2026_08_31_22_01_01_201.jpg, C:\Users\eljes\Downloads\simulator-windows-64\IMG\right_2026_08_31_22_01_01_201.jpg, -0.2180538, 1, 0, 30.17699
C:\Users\eljes\Downloads\simulator-windows-64\IMG\center_2026_08_31_22_01_01_303.jpg, C:\Users\eljes\Downloads\simulator-windows-64\IMG\left_2026_08_31_22_01_01_303.jpg, C:\Users\eljes\Downloads\simulator-windows-64\IMG\right_2026_08_31_22_01_01_303.jpg, -0.1879401, 1, 0, 30.18805
C:\Users\eljes\Downloads\simulator-windows-64\IMG\center_2026_08_31_22_01_01_403.jpg, C:\Users\eljes\Downloads\simulator-windows-64\IMG\left_2026_08_31_22_01_01_403.jpg, C:\Users\eljes\Downloads\simulator-windows-64\IMG\right_2026_08_31_22_01_01_403.jpg, 0, 1, 0, 30.18887
C:\Users\eljes\Downloads\simulator-windows-64\IMG\center_2026_08_31_22_01_01_509.jpg, C:\Users\eljes\Downloads\simulator-windows-64\IMG\left_2026_08_31_22_01_01_509.jpg, C:\Users\eljes\Downloads\simulator-windows-64\IMG\right_2026_08_31_22_01_01_509.jpg, 0, 1, 0, 30.19013
C:\Users\eljes\Downloads\simulator-windows-64\IMG\center_2026_08_31_22_01_01_612.jpg, C:\Users\eljes\Downloads\simulator-windows-64\IMG\left_2026_08_31_22_01_01_612.jpg, C:\Users\eljes\Downloads\simulator-windows-64\IMG\right_2026_08_31_22_01_01_612.jpg, 0, 1, 0, 30.19028
C:\Users\eljes\Downloads\simulator-windows-64\IMG\center_2026_08_31_22_01_01_721.jpg, C:\Users\eljes\Downloads\simulator-windows-64\IMG\left_2026_08_31_22_01_01_721.jpg, C:\Users\eljes\Downloads\simulator-windows-64\IMG\right_2026_08_31_22_01_01_721.jpg, 0, 1, 0, 30.19025
C:\Users\eljes\Downloads\simulator-windows-64\IMG\center_2026_08_31_22_01_01_821.jpg, C:\Users\eljes\Downloads\simulator-windows-64\IMG\left_2026_08_31_22_01_01_821.jpg, C:\Users\eljes\Downloads\simulator-windows-64\IMG\right_2026_08_31_22_01_01_821.jpg, 0, 1, 0, 30.19027
C:\Users\eljes\Downloads\simulator-windows-64\IMG\center_2026_08_31_22_01_01_925.jpg, C:\Users\eljes\Downloads\simulator-windows-64\IMG\left_2026_08_31_22_01_01_925.jpg, C:\Users\eljes\Downloads\simulator-windows-64\IMG\right_2026_08_31_22_01_01_925.jpg, 0, 1, 0, 30.19029
C:\Users\eljes\Downloads\simulator-windows-64\IMG\center_2026_08_31_22_01_02_027.jpg, C:\Users\eljes\Downloads\simulator-windows-64\IMG\left_2026_08_31_22_01_02_027.jpg, C:\Users\eljes\Downloads\simulator-windows-64\IMG\right_2026_08_31_22_01_02_027.jpg, 0, 1, 0, 30.19031
C:\Users\eljes\Downloads\simulator-windows-64\IMG\center_2026_08_31_22_01_02_127.jpg, C:\Users\eljes\Downloads\simulator-windows-64\IMG\left_2026_08_31_22_01_02_127.jpg, C:\Users\eljes\Downloads\simulator-windows-64\IMG\right_2026_08_31_22_01_02_127.jpg, -0.2013045, 1, 0, 30.17911
C:\Users\eljes\Downloads\simulator-windows-64\IMG\center_2026_08_31_22_01_02_231.jpg, C:\Users\eljes\Downloads\simulator-windows-64\IMG\left_2026_08_31_22_01_02_231.jpg, C:\Users\eljes\Downloads\simulator-windows-64\IMG\right_2026_08_31_22_01_02_231.jpg, -0.08544033, 1, 0, 30.19075
C:\Users\eljes\Downloads\simulator-windows-64\IMG\center_2026_08_31_22_01_02_332.jpg, C:\Users\eljes\Downloads\simulator-windows-64\IMG\left_2026_08_31_22_01_02_332.jpg, C:\Users\eljes\Downloads\simulator-windows-64\IMG\right_2026_08_31_22_01_02_332.jpg, 0, 1, 0, 30.18991
C:\Users\eljes\Downloads\simulator-windows-64\IMG\center_2026_08_31_22_01_02_433.jpg, C:\Users\eljes\Downloads\simulator-windows-64\IMG\left_2026_08_31_22_01_02_433.jpg, C:\Users\eljes\Downloads\simulator-windows-64\IMG\right_2026_08_31_22_01_02_433.jpg, 0, 1, 0, 30.19024
C:\Users\eljes\Downloads\simulator-windows-64\IMG\center_2026_08_31_22_01_02_534.jpg, C:\Users\eljes\Downloads\simulator-windows-64\IMG\left_2026_08_31_22_01_02_534.jpg, C:\Users\eljes\Downloads\simulator-windows-64\IMG\right_2026_08_31_22_01_02_534.jpg, 0, 1, 0, 30.1903
C:\Users\eljes\Downloads\simulator-windows-64\IMG\center_2026_08_31_22_01_02_639.jpg, C:\Users\eljes\Downloads\simulator-windows-64\IMG\left_2026_08_31_22_01_02_639.jpg, C:\Users\eljes\Downloads\simulator-windows-64\IMG\right_2026_08_31_22_01_02_639.jpg, 0, 1, 0, 30.1903
C:\Users\eljes\Downloads\simulator-windows-64\IMG\center_2026_08_31_22_01_02_741.jpg, C:\Users\eljes\Downloads\simulator-windows-64\IMG\left_2026_08_31_22_01_02_741.jpg, C:\Users\eljes\Downloads\simulator-windows-64\IMG\right_2026_08_31_22_01_02_741.jpg, 0, 1, 0, 30.1903
C:\Users\eljes\Downloads\simulator-windows-64\IMG\center_2026_08_31_22_01_02_844.jpg, C:\Users\eljes\Downloads\simulator-windows-64\IMG\left_2026_08_31_22_01_02_844.jpg, C:\Users\eljes\Downloads\simulator-windows-64\IMG\right_2026_08_31_22_01_02_844.jpg, 0, 1, 0, 30.19029
C:\Users\eljes\Downloads\simulator-windows-64\IMG\center_2026_08_31_22_01_02_949.jpg, C:\Users\eljes\Downloads\simulator-windows-64\IMG\left_2026_08_31_22_01_02_949.jpg, C:\Users\eljes\Downloads\simulator-windows-64\IMG\right_2026_08_31_22_01_02_949.jpg, 0, 1, 0, 30.19028
C:\Users\eljes\Downloads\simulator-windows-64\IMG\center_2026_08_31_22_01_03_050.jpg, C:\Users\eljes\Downloads\simulator-windows-64\IMG\left_2026_08_31_22_01_03_050.jpg, C:\Users\eljes\Downloads\simulator-windows-64\IMG\right_2026_08_31_22_01_03_050.jpg, 0, 1, 0, 30.19028
C:\Users\eljes\Downloads\simulator-windows-64\IMG\center_2026_08_31_22_01_03_157.jpg, C:\Users\eljes\Downloads\simulator-windows-64\IMG\left_2026_08_31_22_01_03_157.jpg, C:\Users\eljes\Downloads\simulator-windows-64\IMG\right_2026_08_31_22_01_03_157.jpg, 0, 1, 0, 30.19029
C:\Users\eljes\Downloads\simulator-windows-64\IMG\center_2026_08_31_22_01_03_262.jpg, C:\Users\eljes\Downloads\simulator-windows-64\IMG\left_2026_08_31_22_01_03_262.jpg, C:\Users\eljes\Downloads\simulator-windows-64\IMG\right_2026_08_31_22_01_03_262.jpg, 0, 1, 0, 30.19028
C:\Users\eljes\Downloads\simulator-windows-64\IMG\center_2026_08_31_22_01_03_364.jpg, C:\Users\eljes\Downloads\simulator-windows-64\IMG\left_2026_08_31_22_01_03_364.jpg, C:\Users\eljes\Downloads\simulator-windows-64\IMG\right_2026_08_31_22_01_03_364.jpg, 0, 1, 0, 30.19028
C:\Users\eljes\Downloads\simulator-windows-64\IMG\center_2026_08_31_22_01_03_468.jpg, C:\Users\eljes\Downloads\simulator-windows-64\IMG\left_2026_08_31_22_01_03_468.jpg, C:\Users\eljes\Downloads\simulator-windows-64\IMG\right_2026_08_31_22_01_03_468.jpg, 0, 1, 0, 30.19033
C:\Users\eljes\Downloads\simulator-windows-64\IMG\center_2026_08_31_22_01_03_572.jpg, C:\Users\eljes\Downloads\simulator-windows-64\IMG\left_2026_08_31_22_01_03_572.jpg, C:\Users\eljes\Downloads\simulator-windows-64\IMG\right_2026_08_31_22_01_03_572.jpg, -0.1036491, 1, 0, 30.18757
C:\Users\eljes\Downloads\simulator-windows-64\IMG\center_2026_08_31_22_01_03_676.jpg, C:\Users\eljes\Downloads\simulator-windows-64\IMG\left_2026_08_31_22_01_03_676.jpg, C:\Users\eljes\Downloads\simulator-windows-64\IMG\right_2026_08_31_22_01_03_676.jpg, -0.1423014, 1, 0, 30.1887
C:\Users\eljes\Downloads\simulator-windows-64\IMG\center_2026_08_31_22_01_03_777.jpg, C:\Users\eljes\Downloads\simulator-windows-64\IMG\left_2026_08_31_22_01_03_777.jpg, C:\Users\eljes\Downloads\simulator-windows-64\IMG\right_2026_08_31_22_01_03_777.jpg, 0, 1, 0, 30.18987
C:\Users\eljes\Downloads\simulator-windows-64\IMG\center_2026_08_31_22_01_03_879.jpg, C:\Users\eljes\Downloads\simulator-windows-64\IMG\left_2026_08_31_22_01_03_879.jpg, C:\Users\eljes\Downloads\simulator-windows-64\IMG\right_2026_08_31_22_01_03_879.jpg, 0, 1, 0, 30.19025
C:\Users\eljes\Downloads\simulator-windows-64\IMG\center_2026_08_31_22_01_03_980.jpg, C:\Users\eljes\Downloads\simulator-windows-64\IMG\left_2026_08_31_22_01_03_980.jpg, C:\Users\eljes\Downloads\simulator-windows-64\IMG\right_2026_08_31_22_01_03_980.jpg, -0.0771549, 1, 0, 30.18917
C:\Users\eljes\Downloads\simulator-windows-64\IMG\center_2026_08_31_22_01_04_086.jpg, C:\Users\eljes\Downloads\simulator-windows-64\IMG\left_2026_08_31_22_01_04_086.jpg, C:\Users\eljes\Downloads\simulator-windows-64\IMG\right_2026_08_31_22_01_04_086.jpg, -0.3770274, 1, 0, 30.15873
C:\Users\eljes\Downloads\simulator-windows-64\IMG\center_2026_08_31_22_01_04_188.jpg, C:\Users\eljes\Downloads\simulator-windows-64\IMG\left_2026_08_31_22_01_04_188.jpg, C:\Users\eljes\Downloads\simulator-windows-64\IMG\right_2026_08_31_22_01_04_188.jpg, -0.6817545, 1, 0, 30.11738
C:\Users\eljes\Downloads\simulator-windows-64\IMG\center_2026_08_31_22_01_04_294.jpg, C:\Users\eljes\Downloads\simulator-windows-64\IMG\left_2026_08_31_22_01_04_294.jpg, C:\Users\eljes\Downloads\simulator-windows-64\IMG\right_2026_08_31_22_01_04_294.jpg, -0.4267258, 1, 0, 30.18876
C:\Users\eljes\Downloads\simulator-windows-64\IMG\center_2026_08_31_22_01_04_397.jpg, C:\Users\eljes\Downloads\simulator-windows-64\IMG\left_2026_08_31_22_01_04_397.jpg, C:\Users\eljes\Downloads\simulator-windows-64\IMG\right_2026_08_31_22_01_04_397.jpg, -0.1150807, 1, 0, 30.19273
C:\Users\eljes\Downloads\simulator-windows-64\IMG\center_2026_08_31_22_01_04_499.jpg, C:\Users\eljes\Downloads\simulator-windows-64\IMG\left_2026_08_31_22_01_04_499.jpg, C:\Users\eljes\Downloads\simulator-windows-64\IMG\right_2026_08_31_22_01_04_499.jpg, 0, 1, 0, 30.18889
C:\Users\eljes\Downloads\simulator-windows-64\IMG\center_2026_08_31_22_01_04_599.jpg, C:\Users\eljes\Downloads\simulator-windows-64\IMG\left_2026_08_31_22_01_04_599.jpg, C:\Users\eljes\Downloads\simulator-windows-64\IMG\right_2026_08_31_22_01_04_599.jpg, 0.232506, 1, 0, 30.16929
C:\Users\eljes\Downloads\simulator-windows-64\IMG\center_2026_08_31_22_01_04_703.jpg, C:\Users\eljes\Downloads\simulator-windows-64\IMG\left_2026_08_31_22_01_04_703.jpg, C:\Users\eljes\Downloads\simulator-windows-64\IMG\right_2026_08_31_22_01_04_703.jpg, 0.5433409, 1, 0, 30.13059
C:\Users\eljes\Downloads\simulator-windows-64\IMG\center_2026_08_31_22_01_04_808.jpg, C:\Users\eljes\Downloads\simulator-windows-64\IMG\left_2026_08_31_22_01_04_808.jpg, C:\Users\eljes\Downloads\simulator-windows-64\IMG\right_2026_08_31_22_01_04_808.jpg, 0.3417736, 1, 0, 30.18519
C:\Users\eljes\Downloads\simulator-windows-64\IMG\center_2026_08_31_22_01_04_910.jpg, C:\Users\eljes\Downloads\simulator-windows-64\IMG\left_2026_08_31_22_01_04_910.jpg, C:\Users\eljes\Downloads\simulator-windows-64\IMG\right_2026_08_31_22_01_04_910.jpg, 0.03379298, 1, 0, 30.18644
C:\Users\eljes\Downloads\simulator-windows-64\IMG\center_2026_08_31_22_01_05_015.jpg, C:\Users\eljes\Downloads\simulator-windows-64\IMG\left_2026_08_31_22_01_05_015.jpg, C:\Users\eljes\Downloads\simulator-windows-64\IMG\right_2026_08_31_22_01_05_015.jpg, 0, 1, 0, 30.18878
C:\Users\eljes\Downloads\simulator-windows-64\IMG\center_2026_08_31_22_01_05_120.jpg, C:\Users\eljes\Downloads\simulator-windows-64\IMG\left_2026_08_31_22_01_05_120.jpg, C:\Users\eljes\Downloads\simulator-windows-64\IMG\right_2026_08_31_22_01_05_120.jpg, 0.1509774, 1, 0, 30.18686
C:\Users\eljes\Downloads\simulator-windows-64\IMG\center_2026_08_31_22_01_05_222.jpg, C:\Users\eljes\Downloads\simulator-windows-64\IMG\left_2026_08_31_22_01_05_222.jpg, C:\Users\eljes\Downloads\simulator-windows-64\IMG\right_2026_08_31_22_01_05_222.jpg, 0.3736899, 1, 0, 30.16493
C:\Users\eljes\Downloads\simulator-windows-64\IMG\center_2026_08_31_22_01_05_324.jpg, C:\Users\eljes\Downloads\simulator-windows-64\IMG\left_2026_08_31_22_01_05_324.jpg, C:\Users\eljes\Downloads\simulator-windows-64\IMG\right_2026_08_31_22_01_05_324.jpg, 0.06840002, 1, 0, 30.19147
C:\Users\eljes\Downloads\simulator-windows-64\IMG\center_2026_08_31_22_01_05_427.jpg, C:\Users\eljes\Downloads\simulator-windows-64\IMG\left_2026_08_31_22_01_05_427.jpg, C:\Users\eljes\Downloads\simulator-windows-64\IMG\right_2026_08_31_22_01_05_427.jpg, 0, 1, 0, 30.18998
C:\Users\eljes\Downloads\simulator-windows-64\IMG\center_2026_08_31_22_01_05_529.jpg, C:\Users\eljes\Downloads\simulator-windows-64\IMG\left_2026_08_31_22_01_05_529.jpg, C:\Users\eljes\Downloads\simulator-windows-64\IMG\right_2026_08_31_22_01_05_529.jpg, 0.2094447, 1, 0, 30.18278
C:\Users\eljes\Downloads\simulator-windows-64\IMG\center_2026_08_31_22_01_05_637.jpg, C:\Users\eljes\Downloads\simulator-windows-64\IMG\left_2026_08_31_22_01_05_637.jpg, C:\Users\eljes\Downloads\simulator-windows-64\IMG\right_2026_08_31_22_01_05_637.jpg, 0.2815071, 1, 0, 30.18245
C:\Users\eljes\Downloads\simulator-windows-64\IMG\center_2026_08_31_22_01_05_737.jpg, C:\Users\eljes\Downloads\simulator-windows-64\IMG\left_2026_08_31_22_01_05_737.jpg, C:\Users\eljes\Downloads\simulator-windows-64\IMG\right_2026_08_31_22_01_05_737.jpg, 0, 1, 0, 30.18903
C:\Users\eljes\Downloads\simulator-windows-64\IMG\center_2026_08_31_22_01_05_840.jpg, C:\Users\eljes\Downloads\simulator-windows-64\IMG\left_2026_08_31_22_01_05_840.jpg, C:\Users\eljes\Downloads\simulator-windows-64\IMG\right_2026_08_31_22_01_05_840.jpg, 0, 1, 0, 30.19017
C:\Users\eljes\Downloads\simulator-windows-64\IMG\center_2026_08_31_22_01_05_944.jpg, C:\Users\eljes\Downloads\simulator-windows-64\IMG\left_2026_08_31_22_01_05_944.jpg, C:\Users\eljes\Downloads\simulator-windows-64\IMG\right_2026_08_31_22_01_05_944.jpg, 0, 1, 0, 30.19062
C:\Users\eljes\Downloads\simulator-windows-64\IMG\center_2026_08_31_22_01_06_046.jpg, C:\Users\eljes\Downloads\simulator-windows-64\IMG\left_2026_08_31_22_01_06_046.jpg, C:\Users\eljes\Downloads\simulator-windows-64\IMG\right_2026_08_31_22_01_06_046.jpg, 0, 1, 0, 30.19003
C:\Users\eljes\Downloads\simulator-windows-64\IMG\center_2026_08_31_22_01_06_146.jpg, C:\Users\eljes\Downloads\simulator-windows-64\IMG\left_2026_08_31_22_01_06_146.jpg, C:\Users\eljes\Downloads\simulator-windows-64\IMG\right_2026_08_31_22_01_06_146.jpg, -0.06015391, 1, 0, 30.18941
C:\Users\eljes\Downloads\simulator-windows-64\IMG\center_2026_08_31_22_01_06_250.jpg, C:\Users\eljes\Downloads\simulator-windows-64\IMG\left_2026_08_31_22_01_06_250.jpg, C:\Users\eljes\Downloads\simulator-windows-64\IMG\right_2026_08_31_22_01_06_250.jpg, -0.2542758, 1, 0, 30.17446
C:\Users\eljes\Downloads\simulator-windows-64\IMG\center_2026_08_31_22_01_06_355.jpg, C:\Users\eljes\Downloads\simulator-windows-64\IMG\left_2026_08_31_22_01_06_355.jpg, C:\Users\eljes\Downloads\simulator-windows-64\IMG\right_2026_08_31_22_01_06_355.jpg, 0, 1, 0, 30.1888
C:\Users\eljes\Downloads\simulator-windows-64\IMG\center_2026_08_31_22_01_06_458.jpg, C:\Users\eljes\Downloads\simulator-windows-64\IMG\left_2026_08_31_22_01_06_458.jpg, C:\Users\eljes\Downloads\simulator-windows-64\IMG\right_2026_08_31_22_01_06_458.jpg, 0, 1, 0, 30.18872
C:\Users\eljes\Downloads\simulator-windows-64\IMG\center_2026_08_31_22_01_06_562.jpg, C:\Users\eljes\Downloads\simulator-windows-64\IMG\left_2026_08_31_22_01_06_562.jpg, C:\Users\eljes\Downloads\simulator-windows-64\IMG\right_2026_08_31_22_01_06_562.jpg, -0.3346035, 1, 0, 30.16644
C:\Users\eljes\Downloads\simulator-windows-64\IMG\center_2026_08_31_22_01_06_668.jpg, C:\Users\eljes\Downloads\simulator-windows-64\IMG\left_2026_08_31_22_01_06_668.jpg, C:\Users\eljes\Downloads\simulator-windows-64\IMG\right_2026_08_31_22_01_06_668.jpg, -0.2804292, 1, 0, 30.18636
C:\Users\eljes\Downloads\simulator-windows-64\IMG\center_2026_08_31_22_01_06_769.jpg, C:\Users\eljes\Downloads\simulator-windows-64\IMG\left_2026_08_31_22_01_06_769.jpg, C:\Users\eljes\Downloads\simulator-windows-64\IMG\right_2026_08_31_22_01_06_769.jpg, -0.07119843, 1, 0, 30.31268
C:\Users\eljes\Downloads\simulator-windows-64\IMG\center_2026_08_31_22_01_06_873.jpg, C:\Users\eljes\Downloads\simulator-windows-64\IMG\left_2026_08_31_22_01_06_873.jpg, C:\Users\eljes\Downloads\simulator-windows-64\IMG\right_2026_08_31_22_01_06_873.jpg, -0.02666944, 1, 0, 30.14668
C:\Users\eljes\Downloads\simulator-windows-64\IMG\center_2026_08_31_22_01_06_978.jpg, C:\Users\eljes\Downloads\simulator-windows-64\IMG\left_2026_08_31_22_01_06_978.jpg, C:\Users\eljes\Downloads\simulator-windows-64\IMG\right_2026_08_31_22_01_06_978.jpg, 0, 1, 0, 30.13088
C:\Users\eljes\Downloads\simulator-windows-64\IMG\center_2026_08_31_22_01_07_080.jpg, C:\Users\eljes\Downloads\simulator-windows-64\IMG\left_2026_08_31_22_01_07_080.jpg, C:\Users\eljes\Downloads\simulator-windows-64\IMG\right_2026_08_31_22_01_07_080.jpg, 0, 1, 0, 30.19334
C:\Users\eljes\Downloads\simulator-windows-64\IMG\center_2026_08_31_22_01_07_185.jpg, C:\Users\eljes\Downloads\simulator-windows-64\IMG\left_2026_08_31_22_01_07_185.jpg, C:\Users\eljes\Downloads\simulator-windows-64\IMG\right_2026_08_31_22_01_07_185.jpg, 0, 1, 0, 30.18901
C:\Users\eljes\Downloads\simulator-windows-64\IMG\center_2026_08_31_22_01_07_288.jpg, C:\Users\eljes\Downloads\simulator-windows-64\IMG\left_2026_08_31_22_01_07_288.jpg, C:\Users\eljes\Downloads\simulator-windows-64\IMG\right_2026_08_31_22_01_07_288.jpg, -0.0598014, 1, 0, 30.189
C:\Users\eljes\Downloads\simulator-windows-64\IMG\center_2026_08_31_22_01_07_388.jpg, C:\Users\eljes\Downloads\simulator-windows-64\IMG\left_2026_08_31_22_01_07_388.jpg, C:\Users\eljes\Downloads\simulator-windows-64\IMG\right_2026_08_31_22_01_07_388.jpg, -0.3570939, 1, 0, 30.16023
C:\Users\eljes\Downloads\simulator-windows-64\IMG\center_2026_08_31_22_01_07_490.jpg, C:\Users\eljes\Downloads\simulator-windows-64\IMG\left_2026_08_31_22_01_07_490.jpg, C:\Users\eljes\Downloads\simulator-windows-64\IMG\right_2026_08_31_22_01_07_490.jpg, -0.09817383, 1, 0, 30.19123
C:\Users\eljes\Downloads\simulator-windows-64\IMG\center_2026_08_31_22_01_07_592.jpg, C:\Users\eljes\Downloads\simulator-windows-64\IMG\left_2026_08_31_22_01_07_592.jpg, C:\Users\eljes\Downloads\simulator-windows-64\IMG\right_2026_08_31_22_01_07_592.jpg, 0, 1, 0, 30.18917
C:\Users\eljes\Downloads\simulator-windows-64\IMG\center_2026_08_31_22_01_07_696.jpg, C:\Users\eljes\Downloads\simulator-windows-64\IMG\left_2026_08_31_22_01_07_696.jpg, C:\Users\eljes\Downloads\simulator-windows-64\IMG\right_2026_08_31_22_01_07_696.jpg, 0, 1, 0, 30.18989
C:\Users\eljes\Downloads\simulator-windows-64\IMG\center_2026_08_31_22_01_07_800.jpg, C:\Users\eljes\Downloads\simulator-windows-64\IMG\left_2026_08_31_22_01_07_800.jpg, C:\Users\eljes\Downloads\simulator-windows-64\IMG\right_2026_08_31_22_01_07_800.jpg, 0, 1, 0, 30.18998
C:\Users\eljes\Downloads\simulator-windows-64\IMG\center_2026_08_31_22_01_07_900.jpg, C:\Users\eljes\Downloads\simulator-windows-64\IMG\left_2026_08_31_22_01_07_900.jpg, C:\Users\eljes\Downloads\simulator-windows-64\IMG\right_2026_08_31_22_01_07_900.jpg, 0, 1, 0, 30.18999
C:\Users\eljes\Downloads\simulator-windows-64\IMG\center_2026_08_31_22_01_08_002.jpg, C:\Users\eljes\Downloads\simulator-windows-64\IMG\left_2026_08_31_22_01_08_002.jpg, C:\Users\eljes\Downloads\simulator-windows-64\IMG\right_2026_08_31_22_01_08_002.jpg, 0, 1, 0, 30.19
C:\Users\eljes\Downloads\simulator-windows-64\IMG\center_2026_09_01_06_55_02_924.jpg, C:\Users\eljes\Downloads\simulator-windows-64\IMG\left_2026_09_01_06_55_02_924.jpg, C:\Users\eljes\Downloads\simulator-windows-64\IMG\right_2026_09_01_06_55_02_924.jpg, -0.1677378, 1, 0, 30.18887
C:\Users\eljes\Downloads\simulator-windows-64\IMG\center_2026_09_01_06_55_03_025.jpg, C:\Users\eljes\Downloads\simulator-windows-64\IMG\left_2026_09_01_06_55_03_025.jpg, C:\Users\eljes\Downloads\simulator-windows-64\IMG\right_2026_09_01_06_55_03_025.jpg, 0, 1, 0, 30.18843
C:\Users\eljes\Downloads\simulator-windows-64\IMG\center_2026_09_01_06_55_03_125.jpg, C:\Users\eljes\Downloads\simulator-windows-64\IMG\left_2026_09_01_06_55_03_125.jpg, C:\Users\eljes\Downloads\simulator-windows-64\IMG\right_2026_09_01_06_55_03_125.jpg, 0, 1, 0, 30.18968
C:\Users\eljes\Downloads\simulator-windows-64\IMG\center_2026_09_01_06_55_03_227.jpg, C:\Users\eljes\Downloads\simulator-windows-64\IMG\left_2026_09_01_06_55_03_227.jpg, C:\Users\eljes\Downloads\simulator-windows-64\IMG\right_2026_09_01_06_55_03_227.jpg, 0, 1, 0, 30.18913
C:\Users\eljes\Downloads\simulator-windows-64\IMG\center_2026_09_01_06_55_03_329.jpg, C:\Users\eljes\Downloads\simulator-windows-64\IMG\left_2026_09_01_06_55_03_329.jpg, C:\Users\eljes\Downloads\simulator-windows-64\IMG\right_2026_09_01_06_55_03_329.jpg, 0, 1, 0, 30.18877
C:\Users\eljes\Downloads\simulator-windows-64\IMG\center_2026_09_01_06_55_03_433.jpg, C:\Users\eljes\Downloads\simulator-windows-64\IMG\left_2026_09_01_06_55_03_433.jpg, C:\Users\eljes\Downloads\simulator-windows-64\IMG\right_2026_09_01_06_55_03_433.jpg, -0.1375719, 1, 0, 30.19
C:\Users\eljes\Downloads\simulator-windows-64\IMG\center_2026_09_01_06_55_03_534.jpg, C:\Users\eljes\Downloads\simulator-windows-64\IMG\left_2026_09_01_06_55_03_534.jpg, C:\Users\eljes\Downloads\simulator-windows-64\IMG\right_2026_09_01_06_55_03_534.jpg, -0.2894961, 1, 0, 30.17908
C:\Users\eljes\Downloads\simulator-windows-64\IMG\center_2026_09_01_06_55_03_635.jpg, C:\Users\eljes\Downloads\simulator-windows-64\IMG\left_2026_09_01_06_55_03_635.jpg, C:\Users\eljes\Downloads\simulator-windows-64\IMG\right_2026_09_01_06_55_03_635.jpg, 0, 1, 0, 30.18568
C:\Users\eljes\Downloads\simulator-windows-64\IMG\center_2026_09_01_06_55_03_739.jpg, C:\Users\eljes\Downloads\simulator-windows-64\IMG\left_2026_09_01_06_55_03_739.jpg, C:\Users\eljes\Downloads\simulator-windows-64\IMG\right_2026_09_01_06_55_03_739.jpg, 0, 1, 0, 30.18941
C:\Users\eljes\Downloads\simulator-windows-64\IMG\center_2026_09_01_06_55_03_844.jpg, C:\Users\eljes\Downloads\simulator-windows-64\IMG\left_2026_09_01_06_55_03_844.jpg, C:\Users\eljes\Downloads\simulator-windows-64\IMG\right_2026_09_01_06_55_03_844.jpg, 0, 1, 0, 30.19097
C:\Users\eljes\Downloads\simulator-windows-64\IMG\center_2026_09_01_06_55_03_948.jpg, C:\Users\eljes\Downloads\simulator-windows-64\IMG\left_2026_09_01_06_55_03_948.jpg, C:\Users\eljes\Downloads\simulator-windows-64\IMG\right_2026_09_01_06_55_03_948.jpg, -0.1507809, 1, 0, 30.18656
C:\Users\eljes\Downloads\simulator-windows-64\IMG\center_2026_09_01_06_55_04_052.jpg, C:\Users\eljes\Downloads\simulator-windows-64\IMG\left_2026_09_01_06_55_04_052.jpg, C:\Users\eljes\Downloads\simulator-windows-64\IMG\right_2026_09_01_06_55_04_052.jpg, -0.1537359, 1, 0, 30.19023
C:\Users\eljes\Downloads\simulator-windows-64\IMG\center_2026_09_01_06_55_04_158.jpg, C:\Users\eljes\Downloads\simulator-windows-64\IMG\left_2026_09_01_06_55_04_158.jpg, C:\Users\eljes\Downloads\simulator-windows-64\IMG\right_2026_09_01_06_55_04_158.jpg, 0, 1, 0, 30.1904
C:\Users\eljes\Downloads\simulator-windows-64\IMG\center_2026_09_01_06_55_04_265.jpg, C:\Users\eljes\Downloads\simulator-windows-64\IMG\left_2026_09_01_06_55_04_265.jpg, C:\Users\eljes\Downloads\simulator-windows-64\IMG\right_2026_09_01_06_55_04_265.jpg, 0, 1, 0, 30.19173
C:\Users\eljes\Downloads\simulator-windows-64\IMG\center_2026_09_01_06_55_04_367.jpg, C:\Users\eljes\Downloads\simulator-windows-64\IMG\left_2026_09_01_06_55_04_367.jpg, C:\Users\eljes\Downloads\simulator-windows-64\IMG\right_2026_09_01_06_55_04_367.jpg, 0, 1, 0, 30.19056
C:\Users\eljes\Downloads\simulator-windows-64\IMG\center_2026_09_01_06_55_04_468.jpg, C:\Users\eljes\Downloads\simulator-windows-64\IMG\left_2026_09_01_06_55_04_468.jpg, C:\Users\eljes\Downloads\simulator-windows-64\IMG\right_2026_09_01_06_55_04_468.jpg, 0, 1, 0, 30.19096
C:\Users\eljes\Downloads\simulator-windows-64\IMG\center_2026_09_01_06_55_04_575.jpg, C:\Users\eljes\Downloads\simulator-windows-64\IMG\left_2026_09_01_06_55_04_575.jpg, C:\Users\eljes\Downloads\simulator-windows-64\IMG\right_2026_09_01_06_55_04_575.jpg, 0, 1, 0, 30.19005
C:\Users\eljes\Downloads\simulator-windows-64\IMG\center_2026_09_01_06_55_04_674.jpg, C:\Users\eljes\Downloads\simulator-windows-64\IMG\left_2026_09_01_06_55_04_674.jpg, C:\Users\eljes\Downloads\simulator-windows-64\IMG\right_2026_09_01_06_55_04_674.jpg, 0, 1, 0, 30.19065
C:\Users\eljes\Downloads\simulator-windows-64\IMG\center_2026_09_01_06_55_04_778.jpg, C:\Users\eljes\Downloads\simulator-windows-64\IMG\left_2026_09_01_06_55_04_778.jpg, C:\Users\eljes\Downloads\simulator-windows-64\IMG\right_2026_09_01_06_55_04_778.jpg, 0, 1, 0, 30.19074
C:\Users\eljes\Downloads\simulator-windows-64\IMG\center_2026_09_01_06_55_04_884.jpg, C:\Users\eljes\Downloads\simulator-windows-64\IMG\left_2026_09_01_06_55_04_884.jpg, C:\Users\eljes\Downloads\simulator-windows-64\IMG\right_2026_09_01_06_55_04_884.jpg, 0, 1, 0, 30.19073
C:\Users\eljes\Downloads\simulator-windows-64\IMG\center_2026_09_01_06_55_04_986.jpg, C:\Users\eljes\Downloads\simulator-windows-64\IMG\left_2026_09_01_06_55_04_986.jpg, C:\Users\eljes\Downloads\simulator-windows-64\IMG\right_2026_09_01_06_55_04_986.jpg, 0, 1, 0, 30.19072
C:\Users\eljes\Downloads\simulator-windows-64\IMG\center_2026_09_01_06_55_05_091.jpg, C:\Users\eljes\Downloads\simulator-windows-64\IMG\left_2026_09_01_06_55_05_091.jpg, C:\Users\eljes\Downloads\simulator-windows-64\IMG\right_2026_09_01_06_55_05_091.jpg, 0, 1, 0, 30.33361
C:\Users\eljes\Downloads\simulator-windows-64\IMG\center_2026_09_01_06_55_05_191.jpg, C:\Users\eljes\Downloads\simulator-windows-64\IMG\left_2026_09_01_06_55_05_191.jpg, C:\Users\eljes\Downloads\simulator-windows-64\IMG\right_2026_09_01_06_55_05_191.jpg, 0, 1, 0, 30.17325
C:\Users\eljes\Downloads\simulator-windows-64\IMG\center_2026_09_01_06_55_05_293.jpg, C:\Users\eljes\Downloads\simulator-windows-64\IMG\left_2026_09_01_06_55_05_293.jpg, C:\Users\eljes\Downloads\simulator-windows-64\IMG\right_2026_09_01_06_55_05_293.jpg, 0, 1, 0, 30.124
C:\Users\eljes\Downloads\simulator-windows-64\IMG\center_2026_09_01_06_55_05_400.jpg, C:\Users\eljes\Downloads\simulator-windows-64\IMG\left_2026_09_01_06_55_05_400.jpg, C:\Users\eljes\Downloads\simulator-windows-64\IMG\right_2026_09_01_06_55_05_400.jpg, 0.175101, 1, 0, 30.18004
C:\Users\eljes\Downloads\simulator-windows-64\IMG\center_2026_09_01_06_55_05_503.jpg, C:\Users\eljes\Downloads\simulator-windows-64\IMG\left_2026_09_01_06_55_05_503.jpg, C:\Users\eljes\Downloads\simulator-windows-64\IMG\right_2026_09_01_06_55_05_503.jpg, 0.1974384, 1, 0, 30.1873
C:\Users\eljes\Downloads\simulator-windows-64\IMG\center_2026_09_01_06_55_05_603.jpg, C:\Users\eljes\Downloads\simulator-windows-64\IMG\left_2026_09_01_06_55_05_603.jpg, C:\Users\eljes\Downloads\simulator-windows-64\IMG\right_2026_09_01_06_55_05_603.jpg, 0, 1, 0, 30.18859
C:\Users\eljes\Downloads\simulator-windows-64\IMG\center_2026_09_01_06_55_05_708.jpg, C:\Users\eljes\Downloads\simulator-windows-64\IMG\left_2026_09_01_06_55_05_708.jpg, C:\Users\eljes\Downloads\simulator-windows-64\IMG\right_2026_09_01_06_55_05_708.jpg, 0, 1, 0, 30.18971
C:\Users\eljes\Downloads\simulator-windows-64\IMG\center_2026_09_01_06_55_05_810.jpg, C:\Users\eljes\Downloads\simulator-windows-64\IMG\left_2026_09_01_06_55_05_810.jpg, C:\Users\eljes\Downloads\simulator-windows-64\IMG\right_2026_09_01_06_55_05_810.jpg, 0, 1, 0, 30.18984
C:\Users\eljes\Downloads\simulator-windows-64\IMG\center_2026_09_01_06_55_05_914.jpg, C:\Users\eljes\Downloads\simulator-windows-64\IMG\left_2026_09_01_06_55_05_914.jpg, C:\Users\eljes\Downloads\simulator-windows-64\IMG\right_2026_09_01_06_55_05_914.jpg, 0, 1, 0, 30.18985
C:\Users\eljes\Downloads\simulator-windows-64\IMG\center_2026_09_01_06_55_06_017.jpg, C:\Users\eljes\Downloads\simulator-windows-64\IMG\left_2026_09_01_06_55_06_017.jpg, C:\Users\eljes\Downloads\simulator-windows-64\IMG\right_2026_09_01_06_55_06_017.jpg, 0, 1, 0, 30.18986
C:\Users\eljes\Downloads\simulator-windows-64\IMG\center_2026_09_01_06_55_06_122.jpg, C:\Users\eljes\Downloads\simulator-windows-64\IMG\left_2026_09_01_06_55_06_122.jpg, C:\Users\eljes\Downloads\simulator-windows-64\IMG\right_2026_09_01_06_55_06_122.jpg, 0, 1, 0, 30.1898
C:\Users\eljes\Downloads\simulator-windows-64\IMG\center_2026_09_01_06_55_06_223.jpg, C:\Users\eljes\Downloads\simulator-windows-64\IMG\left_2026_09_01_06_55_06_223.jpg, C:\Users\eljes\Downloads\simulator-windows-64\IMG\right_2026_09_01_06_55_06_223.jpg, 0, 1, 0, 30.18985
C:\Users\eljes\Downloads\simulator-windows-64\IMG\center_2026_09_01_06_55_06_327.jpg, C:\Users\eljes\Downloads\simulator-windows-64\IMG\left_2026_09_01_06_55_06_327.jpg, C:\Users\eljes\Downloads\simulator-windows-64\IMG\right_2026_09_01_06_55_06_327.jpg, 0, 1, 0, 30.18983
C:\Users\eljes\Downloads\simulator-windows-64\IMG\center_2026_09_01_06_55_06_429.jpg, C:\Users\eljes\Downloads\simulator-windows-64\IMG\left_2026_09_01_06_55_06_429.jpg, C:\Users\eljes\Downloads\simulator-windows-64\IMG\right_2026_09_01_06_55_06_429.jpg, 0, 1, 0, 30.18984
C:\Users\eljes\Downloads\simulator-windows-64\IMG\center_2026_09_01_06_55_06_531.jpg, C:\Users\eljes\Downloads\simulator-windows-64\IMG\left_2026_09_01_06_55_06_531.jpg, C:\Users\eljes\Downloads\simulator-windows-64\IMG\right_2026_09_01_06_55_06_531.jpg, 0, 1, 0, 30.18983
C:\Users\eljes\Downloads\simulator-windows-64\IMG\center_2026_09_01_06_55_06_637.jpg, C:\Users\eljes\Downloads\simulator-windows-64\IMG\left_2026_09_01_06_55_06_637.jpg, C:\Users\eljes\Downloads\simulator-windows-64\IMG\right_2026_09_01_06_55_06_637.jpg, 0, 1, 0, 30.18982
C:\Users\eljes\Downloads\simulator-windows-64\IMG\center_2026_09_01_06_55_06_740.jpg, C:\Users\eljes\Downloads\simulator-windows-64\IMG\left_2026_09_01_06_55_06_740.jpg, C:\Users\eljes\Downloads\simulator-windows-64\IMG\right_2026_09_01_06_55_06_740.jpg, 0, 1, 0, 30.18983
C:\Users\eljes\Downloads\simulator-windows-64\IMG\center_2026_09_01_06_55_06_844.jpg, C:\Users\eljes\Downloads\simulator-windows-64\IMG\left_2026_09_01_06_55_06_844.jpg, C:\Users\eljes\Downloads\simulator-windows-64\IMG\right_2026_09_01_06_55_06_844.jpg, 0, 1, 0, 30.18984
C:\Users\eljes\Downloads\simulator-windows-64\IMG\center_2026_09_01_06_55_06_948.jpg, C:\Users\eljes\Downloads\simulator-windows-64\IMG\left_2026_09_01_06_55_06_948.jpg, C:\Users\eljes\Downloads\simulator-windows-64\IMG\right_2026_09_01_06_55_06_948.jpg, 0, 1, 0, 30.18984
C:\Users\eljes\Downloads\simulator-windows-64\IMG\center_2026_09_01_06_55_07_048.jpg, C:\Users\eljes\Downloads\simulator-windows-64\IMG\left_2026_09_01_06_55_07_048.jpg, C:\Users\eljes\Downloads\simulator-windows-64\IMG\right_2026_09_01_06_55_07_048.jpg, 0, 1, 0, 30.18984
C:\Users\eljes\Downloads\simulator-windows-64\IMG\center_2026_09_01_06_55_07_155.jpg, C:\Users\eljes\Downloads\simulator-windows-64\IMG\left_2026_09_01_06_55_07_155.jpg, C:\Users\eljes\Downloads\simulator-windows-64\IMG\right_2026_09_01_06_55_07_155.jpg, 0, 1, 0, 30.18981
C:\Users\eljes\Downloads\simulator-windows-64\IMG\center_2026_09_01_06_55_07_254.jpg, C:\Users\eljes\Downloads\simulator-windows-64\IMG\left_2026_09_01_06_55_07_254.jpg, C:\Users\eljes\Downloads\simulator-windows-64\IMG\right_2026_09_01_06_55_07_254.jpg, -0.0217203, 1, 0, 30.18973
C:\Users\eljes\Downloads\simulator-windows-64\IMG\center_2026_09_01_06_55_07_362.jpg, C:\Users\eljes\Downloads\simulator-windows-64\IMG\left_2026_09_01_06_55_07_362.jpg, C:\Users\eljes\Downloads\simulator-windows-64\IMG\right_2026_09_01_06_55_07_362.jpg, -0.3656025, 1, 0, 30.15938
C:\Users\eljes\Downloads\simulator-windows-64\IMG\center_2026_09_01_06_55_07_466.jpg, C:\Users\eljes\Downloads\simulator-windows-64\IMG\left_2026_09_01_06_55_07_466.jpg, C:\Users\eljes\Downloads\simulator-windows-64\IMG\right_2026_09_01_06_55_07_466.jpg, -0.186975, 1, 0, 30.19049
C:\Users\eljes\Downloads\simulator-windows-64\IMG\center_2026_09_01_06_55_07_573.jpg, C:\Users\eljes\Downloads\simulator-windows-64\IMG\left_2026_09_01_06_55_07_573.jpg, C:\Users\eljes\Downloads\simulator-windows-64\IMG\right_2026_09_01_06_55_07_573.jpg, 0, 1, 0, 30.18812
C:\Users\eljes\Downloads\simulator-windows-64\IMG\center_2026_09_01_06_55_07_676.jpg, C:\Users\eljes\Downloads\simulator-windows-64\IMG\left_2026_09_01_06_55_07_676.jpg, C:\Users\eljes\Downloads\simulator-windows-64\IMG\right_2026_09_01_06_55_07_676.jpg, 0, 1, 0, 30.18978
C:\Users\eljes\Downloads\simulator-windows-64\IMG\center_2026_09_01_06_55_07_778.jpg, C:\Users\eljes\Downloads\simulator-windows-64\IMG\left_2026_09_01_06_55_07_778.jpg, C:\Users\eljes\Downloads\simulator-windows-64\IMG\right_2026_09_01_06_55_07_778.jpg, 0, 1, 0, 30.19002
C:\Users\eljes\Downloads\simulator-windows-64\IMG\center_2026_09_01_06_55_07_881.jpg, C:\Users\eljes\Downloads\simulator-windows-64\IMG\left_2026_09_01_06_55_07_881.jpg, C:\Users\eljes\Downloads\simulator-windows-64\IMG\right_2026_09_01_06_55_07_881.jpg, 0, 1, 0, 30.19003
C:\Users\eljes\Downloads\simulator-windows-64\IMG\center_2026_09_01_06_55_07_989.jpg, C:\Users\eljes\Downloads\simulator-windows-64\IMG\left_2026_09_01_06_55_07_989.jpg, C:\Users\eljes\Downloads\simulator-windows-64\IMG\right_2026_09_01_06_55_07_989.jpg, 0, 1, 0, 30.19005
C:\Users\eljes\Downloads\simulator-windows-64\IMG\center_2026_09_01_06_55_08_095.jpg, C:\Users\eljes\Downloads\simulator-windows-64\IMG\left_2026_09_01_06_55_08_095.jpg, C:\Users\eljes\Downloads\simulator-windows-64\IMG\right_2026_09_01_06_55_08_095.jpg, 0, 1, 0, 30.19005
C:\Users\eljes\Downloads\simulator-windows-64\IMG\center_2026_09_01_06_55_08_200.jpg, C:\Users\eljes\Downloads\simulator-windows-64\IMG\left_2026_09_01_06_55_08_200.jpg, C:\Users\eljes\Downloads\simulator-windows-64\IMG\right_2026_09_01_06_55_08_200.jpg, 0, 1, 0, 30.19006
C:\Users\eljes\Downloads\simulator-windows-64\IMG\center_2026_09_01_06_55_08_303.jpg, C:\Users\eljes\Downloads\simulator-windows-64\IMG\left_2026_09_01_06_55_08_303.jpg, C:\Users\eljes\Downloads\simulator-windows-64\IMG\right_2026_09_01_06_55_08_303.jpg, 0, 1, 0, 30.19005
C:\Users\eljes\Downloads\simulator-windows-64\IMG\center_2026_09_01_06_55_08_406.jpg, C:\Users\eljes\Downloads\simulator-windows-64\IMG\left_2026_09_01_06_55_08_406.jpg, C:\Users\eljes\Downloads\simulator-windows-64\IMG\right_2026_09_01_06_55_08_406.jpg, 0, 1, 0, 30.19004
C:\Users\eljes\Downloads\simulator-windows-64\IMG\center_2026_09_01_06_55_08_511.jpg, C:\Users\eljes\Downloads\simulator-windows-64\IMG\left_2026_09_01_06_55_08_511.jpg, C:\Users\eljes\Downloads\simulator-windows-64\IMG\right_2026_09_01_06_55_08_511.jpg, 0, 1, 0, 30.19007
C:\Users\eljes\Downloads\simulator-windows-64\IMG\center_2026_09_01_06_55_08_615.jpg, C:\Users\eljes\Downloads\simulator-windows-64\IMG\left_2026_09_01_06_55_08_615.jpg, C:\Users\eljes\Downloads\simulator-windows-64\IMG\right_2026_09_01_06_55_08_615.jpg, 0, 1, 0, 30.19005
C:\Users\eljes\Downloads\simulator-windows-64\IMG\center_2026_09_01_06_55_08_715.jpg, C:\Users\eljes\Downloads\simulator-windows-64\IMG\left_2026_09_01_06_55_08_715.jpg, C:\Users\eljes\Downloads\simulator-windows-64\IMG\right_2026_09_01_06_55_08_715.jpg, 0, 1, 0, 30.19006
C:\Users\eljes\Downloads\simulator-windows-64\IMG\center_2026_09_01_06_55_08_823.jpg, C:\Users\eljes\Downloads\simulator-windows-64\IMG\left_2026_09_01_06_55_08_823.jpg, C:\Users\eljes\Downloads\simulator-windows-64\IMG\right_2026_09_01_06_55_08_823.jpg, 0, 1, 0, 30.19005
C:\Users\eljes\Downloads\simulator-windows-64\IMG\center_2026_09_01_06_55_08_923.jpg, C:\Users\eljes\Downloads\simulator-windows-64\IMG\left_2026_09_01_06_55_08_923.jpg, C:\Users\eljes\Downloads\simulator-windows-64\IMG\right_2026_09_01_06_55_08_923.jpg, 0, 1, 0, 30.19006
C:\Users\eljes\Downloads\simulator-windows-64\IMG\center_2026_09_01_06_55_09_027.jpg, C:\Users\eljes\Downloads\simulator-windows-64\IMG\left_2026_09_01_06_55_09_027.jpg, C:\Users\eljes\Downloads\simulator-windows-64\IMG\right_2026_09_01_06_55_09_027.jpg, 0, 1, 0, 30.19006
C:\Users\eljes\Downloads\simulator-windows-64\IMG\center_2026_09_01_06_55_09_133.jpg, C:\Users\eljes\Downloads\simulator-windows-64\IMG\left_2026_09_01_06_55_09_133.jpg, C:\Users\eljes\Downloads\simulator-windows-64\IMG\right_2026_09_01_06_55_09_133.jpg, 0, 1, 0, 30.19006
C:\Users\eljes\Downloads\simulator-windows-64\IMG\center_2026_09_01_06_55_09_233.jpg, C:\Users\eljes\Downloads\simulator-windows-64\IMG\left_2026_09_01_06_55_09_233.jpg, C:\Users\eljes\Downloads\simulator-windows-64\IMG\right_2026_09_01_06_55_09_233.jpg, 0, 1, 0, 30.19005
C:\Users\eljes\Downloads\simulator-windows-64\IMG\center_2026_09_01_06_55_09_336.jpg, C:\Users\eljes\Downloads\simulator-windows-64\IMG\left_2026_09_01_06_55_09_336.jpg, C:\Users\eljes\Downloads\simulator-windows-64\IMG\right_2026_09_01_06_55_09_336.jpg, 0, 1, 0, 30.19007
C:\Users\eljes\Downloads\simulator-windows-64\IMG\center_2026_09_01_06_55_09_438.jpg, C:\Users\eljes\Downloads\simulator-windows-64\IMG\left_2026_09_01_06_55_09_438.jpg, C:\Users\eljes\Downloads\simulator-windows-64\IMG\right_2026_09_01_06_55_09_438.jpg, 0, 1, 0, 30.19007
C:\Users\eljes\Downloads\simulator-windows-64\IMG\center_2026_09_01_06_55_09_546.jpg, C:\Users\eljes\Downloads\simulator-windows-64\IMG\left_2026_09_01_06_55_09_546.jpg, C:\Users\eljes\Downloads\simulator-windows-64\IMG\right_2026_09_01_06_55_09_546.jpg, 0, 1, 0, 30.19007
C:\Users\eljes\Downloads\simulator-windows-64\IMG\center_2026_09_01_06_55_09_647.jpg, C:\Users\eljes\Downloads\simulator-windows-64\IMG\left_2026_09_01_06_55_09_647.jpg, C:\Users\eljes\Downloads\simulator-windows-64\IMG\right_2026_09_01_06_55_09_647.jpg, 0, 1, 0, 30.19005
C:\Users\eljes\Downloads\simulator-windows-64\IMG\center_2026_09_01_06_55_09_750.jpg, C:\Users\eljes\Downloads\simulator-windows-64\IMG\left_2026_09_01_06_55_09_750.jpg, C:\Users\eljes\Downloads\simulator-windows-64\IMG\right_2026_09_01_06_55_09_750.jpg, 0, 1, 0, 30.19007
C:\Users\eljes\Downloads\simulator-windows-64\IMG\center_2026_09_01_06_55_09_851.jpg, C:\Users\eljes\Downloads\simulator-windows-64\IMG\left_2026_09_01_06_55_09_851.jpg, C:\Users\eljes\Downloads\simulator-windows-64\IMG\right_2026_09_01_06_55_09_851.jpg, 0, 1, 0, 30.19004
C:\Users\eljes\Downloads\simulator-windows-64\IMG\center_2026_09_01_06_55_09_958.jpg, C:\Users\eljes\Downloads\simulator-windows-64\IMG\left_2026_09_01_06_55_09_958.jpg, C:\Users\eljes\Downloads\simulator-windows-64\IMG\right_2026_09_01_06_55_09_958.jpg, 0, 1, 0, 30.19007
C:\Users\eljes\Downloads\simulator-windows-64\IMG\center_2026_09_01_06_55_10_061.jpg, C:\Users\eljes\Downloads\simulator-windows-64\IMG\left_2026_09_01_06_55_10_061.jpg, C:\Users\eljes\Downloads\simulator-windows-64\IMG\right_2026_09_01_06_55_10_061.jpg, 0, 1, 0, 30.19004
C:\Users\eljes\Downloads\simulator-windows-64\IMG\center_2026_09_01_06_55_10_167.jpg, C:\Users\eljes\Downloads\simulator-windows-64\IMG\left_2026_09_01_06_55_10_167.jpg, C:\Users\eljes\Downloads\simulator-windows-64\IMG\right_2026_09_01_06_55_10_167.jpg, 0, 1, 0, 30.19006
C:\Users\eljes\Downloads\simulator-windows-64\IMG\center_2026_09_01_06_55_10_270.jpg, C:\Users\eljes\Downloads\simulator-windows-64\IMG\left_2026_09_01_06_55_10_270.jpg, C:\Users\eljes\Downloads\simulator-windows-64\IMG\right_2026_09_01_06_55_10_270.jpg, 0, 1, 0, 30.19008
C:\Users\eljes\Downloads\simulator-windows-64\IMG\center_2026_09_01_06_55_10_378.jpg, C:\Users\eljes\Downloads\simulator-windows-64\IMG\left_2026_09_01_06_55_10_378.jpg, C:\Users\eljes\Downloads\simulator-windows-64\IMG\right_2026_09_01_06_55_10_378.jpg, 0, 1, 0, 30.19007
C:\Users\eljes\Downloads\simulator-windows-64\IMG\center_2026_09_01_06_55_10_481.jpg, C:\Users\eljes\Downloads\simulator-windows-64\IMG\left_2026_09_01_06_55_10_481.jpg, C:\Users\eljes\Downloads\simulator-windows-64\IMG\right_2026_09_01_06_55_10_481.jpg, 0, 1, 0, 30.19004
C:\Users\eljes\Downloads\simulator-windows-64\IMG\center_2026_09_01_06_55_10_585.jpg, C:\Users\eljes\Downloads\simulator-windows-64\IMG\left_2026_09_01_06_55_10_585.jpg, C:\Users\eljes\Downloads\simulator-windows-64\IMG\right_2026_09_01_06_55_10_585.jpg, 0, 1, 0, 30.19008
C:\Users\eljes\Downloads\simulator-windows-64\IMG\center_2026_09_01_06_55_10_685.jpg, C:\Users\eljes\Downloads\simulator-windows-64\IMG\left_2026_09_01_06_55_10_685.jpg, C:\Users\eljes\Downloads\simulator-windows-64\IMG\right_2026_09_01_06_55_10_685.jpg, 0, 1, 0, 30.19005
C:\Users\eljes\Downloads\simulator-windows-64\IMG\center_2026_09_01_06_55_10_790.jpg, C:\Users\eljes\Downloads\simulator-windows-64\IMG\left_2026_09_01_06_55_10_790.jpg, C:\Users\eljes\Downloads\simulator-windows-64\IMG\right_2026_09_01_06_55_10_790.jpg, 0, 1, 0, 30.19005
C:\Users\eljes\Downloads\simulator-windows-64\IMG\center_2026_09_01_06_55_10_897.jpg, C:\Users\eljes\Downloads\simulator-windows-64\IMG\left_2026_09_01_06_55_10_897.jpg, C:\Users\eljes\Downloads\simulator-windows-64\IMG\right_2026_09_01_06_55_10_897.jpg, 0, 1, 0, 30.19006
C:\Users\eljes\Downloads\simulator-windows-64\IMG\center_2026_09_01_06_55_10_999.jpg, C:\Users\eljes\Downloads\simulator-windows-64\IMG\left_2026_09_01_06_55_10_999.jpg, C:\Users\eljes\Downloads\simulator-windows-64\IMG\right_2026_09_01_06_55_10_999.jpg, 0, 1, 0, 30.19006
C:\Users\eljes\Downloads\simulator-windows-64\IMG\center_2026_09_01_06_55_11_100.jpg, C:\Users\eljes\Downloads\simulator-windows-64\IMG\left_2026_09_01_06_55_11_100.jpg, C:\Users\eljes\Downloads\simulator-windows-64\IMG\right_2026_09_01_06_55_11_100.jpg, 0, 1, 0, 30.19004
C:\Users\eljes\Downloads\simulator-windows-64\IMG\center_2026_09_01_06_55_11_202.jpg, C:\Users\eljes\Downloads\simulator-windows-64\IMG\left_2026_09_01_06_55_11_202.jpg, C:\Users\eljes\Downloads\simulator-windows-64\IMG\right_2026_09_01_06_55_11_202.jpg, 0, 1, 0, 30.19003
C:\Users\eljes\Downloads\simulator-windows-64\IMG\center_2026_09_01_06_55_11_305.jpg, C:\Users\eljes\Downloads\simulator-windows-64\IMG\left_2026_09_01_06_55_11_305.jpg, C:\Users\eljes\Downloads\simulator-windows-64\IMG\right_2026_09_01_06_55_11_305.jpg, 0, 1, 0, 30.19008
C:\Users\eljes\Downloads\simulator-windows-64\IMG\center_2026_09_01_06_55_11_412.jpg, C:\Users\eljes\Downloads\simulator-windows-64\IMG\left_2026_09_01_06_55_11_412.jpg, C:\Users\eljes\Downloads\simulator-windows-64\IMG\right_2026_09_01_06_55_11_412.jpg, 0, 1, 0, 30.19008
C:\Users\eljes\Downloads\simulator-windows-64\IMG\center_2026_09_01_06_55_11_513.jpg, C:\Users\eljes\Downloads\simulator-windows-64\IMG\left_2026_09_01_06_55_11_513.jpg, C:\Users\eljes\Downloads\simulator-windows-64\IMG\right_2026_09_01_06_55_11_513.jpg, 0, 1, 0, 30.19004
C:\Users\eljes\Downloads\simulator-windows-64\IMG\center_2026_09_01_06_55_11_616.jpg, C:\Users\eljes\Downloads\simulator-windows-64\IMG\left_2026_09_01_06_55_11_616.jpg, C:\Users\eljes\Downloads\simulator-windows-64\IMG\right_2026_09_01_06_55_11_616.jpg, 0, 1, 0, 30.19004
C:\Users\eljes\Downloads\simulator-windows-64\IMG\center_2026_09_01_06_56_08_213.jpg, C:\Users\eljes\Downloads\simulator-windows-64\IMG\left_2026_09_01_06_56_08_213.jpg, C:\Users\eljes\Downloads\simulator-windows-64\IMG\right_2026_09_01_06_56_08_213.jpg, 0, 0, 0, 7.793844E-05
C:\Users\eljes\Downloads\simulator-windows-64\IMG\center_2026_09_01_06_56_08_315.jpg, C:\Users\eljes\Downloads\simulator-windows-64\IMG\left_2026_09_01_06_56_08_315.jpg, C:\Users\eljes\Downloads\simulator-windows-64\IMG\right_2026_09_01_06_56_08_315.jpg, 0, 0, 0, 7.860114E-05
C:\Users\eljes\Downloads\simulator-windows-64\IMG\center_2026_09_01_06_56_08_420.jpg, C:\Users\eljes\Downloads\simulator-windows-64\IMG\left_2026_09_01_06_56_08_420.jpg, C:\Users\eljes\Downloads\simulator-windows-64\IMG\right_2026_09_01_06_56_08_420.jpg, 0, 0, 0, 7.819883E-05
C:\Users\eljes\Downloads\simulator-windows-64\IMG\center_2026_09_01_06_56_08_525.jpg, C:\Users\eljes\Downloads\simulator-windows-64\IMG\left_2026_09_01_06_56_08_525.jpg, C:\Users\eljes\Downloads\simulator-windows-64\IMG\right_2026_09_01_06_56_08_525.jpg, 0, 0, 0, 8.068598E-05
C:\Users\eljes\Downloads\simulator-windows-64\IMG\center_2026_09_01_06_56_08_627.jpg, C:\Users\eljes\Downloads\simulator-windows-64\IMG\left_2026_09_01_06_56_08_627.jpg, C:\Users\eljes\Downloads\simulator-windows-64\IMG\right_2026_09_01_06_56_08_627.jpg, 0, 0, 0, 7.7975E-05
C:\Users\eljes\Downloads\simulator-windows-64\IMG\center_2026_09_01_06_56_08_730.jpg, C:\Users\eljes\Downloads\simulator-windows-64\IMG\left_2026_09_01_06_56_08_730.jpg, C:\Users\eljes\Downloads\simulator-windows-64\IMG\right_2026_09_01_06_56_08_730.jpg, 0, 0, 0, 8.024009E-05
C:\Users\eljes\Downloads\simulator-windows-64\IMG\center_2026_09_01_06_56_08_830.jpg, C:\Users\eljes\Downloads\simulator-windows-64\IMG\left_2026_09_01_06_56_08_830.jpg, C:\Users\eljes\Downloads\simulator-windows-64\IMG\right_2026_09_01_06_56_08_830.jpg, 0, 0, 0, 8.058981E-05
C:\Users\eljes\Downloads\simulator-windows-64\IMG\center_2026_09_01_06_56_08_934.jpg, C:\Users\eljes\Downloads\simulator-windows-64\IMG\left_2026_09_01_06_56_08_934.jpg, C:\Users\eljes\Downloads\simulator-windows-64\IMG\right_2026_09_01_06_56_08_934.jpg, 0, 0, 0, 7.819243E-05
C:\Users\eljes\Downloads\simulator-windows-64\IMG\center_2026_09_01_06_56_09_036.jpg, C:\Users\eljes\Downloads\simulator-windows-64\IMG\left_2026_09_01_06_56_09_036.jpg, C:\Users\eljes\Downloads\simulator-windows-64\IMG\right_2026_09_01_06_56_09_036.jpg, 0, 0, 0, 8.087287E-05
C:\Users\eljes\Downloads\simulator-windows-64\IMG\center_2026_09_01_06_56_09_140.jpg, C:\Users\eljes\Downloads\simulator-windows-64\IMG\left_2026_09_01_06_56_09_140.jpg, C:\Users\eljes\Downloads\simulator-windows-64\IMG\right_2026_09_01_06_56_09_140.jpg, 0, 0, 0, 7.833242E-05
C:\Users\eljes\Downloads\simulator-windows-64\IMG\center_2026_09_01_06_56_09_240.jpg, C:\Users\eljes\Downloads\simulator-windows-64\IMG\left_2026_09_01_06_56_09_240.jpg, C:\Users\eljes\Downloads\simulator-windows-64\IMG\right_2026_09_01_06_56_09_240.jpg, 0, 0, 0, 8.153572E-05
C:\Users\eljes\Downloads\simulator-windows-64\IMG\center_2026_09_01_06_56_09_348.jpg, C:\Users\eljes\Downloads\simulator-windows-64\IMG\left_2026_09_01_06_56_09_348.jpg, C:\Users\eljes\Downloads\simulator-windows-64\IMG\right_2026_09_01_06_56_09_348.jpg, 0, 0, 0, 7.854035E-05
C:\Users\eljes\Downloads\simulator-windows-64\IMG\center_2026_09_01_06_56_09_449.jpg, C:\Users\eljes\Downloads\simulator-windows-64\IMG\left_2026_09_01_06_56_09_449.jpg, C:\Users\eljes\Downloads\simulator-windows-64\IMG\right_2026_09_01_06_56_09_449.jpg, 0, 0, 0, 7.873282E-05
C:\Users\eljes\Downloads\simulator-windows-64\IMG\center_2026_09_01_06_56_09_554.jpg, C:\Users\eljes\Downloads\simulator-windows-64\IMG\left_2026_09_01_06_56_09_554.jpg, C:\Users\eljes\Downloads\simulator-windows-64\IMG\right_2026_09_01_06_56_09_554.jpg, 0, 0, 0, 7.773539E-05
C:\Users\eljes\Downloads\simulator-windows-64\IMG\center_2026_09_01_06_56_09_656.jpg, C:\Users\eljes\Downloads\simulator-windows-64\IMG\left_2026_09_01_06_56_09_656.jpg, C:\Users\eljes\Downloads\simulator-windows-64\IMG\right_2026_09_01_06_56_09_656.jpg, 0, 0, 0, 7.764592E-05
C:\Users\eljes\Downloads\simulator-windows-64\IMG\center_2026_09_01_06_56_09_760.jpg, C:\Users\eljes\Downloads\simulator-windows-64\IMG\left_2026_09_01_06_56_09_760.jpg, C:\Users\eljes\Downloads\simulator-windows-64\IMG\right_2026_09_01_06_56_09_760.jpg, 0, 0, 0, 7.808338E-05
C:\Users\eljes\Downloads\simulator-windows-64\IMG\center_2026_09_01_06_56_09_862.jpg, C:\Users\eljes\Downloads\simulator-windows-64\IMG\left_2026_09_01_06_56_09_862.jpg, C:\Users\eljes\Downloads\simulator-windows-64\IMG\right_2026_09_01_06_56_09_862.jpg, 0, 0, 0, 8.277999E-05
C:\Users\eljes\Downloads\simulator-windows-64\IMG\center_2026_09_01_06_56_09_967.jpg, C:\Users\eljes\Downloads\simulator-windows-64\IMG\left_2026_09_01_06_56_09_967.jpg, C:\Users\eljes\Downloads\simulator-windows-64\IMG\right_2026_09_01_06_56_09_967.jpg, 0, 0, 0, 8.099328E-05
C:\Users\eljes\Downloads\simulator-windows-64\IMG\center_2026_09_01_06_56_10_070.jpg, C:\Users\eljes\Downloads\simulator-windows-64\IMG\left_2026_09_01_06_56_10_070.jpg, C:\Users\eljes\Downloads\simulator-windows-64\IMG\right_2026_09_01_06_56_10_070.jpg, 0, 0, 0, 7.890168E-05
C:\Users\eljes\Downloads\simulator-windows-64\IMG\center_2026_09_01_06_56_10_172.jpg, C:\Users\eljes\Downloads\simulator-windows-64\IMG\left_2026_09_01_06_56_10_172.jpg, C:\Users\eljes\Downloads\simulator-windows-64\IMG\right_2026_09_01_06_56_10_172.jpg, 0, 0, 0, 7.838311E-05
C:\Users\eljes\Downloads\simulator-windows-64\IMG\center_2026_09_01_06_56_10_276.jpg, C:\Users\eljes\Downloads\simulator-windows-64\IMG\left_2026_09_01_06_56_10_276.jpg, C:\Users\eljes\Downloads\simulator-windows-64\IMG\right_2026_09_01_06_56_10_276.jpg, 0, 0, 0, 8.202298E-05
C:\Users\eljes\Downloads\simulator-windows-64\IMG\center_2026_09_01_06_56_10_379.jpg, C:\Users\eljes\Downloads\simulator-windows-64\IMG\left_2026_09_01_06_56_10_379.jpg, C:\Users\eljes\Downloads\simulator-windows-64\IMG\right_2026_09_01_06_56_10_379.jpg, 0, 0, 0, 7.796613E-05
C:\Users\eljes\Downloads\simulator-windows-64\IMG\center_2026_09_01_06_56_10_484.jpg, C:\Users\eljes\Downloads\simulator-windows-64\IMG\left_2026_09_01_06_56_10_484.jpg, C:\Users\eljes\Downloads\simulator-windows-64\IMG\right_2026_09_01_06_56_10_484.jpg, 0, 0, 0, 8.238339E-05
C:\Users\eljes\Downloads\simulator-windows-64\IMG\center_2026_09_01_06_56_10_584.jpg, C:\Users\eljes\Downloads\simulator-windows-64\IMG\left_2026_09_01_06_56_10_584.jpg, C:\Users\eljes\Downloads\simulator-windows-64\IMG\right_2026_09_01_06_56_10_584.jpg, 0, 0, 0, 7.909116E-05
C:\Users\eljes\Downloads\simulator-windows-64\IMG\center_2026_09_01_06_56_10_690.jpg, C:\Users\eljes\Downloads\simulator-windows-64\IMG\left_2026_09_01_06_56_10_690.jpg, C:\Users\eljes\Downloads\simulator-windows-64\IMG\right_2026_09_01_06_56_10_690.jpg, 0, 0, 0, 7.944929E-05
C:\Users\eljes\Downloads\simulator-windows-64\IMG\center_2026_09_01_06_56_10_795.jpg, C:\Users\eljes\Downloads\simulator-windows-64\IMG\left_2026_09_01_06_56_10_795.jpg, C:\Users\eljes\Downloads\simulator-windows-64\IMG\right_2026_09_01_06_56_10_795.jpg, 0, 0, 0, 7.835055E-05
C:\Users\eljes\Downloads\simulator-windows-64\IMG\center_2026_09_01_06_56_10_900.jpg, C:\Users\eljes\Downloads\simulator-windows-64\IMG\left_2026_09_01_06_56_10_900.jpg, C:\Users\eljes\Downloads\simulator-windows-64\IMG\right_2026_09_01_06_56_10_900.jpg, 0, 0, 0, 7.794057E-05
C:\Users\eljes\Downloads\simulator-windows-64\IMG\center_2026_09_01_06_56_11_003.jpg, C:\Users\eljes\Downloads\simulator-windows-64\IMG\left_2026_09_01_06_56_11_003.jpg, C:\Users\eljes\Downloads\simulator-windows-64\IMG\right_2026_09_01_06_56_11_003.jpg, 0, 0, 0, 7.806085E-05
C:\Users\eljes\Downloads\simulator-windows-64\IMG\center_2026_09_01_06_56_11_107.jpg, C:\Users\eljes\Downloads\simulator-windows-64\IMG\left_2026_09_01_06_56_11_107.jpg, C:\Users\eljes\Downloads\simulator-windows-64\IMG\right_2026_09_01_06_56_11_107.jpg, 0, 0, 0, 7.890798E-05
C:\Users\eljes\Downloads\simulator-windows-64\IMG\center_2026_09_01_06_56_11_214.jpg, C:\Users\eljes\Downloads\simulator-windows-64\IMG\left_2026_09_01_06_56_11_214.jpg, C:\Users\eljes\Downloads\simulator-windows-64\IMG\right_2026_09_01_06_56_11_214.jpg, 0, 0, 0, 7.964129E-05
C:\Users\eljes\Downloads\simulator-windows-64\IMG\center_2026_09_01_06_56_11_316.jpg, C:\Users\eljes\Downloads\simulator-windows-64\IMG\left_2026_09_01_06_56_11_316.jpg, C:\Users\eljes\Downloads\simulator-windows-64\IMG\right_2026_09_01_06_56_11_316.jpg, 0, 0, 0, 8.018355E-05
C:\Users\eljes\Downloads\simulator-windows-64\IMG\center_2026_09_01_06_56_11_416.jpg, C:\Users\eljes\Downloads\simulator-windows-64\IMG\left_2026_09_01_06_56_11_416.jpg, C:\Users\eljes\Downloads\simulator-windows-64\IMG\right_2026_09_01_06_56_11_416.jpg, 0, 0, 0, 7.772365E-05
C:\Users\eljes\Downloads\simulator-windows-64\IMG\center_2026_09_01_06_56_11_516.jpg, C:\Users\eljes\Downloads\simulator-windows-64\IMG\left_2026_09_01_06_56_11_516.jpg, C:\Users\eljes\Downloads\simulator-windows-64\IMG\right_2026_09_01_06_56_11_516.jpg, 0, 0, 0, 7.812929E-05
C:\Users\eljes\Downloads\simulator-windows-64\IMG\center_2026_09_01_06_56_11_620.jpg, C:\Users\eljes\Downloads\simulator-windows-64\IMG\left_2026_09_01_06_56_11_620.jpg, C:\Users\eljes\Downloads\simulator-windows-64\IMG\right_2026_09_01_06_56_11_620.jpg, 0, 0, 0, 7.802463E-05
C:\Users\eljes\Downloads\simulator-windows-64\IMG\center_2026_09_01_06_57_03_281.jpg, C:\Users\eljes\Downloads\simulator-windows-64\IMG\left_2026_09_01_06_57_03_281.jpg, C:\Users\eljes\Downloads\simulator-windows-64\IMG\right_2026_09_01_06_57_03_281.jpg, 0, 1, 0, 30.19031
C:\Users\eljes\Downloads\simulator-windows-64\IMG\center_2026_09_01_06_57_03_386.jpg, C:\Users\eljes\Downloads\simulator-windows-64\IMG\left_2026_09_01_06_57_03_386.jpg, C:\Users\eljes\Downloads\simulator-windows-64\IMG\right_2026_09_01_06_57_03_386.jpg, 0, 1, 0, 30.1904
C:\Users\eljes\Downloads\simulator-windows-64\IMG\center_2026_09_01_06_57_03_491.jpg, C:\Users\eljes\Downloads\simulator-windows-64\IMG\left_2026_09_01_06_57_03_491.jpg, C:\Users\eljes\Downloads\simulator-windows-64\IMG\right_2026_09_01_06_57_03_491.jpg, 0, 1, 0, 30.19029
C:\Users\eljes\Downloads\simulator-windows-64\IMG\center_2026_09_01_06_57_03_594.jpg, C:\Users\eljes\Downloads\simulator-windows-64\IMG\left_2026_09_01_06_57_03_594.jpg, C:\Users\eljes\Downloads\simulator-windows-64\IMG\right_2026_09_01_06_57_03_594.jpg, 0, 1, 0, 30.19032
C:\Users\eljes\Downloads\simulator-windows-64\IMG\center_2026_09_01_06_57_03_700.jpg, C:\Users\eljes\Downloads\simulator-windows-64\IMG\left_2026_09_01_06_57_03_700.jpg, C:\Users\eljes\Downloads\simulator-windows-64\IMG\right_2026_09_01_06_57_03_700.jpg, -0.1417989, 1, 0, 30.18466
C:\Users\eljes\Downloads\simulator-windows-64\IMG\center_2026_09_01_06_57_03_799.jpg, C:\Users\eljes\Downloads\simulator-windows-64\IMG\left_2026_09_01_06_57_03_799.jpg, C:\Users\eljes\Downloads\simulator-windows-64\IMG\right_2026_09_01_06_57_03_799.jpg, -0.2260251, 1, 0, 30.1834
C:\Users\eljes\Downloads\simulator-windows-64\IMG\center_2026_09_01_06_57_03_901.jpg, C:\Users\eljes\Downloads\simulator-windows-64\IMG\left_2026_09_01_06_57_03_901.jpg, C:\Users\eljes\Downloads\simulator-windows-64\IMG\right_2026_09_01_06_57_03_901.jpg, 0, 1, 0, 30.18866
C:\Users\eljes\Downloads\simulator-windows-64\IMG\center_2026_09_01_06_57_04_006.jpg, C:\Users\eljes\Downloads\simulator-windows-64\IMG\left_2026_09_01_06_57_04_006.jpg, C:\Users\eljes\Downloads\simulator-windows-64\IMG\right_2026_09_01_06_57_04_006.jpg, 0, 1, 0, 30.1901
C:\Users\eljes\Downloads\simulator-windows-64\IMG\center_2026_09_01_06_57_04_111.jpg, C:\Users\eljes\Downloads\simulator-windows-64\IMG\left_2026_09_01_06_57_04_111.jpg, C:\Users\eljes\Downloads\simulator-windows-64\IMG\right_2026_09_01_06_57_04_111.jpg, 0, 1, 0, 30.19027
C:\Users\eljes\Downloads\simulator-windows-64\IMG\center_2026_09_01_06_57_04_217.jpg, C:\Users\eljes\Downloads\simulator-windows-64\IMG\left_2026_09_01_06_57_04_217.jpg, C:\Users\eljes\Downloads\simulator-windows-64\IMG\right_2026_09_01_06_57_04_217.jpg, 0, 1, 0, 30.1903
C:\Users\eljes\Downloads\simulator-windows-64\IMG\center_2026_09_01_06_57_04_321.jpg, C:\Users\eljes\Downloads\simulator-windows-64\IMG\left_2026_09_01_06_57_04_321.jpg, C:\Users\eljes\Downloads\simulator-windows-64\IMG\right_2026_09_01_06_57_04_321.jpg, 0, 1, 0, 30.1903
C:\Users\eljes\Downloads\simulator-windows-64\IMG\center_2026_09_01_06_57_04_428.jpg, C:\Users\eljes\Downloads\simulator-windows-64\IMG\left_2026_09_01_06_57_04_428.jpg, C:\Users\eljes\Downloads\simulator-windows-64\IMG\right_2026_09_01_06_57_04_428.jpg, 0, 1, 0, 30.1903
C:\Users\eljes\Downloads\simulator-windows-64\IMG\center_2026_09_01_06_57_04_530.jpg, C:\Users\eljes\Downloads\simulator-windows-64\IMG\left_2026_09_01_06_57_04_530.jpg, C:\Users\eljes\Downloads\simulator-windows-64\IMG\right_2026_09_01_06_57_04_530.jpg, 0, 1, 0, 30.19032
C:\Users\eljes\Downloads\simulator-windows-64\IMG\center_2026_09_01_06_57_04_636.jpg, C:\Users\eljes\Downloads\simulator-windows-64\IMG\left_2026_09_01_06_57_04_636.jpg, C:\Users\eljes\Downloads\simulator-windows-64\IMG\right_2026_09_01_06_57_04_636.jpg, 0, 1, 0, 30.1903
C:\Users\eljes\Downloads\simulator-windows-64\IMG\center_2026_09_01_06_57_04_738.jpg, C:\Users\eljes\Downloads\simulator-windows-64\IMG\left_2026_09_01_06_57_04_738.jpg, C:\Users\eljes\Downloads\simulator-windows-64\IMG\right_2026_09_01_06_57_04_738.jpg, 0, 1, 0, 30.19029
C:\Users\eljes\Downloads\simulator-windows-64\IMG\center_2026_09_01_06_57_04_844.jpg, C:\Users\eljes\Downloads\simulator-windows-64\IMG\left_2026_09_01_06_57_04_844.jpg, C:\Users\eljes\Downloads\simulator-windows-64\IMG\right_2026_09_01_06_57_04_844.jpg, 0, 1, 0, 30.1903
C:\Users\eljes\Downloads\simulator-windows-64\IMG\center_2026_09_01_06_57_04_949.jpg, C:\Users\eljes\Downloads\simulator-windows-64\IMG\left_2026_09_01_06_57_04_949.jpg, C:\Users\eljes\Downloads\simulator-windows-64\IMG\right_2026_09_01_06_57_04_949.jpg, 0, 1, 0, 30.19032
C:\Users\eljes\Downloads\simulator-windows-64\IMG\center_2026_09_01_06_57_05_054.jpg, C:\Users\eljes\Downloads\simulator-windows-64\IMG\left_2026_09_01_06_57_05_054.jpg, C:\Users\eljes\Downloads\simulator-windows-64\IMG\right_2026_09_01_06_57_05_054.jpg, 0, 1, 0, 30.19031
C:\Users\eljes\Downloads\simulator-windows-64\IMG\center_2026_09_01_06_57_05_158.jpg, C:\Users\eljes\Downloads\simulator-windows-64\IMG\left_2026_09_01_06_57_05_158.jpg, C:\Users\eljes\Downloads\simulator-windows-64\IMG\right_2026_09_01_06_57_05_158.jpg, -0.2449734, 1, 0, 30.17452
C:\Users\eljes\Downloads\simulator-windows-64\IMG\center_2026_09_01_06_57_05_263.jpg, C:\Users\eljes\Downloads\simulator-windows-64\IMG\left_2026_09_01_06_57_05_263.jpg, C:\Users\eljes\Downloads\simulator-windows-64\IMG\right_2026_09_01_06_57_05_263.jpg, -0.04457608, 1, 0, 30.19084
C:\Users\eljes\Downloads\simulator-windows-64\IMG\center_2026_09_01_06_57_05_364.jpg, C:\Users\eljes\Downloads\simulator-windows-64\IMG\left_2026_09_01_06_57_05_364.jpg, C:\Users\eljes\Downloads\simulator-windows-64\IMG\right_2026_09_01_06_57_05_364.jpg, 0, 1, 0, 30.18997
C:\Users\eljes\Downloads\simulator-windows-64\IMG\center_2026_09_01_06_57_05_466.jpg, C:\Users\eljes\Downloads\simulator-windows-64\IMG\left_2026_09_01_06_57_05_466.jpg, C:\Users\eljes\Downloads\simulator-windows-64\IMG\right_2026_09_01_06_57_05_466.jpg, 0, 1, 0, 30.19025
C:\Users\eljes\Downloads\simulator-windows-64\IMG\center_2026_09_01_06_57_05_571.jpg, C:\Users\eljes\Downloads\simulator-windows-64\IMG\left_2026_09_01_06_57_05_571.jpg, C:\Users\eljes\Downloads\simulator-windows-64\IMG\right_2026_09_01_06_57_05_571.jpg, 0, 1, 0, 30.1903
C:\Users\eljes\Downloads\simulator-windows-64\IMG\center_2026_09_01_06_57_05_673.jpg, C:\Users\eljes\Downloads\simulator-windows-64\IMG\left_2026_09_01_06_57_05_673.jpg, C:\Users\eljes\Downloads\simulator-windows-64\IMG\right_2026_09_01_06_57_05_673.jpg, 0, 1, 0, 30.19031
C:\Users\eljes\Downloads\simulator-windows-64\IMG\center_2026_09_01_06_57_05_779.jpg, C:\Users\eljes\Downloads\simulator-windows-64\IMG\left_2026_09_01_06_57_05_779.jpg, C:\Users\eljes\Downloads\simulator-windows-64\IMG\right_2026_09_01_06_57_05_779.jpg, 0, 1, 0, 30.19036
C:\Users\eljes\Downloads\simulator-windows-64\IMG\center_2026_09_01_06_57_05_880.jpg, C:\Users\eljes\Downloads\simulator-windows-64\IMG\left_2026_09_01_06_57_05_880.jpg, C:\Users\eljes\Downloads\simulator-windows-64\IMG\right_2026_09_01_06_57_05_880.jpg, 0, 1, 0, 30.19029
C:\Users\eljes\Downloads\simulator-windows-64\IMG\center_2026_09_01_06_57_05_982.jpg, C:\Users\eljes\Downloads\simulator-windows-64\IMG\left_2026_09_01_06_57_05_982.jpg, C:\Users\eljes\Downloads\simulator-windows-64\IMG\right_2026_09_01_06_57_05_982.jpg, 0, 1, 0, 30.19029
C:\Users\eljes\Downloads\simulator-windows-64\IMG\center_2026_09_01_06_57_06_089.jpg, C:\Users\eljes\Downloads\simulator-windows-64\IMG\left_2026_09_01_06_57_06_089.jpg, C:\Users\eljes\Downloads\simulator-windows-64\IMG\right_2026_09_01_06_57_06_089.jpg, 0, 1, 0, 30.19031
C:\Users\eljes\Downloads\simulator-windows-64\IMG\center_2026_09_01_06_57_06_190.jpg, C:\Users\eljes\Downloads\simulator-windows-64\IMG\left_2026_09_01_06_57_06_190.jpg, C:\Users\eljes\Downloads\simulator-windows-64\IMG\right_2026_09_01_06_57_06_190.jpg, 0, 1, 0, 30.19031
C:\Users\eljes\Downloads\simulator-windows-64\IMG\center_2026_09_01_06_57_06_294.jpg, C:\Users\eljes\Downloads\simulator-windows-64\IMG\left_2026_09_01_06_57_06_294.jpg, C:\Users\eljes\Downloads\simulator-windows-64\IMG\right_2026_09_01_06_57_06_294.jpg, 0, 1, 0, 30.19031
C:\Users\eljes\Downloads\simulator-windows-64\IMG\center_2026_09_01_06_57_06_397.jpg, C:\Users\eljes\Downloads\simulator-windows-64\IMG\left_2026_09_01_06_57_06_397.jpg, C:\Users\eljes\Downloads\simulator-windows-64\IMG\right_2026_09_01_06_57_06_397.jpg, 0, 1, 0, 30.1903
C:\Users\eljes\Downloads\simulator-windows-64\IMG\center_2026_09_01_06_57_06_503.jpg, C:\Users\eljes\Downloads\simulator-windows-64\IMG\left_2026_09_01_06_57_06_503.jpg, C:\Users\eljes\Downloads\simulator-windows-64\IMG\right_2026_09_01_06_57_06_503.jpg, 0, 1, 0, 30.07487
C:\Users\eljes\Downloads\simulator-windows-64\IMG\center_2026_09_01_06_57_06_607.jpg, C:\Users\eljes\Downloads\simulator-windows-64\IMG\left_2026_09_01_06_57_06_607.jpg, C:\Users\eljes\Downloads\simulator-windows-64\IMG\right_2026_09_01_06_57_06_607.jpg, 0, 1, 0, 30.20948
C:\Users\eljes\Downloads\simulator-windows-64\IMG\center_2026_09_01_06_57_06_709.jpg, C:\Users\eljes\Downloads\simulator-windows-64\IMG\left_2026_09_01_06_57_06_709.jpg, C:\Users\eljes\Downloads\simulator-windows-64\IMG\right_2026_09_01_06_57_06_709.jpg, -0.1555137, 1, 0, 30.12127
C:\Users\eljes\Downloads\simulator-windows-64\IMG\center_2026_09_01_06_57_06_811.jpg, C:\Users\eljes\Downloads\simulator-windows-64\IMG\left_2026_09_01_06_57_06_811.jpg, C:\Users\eljes\Downloads\simulator-windows-64\IMG\right_2026_09_01_06_57_06_811.jpg, -0.2859957, 1, 0, 30.1552
C:\Users\eljes\Downloads\simulator-windows-64\IMG\center_2026_09_01_06_57_06_914.jpg, C:\Users\eljes\Downloads\simulator-windows-64\IMG\left_2026_09_01_06_57_06_914.jpg, C:\Users\eljes\Downloads\simulator-windows-64\IMG\right_2026_09_01_06_57_06_914.jpg, 0, 1, 0, 30.18705
C:\Users\eljes\Downloads\simulator-windows-64\IMG\center_2026_09_01_06_57_07_016.jpg, C:\Users\eljes\Downloads\simulator-windows-64\IMG\left_2026_09_01_06_57_07_016.jpg, C:\Users\eljes\Downloads\simulator-windows-64\IMG\right_2026_09_01_06_57_07_016.jpg, 0, 1, 0, 30.18968
C:\Users\eljes\Downloads\simulator-windows-64\IMG\center_2026_09_01_06_57_07_121.jpg, C:\Users\eljes\Downloads\simulator-windows-64\IMG\left_2026_09_01_06_57_07_121.jpg, C:\Users\eljes\Downloads\simulator-windows-64\IMG\right_2026_09_01_06_57_07_121.jpg, 0, 1, 0, 30.19002
C:\Users\eljes\Downloads\simulator-windows-64\IMG\center_2026_09_01_06_57_07_225.jpg, C:\Users\eljes\Downloads\simulator-windows-64\IMG\left_2026_09_01_06_57_07_225.jpg, C:\Users\eljes\Downloads\simulator-windows-64\IMG\right_2026_09_01_06_57_07_225.jpg, 0, 1, 0, 30.19
C:\Users\eljes\Downloads\simulator-windows-64\IMG\center_2026_09_01_06_57_07_330.jpg, C:\Users\eljes\Downloads\simulator-windows-64\IMG\left_2026_09_01_06_57_07_330.jpg, C:\Users\eljes\Downloads\simulator-windows-64\IMG\right_2026_09_01_06_57_07_330.jpg, 0, 1, 0, 30.18999
C:\Users\eljes\Downloads\simulator-windows-64\IMG\center_2026_09_01_06_57_07_437.jpg, C:\Users\eljes\Downloads\simulator-windows-64\IMG\left_2026_09_01_06_57_07_437.jpg, C:\Users\eljes\Downloads\simulator-windows-64\IMG\right_2026_09_01_06_57_07_437.jpg, 0.2693367, 1, 0, 30.1715
C:\Users\eljes\Downloads\simulator-windows-64\IMG\center_2026_09_01_06_57_07_537.jpg, C:\Users\eljes\Downloads\simulator-windows-64\IMG\left_2026_09_01_06_57_07_537.jpg, C:\Users\eljes\Downloads\simulator-windows-64\IMG\right_2026_09_01_06_57_07_537.jpg, 0.2514942, 1, 0, 30.18422
C:\Users\eljes\Downloads\simulator-windows-64\IMG\center_2026_09_01_06_57_07_639.jpg, C:\Users\eljes\Downloads\simulator-windows-64\IMG\left_2026_09_01_06_57_07_639.jpg, C:\Users\eljes\Downloads\simulator-windows-64\IMG\right_2026_09_01_06_57_07_639.jpg, 0, 1, 0, 30.18682
C:\Users\eljes\Downloads\simulator-windows-64\IMG\center_2026_09_01_06_57_07_747.jpg, C:\Users\eljes\Downloads\simulator-windows-64\IMG\left_2026_09_01_06_57_07_747.jpg, C:\Users\eljes\Downloads\simulator-windows-64\IMG\right_2026_09_01_06_57_07_747.jpg, 0, 1, 0, 30.18948
C:\Users\eljes\Downloads\simulator-windows-64\IMG\center_2026_09_01_06_57_07_850.jpg, C:\Users\eljes\Downloads\simulator-windows-64\IMG\left_2026_09_01_06_57_07_850.jpg, C:\Users\eljes\Downloads\simulator-windows-64\IMG\right_2026_09_01_06_57_07_850.jpg, 0, 1, 0, 30.1898
C:\Users\eljes\Downloads\simulator-windows-64\IMG\center_2026_09_01_06_57_07_954.jpg, C:\Users\eljes\Downloads\simulator-windows-64\IMG\left_2026_09_01_06_57_07_954.jpg, C:\Users\eljes\Downloads\simulator-windows-64\IMG\right_2026_09_01_06_57_07_954.jpg, 0, 1, 0, 30.18983
C:\Users\eljes\Downloads\simulator-windows-64\IMG\center_2026_09_01_06_57_08_059.jpg, C:\Users\eljes\Downloads\simulator-windows-64\IMG\left_2026_09_01_06_57_08_059.jpg, C:\Users\eljes\Downloads\simulator-windows-64\IMG\right_2026_09_01_06_57_08_059.jpg, 0, 1, 0, 30.18982
C:\Users\eljes\Downloads\simulator-windows-64\IMG\center_2026_09_01_06_57_08_161.jpg, C:\Users\eljes\Downloads\simulator-windows-64\IMG\left_2026_09_01_06_57_08_161.jpg, C:\Users\eljes\Downloads\simulator-windows-64\IMG\right_2026_09_01_06_57_08_161.jpg, -0.1988076, 1, 0, 30.17947
C:\Users\eljes\Downloads\simulator-windows-64\IMG\center_2026_09_01_06_57_08_267.jpg, C:\Users\eljes\Downloads\simulator-windows-64\IMG\left_2026_09_01_06_57_08_267.jpg, C:\Users\eljes\Downloads\simulator-windows-64\IMG\right_2026_09_01_06_57_08_267.jpg, -0.0735384, 1, 0, 30.19008
C:\Users\eljes\Downloads\simulator-windows-64\IMG\center_2026_09_01_06_57_08_372.jpg, C:\Users\eljes\Downloads\simulator-windows-64\IMG\left_2026_09_01_06_57_08_372.jpg, C:\Users\eljes\Downloads\simulator-windows-64\IMG\right_2026_09_01_06_57_08_372.jpg, 0, 1, 0, 30.18952
C:\Users\eljes\Downloads\simulator-windows-64\IMG\center_2026_09_01_06_57_08_479.jpg, C:\Users\eljes\Downloads\simulator-windows-64\IMG\left_2026_09_01_06_57_08_479.jpg, C:\Users\eljes\Downloads\simulator-windows-64\IMG\right_2026_09_01_06_57_08_479.jpg, 0, 1, 0, 30.18984
C:\Users\eljes\Downloads\simulator-windows-64\IMG\center_2026_09_01_06_57_08_581.jpg, C:\Users\eljes\Downloads\simulator-windows-64\IMG\left_2026_09_01_06_57_08_581.jpg, C:\Users\eljes\Downloads\simulator-windows-64\IMG\right_2026_09_01_06_57_08_581.jpg, 0, 1, 0, 30.18991
C:\Users\eljes\Downloads\simulator-windows-64\IMG\center_2026_09_01_06_57_08_682.jpg, C:\Users\eljes\Downloads\simulator-windows-64\IMG\left_2026_09_01_06_57_08_682.jpg, C:\Users\eljes\Downloads\simulator-windows-64\IMG\right_2026_09_01_06_57_08_682.jpg, 0, 1, 0, 30.18989
C:\Users\eljes\Downloads\simulator-windows-64\IMG\center_2026_09_01_06_57_08_787.jpg, C:\Users\eljes\Downloads\simulator-windows-64\IMG\left_2026_09_01_06_57_08_787.jpg, C:\Users\eljes\Downloads\simulator-windows-64\IMG\right_2026_09_01_06_57_08_787.jpg, 0, 1, 0, 30.1899
C:\Users\eljes\Downloads\simulator-windows-64\IMG\center_2026_09_01_06_57_08_894.jpg, C:\Users\eljes\Downloads\simulator-windows-64\IMG\left_2026_09_01_06_57_08_894.jpg, C:\Users\eljes\Downloads\simulator-windows-64\IMG\right_2026_09_01_06_57_08_894.jpg, 0, 1, 0, 30.18991
C:\Users\eljes\Downloads\simulator-windows-64\IMG\center_2026_09_01_06_57_09_002.jpg, C:\Users\eljes\Downloads\simulator-windows-64\IMG\left_2026_09_01_06_57_09_002.jpg, C:\Users\eljes\Downloads\simulator-windows-64\IMG\right_2026_09_01_06_57_09_002.jpg, 0, 1, 0, 30.18992
C:\Users\eljes\Downloads\simulator-windows-64\IMG\center_2026_09_01_06_57_09_104.jpg, C:\Users\eljes\Downloads\simulator-windows-64\IMG\left_2026_09_01_06_57_09_104.jpg, C:\Users\eljes\Downloads\simulator-windows-64\IMG\right_2026_09_01_06_57_09_104.jpg, 0, 1, 0, 30.18992
C:\Users\eljes\Downloads\simulator-windows-64\IMG\center_2026_09_01_06_57_09_207.jpg, C:\Users\eljes\Downloads\simulator-windows-64\IMG\left_2026_09_01_06_57_09_207.jpg, C:\Users\eljes\Downloads\simulator-windows-64\IMG\right_2026_09_01_06_57_09_207.jpg, 0, 1, 0, 30.18992
C:\Users\eljes\Downloads\simulator-windows-64\IMG\center_2026_09_01_06_57_09_309.jpg, C:\Users\eljes\Downloads\simulator-windows-64\IMG\left_2026_09_01_06_57_09_309.jpg, C:\Users\eljes\Downloads\simulator-windows-64\IMG\right_2026_09_01_06_57_09_309.jpg, 0, 1, 0, 30.1899
C:\Users\eljes\Downloads\simulator-windows-64\IMG\center_2026_09_01_06_57_09_415.jpg, C:\Users\eljes\Downloads\simulator-windows-64\IMG\left_2026_09_01_06_57_09_415.jpg, C:\Users\eljes\Downloads\simulator-windows-64\IMG\right_2026_09_01_06_57_09_415.jpg, 0, 1, 0, 30.1899
C:\Users\eljes\Downloads\simulator-windows-64\IMG\center_2026_09_01_06_57_09_523.jpg, C:\Users\eljes\Downloads\simulator-windows-64\IMG\left_2026_09_01_06_57_09_523.jpg, C:\Users\eljes\Downloads\simulator-windows-64\IMG\right_2026_09_01_06_57_09_523.jpg, 0, 1, 0, 30.18991
C:\Users\eljes\Downloads\simulator-windows-64\IMG\center_2026_09_01_06_57_09_625.jpg, C:\Users\eljes\Downloads\simulator-windows-64\IMG\left_2026_09_01_06_57_09_625.jpg, C:\Users\eljes\Downloads\simulator-windows-64\IMG\right_2026_09_01_06_57_09_625.jpg, 0, 1, 0, 30.18992
C:\Users\eljes\Downloads\simulator-windows-64\IMG\center_2026_09_01_06_57_09_729.jpg, C:\Users\eljes\Downloads\simulator-windows-64\IMG\left_2026_09_01_06_57_09_729.jpg, C:\Users\eljes\Downloads\simulator-windows-64\IMG\right_2026_09_01_06_57_09_729.jpg, 0, 1, 0, 30.18991
C:\Users\eljes\Downloads\simulator-windows-64\IMG\center_2026_09_01_06_57_09_836.jpg, C:\Users\eljes\Downloads\simulator-windows-64\IMG\left_2026_09_01_06_57_09_836.jpg, C:\Users\eljes\Downloads\simulator-windows-64\IMG\right_2026_09_01_06_57_09_836.jpg, 0, 1, 0, 30.18992
C:\Users\eljes\Downloads\simulator-windows-64\IMG\center_2026_09_01_06_57_09_941.jpg, C:\Users\eljes\Downloads\simulator-windows-64\IMG\left_2026_09_01_06_57_09_941.jpg, C:\Users\eljes\Downloads\simulator-windows-64\IMG\right_2026_09_01_06_57_09_941.jpg, 0, 1, 0, 30.18989
C:\Users\eljes\Downloads\simulator-windows-64\IMG\center_2026_09_01_06_57_10_043.jpg, C:\Users\eljes\Downloads\simulator-windows-64\IMG\left_2026_09_01_06_57_10_043.jpg, C:\Users\eljes\Downloads\simulator-windows-64\IMG\right_2026_09_01_06_57_10_043.jpg, 0, 1, 0, 30.18989
C:\Users\eljes\Downloads\simulator-windows-64\IMG\center_2026_09_01_06_57_10_150.jpg, C:\Users\eljes\Downloads\simulator-windows-64\IMG\left_2026_09_01_06_57_10_150.jpg, C:\Users\eljes\Downloads\simulator-windows-64\IMG\right_2026_09_01_06_57_10_150.jpg, 0, 1, 0, 30.1899
C:\Users\eljes\Downloads\simulator-windows-64\IMG\center_2026_09_01_06_57_10_257.jpg, C:\Users\eljes\Downloads\simulator-windows-64\IMG\left_2026_09_01_06_57_10_257.jpg, C:\Users\eljes\Downloads\simulator-windows-64\IMG\right_2026_09_01_06_57_10_257.jpg, 0, 1, 0, 30.18991
C:\Users\eljes\Downloads\simulator-windows-64\IMG\center_2026_09_01_06_57_10_358.jpg, C:\Users\eljes\Downloads\simulator-windows-64\IMG\left_2026_09_01_06_57_10_358.jpg, C:\Users\eljes\Downloads\simulator-windows-64\IMG\right_2026_09_01_06_57_10_358.jpg, 0, 1, 0, 30.18991
C:\Users\eljes\Downloads\simulator-windows-64\IMG\center_2026_09_01_06_57_10_460.jpg, C:\Users\eljes\Downloads\simulator-windows-64\IMG\left_2026_09_01_06_57_10_460.jpg, C:\Users\eljes\Downloads\simulator-windows-64\IMG\right_2026_09_01_06_57_10_460.jpg, 0, 1, 0, 30.18991
C:\Users\eljes\Downloads\simulator-windows-64\IMG\center_2026_09_01_06_57_10_567.jpg, C:\Users\eljes\Downloads\simulator-windows-64\IMG\left_2026_09_01_06_57_10_567.jpg, C:\Users\eljes\Downloads\simulator-windows-64\IMG\right_2026_09_01_06_57_10_567.jpg, 0, 1, 0, 30.18992
C:\Users\eljes\Downloads\simulator-windows-64\IMG\center_2026_09_01_06_57_10_673.jpg, C:\Users\eljes\Downloads\simulator-windows-64\IMG\left_2026_09_01_06_57_10_673.jpg, C:\Users\eljes\Downloads\simulator-windows-64\IMG\right_2026_09_01_06_57_10_673.jpg, 0, 1, 0, 30.18991
C:\Users\eljes\Downloads\simulator-windows-64\IMG\center_2026_09_01_06_57_10_780.jpg, C:\Users\eljes\Downloads\simulator-windows-64\IMG\left_2026_09_01_06_57_10_780.jpg, C:\Users\eljes\Downloads\simulator-windows-64\IMG\right_2026_09_01_06_57_10_780.jpg, 0, 1, 0, 30.18992
C:\Users\eljes\Downloads\simulator-windows-64\IMG\center_2026_09_01_06_57_10_885.jpg, C:\Users\eljes\Downloads\simulator-windows-64\IMG\left_2026_09_01_06_57_10_885.jpg, C:\Users\eljes\Downloads\simulator-windows-64\IMG\right_2026_09_01_06_57_10_885.jpg, 0, 1, 0, 30.18989
C:\Users\eljes\Downloads\simulator-windows-64\IMG\center_2026_09_01_06_57_10_988.jpg, C:\Users\eljes\Downloads\simulator-windows-64\IMG\left_2026_09_01_06_57_10_988.jpg, C:\Users\eljes\Downloads\simulator-windows-64\IMG\right_2026_09_01_06_57_10_988.jpg, 0, 1, 0, 30.18992
C:\Users\eljes\Downloads\simulator-windows-64\IMG\center_2026_09_01_06_57_11_095.jpg, C:\Users\eljes\Downloads\simulator-windows-64\IMG\left_2026_09_01_06_57_11_095.jpg, C:\Users\eljes\Downloads\simulator-windows-64\IMG\right_2026_09_01_06_57_11_095.jpg, 0, 1, 0, 30.18992
C:\Users\eljes\Downloads\simulator-windows-64\IMG\center_2026_09_01_06_57_11_201.jpg, C:\Users\eljes\Downloads\simulator-windows-64\IMG\left_2026_09_01_06_57_11_201.jpg, C:\Users\eljes\Downloads\simulator-windows-64\IMG\right_2026_09_01_06_57_11_201.jpg, 0, 1, 0, 30.1899
C:\Users\eljes\Downloads\simulator-windows-64\IMG\center_2026_09_01_06_57_11_308.jpg, C:\Users\eljes\Downloads\simulator-windows-64\IMG\left_2026_09_01_06_57_11_308.jpg, C:\Users\eljes\Downloads\simulator-windows-64\IMG\right_2026_09_01_06_57_11_308.jpg, 0, 1, 0, 30.18991
C:\Users\eljes\Downloads\simulator-windows-64\IMG\center_2026_09_01_06_57_11_413.jpg, C:\Users\eljes\Downloads\simulator-windows-64\IMG\left_2026_09_01_06_57_11_413.jpg, C:\Users\eljes\Downloads\simulator-windows-64\IMG\right_2026_09_01_06_57_11_413.jpg, 0, 1, 0, 30.18988
C:\Users\eljes\Downloads\simulator-windows-64\IMG\center_2026_09_01_06_57_11_519.jpg, C:\Users\eljes\Downloads\simulator-windows-64\IMG\left_2026_09_01_06_57_11_519.jpg, C:\Users\eljes\Downloads\simulator-windows-64\IMG\right_2026_09_01_06_57_11_519.jpg, 0, 1, 0, 30.18992
C:\Users\eljes\Downloads\simulator-windows-64\IMG\center_2026_09_01_06_57_11_623.jpg, C:\Users\eljes\Downloads\simulator-windows-64\IMG\left_2026_09_01_06_57_11_623.jpg, C:\Users\eljes\Downloads\simulator-windows-64\IMG\right_2026_09_01_06_57_11_623.jpg, 0, 1, 0, 30.1899
C:\Users\eljes\Downloads\simulator-windows-64\IMG\center_2026_09_01_06_57_11_722.jpg, C:\Users\eljes\Downloads\simulator-windows-64\IMG\left_2026_09_01_06_57_11_722.jpg, C:\Users\eljes\Downloads\simulator-windows-64\IMG\right_2026_09_01_06_57_11_722.jpg, 0, 1, 0, 30.18989
C:\Users\eljes\Downloads\simulator-windows-64\IMG\center_2026_09_01_06_57_11_828.jpg, C:\Users\eljes\Downloads\simulator-windows-64\IMG\left_2026_09_01_06_57_11_828.jpg, C:\Users\eljes\Downloads\simulator-windows-64\IMG\right_2026_09_01_06_57_11_828.jpg, 0, 1, 0, 30.18989
C:\Users\eljes\Downloads\simulator-windows-64\IMG\center_2026_09_01_06_57_11_928.jpg, C:\Users\eljes\Downloads\simulator-windows-64\IMG\left_2026_09_01_06_57_11_928.jpg, C:\Users\eljes\Downloads\simulator-windows-64\IMG\right_2026_09_01_06_57_11_928.jpg, 0, 1, 0, 30.18991
C:\Users\eljes\Downloads\simulator-windows-64\IMG\center_2026_09_01_06_57_12_033.jpg, C:\Users\eljes\Downloads\simulator-windows-64\IMG\left_2026_09_01_06_57_12_033.jpg, C:\Users\eljes\Downloads\simulator-windows-64\IMG\right_2026_09_01_06_57_12_033.jpg, 0, 1, 0, 30.18991
C:\Users\eljes\Downloads\simulator-windows-64\IMG\center_2026_09_01_06_57_12_137.jpg, C:\Users\eljes\Downloads\simulator-windows-64\IMG\left_2026_09_01_06_57_12_137.jpg, C:\Users\eljes\Downloads\simulator-windows-64\IMG\right_2026_09_01_06_57_12_137.jpg, 0, 1, 0, 30.18992
C:\Users\eljes\Downloads\simulator-windows-64\IMG\center_2026_09_01_06_57_12_244.jpg, C:\Users\eljes\Downloads\simulator-windows-64\IMG\left_2026_09_01_06_57_12_244.jpg, C:\Users\eljes\Downloads\simulator-windows-64\IMG\right_2026_09_01_06_57_12_244.jpg, 0, 1, 0, 30.18992
C:\Users\eljes\Downloads\simulator-windows-64\IMG\center_2026_09_01_06_57_12_352.jpg, C:\Users\eljes\Downloads\simulator-windows-64\IMG\left_2026_09_01_06_57_12_352.jpg, C:\Users\eljes\Downloads\simulator-windows-64\IMG\right_2026_09_01_06_57_12_352.jpg, 0, 1, 0, 30.18992
C:\Users\eljes\Downloads\simulator-windows-64\IMG\center_2026_09_01_06_57_12_452.jpg, C:\Users\eljes\Downloads\simulator-windows-64\IMG\left_2026_09_01_06_57_12_452.jpg, C:\Users\eljes\Downloads\simulator-windows-64\IMG\right_2026_09_01_06_57_12_452.jpg, 0, 1, 0, 30.1899
C:\Users\eljes\Downloads\simulator-windows-64\IMG\center_2026_09_01_06_57_12_554.jpg, C:\Users\eljes\Downloads\simulator-windows-64\IMG\left_2026_09_01_06_57_12_554.jpg, C:\Users\eljes\Downloads\simulator-windows-64\IMG\right_2026_09_01_06_57_12_554.jpg, 0, 1, 0, 30.18992
C:\Users\eljes\Downloads\simulator-windows-64\IMG\center_2026_09_01_06_57_12_653.jpg, C:\Users\eljes\Downloads\simulator-windows-64\IMG\left_2026_09_01_06_57_12_653.jpg, C:\Users\eljes\Downloads\simulator-windows-64\IMG\right_2026_09_01_06_57_12_653.jpg, -0.3007146, 1, 0, 30.16785
C:\Users\eljes\Downloads\simulator-windows-64\IMG\center_2026_09_01_06_57_12_755.jpg, C:\Users\eljes\Downloads\simulator-windows-64\IMG\left_2026_09_01_06_57_12_755.jpg, C:\Users\eljes\Downloads\simulator-windows-64\IMG\right_2026_09_01_06_57_12_755.jpg, -0.194292, 1, 0, 30.18902
C:\Users\eljes\Downloads\simulator-windows-64\IMG\center_2026_09_01_06_57_12_862.jpg, C:\Users\eljes\Downloads\simulator-windows-64\IMG\left_2026_09_01_06_57_12_862.jpg, C:\Users\eljes\Downloads\simulator-windows-64\IMG\right_2026_09_01_06_57_12_862.jpg, 0, 1, 0, 30.18816
C:\Users\eljes\Downloads\simulator-windows-64\IMG\center_2026_09_01_06_57_12_971.jpg, C:\Users\eljes\Downloads\simulator-windows-64\IMG\left_2026_09_01_06_57_12_971.jpg, C:\Users\eljes\Downloads\simulator-windows-64\IMG\right_2026_09_01_06_57_12_971.jpg, 0, 1, 0, 30.18983
C:\Users\eljes\Downloads\simulator-windows-64\IMG\center_2026_09_01_06_57_13_079.jpg, C:\Users\eljes\Downloads\simulator-windows-64\IMG\left_2026_09_01_06_57_13_079.jpg, C:\Users\eljes\Downloads\simulator-windows-64\IMG\right_2026_09_01_06_57_13_079.jpg, 0, 1, 0, 30.19007
C:\Users\eljes\Downloads\simulator-windows-64\IMG\center_2026_09_01_06_57_13_181.jpg, C:\Users\eljes\Downloads\simulator-windows-64\IMG\left_2026_09_01_06_57_13_181.jpg, C:\Users\eljes\Downloads\simulator-windows-64\IMG\right_2026_09_01_06_57_13_181.jpg, 0, 1, 0, 30.19007
C:\Users\eljes\Downloads\simulator-windows-64\IMG\center_2026_09_01_06_57_13_284.jpg, C:\Users\eljes\Downloads\simulator-windows-64\IMG\left_2026_09_01_06_57_13_284.jpg, C:\Users\eljes\Downloads\simulator-windows-64\IMG\right_2026_09_01_06_57_13_284.jpg, 0, 1, 0, 30.19011
C:\Users\eljes\Downloads\simulator-windows-64\IMG\center_2026_09_01_06_57_13_393.jpg, C:\Users\eljes\Downloads\simulator-windows-64\IMG\left_2026_09_01_06_57_13_393.jpg, C:\Users\eljes\Downloads\simulator-windows-64\IMG\right_2026_09_01_06_57_13_393.jpg, 0, 1, 0, 30.1901
C:\Users\eljes\Downloads\simulator-windows-64\IMG\center_2026_09_01_06_57_13_497.jpg, C:\Users\eljes\Downloads\simulator-windows-64\IMG\left_2026_09_01_06_57_13_497.jpg, C:\Users\eljes\Downloads\simulator-windows-64\IMG\right_2026_09_01_06_57_13_497.jpg, 0, 1, 0, 30.1901
C:\Users\eljes\Downloads\simulator-windows-64\IMG\center_2026_09_01_06_57_13_603.jpg, C:\Users\eljes\Downloads\simulator-windows-64\IMG\left_2026_09_01_06_57_13_603.jpg, C:\Users\eljes\Downloads\simulator-windows-64\IMG\right_2026_09_01_06_57_13_603.jpg, 0, 1, 0, 30.19009
C:\Users\eljes\Downloads\simulator-windows-64\IMG\center_2026_09_01_06_57_13_706.jpg, C:\Users\eljes\Downloads\simulator-windows-64\IMG\left_2026_09_01_06_57_13_706.jpg, C:\Users\eljes\Downloads\simulator-windows-64\IMG\right_2026_09_01_06_57_13_706.jpg, 0, 1, 0, 30.19007
C:\Users\eljes\Downloads\simulator-windows-64\IMG\center_2026_09_01_06_57_13_807.jpg, C:\Users\eljes\Downloads\simulator-windows-64\IMG\left_2026_09_01_06_57_13_807.jpg, C:\Users\eljes\Downloads\simulator-windows-64\IMG\right_2026_09_01_06_57_13_807.jpg, 0, 1, 0, 30.1901
C:\Users\eljes\Downloads\simulator-windows-64\IMG\center_2026_09_01_06_57_13_908.jpg, C:\Users\eljes\Downloads\simulator-windows-64\IMG\left_2026_09_01_06_57_13_908.jpg, C:\Users\eljes\Downloads\simulator-windows-64\IMG\right_2026_09_01_06_57_13_908.jpg, 0, 1, 0, 30.19009
C:\Users\eljes\Downloads\simulator-windows-64\IMG\center_2026_09_01_06_57_14_012.jpg, C:\Users\eljes\Downloads\simulator-windows-64\IMG\left_2026_09_01_06_57_14_012.jpg, C:\Users\eljes\Downloads\simulator-windows-64\IMG\right_2026_09_01_06_57_14_012.jpg, 0, 1, 0, 30.1901
C:\Users\eljes\Downloads\simulator-windows-64\IMG\center_2026_09_01_06_57_14_113.jpg, C:\Users\eljes\Downloads\simulator-windows-64\IMG\left_2026_09_01_06_57_14_113.jpg, C:\Users\eljes\Downloads\simulator-windows-64\IMG\right_2026_09_01_06_57_14_113.jpg, 0, 1, 0, 30.19009
C:\Users\eljes\Downloads\simulator-windows-64\IMG\center_2026_09_01_06_57_14_217.jpg, C:\Users\eljes\Downloads\simulator-windows-64\IMG\left_2026_09_01_06_57_14_217.jpg, C:\Users\eljes\Downloads\simulator-windows-64\IMG\right_2026_09_01_06_57_14_217.jpg, 0, 1, 0, 30.19009
C:\Users\eljes\Downloads\simulator-windows-64\IMG\center_2026_09_01_06_57_14_326.jpg, C:\Users\eljes\Downloads\simulator-windows-64\IMG\left_2026_09_01_06_57_14_326.jpg, C:\Users\eljes\Downloads\simulator-windows-64\IMG\right_2026_09_01_06_57_14_326.jpg, 0, 1, 0, 30.19009
C:\Users\eljes\Downloads\simulator-windows-64\IMG\center_2026_09_01_06_57_14_433.jpg, C:\Users\eljes\Downloads\simulator-windows-64\IMG\left_2026_09_01_06_57_14_433.jpg, C:\Users\eljes\Downloads\simulator-windows-64\IMG\right_2026_09_01_06_57_14_433.jpg, 0, 1, 0, 30.19009
C:\Users\eljes\Downloads\simulator-windows-64\IMG\center_2026_09_01_06_57_14_539.jpg, C:\Users\eljes\Downloads\simulator-windows-64\IMG\left_2026_09_01_06_57_14_539.jpg, C:\Users\eljes\Downloads\simulator-windows-64\IMG\right_2026_09_01_06_57_14_539.jpg, 0, 1, 0, 30.19009
C:\Users\eljes\Downloads\simulator-windows-64\IMG\center_2026_09_01_06_57_14_646.jpg, C:\Users\eljes\Downloads\simulator-windows-64\IMG\left_2026_09_01_06_57_14_646.jpg, C:\Users\eljes\Downloads\simulator-windows-64\IMG\right_2026_09_01_06_57_14_646.jpg, 0, 1, 0, 30.40056
C:\Users\eljes\Downloads\simulator-windows-64\IMG\center_2026_09_01_06_57_14_751.jpg, C:\Users\eljes\Downloads\simulator-windows-64\IMG\left_2026_09_01_06_57_14_751.jpg, C:\Users\eljes\Downloads\simulator-windows-64\IMG\right_2026_09_01_06_57_14_751.jpg, 0, 1, 0, 30.09792
C:\Users\eljes\Downloads\simulator-windows-64\IMG\center_2026_09_01_06_58_24_811.jpg, C:\Users\eljes\Downloads\simulator-windows-64\IMG\left_2026_09_01_06_58_24_811.jpg, C:\Users\eljes\Downloads\simulator-windows-64\IMG\right_2026_09_01_06_58_24_811.jpg, 0, 1, 0, 30.19031
C:\Users\eljes\Downloads\simulator-windows-64\IMG\center_2026_09_01_06_58_24_914.jpg, C:\Users\eljes\Downloads\simulator-windows-64\IMG\left_2026_09_01_06_58_24_914.jpg, C:\Users\eljes\Downloads\simulator-windows-64\IMG\right_2026_09_01_06_58_24_914.jpg, 0, 1, 0, 30.19025
C:\Users\eljes\Downloads\simulator-windows-64\IMG\center_2026_09_01_06_58_25_021.jpg, C:\Users\eljes\Downloads\simulator-windows-64\IMG\left_2026_09_01_06_58_25_021.jpg, C:\Users\eljes\Downloads\simulator-windows-64\IMG\right_2026_09_01_06_58_25_021.jpg, 0, 1, 0, 30.19032
C:\Users\eljes\Downloads\simulator-windows-64\IMG\center_2026_09_01_06_58_25_127.jpg, C:\Users\eljes\Downloads\simulator-windows-64\IMG\left_2026_09_01_06_58_25_127.jpg, C:\Users\eljes\Downloads\simulator-windows-64\IMG\right_2026_09_01_06_58_25_127.jpg, -0.298767, 1, 0, 30.16818
C:\Users\eljes\Downloads\simulator-windows-64\IMG\center_2026_09_01_06_58_25_230.jpg, C:\Users\eljes\Downloads\simulator-windows-64\IMG\left_2026_09_01_06_58_25_230.jpg, C:\Users\eljes\Downloads\simulator-windows-64\IMG\right_2026_09_01_06_58_25_230.jpg, 0, 1, 0, 30.1893
C:\Users\eljes\Downloads\simulator-windows-64\IMG\center_2026_09_01_06_58_25_336.jpg, C:\Users\eljes\Downloads\simulator-windows-64\IMG\left_2026_09_01_06_58_25_336.jpg, C:\Users\eljes\Downloads\simulator-windows-64\IMG\right_2026_09_01_06_58_25_336.jpg, 0, 1, 0, 30.19014
C:\Users\eljes\Downloads\simulator-windows-64\IMG\center_2026_09_01_06_58_25_437.jpg, C:\Users\eljes\Downloads\simulator-windows-64\IMG\left_2026_09_01_06_58_25_437.jpg, C:\Users\eljes\Downloads\simulator-windows-64\IMG\right_2026_09_01_06_58_25_437.jpg, -0.0392247, 1, 0, 30.19013
C:\Users\eljes\Downloads\simulator-windows-64\IMG\center_2026_09_01_06_58_25_542.jpg, C:\Users\eljes\Downloads\simulator-windows-64\IMG\left_2026_09_01_06_58_25_542.jpg, C:\Users\eljes\Downloads\simulator-windows-64\IMG\right_2026_09_01_06_58_25_542.jpg, -0.2464905, 1, 0, 30.17644
C:\Users\eljes\Downloads\simulator-windows-64\IMG\center_2026_09_01_06_58_25_644.jpg, C:\Users\eljes\Downloads\simulator-windows-64\IMG\left_2026_09_01_06_58_25_644.jpg, C:\Users\eljes\Downloads\simulator-windows-64\IMG\right_2026_09_01_06_58_25_644.jpg, 0, 1, 0, 30.18888
C:\Users\eljes\Downloads\simulator-windows-64\IMG\center_2026_09_01_06_58_25_747.jpg, C:\Users\eljes\Downloads\simulator-windows-64\IMG\left_2026_09_01_06_58_25_747.jpg, C:\Users\eljes\Downloads\simulator-windows-64\IMG\right_2026_09_01_06_58_25_747.jpg, 0, 1, 0, 30.19013
C:\Users\eljes\Downloads\simulator-windows-64\IMG\center_2026_09_01_06_58_25_851.jpg, C:\Users\eljes\Downloads\simulator-windows-64\IMG\left_2026_09_01_06_58_25_851.jpg, C:\Users\eljes\Downloads\simulator-windows-64\IMG\right_2026_09_01_06_58_25_851.jpg, 0, 1, 0, 30.19027
C:\Users\eljes\Downloads\simulator-windows-64\IMG\center_2026_09_01_06_58_25_952.jpg, C:\Users\eljes\Downloads\simulator-windows-64\IMG\left_2026_09_01_06_58_25_952.jpg, C:\Users\eljes\Downloads\simulator-windows-64\IMG\right_2026_09_01_06_58_25_952.jpg, 0, 1, 0, 30.19031
C:\Users\eljes\Downloads\simulator-windows-64\IMG\center_2026_09_01_06_58_26_055.jpg, C:\Users\eljes\Downloads\simulator-windows-64\IMG\left_2026_09_01_06_58_26_055.jpg, C:\Users\eljes\Downloads\simulator-windows-64\IMG\right_2026_09_01_06_58_26_055.jpg, -0.0262329, 1, 0, 30.19017
C:\Users\eljes\Downloads\simulator-windows-64\IMG\center_2026_09_01_06_58_26_157.jpg, C:\Users\eljes\Downloads\simulator-windows-64\IMG\left_2026_09_01_06_58_26_157.jpg, C:\Users\eljes\Downloads\simulator-windows-64\IMG\right_2026_09_01_06_58_26_157.jpg, -0.2028036, 1, 0, 30.17946
C:\Users\eljes\Downloads\simulator-windows-64\IMG\center_2026_09_01_06_58_26_262.jpg, C:\Users\eljes\Downloads\simulator-windows-64\IMG\left_2026_09_01_06_58_26_262.jpg, C:\Users\eljes\Downloads\simulator-windows-64\IMG\right_2026_09_01_06_58_26_262.jpg, 0, 1, 0, 30.1895
C:\Users\eljes\Downloads\simulator-windows-64\IMG\center_2026_09_01_06_58_26_363.jpg, C:\Users\eljes\Downloads\simulator-windows-64\IMG\left_2026_09_01_06_58_26_363.jpg, C:\Users\eljes\Downloads\simulator-windows-64\IMG\right_2026_09_01_06_58_26_363.jpg, 0, 1, 0, 30.19022
C:\Users\eljes\Downloads\simulator-windows-64\IMG\center_2026_09_01_06_58_26_468.jpg, C:\Users\eljes\Downloads\simulator-windows-64\IMG\left_2026_09_01_06_58_26_468.jpg, C:\Users\eljes\Downloads\simulator-windows-64\IMG\right_2026_09_01_06_58_26_468.jpg, 0, 1, 0, 30.19028
C:\Users\eljes\Downloads\simulator-windows-64\IMG\center_2026_09_01_06_58_26_571.jpg, C:\Users\eljes\Downloads\simulator-windows-64\IMG\left_2026_09_01_06_58_26_571.jpg, C:\Users\eljes\Downloads\simulator-windows-64\IMG\right_2026_09_01_06_58_26_571.jpg, 0, 1, 0, 30.1903
C:\Users\eljes\Downloads\simulator-windows-64\IMG\center_2026_09_01_06_58_26_679.jpg, C:\Users\eljes\Downloads\simulator-windows-64\IMG\left_2026_09_01_06_58_26_679.jpg, C:\Users\eljes\Downloads\simulator-windows-64\IMG\right_2026_09_01_06_58_26_679.jpg, 0, 1, 0, 30.19029
C:\Users\eljes\Downloads\simulator-windows-64\IMG\center_2026_09_01_06_58_26_784.jpg, C:\Users\eljes\Downloads\simulator-windows-64\IMG\left_2026_09_01_06_58_26_784.jpg, C:\Users\eljes\Downloads\simulator-windows-64\IMG\right_2026_09_01_06_58_26_784.jpg, 0, 1, 0, 30.19032
C:\Users\eljes\Downloads\simulator-windows-64\IMG\center_2026_09_01_06_58_26_890.jpg, C:\Users\eljes\Downloads\simulator-windows-64\IMG\left_2026_09_01_06_58_26_890.jpg, C:\Users\eljes\Downloads\simulator-windows-64\IMG\right_2026_09_01_06_58_26_890.jpg, 0, 1, 0, 30.1903
C:\Users\eljes\Downloads\simulator-windows-64\IMG\center_2026_09_01_06_58_26_995.jpg, C:\Users\eljes\Downloads\simulator-windows-64\IMG\left_2026_09_01_06_58_26_995.jpg, C:\Users\eljes\Downloads\simulator-windows-64\IMG\right_2026_09_01_06_58_26_995.jpg, 0, 1, 0, 30.19035
C:\Users\eljes\Downloads\simulator-windows-64\IMG\center_2026_09_01_06_58_27_096.jpg, C:\Users\eljes\Downloads\simulator-windows-64\IMG\left_2026_09_01_06_58_27_096.jpg, C:\Users\eljes\Downloads\simulator-windows-64\IMG\right_2026_09_01_06_58_27_096.jpg, 0, 1, 0, 30.19031
C:\Users\eljes\Downloads\simulator-windows-64\IMG\center_2026_09_01_06_58_27_200.jpg, C:\Users\eljes\Downloads\simulator-windows-64\IMG\left_2026_09_01_06_58_27_200.jpg, C:\Users\eljes\Downloads\simulator-windows-64\IMG\right_2026_09_01_06_58_27_200.jpg, -0.1481586, 1, 0, 30.18433
C:\Users\eljes\Downloads\simulator-windows-64\IMG\center_2026_09_01_06_58_27_303.jpg, C:\Users\eljes\Downloads\simulator-windows-64\IMG\left_2026_09_01_06_58_27_303.jpg, C:\Users\eljes\Downloads\simulator-windows-64\IMG\right_2026_09_01_06_58_27_303.jpg, -0.3071308, 1, 0, 30.1707
C:\Users\eljes\Downloads\simulator-windows-64\IMG\center_2026_09_01_06_58_27_406.jpg, C:\Users\eljes\Downloads\simulator-windows-64\IMG\left_2026_09_01_06_58_27_406.jpg, C:\Users\eljes\Downloads\simulator-windows-64\IMG\right_2026_09_01_06_58_27_406.jpg, -0.01693748, 1, 0, 30.18939
C:\Users\eljes\Downloads\simulator-windows-64\IMG\center_2026_09_01_06_58_27_514.jpg, C:\Users\eljes\Downloads\simulator-windows-64\IMG\left_2026_09_01_06_58_27_514.jpg, C:\Users\eljes\Downloads\simulator-windows-64\IMG\right_2026_09_01_06_58_27_514.jpg, 0, 1, 0, 30.19001
C:\Users\eljes\Downloads\simulator-windows-64\IMG\center_2026_09_01_06_58_27_618.jpg, C:\Users\eljes\Downloads\simulator-windows-64\IMG\left_2026_09_01_06_58_27_618.jpg, C:\Users\eljes\Downloads\simulator-windows-64\IMG\right_2026_09_01_06_58_27_618.jpg, 0, 1, 0, 30.19023
C:\Users\eljes\Downloads\simulator-windows-64\IMG\center_2026_09_01_06_58_27_718.jpg, C:\Users\eljes\Downloads\simulator-windows-64\IMG\left_2026_09_01_06_58_27_718.jpg, C:\Users\eljes\Downloads\simulator-windows-64\IMG\right_2026_09_01_06_58_27_718.jpg, 0, 1, 0, 30.19026
C:\Users\eljes\Downloads\simulator-windows-64\IMG\center_2026_09_01_06_58_27_819.jpg, C:\Users\eljes\Downloads\simulator-windows-64\IMG\left_2026_09_01_06_58_27_819.jpg, C:\Users\eljes\Downloads\simulator-windows-64\IMG\right_2026_09_01_06_58_27_819.jpg, 0, 1, 0, 30.19033
C:\Users\eljes\Downloads\simulator-windows-64\IMG\center_2026_09_01_06_58_27_921.jpg, C:\Users\eljes\Downloads\simulator-windows-64\IMG\left_2026_09_01_06_58_27_921.jpg, C:\Users\eljes\Downloads\simulator-windows-64\IMG\right_2026_09_01_06_58_27_921.jpg, 0, 1, 0, 30.19029
C:\Users\eljes\Downloads\simulator-windows-64\IMG\center_2026_09_01_06_58_28_025.jpg, C:\Users\eljes\Downloads\simulator-windows-64\IMG\left_2026_09_01_06_58_28_025.jpg, C:\Users\eljes\Downloads\simulator-windows-64\IMG\right_2026_09_01_06_58_28_025.jpg, 0, 1, 0, 30.19029
C:\Users\eljes\Downloads\simulator-windows-64\IMG\center_2026_09_01_06_58_28_128.jpg, C:\Users\eljes\Downloads\simulator-windows-64\IMG\left_2026_09_01_06_58_28_128.jpg, C:\Users\eljes\Downloads\simulator-windows-64\IMG\right_2026_09_01_06_58_28_128.jpg, 0, 1, 0, 30.19033
C:\Users\eljes\Downloads\simulator-windows-64\IMG\center_2026_09_01_06_58_28_229.jpg, C:\Users\eljes\Downloads\simulator-windows-64\IMG\left_2026_09_01_06_58_28_229.jpg, C:\Users\eljes\Downloads\simulator-windows-64\IMG\right_2026_09_01_06_58_28_229.jpg, 0, 1, 0, 30.19028
C:\Users\eljes\Downloads\simulator-windows-64\IMG\center_2026_09_01_06_58_28_336.jpg, C:\Users\eljes\Downloads\simulator-windows-64\IMG\left_2026_09_01_06_58_28_336.jpg, C:\Users\eljes\Downloads\simulator-windows-64\IMG\right_2026_09_01_06_58_28_336.jpg, 0, 1, 0, 30.1903
C:\Users\eljes\Downloads\simulator-windows-64\IMG\center_2026_09_01_06_58_28_436.jpg, C:\Users\eljes\Downloads\simulator-windows-64\IMG\left_2026_09_01_06_58_28_436.jpg, C:\Users\eljes\Downloads\simulator-windows-64\IMG\right_2026_09_01_06_58_28_436.jpg, 0, 1, 0, 30.19031
C:\Users\eljes\Downloads\simulator-windows-64\IMG\center_2026_09_01_06_58_28_542.jpg, C:\Users\eljes\Downloads\simulator-windows-64\IMG\left_2026_09_01_06_58_28_542.jpg, C:\Users\eljes\Downloads\simulator-windows-64\IMG\right_2026_09_01_06_58_28_542.jpg, 0, 1, 0, 30.19031
C:\Users\eljes\Downloads\simulator-windows-64\IMG\center_2026_09_01_06_58_28_647.jpg, C:\Users\eljes\Downloads\simulator-windows-64\IMG\left_2026_09_01_06_58_28_647.jpg, C:\Users\eljes\Downloads\simulator-windows-64\IMG\right_2026_09_01_06_58_28_647.jpg, 0, 1, 0, 30.19029
C:\Users\eljes\Downloads\simulator-windows-64\IMG\center_2026_09_01_06_58_28_753.jpg, C:\Users\eljes\Downloads\simulator-windows-64\IMG\left_2026_09_01_06_58_28_753.jpg, C:\Users\eljes\Downloads\simulator-windows-64\IMG\right_2026_09_01_06_58_28_753.jpg, 0, 1, 0, 30.1902
C:\Users\eljes\Downloads\simulator-windows-64\IMG\center_2026_09_01_06_58_28_854.jpg, C:\Users\eljes\Downloads\simulator-windows-64\IMG\left_2026_09_01_06_58_28_854.jpg, C:\Users\eljes\Downloads\simulator-windows-64\IMG\right_2026_09_01_06_58_28_854.jpg, 0, 1, 0, 30.1903
C:\Users\eljes\Downloads\simulator-windows-64\IMG\center_2026_09_01_06_58_28_954.jpg, C:\Users\eljes\Downloads\simulator-windows-64\IMG\left_2026_09_01_06_58_28_954.jpg, C:\Users\eljes\Downloads\simulator-windows-64\IMG\right_2026_09_01_06_58_28_954.jpg, 0, 1, 0, 30.1902
C:\Users\eljes\Downloads\simulator-windows-64\IMG\center_2026_09_01_06_58_29_060.jpg, C:\Users\eljes\Downloads\simulator-windows-64\IMG\left_2026_09_01_06_58_29_060.jpg, C:\Users\eljes\Downloads\simulator-windows-64\IMG\right_2026_09_01_06_58_29_060.jpg, -0.1706418, 1, 0, 30.18237
C:\Users\eljes\Downloads\simulator-windows-64\IMG\center_2026_09_01_06_58_29_164.jpg, C:\Users\eljes\Downloads\simulator-windows-64\IMG\left_2026_09_01_06_58_29_164.jpg, C:\Users\eljes\Downloads\simulator-windows-64\IMG\right_2026_09_01_06_58_29_164.jpg, -0.1712403, 1, 0, 30.188
C:\Users\eljes\Downloads\simulator-windows-64\IMG\center_2026_09_01_06_58_29_267.jpg, C:\Users\eljes\Downloads\simulator-windows-64\IMG\left_2026_09_01_06_58_29_267.jpg, C:\Users\eljes\Downloads\simulator-windows-64\IMG\right_2026_09_01_06_58_29_267.jpg, 0, 1, 0, 30.18954
C:\Users\eljes\Downloads\simulator-windows-64\IMG\center_2026_09_01_06_58_29_373.jpg, C:\Users\eljes\Downloads\simulator-windows-64\IMG\left_2026_09_01_06_58_29_373.jpg, C:\Users\eljes\Downloads\simulator-windows-64\IMG\right_2026_09_01_06_58_29_373.jpg, 0, 1, 0, 30.19023
C:\Users\eljes\Downloads\simulator-windows-64\IMG\center_2026_09_01_06_58_29_478.jpg, C:\Users\eljes\Downloads\simulator-windows-64\IMG\left_2026_09_01_06_58_29_478.jpg, C:\Users\eljes\Downloads\simulator-windows-64\IMG\right_2026_09_01_06_58_29_478.jpg, 0, 1, 0, 30.19031
C:\Users\eljes\Downloads\simulator-windows-64\IMG\center_2026_09_01_06_58_29_579.jpg, C:\Users\eljes\Downloads\simulator-windows-64\IMG\left_2026_09_01_06_58_29_579.jpg, C:\Users\eljes\Downloads\simulator-windows-64\IMG\right_2026_09_01_06_58_29_579.jpg, 0, 1, 0, 30.19029
C:\Users\eljes\Downloads\simulator-windows-64\IMG\center_2026_09_01_06_58_29_681.jpg, C:\Users\eljes\Downloads\simulator-windows-64\IMG\left_2026_09_01_06_58_29_681.jpg, C:\Users\eljes\Downloads\simulator-windows-64\IMG\right_2026_09_01_06_58_29_681.jpg, 0, 1, 0, 30.1903
C:\Users\eljes\Downloads\simulator-windows-64\IMG\center_2026_09_01_06_58_29_782.jpg, C:\Users\eljes\Downloads\simulator-windows-64\IMG\left_2026_09_01_06_58_29_782.jpg, C:\Users\eljes\Downloads\simulator-windows-64\IMG\right_2026_09_01_06_58_29_782.jpg, 0, 1, 0, 30.19029
C:\Users\eljes\Downloads\simulator-windows-64\IMG\center_2026_09_01_06_58_29_883.jpg, C:\Users\eljes\Downloads\simulator-windows-64\IMG\left_2026_09_01_06_58_29_883.jpg, C:\Users\eljes\Downloads\simulator-windows-64\IMG\right_2026_09_01_06_58_29_883.jpg, 0, 1, 0, 30.19033
C:\Users\eljes\Downloads\simulator-windows-64\IMG\center_2026_09_01_06_58_29_986.jpg, C:\Users\eljes\Downloads\simulator-windows-64\IMG\left_2026_09_01_06_58_29_986.jpg, C:\Users\eljes\Downloads\simulator-windows-64\IMG\right_2026_09_01_06_58_29_986.jpg, 0, 1, 0, 30.19027
C:\Users\eljes\Downloads\simulator-windows-64\IMG\center_2026_09_01_06_58_30_087.jpg, C:\Users\eljes\Downloads\simulator-windows-64\IMG\left_2026_09_01_06_58_30_087.jpg, C:\Users\eljes\Downloads\simulator-windows-64\IMG\right_2026_09_01_06_58_30_087.jpg, 0, 1, 0, 30.19033
C:\Users\eljes\Downloads\simulator-windows-64\IMG\center_2026_09_01_06_58_30_190.jpg, C:\Users\eljes\Downloads\simulator-windows-64\IMG\left_2026_09_01_06_58_30_190.jpg, C:\Users\eljes\Downloads\simulator-windows-64\IMG\right_2026_09_01_06_58_30_190.jpg, 0, 1, 0, 30.19032
C:\Users\eljes\Downloads\simulator-windows-64\IMG\center_2026_09_01_06_58_30_297.jpg, C:\Users\eljes\Downloads\simulator-windows-64\IMG\left_2026_09_01_06_58_30_297.jpg, C:\Users\eljes\Downloads\simulator-windows-64\IMG\right_2026_09_01_06_58_30_297.jpg, 0, 1, 0, 30.19029
C:\Users\eljes\Downloads\simulator-windows-64\IMG\center_2026_09_01_06_58_30_400.jpg, C:\Users\eljes\Downloads\simulator-windows-64\IMG\left_2026_09_01_06_58_30_400.jpg, C:\Users\eljes\Downloads\simulator-windows-64\IMG\right_2026_09_01_06_58_30_400.jpg, 0, 1, 0, 30.22297
C:\Users\eljes\Downloads\simulator-windows-64\IMG\center_2026_09_01_06_58_30_503.jpg, C:\Users\eljes\Downloads\simulator-windows-64\IMG\left_2026_09_01_06_58_30_503.jpg, C:\Users\eljes\Downloads\simulator-windows-64\IMG\right_2026_09_01_06_58_30_503.jpg, 0, 1, 0, 30.18418
C:\Users\eljes\Downloads\simulator-windows-64\IMG\center_2026_09_01_06_58_30_603.jpg, C:\Users\eljes\Downloads\simulator-windows-64\IMG\left_2026_09_01_06_58_30_603.jpg, C:\Users\eljes\Downloads\simulator-windows-64\IMG\right_2026_09_01_06_58_30_603.jpg, 0, 1, 0, 30.10397
C:\Users\eljes\Downloads\simulator-windows-64\IMG\center_2026_09_01_06_58_30_708.jpg, C:\Users\eljes\Downloads\simulator-windows-64\IMG\left_2026_09_01_06_58_30_708.jpg, C:\Users\eljes\Downloads\simulator-windows-64\IMG\right_2026_09_01_06_58_30_708.jpg, 0, 1, 0, 30.18804
C:\Users\eljes\Downloads\simulator-windows-64\IMG\center_2026_09_01_06_58_30_811.jpg, C:\Users\eljes\Downloads\simulator-windows-64\IMG\left_2026_09_01_06_58_30_811.jpg, C:\Users\eljes\Downloads\simulator-windows-64\IMG\right_2026_09_01_06_58_30_811.jpg, 0, 1, 0, 30.18951
C:\Users\eljes\Downloads\simulator-windows-64\IMG\center_2026_09_01_06_58_30_915.jpg, C:\Users\eljes\Downloads\simulator-windows-64\IMG\left_2026_09_01_06_58_30_915.jpg, C:\Users\eljes\Downloads\simulator-windows-64\IMG\right_2026_09_01_06_58_30_915.jpg, 0, 1, 0, 30.18989
C:\Users\eljes\Downloads\simulator-windows-64\IMG\center_2026_09_01_06_58_31_021.jpg, C:\Users\eljes\Downloads\simulator-windows-64\IMG\left_2026_09_01_06_58_31_021.jpg, C:\Users\eljes\Downloads\simulator-windows-64\IMG\right_2026_09_01_06_58_31_021.jpg, 0, 1, 0, 30.1899
C:\Users\eljes\Downloads\simulator-windows-64\IMG\center_2026_09_01_06_58_31_121.jpg, C:\Users\eljes\Downloads\simulator-windows-64\IMG\left_2026_09_01_06_58_31_121.jpg, C:\Users\eljes\Downloads\simulator-windows-64\IMG\right_2026_09_01_06_58_31_121.jpg, 0, 1, 0, 30.1899
C:\Users\eljes\Downloads\simulator-windows-64\IMG\center_2026_09_01_06_58_31_221.jpg, C:\Users\eljes\Downloads\simulator-windows-64\IMG\left_2026_09_01_06_58_31_221.jpg, C:\Users\eljes\Downloads\simulator-windows-64\IMG\right_2026_09_01_06_58_31_221.jpg, 0, 1, 0, 30.18987
C:\Users\eljes\Downloads\simulator-windows-64\IMG\center_2026_09_01_06_58_31_325.jpg, C:\Users\eljes\Downloads\simulator-windows-64\IMG\left_2026_09_01_06_58_31_325.jpg, C:\Users\eljes\Downloads\simulator-windows-64\IMG\right_2026_09_01_06_58_31_325.jpg, 0, 1, 0, 30.18988
C:\Users\eljes\Downloads\simulator-windows-64\IMG\center_2026_09_01_06_58_31_430.jpg, C:\Users\eljes\Downloads\simulator-windows-64\IMG\left_2026_09_01_06_58_31_430.jpg, C:\Users\eljes\Downloads\simulator-windows-64\IMG\right_2026_09_01_06_58_31_430.jpg, 0, 1, 0, 30.18988
C:\Users\eljes\Downloads\simulator-windows-64\IMG\center_2026_09_01_06_58_31_532.jpg, C:\Users\eljes\Downloads\simulator-windows-64\IMG\left_2026_09_01_06_58_31_532.jpg, C:\Users\eljes\Downloads\simulator-windows-64\IMG\right_2026_09_01_06_58_31_532.jpg, 0, 1, 0, 30.18989
C:\Users\eljes\Downloads\simulator-windows-64\IMG\center_2026_09_01_06_58_31_640.jpg, C:\Users\eljes\Downloads\simulator-windows-64\IMG\left_2026_09_01_06_58_31_640.jpg, C:\Users\eljes\Downloads\simulator-windows-64\IMG\right_2026_09_01_06_58_31_640.jpg, 0, 1, 0, 30.18987
C:\Users\eljes\Downloads\simulator-windows-64\IMG\center_2026_09_01_06_58_31_746.jpg, C:\Users\eljes\Downloads\simulator-windows-64\IMG\left_2026_09_01_06_58_31_746.jpg, C:\Users\eljes\Downloads\simulator-windows-64\IMG\right_2026_09_01_06_58_31_746.jpg, 0, 1, 0, 30.18985
C:\Users\eljes\Downloads\simulator-windows-64\IMG\center_2026_09_01_06_58_31_849.jpg, C:\Users\eljes\Downloads\simulator-windows-64\IMG\left_2026_09_01_06_58_31_849.jpg, C:\Users\eljes\Downloads\simulator-windows-64\IMG\right_2026_09_01_06_58_31_849.jpg, 0, 1, 0, 30.18987
C:\Users\eljes\Downloads\simulator-windows-64\IMG\center_2026_09_01_06_58_31_956.jpg, C:\Users\eljes\Downloads\simulator-windows-64\IMG\left_2026_09_01_06_58_31_956.jpg, C:\Users\eljes\Downloads\simulator-windows-64\IMG\right_2026_09_01_06_58_31_956.jpg, 0, 1, 0, 30.18987
C:\Users\eljes\Downloads\simulator-windows-64\IMG\center_2026_09_01_06_58_32_061.jpg, C:\Users\eljes\Downloads\simulator-windows-64\IMG\left_2026_09_01_06_58_32_061.jpg, C:\Users\eljes\Downloads\simulator-windows-64\IMG\right_2026_09_01_06_58_32_061.jpg, 0, 1, 0, 30.18987
C:\Users\eljes\Downloads\simulator-windows-64\IMG\center_2026_09_01_06_58_32_166.jpg, C:\Users\eljes\Downloads\simulator-windows-64\IMG\left_2026_09_01_06_58_32_166.jpg, C:\Users\eljes\Downloads\simulator-windows-64\IMG\right_2026_09_01_06_58_32_166.jpg, 0, 1, 0, 30.18988
C:\Users\eljes\Downloads\simulator-windows-64\IMG\center_2026_09_01_06_58_32_269.jpg, C:\Users\eljes\Downloads\simulator-windows-64\IMG\left_2026_09_01_06_58_32_269.jpg, C:\Users\eljes\Downloads\simulator-windows-64\IMG\right_2026_09_01_06_58_32_269.jpg, -0.2055201, 1, 0, 30.17886
C:\Users\eljes\Downloads\simulator-windows-64\IMG\center_2026_09_01_06_58_32_376.jpg, C:\Users\eljes\Downloads\simulator-windows-64\IMG\left_2026_09_01_06_58_32_376.jpg, C:\Users\eljes\Downloads\simulator-windows-64\IMG\right_2026_09_01_06_58_32_376.jpg, -0.1905249, 1, 0, 30.18854
C:\Users\eljes\Downloads\simulator-windows-64\IMG\center_2026_09_01_06_58_32_481.jpg, C:\Users\eljes\Downloads\simulator-windows-64\IMG\left_2026_09_01_06_58_32_481.jpg, C:\Users\eljes\Downloads\simulator-windows-64\IMG\right_2026_09_01_06_58_32_481.jpg, 0, 1, 0, 30.18832
C:\Users\eljes\Downloads\simulator-windows-64\IMG\center_2026_09_01_06_58_32_581.jpg, C:\Users\eljes\Downloads\simulator-windows-64\IMG\left_2026_09_01_06_58_32_581.jpg, C:\Users\eljes\Downloads\simulator-windows-64\IMG\right_2026_09_01_06_58_32_581.jpg, 0, 1, 0, 30.18981
C:\Users\eljes\Downloads\simulator-windows-64\IMG\center_2026_09_01_06_58_32_683.jpg, C:\Users\eljes\Downloads\simulator-windows-64\IMG\left_2026_09_01_06_58_32_683.jpg, C:\Users\eljes\Downloads\simulator-windows-64\IMG\right_2026_09_01_06_58_32_683.jpg, 0, 1, 0, 30.19003
C:\Users\eljes\Downloads\simulator-windows-64\IMG\center_2026_09_01_06_58_32_784.jpg, C:\Users\eljes\Downloads\simulator-windows-64\IMG\left_2026_09_01_06_58_32_784.jpg, C:\Users\eljes\Downloads\simulator-windows-64\IMG\right_2026_09_01_06_58_32_784.jpg, 0, 1, 0, 30.19005
C:\Users\eljes\Downloads\simulator-windows-64\IMG\center_2026_09_01_06_58_32_886.jpg, C:\Users\eljes\Downloads\simulator-windows-64\IMG\left_2026_09_01_06_58_32_886.jpg, C:\Users\eljes\Downloads\simulator-windows-64\IMG\right_2026_09_01_06_58_32_886.jpg, 0, 1, 0, 30.19004
C:\Users\eljes\Downloads\simulator-windows-64\IMG\center_2026_09_01_06_58_32_995.jpg, C:\Users\eljes\Downloads\simulator-windows-64\IMG\left_2026_09_01_06_58_32_995.jpg, C:\Users\eljes\Downloads\simulator-windows-64\IMG\right_2026_09_01_06_58_32_995.jpg, 0, 1, 0, 30.19003
C:\Users\eljes\Downloads\simulator-windows-64\IMG\center_2026_09_01_06_58_33_097.jpg, C:\Users\eljes\Downloads\simulator-windows-64\IMG\left_2026_09_01_06_58_33_097.jpg, C:\Users\eljes\Downloads\simulator-windows-64\IMG\right_2026_09_01_06_58_33_097.jpg, 0, 1, 0, 30.19004
C:\Users\eljes\Downloads\simulator-windows-64\IMG\center_2026_09_01_06_58_33_203.jpg, C:\Users\eljes\Downloads\simulator-windows-64\IMG\left_2026_09_01_06_58_33_203.jpg, C:\Users\eljes\Downloads\simulator-windows-64\IMG\right_2026_09_01_06_58_33_203.jpg, 0, 1, 0, 30.19002
C:\Users\eljes\Downloads\simulator-windows-64\IMG\center_2026_09_01_06_58_33_304.jpg, C:\Users\eljes\Downloads\simulator-windows-64\IMG\left_2026_09_01_06_58_33_304.jpg, C:\Users\eljes\Downloads\simulator-windows-64\IMG\right_2026_09_01_06_58_33_304.jpg, 0.1740204, 1, 0, 30.18162
C:\Users\eljes\Downloads\simulator-windows-64\IMG\center_2026_09_01_06_58_33_411.jpg, C:\Users\eljes\Downloads\simulator-windows-64\IMG\left_2026_09_01_06_58_33_411.jpg, C:\Users\eljes\Downloads\simulator-windows-64\IMG\right_2026_09_01_06_58_33_411.jpg, 0.2294181, 1, 0, 30.18477
C:\Users\eljes\Downloads\simulator-windows-64\IMG\center_2026_09_01_06_58_33_513.jpg, C:\Users\eljes\Downloads\simulator-windows-64\IMG\left_2026_09_01_06_58_33_513.jpg, C:\Users\eljes\Downloads\simulator-windows-64\IMG\right_2026_09_01_06_58_33_513.jpg, 0, 1, 0, 30.18906
C:\Users\eljes\Downloads\simulator-windows-64\IMG\center_2026_09_01_06_58_33_619.jpg, C:\Users\eljes\Downloads\simulator-windows-64\IMG\left_2026_09_01_06_58_33_619.jpg, C:\Users\eljes\Downloads\simulator-windows-64\IMG\right_2026_09_01_06_58_33_619.jpg, 0, 1, 0, 30.18979
C:\Users\eljes\Downloads\simulator-windows-64\IMG\center_2026_09_01_06_58_33_724.jpg, C:\Users\eljes\Downloads\simulator-windows-64\IMG\left_2026_09_01_06_58_33_724.jpg, C:\Users\eljes\Downloads\simulator-windows-64\IMG\right_2026_09_01_06_58_33_724.jpg, 0, 1, 0, 30.18989
C:\Users\eljes\Downloads\simulator-windows-64\IMG\center_2026_09_01_06_58_33_829.jpg, C:\Users\eljes\Downloads\simulator-windows-64\IMG\left_2026_09_01_06_58_33_829.jpg, C:\Users\eljes\Downloads\simulator-windows-64\IMG\right_2026_09_01_06_58_33_829.jpg, 0, 1, 0, 30.18991
C:\Users\eljes\Downloads\simulator-windows-64\IMG\center_2026_09_01_06_58_33_934.jpg, C:\Users\eljes\Downloads\simulator-windows-64\IMG\left_2026_09_01_06_58_33_934.jpg, C:\Users\eljes\Downloads\simulator-windows-64\IMG\right_2026_09_01_06_58_33_934.jpg, 0, 1, 0, 30.18994
C:\Users\eljes\Downloads\simulator-windows-64\IMG\center_2026_09_01_06_58_34_043.jpg, C:\Users\eljes\Downloads\simulator-windows-64\IMG\left_2026_09_01_06_58_34_043.jpg, C:\Users\eljes\Downloads\simulator-windows-64\IMG\right_2026_09_01_06_58_34_043.jpg, 0, 1, 0, 30.18989
C:\Users\eljes\Downloads\simulator-windows-64\IMG\center_2026_09_01_06_58_34_147.jpg, C:\Users\eljes\Downloads\simulator-windows-64\IMG\left_2026_09_01_06_58_34_147.jpg, C:\Users\eljes\Downloads\simulator-windows-64\IMG\right_2026_09_01_06_58_34_147.jpg, 0, 1, 0, 30.18989
C:\Users\eljes\Downloads\simulator-windows-64\IMG\center_2026_09_01_06_58_34_250.jpg, C:\Users\eljes\Downloads\simulator-windows-64\IMG\left_2026_09_01_06_58_34_250.jpg, C:\Users\eljes\Downloads\simulator-windows-64\IMG\right_2026_09_01_06_58_34_250.jpg, 0, 1, 0, 30.18991
C:\Users\eljes\Downloads\simulator-windows-64\IMG\center_2026_09_01_06_58_34_353.jpg, C:\Users\eljes\Downloads\simulator-windows-64\IMG\left_2026_09_01_06_58_34_353.jpg, C:\Users\eljes\Downloads\simulator-windows-64\IMG\right_2026_09_01_06_58_34_353.jpg, 0, 1, 0, 30.18991
C:\Users\eljes\Downloads\simulator-windows-64\IMG\center_2026_09_01_06_58_34_460.jpg, C:\Users\eljes\Downloads\simulator-windows-64\IMG\left_2026_09_01_06_58_34_460.jpg, C:\Users\eljes\Downloads\simulator-windows-64\IMG\right_2026_09_01_06_58_34_460.jpg, 0, 1, 0, 30.18991
C:\Users\eljes\Downloads\simulator-windows-64\IMG\center_2026_09_01_06_58_34_561.jpg, C:\Users\eljes\Downloads\simulator-windows-64\IMG\left_2026_09_01_06_58_34_561.jpg, C:\Users\eljes\Downloads\simulator-windows-64\IMG\right_2026_09_01_06_58_34_561.jpg, 0, 1, 0, 30.18989
C:\Users\eljes\Downloads\simulator-windows-64\IMG\center_2026_09_01_06_58_34_664.jpg, C:\Users\eljes\Downloads\simulator-windows-64\IMG\left_2026_09_01_06_58_34_664.jpg, C:\Users\eljes\Downloads\simulator-windows-64\IMG\right_2026_09_01_06_58_34_664.jpg, 0, 1, 0, 30.18992
C:\Users\eljes\Downloads\simulator-windows-64\IMG\center_2026_09_01_06_58_34_766.jpg, C:\Users\eljes\Downloads\simulator-windows-64\IMG\left_2026_09_01_06_58_34_766.jpg, C:\Users\eljes\Downloads\simulator-windows-64\IMG\right_2026_09_01_06_58_34_766.jpg, 0, 1, 0, 30.1899
C:\Users\eljes\Downloads\simulator-windows-64\IMG\center_2026_09_01_06_58_34_873.jpg, C:\Users\eljes\Downloads\simulator-windows-64\IMG\left_2026_09_01_06_58_34_873.jpg, C:\Users\eljes\Downloads\simulator-windows-64\IMG\right_2026_09_01_06_58_34_873.jpg, 0, 1, 0, 30.18991
C:\Users\eljes\Downloads\simulator-windows-64\IMG\center_2026_09_01_06_58_34_977.jpg, C:\Users\eljes\Downloads\simulator-windows-64\IMG\left_2026_09_01_06_58_34_977.jpg, C:\Users\eljes\Downloads\simulator-windows-64\IMG\right_2026_09_01_06_58_34_977.jpg, 0, 1, 0, 30.18987
C:\Users\eljes\Downloads\simulator-windows-64\IMG\center_2026_09_01_06_58_35_079.jpg, C:\Users\eljes\Downloads\simulator-windows-64\IMG\left_2026_09_01_06_58_35_079.jpg, C:\Users\eljes\Downloads\simulator-windows-64\IMG\right_2026_09_01_06_58_35_079.jpg, 0, 1, 0, 30.1899
C:\Users\eljes\Downloads\simulator-windows-64\IMG\center_2026_09_01_06_58_35_186.jpg, C:\Users\eljes\Downloads\simulator-windows-64\IMG\left_2026_09_01_06_58_35_186.jpg, C:\Users\eljes\Downloads\simulator-windows-64\IMG\right_2026_09_01_06_58_35_186.jpg, 0, 1, 0, 30.18989
C:\Users\eljes\Downloads\simulator-windows-64\IMG\center_2026_09_01_06_58_35_289.jpg, C:\Users\eljes\Downloads\simulator-windows-64\IMG\left_2026_09_01_06_58_35_289.jpg, C:\Users\eljes\Downloads\simulator-windows-64\IMG\right_2026_09_01_06_58_35_289.jpg, 0, 1, 0, 30.18989
C:\Users\eljes\Downloads\simulator-windows-64\IMG\center_2026_09_01_06_58_35_395.jpg, C:\Users\eljes\Downloads\simulator-windows-64\IMG\left_2026_09_01_06_58_35_395.jpg, C:\Users\eljes\Downloads\simulator-windows-64\IMG\right_2026_09_01_06_58_35_395.jpg, 0, 1, 0, 30.18989
C:\Users\eljes\Downloads\simulator-windows-64\IMG\center_2026_09_01_06_58_35_501.jpg, C:\Users\eljes\Downloads\simulator-windows-64\IMG\left_2026_09_01_06_58_35_501.jpg, C:\Users\eljes\Downloads\simulator-windows-64\IMG\right_2026_09_01_06_58_35_501.jpg, 0, 1, 0, 30.18991
C:\Users\eljes\Downloads\simulator-windows-64\IMG\center_2026_09_01_06_58_35_603.jpg, C:\Users\eljes\Downloads\simulator-windows-64\IMG\left_2026_09_01_06_58_35_603.jpg, C:\Users\eljes\Downloads\simulator-windows-64\IMG\right_2026_09_01_06_58_35_603.jpg, 0, 1, 0, 30.18989
C:\Users\eljes\Downloads\simulator-windows-64\IMG\center_2026_09_01_06_58_35_710.jpg, C:\Users\eljes\Downloads\simulator-windows-64\IMG\left_2026_09_01_06_58_35_710.jpg, C:\Users\eljes\Downloads\simulator-windows-64\IMG\right_2026_09_01_06_58_35_710.jpg, 0, 1, 0, 30.18991
C:\Users\eljes\Downloads\simulator-windows-64\IMG\center_2026_09_01_06_58_35_814.jpg, C:\Users\eljes\Downloads\simulator-windows-64\IMG\left_2026_09_01_06_58_35_814.jpg, C:\Users\eljes\Downloads\simulator-windows-64\IMG\right_2026_09_01_06_58_35_814.jpg, 0, 1, 0, 30.18991
C:\Users\eljes\Downloads\simulator-windows-64\IMG\center_2026_09_01_06_58_35_917.jpg, C:\Users\eljes\Downloads\simulator-windows-64\IMG\left_2026_09_01_06_58_35_917.jpg, C:\Users\eljes\Downloads\simulator-windows-64\IMG\right_2026_09_01_06_58_35_917.jpg, 0, 1, 0, 30.18991
C:\Users\eljes\Downloads\simulator-windows-64\IMG\center_2026_09_01_06_58_36_018.jpg, C:\Users\eljes\Downloads\simulator-windows-64\IMG\left_2026_09_01_06_58_36_018.jpg, C:\Users\eljes\Downloads\simulator-windows-64\IMG\right_2026_09_01_06_58_36_018.jpg, 0, 1, 0, 30.18991
C:\Users\eljes\Downloads\simulator-windows-64\IMG\center_2026_09_01_06_58_36_120.jpg, C:\Users\eljes\Downloads\simulator-windows-64\IMG\left_2026_09_01_06_58_36_120.jpg, C:\Users\eljes\Downloads\simulator-windows-64\IMG\right_2026_09_01_06_58_36_120.jpg, 0, 1, 0, 30.18989
C:\Users\eljes\Downloads\simulator-windows-64\IMG\center_2026_09_01_06_58_36_222.jpg, C:\Users\eljes\Downloads\simulator-windows-64\IMG\left_2026_09_01_06_58_36_222.jpg, C:\Users\eljes\Downloads\simulator-windows-64\IMG\right_2026_09_01_06_58_36_222.jpg, 0, 1, 0, 30.18989
C:\Users\eljes\Downloads\simulator-windows-64\IMG\center_2026_09_01_06_58_36_322.jpg, C:\Users\eljes\Downloads\simulator-windows-64\IMG\left_2026_09_01_06_58_36_322.jpg, C:\Users\eljes\Downloads\simulator-windows-64\IMG\right_2026_09_01_06_58_36_322.jpg, 0, 1, 0, 30.18992
C:\Users\eljes\Downloads\simulator-windows-64\IMG\center_2026_09_01_06_58_36_424.jpg, C:\Users\eljes\Downloads\simulator-windows-64\IMG\left_2026_09_01_06_58_36_424.jpg, C:\Users\eljes\Downloads\simulator-windows-64\IMG\right_2026_09_01_06_58_36_424.jpg, 0, 1, 0, 30.18989
C:\Users\eljes\Downloads\simulator-windows-64\IMG\center_2026_09_01_06_58_36_526.jpg, C:\Users\eljes\Downloads\simulator-windows-64\IMG\left_2026_09_01_06_58_36_526.jpg, C:\Users\eljes\Downloads\simulator-windows-64\IMG\right_2026_09_01_06_58_36_526.jpg, -0.1562496, 1, 0, 30.1831
C:\Users\eljes\Downloads\simulator-windows-64\IMG\center_2026_09_01_06_58_36_633.jpg, C:\Users\eljes\Downloads\simulator-windows-64\IMG\left_2026_09_01_06_58_36_633.jpg, C:\Users\eljes\Downloads\simulator-windows-64\IMG\right_2026_09_01_06_58_36_633.jpg, -0.06376319, 1, 0, 30.19052
C:\Users\eljes\Downloads\simulator-windows-64\IMG\center_2026_09_01_06_58_36_737.jpg, C:\Users\eljes\Downloads\simulator-windows-64\IMG\left_2026_09_01_06_58_36_737.jpg, C:\Users\eljes\Downloads\simulator-windows-64\IMG\right_2026_09_01_06_58_36_737.jpg, 0, 1, 0, 30.18965
C:\Users\eljes\Downloads\simulator-windows-64\IMG\center_2026_09_01_06_58_36_840.jpg, C:\Users\eljes\Downloads\simulator-windows-64\IMG\left_2026_09_01_06_58_36_840.jpg, C:\Users\eljes\Downloads\simulator-windows-64\IMG\right_2026_09_01_06_58_36_840.jpg, 0, 1, 0, 30.18994
C:\Users\eljes\Downloads\simulator-windows-64\IMG\center_2026_09_01_06_58_36_946.jpg, C:\Users\eljes\Downloads\simulator-windows-64\IMG\left_2026_09_01_06_58_36_946.jpg, C:\Users\eljes\Downloads\simulator-windows-64\IMG\right_2026_09_01_06_58_36_946.jpg, 0, 1, 0, 30.18999
C:\Users\eljes\Downloads\simulator-windows-64\IMG\center_2026_09_01_06_58_37_050.jpg, C:\Users\eljes\Downloads\simulator-windows-64\IMG\left_2026_09_01_06_58_37_050.jpg, C:\Users\eljes\Downloads\simulator-windows-64\IMG\right_2026_09_01_06_58_37_050.jpg, 0, 1, 0, 30.19
C:\Users\eljes\Downloads\simulator-windows-64\IMG\center_2026_09_01_06_58_37_154.jpg, C:\Users\eljes\Downloads\simulator-windows-64\IMG\left_2026_09_01_06_58_37_154.jpg, C:\Users\eljes\Downloads\simulator-windows-64\IMG\right_2026_09_01_06_58_37_154.jpg, 0, 1, 0, 30.19001
C:\Users\eljes\Downloads\simulator-windows-64\IMG\center_2026_09_01_06_58_37_258.jpg, C:\Users\eljes\Downloads\simulator-windows-64\IMG\left_2026_09_01_06_58_37_258.jpg, C:\Users\eljes\Downloads\simulator-windows-64\IMG\right_2026_09_01_06_58_37_258.jpg, 0, 1, 0, 30.19002
C:\Users\eljes\Downloads\simulator-windows-64\IMG\center_2026_09_01_06_58_37_363.jpg, C:\Users\eljes\Downloads\simulator-windows-64\IMG\left_2026_09_01_06_58_37_363.jpg, C:\Users\eljes\Downloads\simulator-windows-64\IMG\right_2026_09_01_06_58_37_363.jpg, 0, 1, 0, 30.19001
C:\Users\eljes\Downloads\simulator-windows-64\IMG\center_2026_09_01_06_58_37_468.jpg, C:\Users\eljes\Downloads\simulator-windows-64\IMG\left_2026_09_01_06_58_37_468.jpg, C:\Users\eljes\Downloads\simulator-windows-64\IMG\right_2026_09_01_06_58_37_468.jpg, 0, 1, 0, 30.18999
C:\Users\eljes\Downloads\simulator-windows-64\IMG\center_2026_09_01_06_58_37_571.jpg, C:\Users\eljes\Downloads\simulator-windows-64\IMG\left_2026_09_01_06_58_37_571.jpg, C:\Users\eljes\Downloads\simulator-windows-64\IMG\right_2026_09_01_06_58_37_571.jpg, 0, 1, 0, 30.19002
C:\Users\eljes\Downloads\simulator-windows-64\IMG\center_2026_09_01_06_58_37_675.jpg, C:\Users\eljes\Downloads\simulator-windows-64\IMG\left_2026_09_01_06_58_37_675.jpg, C:\Users\eljes\Downloads\simulator-windows-64\IMG\right_2026_09_01_06_58_37_675.jpg, 0, 1, 0, 30.19002
C:\Users\eljes\Downloads\simulator-windows-64\IMG\center_2026_09_01_06_58_37_780.jpg, C:\Users\eljes\Downloads\simulator-windows-64\IMG\left_2026_09_01_06_58_37_780.jpg, C:\Users\eljes\Downloads\simulator-windows-64\IMG\right_2026_09_01_06_58_37_780.jpg, 0, 1, 0, 30.19002
C:\Users\eljes\Downloads\simulator-windows-64\IMG\center_2026_09_01_06_58_37_888.jpg, C:\Users\eljes\Downloads\simulator-windows-64\IMG\left_2026_09_01_06_58_37_888.jpg, C:\Users\eljes\Downloads\simulator-windows-64\IMG\right_2026_09_01_06_58_37_888.jpg, 0, 1, 0, 30.19001
C:\Users\eljes\Downloads\simulator-windows-64\IMG\center_2026_09_01_06_58_37_987.jpg, C:\Users\eljes\Downloads\simulator-windows-64\IMG\left_2026_09_01_06_58_37_987.jpg, C:\Users\eljes\Downloads\simulator-windows-64\IMG\right_2026_09_01_06_58_37_987.jpg, 0, 1, 0, 30.19001
C:\Users\eljes\Downloads\simulator-windows-64\IMG\center_2026_09_01_06_58_38_095.jpg, C:\Users\eljes\Downloads\simulator-windows-64\IMG\left_2026_09_01_06_58_38_095.jpg, C:\Users\eljes\Downloads\simulator-windows-64\IMG\right_2026_09_01_06_58_38_095.jpg, 0, 1, 0, 30.19001
C:\Users\eljes\Downloads\simulator-windows-64\IMG\center_2026_09_01_06_58_38_201.jpg, C:\Users\eljes\Downloads\simulator-windows-64\IMG\left_2026_09_01_06_58_38_201.jpg, C:\Users\eljes\Downloads\simulator-windows-64\IMG\right_2026_09_01_06_58_38_201.jpg, 0, 1, 0, 30.19001
C:\Users\eljes\Downloads\simulator-windows-64\IMG\center_2026_09_01_06_58_38_309.jpg, C:\Users\eljes\Downloads\simulator-windows-64\IMG\left_2026_09_01_06_58_38_309.jpg, C:\Users\eljes\Downloads\simulator-windows-64\IMG\right_2026_09_01_06_58_38_309.jpg, 0, 1, 0, 30.19001
C:\Users\eljes\Downloads\simulator-windows-64\IMG\center_2026_09_01_06_58_38_415.jpg, C:\Users\eljes\Downloads\simulator-windows-64\IMG\left_2026_09_01_06_58_38_415.jpg, C:\Users\eljes\Downloads\simulator-windows-64\IMG\right_2026_09_01_06_58_38_415.jpg, 0, 1, 0, 30.06311
C:\Users\eljes\Downloads\simulator-windows-64\IMG\center_2026_09_01_06_58_38_517.jpg, C:\Users\eljes\Downloads\simulator-windows-64\IMG\left_2026_09_01_06_58_38_517.jpg, C:\Users\eljes\Downloads\simulator-windows-64\IMG\right_2026_09_01_06_58_38_517.jpg, 0, 1, 0, 29.70625
C:\Users\eljes\Downloads\simulator-windows-64\IMG\center_2026_09_01_06_58_38_619.jpg, C:\Users\eljes\Downloads\simulator-windows-64\IMG\left_2026_09_01_06_58_38_619.jpg, C:\Users\eljes\Downloads\simulator-windows-64\IMG\right_2026_09_01_06_58_38_619.jpg, 0, 1, 0, 30.10917
C:\Users\eljes\Downloads\simulator-windows-64\IMG\center_2026_09_01_06_59_53_107.jpg, C:\Users\eljes\Downloads\simulator-windows-64\IMG\left_2026_09_01_06_59_53_107.jpg, C:\Users\eljes\Downloads\simulator-windows-64\IMG\right_2026_09_01_06_59_53_107.jpg, 0, 1, 0, 30.19029
C:\Users\eljes\Downloads\simulator-windows-64\IMG\center_2026_09_01_06_59_53_209.jpg, C:\Users\eljes\Downloads\simulator-windows-64\IMG\left_2026_09_01_06_59_53_209.jpg, C:\Users\eljes\Downloads\simulator-windows-64\IMG\right_2026_09_01_06_59_53_209.jpg, 0, 1, 0, 30.1903
C:\Users\eljes\Downloads\simulator-windows-64\IMG\center_2026_09_01_06_59_53_315.jpg, C:\Users\eljes\Downloads\simulator-windows-64\IMG\left_2026_09_01_06_59_53_315.jpg, C:\Users\eljes\Downloads\simulator-windows-64\IMG\right_2026_09_01_06_59_53_315.jpg, 0, 1, 0, 30.19027
C:\Users\eljes\Downloads\simulator-windows-64\IMG\center_2026_09_01_06_59_53_418.jpg, C:\Users\eljes\Downloads\simulator-windows-64\IMG\left_2026_09_01_06_59_53_418.jpg, C:\Users\eljes\Downloads\simulator-windows-64\IMG\right_2026_09_01_06_59_53_418.jpg, 0, 1, 0, 30.1903
C:\Users\eljes\Downloads\simulator-windows-64\IMG\center_2026_09_01_06_59_53_519.jpg, C:\Users\eljes\Downloads\simulator-windows-64\IMG\left_2026_09_01_06_59_53_519.jpg, C:\Users\eljes\Downloads\simulator-windows-64\IMG\right_2026_09_01_06_59_53_519.jpg, 0, 1, 0, 30.19032
C:\Users\eljes\Downloads\simulator-windows-64\IMG\center_2026_09_01_06_59_53_620.jpg, C:\Users\eljes\Downloads\simulator-windows-64\IMG\left_2026_09_01_06_59_53_620.jpg, C:\Users\eljes\Downloads\simulator-windows-64\IMG\right_2026_09_01_06_59_53_620.jpg, 0, 1, 0, 30.19028
C:\Users\eljes\Downloads\simulator-windows-64\IMG\center_2026_09_01_06_59_53_727.jpg, C:\Users\eljes\Downloads\simulator-windows-64\IMG\left_2026_09_01_06_59_53_727.jpg, C:\Users\eljes\Downloads\simulator-windows-64\IMG\right_2026_09_01_06_59_53_727.jpg, 0, 1, 0, 30.19029
C:\Users\eljes\Downloads\simulator-windows-64\IMG\center_2026_09_01_06_59_53_832.jpg, C:\Users\eljes\Downloads\simulator-windows-64\IMG\left_2026_09_01_06_59_53_832.jpg, C:\Users\eljes\Downloads\simulator-windows-64\IMG\right_2026_09_01_06_59_53_832.jpg, 0, 1, 0, 30.19018
C:\Users\eljes\Downloads\simulator-windows-64\IMG\center_2026_09_01_06_59_53_939.jpg, C:\Users\eljes\Downloads\simulator-windows-64\IMG\left_2026_09_01_06_59_53_939.jpg, C:\Users\eljes\Downloads\simulator-windows-64\IMG\right_2026_09_01_06_59_53_939.jpg, 0, 1, 0, 30.19028
C:\Users\eljes\Downloads\simulator-windows-64\IMG\center_2026_09_01_06_59_54_041.jpg, C:\Users\eljes\Downloads\simulator-windows-64\IMG\left_2026_09_01_06_59_54_041.jpg, C:\Users\eljes\Downloads\simulator-windows-64\IMG\right_2026_09_01_06_59_54_041.jpg, 0, 1, 0, 30.19029
C:\Users\eljes\Downloads\simulator-windows-64\IMG\center_2026_09_01_06_59_54_146.jpg, C:\Users\eljes\Downloads\simulator-windows-64\IMG\left_2026_09_01_06_59_54_146.jpg, C:\Users\eljes\Downloads\simulator-windows-64\IMG\right_2026_09_01_06_59_54_146.jpg, 0, 1, 0, 30.19028
C:\Users\eljes\Downloads\simulator-windows-64\IMG\center_2026_09_01_06_59_54_253.jpg, C:\Users\eljes\Downloads\simulator-windows-64\IMG\left_2026_09_01_06_59_54_253.jpg, C:\Users\eljes\Downloads\simulator-windows-64\IMG\right_2026_09_01_06_59_54_253.jpg, 0, 1, 0, 30.19031
C:\Users\eljes\Downloads\simulator-windows-64\IMG\center_2026_09_01_06_59_54_357.jpg, C:\Users\eljes\Downloads\simulator-windows-64\IMG\left_2026_09_01_06_59_54_357.jpg, C:\Users\eljes\Downloads\simulator-windows-64\IMG\right_2026_09_01_06_59_54_357.jpg, 0, 1, 0, 30.21474
C:\Users\eljes\Downloads\simulator-windows-64\IMG\center_2026_09_01_06_59_54_462.jpg, C:\Users\eljes\Downloads\simulator-windows-64\IMG\left_2026_09_01_06_59_54_462.jpg, C:\Users\eljes\Downloads\simulator-windows-64\IMG\right_2026_09_01_06_59_54_462.jpg, 0, 1, 0, 30.17736
C:\Users\eljes\Downloads\simulator-windows-64\IMG\center_2026_09_01_06_59_54_566.jpg, C:\Users\eljes\Downloads\simulator-windows-64\IMG\left_2026_09_01_06_59_54_566.jpg, C:\Users\eljes\Downloads\simulator-windows-64\IMG\right_2026_09_01_06_59_54_566.jpg, 0, 1, 0, 30.4096
C:\Users\eljes\Downloads\simulator-windows-64\IMG\center_2026_09_01_06_59_54_673.jpg, C:\Users\eljes\Downloads\simulator-windows-64\IMG\left_2026_09_01_06_59_54_673.jpg, C:\Users\eljes\Downloads\simulator-windows-64\IMG\right_2026_09_01_06_59_54_673.jpg, 0, 1, 0, 30.18847
C:\Users\eljes\Downloads\simulator-windows-64\IMG\center_2026_09_01_06_59_54_777.jpg, C:\Users\eljes\Downloads\simulator-windows-64\IMG\left_2026_09_01_06_59_54_777.jpg, C:\Users\eljes\Downloads\simulator-windows-64\IMG\right_2026_09_01_06_59_54_777.jpg, -0.08503201, 1, 0, 30.1878
C:\Users\eljes\Downloads\simulator-windows-64\IMG\center_2026_09_01_06_59_54_881.jpg, C:\Users\eljes\Downloads\simulator-windows-64\IMG\left_2026_09_01_06_59_54_881.jpg, C:\Users\eljes\Downloads\simulator-windows-64\IMG\right_2026_09_01_06_59_54_881.jpg, -0.1522362, 1, 0, 30.18711
C:\Users\eljes\Downloads\simulator-windows-64\IMG\center_2026_09_01_06_59_54_987.jpg, C:\Users\eljes\Downloads\simulator-windows-64\IMG\left_2026_09_01_06_59_54_987.jpg, C:\Users\eljes\Downloads\simulator-windows-64\IMG\right_2026_09_01_06_59_54_987.jpg, 0, 1, 0, 30.1894
C:\Users\eljes\Downloads\simulator-windows-64\IMG\center_2026_09_01_06_59_55_092.jpg, C:\Users\eljes\Downloads\simulator-windows-64\IMG\left_2026_09_01_06_59_55_092.jpg, C:\Users\eljes\Downloads\simulator-windows-64\IMG\right_2026_09_01_06_59_55_092.jpg, 0, 1, 0, 30.18983
C:\Users\eljes\Downloads\simulator-windows-64\IMG\center_2026_09_01_06_59_55_200.jpg, C:\Users\eljes\Downloads\simulator-windows-64\IMG\left_2026_09_01_06_59_55_200.jpg, C:\Users\eljes\Downloads\simulator-windows-64\IMG\right_2026_09_01_06_59_55_200.jpg, 0, 1, 0, 30.18989
C:\Users\eljes\Downloads\simulator-windows-64\IMG\center_2026_09_01_06_59_55_302.jpg, C:\Users\eljes\Downloads\simulator-windows-64\IMG\left_2026_09_01_06_59_55_302.jpg, C:\Users\eljes\Downloads\simulator-windows-64\IMG\right_2026_09_01_06_59_55_302.jpg, 0, 1, 0, 30.1899
C:\Users\eljes\Downloads\simulator-windows-64\IMG\center_2026_09_01_06_59_55_404.jpg, C:\Users\eljes\Downloads\simulator-windows-64\IMG\left_2026_09_01_06_59_55_404.jpg, C:\Users\eljes\Downloads\simulator-windows-64\IMG\right_2026_09_01_06_59_55_404.jpg, 0, 1, 0, 30.18989
C:\Users\eljes\Downloads\simulator-windows-64\IMG\center_2026_09_01_06_59_55_506.jpg, C:\Users\eljes\Downloads\simulator-windows-64\IMG\left_2026_09_01_06_59_55_506.jpg, C:\Users\eljes\Downloads\simulator-windows-64\IMG\right_2026_09_01_06_59_55_506.jpg, 0, 1, 0, 30.18989
C:\Users\eljes\Downloads\simulator-windows-64\IMG\center_2026_09_01_06_59_55_614.jpg, C:\Users\eljes\Downloads\simulator-windows-64\IMG\left_2026_09_01_06_59_55_614.jpg, C:\Users\eljes\Downloads\simulator-windows-64\IMG\right_2026_09_01_06_59_55_614.jpg, 0, 1, 0, 30.18989
C:\Users\eljes\Downloads\simulator-windows-64\IMG\center_2026_09_01_06_59_55_719.jpg, C:\Users\eljes\Downloads\simulator-windows-64\IMG\left_2026_09_01_06_59_55_719.jpg, C:\Users\eljes\Downloads\simulator-windows-64\IMG\right_2026_09_01_06_59_55_719.jpg, 0, 1, 0, 30.1899
C:\Users\eljes\Downloads\simulator-windows-64\IMG\center_2026_09_01_06_59_55_824.jpg, C:\Users\eljes\Downloads\simulator-windows-64\IMG\left_2026_09_01_06_59_55_824.jpg, C:\Users\eljes\Downloads\simulator-windows-64\IMG\right_2026_09_01_06_59_55_824.jpg, 0, 1, 0, 30.18989
C:\Users\eljes\Downloads\simulator-windows-64\IMG\center_2026_09_01_06_59_55_928.jpg, C:\Users\eljes\Downloads\simulator-windows-64\IMG\left_2026_09_01_06_59_55_928.jpg, C:\Users\eljes\Downloads\simulator-windows-64\IMG\right_2026_09_01_06_59_55_928.jpg, 0, 1, 0, 30.18989
C:\Users\eljes\Downloads\simulator-windows-64\IMG\center_2026_09_01_06_59_56_031.jpg, C:\Users\eljes\Downloads\simulator-windows-64\IMG\left_2026_09_01_06_59_56_031.jpg, C:\Users\eljes\Downloads\simulator-windows-64\IMG\right_2026_09_01_06_59_56_031.jpg, 0, 1, 0, 30.18989
C:\Users\eljes\Downloads\simulator-windows-64\IMG\center_2026_09_01_06_59_56_137.jpg, C:\Users\eljes\Downloads\simulator-windows-64\IMG\left_2026_09_01_06_59_56_137.jpg, C:\Users\eljes\Downloads\simulator-windows-64\IMG\right_2026_09_01_06_59_56_137.jpg, 0, 1, 0, 30.1899
C:\Users\eljes\Downloads\simulator-windows-64\IMG\center_2026_09_01_06_59_56_240.jpg, C:\Users\eljes\Downloads\simulator-windows-64\IMG\left_2026_09_01_06_59_56_240.jpg, C:\Users\eljes\Downloads\simulator-windows-64\IMG\right_2026_09_01_06_59_56_240.jpg, 0, 1, 0, 30.18989
C:\Users\eljes\Downloads\simulator-windows-64\IMG\center_2026_09_01_06_59_56_347.jpg, C:\Users\eljes\Downloads\simulator-windows-64\IMG\left_2026_09_01_06_59_56_347.jpg, C:\Users\eljes\Downloads\simulator-windows-64\IMG\right_2026_09_01_06_59_56_347.jpg, 0, 1, 0, 30.1899
C:\Users\eljes\Downloads\simulator-windows-64\IMG\center_2026_09_01_06_59_56_447.jpg, C:\Users\eljes\Downloads\simulator-windows-64\IMG\left_2026_09_01_06_59_56_447.jpg, C:\Users\eljes\Downloads\simulator-windows-64\IMG\right_2026_09_01_06_59_56_447.jpg, 0, 1, 0, 30.18992
C:\Users\eljes\Downloads\simulator-windows-64\IMG\center_2026_09_01_06_59_56_553.jpg, C:\Users\eljes\Downloads\simulator-windows-64\IMG\left_2026_09_01_06_59_56_553.jpg, C:\Users\eljes\Downloads\simulator-windows-64\IMG\right_2026_09_01_06_59_56_553.jpg, 0, 1, 0, 30.18989
C:\Users\eljes\Downloads\simulator-windows-64\IMG\center_2026_09_01_06_59_56_659.jpg, C:\Users\eljes\Downloads\simulator-windows-64\IMG\left_2026_09_01_06_59_56_659.jpg, C:\Users\eljes\Downloads\simulator-windows-64\IMG\right_2026_09_01_06_59_56_659.jpg, 0, 1, 0, 30.1899
C:\Users\eljes\Downloads\simulator-windows-64\IMG\center_2026_09_01_06_59_56_763.jpg, C:\Users\eljes\Downloads\simulator-windows-64\IMG\left_2026_09_01_06_59_56_763.jpg, C:\Users\eljes\Downloads\simulator-windows-64\IMG\right_2026_09_01_06_59_56_763.jpg, 0, 1, 0, 30.1899
C:\Users\eljes\Downloads\simulator-windows-64\IMG\center_2026_09_01_06_59_56_865.jpg, C:\Users\eljes\Downloads\simulator-windows-64\IMG\left_2026_09_01_06_59_56_865.jpg, C:\Users\eljes\Downloads\simulator-windows-64\IMG\right_2026_09_01_06_59_56_865.jpg, 0, 1, 0, 30.18991
C:\Users\eljes\Downloads\simulator-windows-64\IMG\center_2026_09_01_06_59_56_967.jpg, C:\Users\eljes\Downloads\simulator-windows-64\IMG\left_2026_09_01_06_59_56_967.jpg, C:\Users\eljes\Downloads\simulator-windows-64\IMG\right_2026_09_01_06_59_56_967.jpg, 0, 1, 0, 30.1899
C:\Users\eljes\Downloads\simulator-windows-64\IMG\center_2026_09_01_06_59_57_068.jpg, C:\Users\eljes\Downloads\simulator-windows-64\IMG\left_2026_09_01_06_59_57_068.jpg, C:\Users\eljes\Downloads\simulator-windows-64\IMG\right_2026_09_01_06_59_57_068.jpg, -0.1627593, 1, 0, 30.18258
C:\Users\eljes\Downloads\simulator-windows-64\IMG\center_2026_09_01_06_59_57_170.jpg, C:\Users\eljes\Downloads\simulator-windows-64\IMG\left_2026_09_01_06_59_57_170.jpg, C:\Users\eljes\Downloads\simulator-windows-64\IMG\right_2026_09_01_06_59_57_170.jpg, -0.2753538, 1, 0, 30.17926
C:\Users\eljes\Downloads\simulator-windows-64\IMG\center_2026_09_01_06_59_57_275.jpg, C:\Users\eljes\Downloads\simulator-windows-64\IMG\left_2026_09_01_06_59_57_275.jpg, C:\Users\eljes\Downloads\simulator-windows-64\IMG\right_2026_09_01_06_59_57_275.jpg, 0, 1, 0, 30.18814
C:\Users\eljes\Downloads\simulator-windows-64\IMG\center_2026_09_01_06_59_57_375.jpg, C:\Users\eljes\Downloads\simulator-windows-64\IMG\left_2026_09_01_06_59_57_375.jpg, C:\Users\eljes\Downloads\simulator-windows-64\IMG\right_2026_09_01_06_59_57_375.jpg, 0, 1, 0, 30.18981
C:\Users\eljes\Downloads\simulator-windows-64\IMG\center_2026_09_01_06_59_57_478.jpg, C:\Users\eljes\Downloads\simulator-windows-64\IMG\left_2026_09_01_06_59_57_478.jpg, C:\Users\eljes\Downloads\simulator-windows-64\IMG\right_2026_09_01_06_59_57_478.jpg, 0, 1, 0, 30.19001
C:\Users\eljes\Downloads\simulator-windows-64\IMG\center_2026_09_01_06_59_57_581.jpg, C:\Users\eljes\Downloads\simulator-windows-64\IMG\left_2026_09_01_06_59_57_581.jpg, C:\Users\eljes\Downloads\simulator-windows-64\IMG\right_2026_09_01_06_59_57_581.jpg, 0, 1, 0, 30.19005
C:\Users\eljes\Downloads\simulator-windows-64\IMG\center_2026_09_01_06_59_57_689.jpg, C:\Users\eljes\Downloads\simulator-windows-64\IMG\left_2026_09_01_06_59_57_689.jpg, C:\Users\eljes\Downloads\simulator-windows-64\IMG\right_2026_09_01_06_59_57_689.jpg, 0, 1, 0, 30.19006
C:\Users\eljes\Downloads\simulator-windows-64\IMG\center_2026_09_01_06_59_57_791.jpg, C:\Users\eljes\Downloads\simulator-windows-64\IMG\left_2026_09_01_06_59_57_791.jpg, C:\Users\eljes\Downloads\simulator-windows-64\IMG\right_2026_09_01_06_59_57_791.jpg, 0, 1, 0, 30.19004
C:\Users\eljes\Downloads\simulator-windows-64\IMG\center_2026_09_01_06_59_57_897.jpg, C:\Users\eljes\Downloads\simulator-windows-64\IMG\left_2026_09_01_06_59_57_897.jpg, C:\Users\eljes\Downloads\simulator-windows-64\IMG\right_2026_09_01_06_59_57_897.jpg, 0, 1, 0, 30.19007
C:\Users\eljes\Downloads\simulator-windows-64\IMG\center_2026_09_01_06_59_57_999.jpg, C:\Users\eljes\Downloads\simulator-windows-64\IMG\left_2026_09_01_06_59_57_999.jpg, C:\Users\eljes\Downloads\simulator-windows-64\IMG\right_2026_09_01_06_59_57_999.jpg, 0, 1, 0, 30.19005
C:\Users\eljes\Downloads\simulator-windows-64\IMG\center_2026_09_01_06_59_58_105.jpg, C:\Users\eljes\Downloads\simulator-windows-64\IMG\left_2026_09_01_06_59_58_105.jpg, C:\Users\eljes\Downloads\simulator-windows-64\IMG\right_2026_09_01_06_59_58_105.jpg, 0, 1, 0, 30.19006
C:\Users\eljes\Downloads\simulator-windows-64\IMG\center_2026_09_01_06_59_58_206.jpg, C:\Users\eljes\Downloads\simulator-windows-64\IMG\left_2026_09_01_06_59_58_206.jpg, C:\Users\eljes\Downloads\simulator-windows-64\IMG\right_2026_09_01_06_59_58_206.jpg, 0, 1, 0, 30.19007
C:\Users\eljes\Downloads\simulator-windows-64\IMG\center_2026_09_01_06_59_58_312.jpg, C:\Users\eljes\Downloads\simulator-windows-64\IMG\left_2026_09_01_06_59_58_312.jpg, C:\Users\eljes\Downloads\simulator-windows-64\IMG\right_2026_09_01_06_59_58_312.jpg, 0, 1, 0, 30.19006
C:\Users\eljes\Downloads\simulator-windows-64\IMG\center_2026_09_01_06_59_58_421.jpg, C:\Users\eljes\Downloads\simulator-windows-64\IMG\left_2026_09_01_06_59_58_421.jpg, C:\Users\eljes\Downloads\simulator-windows-64\IMG\right_2026_09_01_06_59_58_421.jpg, 0.0295053, 1, 0, 30.18986
C:\Users\eljes\Downloads\simulator-windows-64\IMG\center_2026_09_01_06_59_58_526.jpg, C:\Users\eljes\Downloads\simulator-windows-64\IMG\left_2026_09_01_06_59_58_526.jpg, C:\Users\eljes\Downloads\simulator-windows-64\IMG\right_2026_09_01_06_59_58_526.jpg, 0.2703717, 1, 0, 30.17127
C:\Users\eljes\Downloads\simulator-windows-64\IMG\center_2026_09_01_06_59_58_628.jpg, C:\Users\eljes\Downloads\simulator-windows-64\IMG\left_2026_09_01_06_59_58_628.jpg, C:\Users\eljes\Downloads\simulator-windows-64\IMG\right_2026_09_01_06_59_58_628.jpg, 0, 1, 0, 30.18902
C:\Users\eljes\Downloads\simulator-windows-64\IMG\center_2026_09_01_06_59_58_731.jpg, C:\Users\eljes\Downloads\simulator-windows-64\IMG\left_2026_09_01_06_59_58_731.jpg, C:\Users\eljes\Downloads\simulator-windows-64\IMG\right_2026_09_01_06_59_58_731.jpg, 0, 1, 0, 30.18976
C:\Users\eljes\Downloads\simulator-windows-64\IMG\center_2026_09_01_06_59_58_838.jpg, C:\Users\eljes\Downloads\simulator-windows-64\IMG\left_2026_09_01_06_59_58_838.jpg, C:\Users\eljes\Downloads\simulator-windows-64\IMG\right_2026_09_01_06_59_58_838.jpg, 0, 1, 0, 30.18996
C:\Users\eljes\Downloads\simulator-windows-64\IMG\center_2026_09_01_06_59_58_939.jpg, C:\Users\eljes\Downloads\simulator-windows-64\IMG\left_2026_09_01_06_59_58_939.jpg, C:\Users\eljes\Downloads\simulator-windows-64\IMG\right_2026_09_01_06_59_58_939.jpg, 0, 1, 0, 30.18998
C:\Users\eljes\Downloads\simulator-windows-64\IMG\center_2026_09_01_06_59_59_041.jpg, C:\Users\eljes\Downloads\simulator-windows-64\IMG\left_2026_09_01_06_59_59_041.jpg, C:\Users\eljes\Downloads\simulator-windows-64\IMG\right_2026_09_01_06_59_59_041.jpg, 0, 1, 0, 30.18994
C:\Users\eljes\Downloads\simulator-windows-64\IMG\center_2026_09_01_06_59_59_147.jpg, C:\Users\eljes\Downloads\simulator-windows-64\IMG\left_2026_09_01_06_59_59_147.jpg, C:\Users\eljes\Downloads\simulator-windows-64\IMG\right_2026_09_01_06_59_59_147.jpg, 0, 1, 0, 30.18995
C:\Users\eljes\Downloads\simulator-windows-64\IMG\center_2026_09_01_06_59_59_249.jpg, C:\Users\eljes\Downloads\simulator-windows-64\IMG\left_2026_09_01_06_59_59_249.jpg, C:\Users\eljes\Downloads\simulator-windows-64\IMG\right_2026_09_01_06_59_59_249.jpg, 0, 1, 0, 30.18998
C:\Users\eljes\Downloads\simulator-windows-64\IMG\center_2026_09_01_06_59_59_359.jpg, C:\Users\eljes\Downloads\simulator-windows-64\IMG\left_2026_09_01_06_59_59_359.jpg, C:\Users\eljes\Downloads\simulator-windows-64\IMG\right_2026_09_01_06_59_59_359.jpg, 0, 1, 0, 30.18997
C:\Users\eljes\Downloads\simulator-windows-64\IMG\center_2026_09_01_06_59_59_469.jpg, C:\Users\eljes\Downloads\simulator-windows-64\IMG\left_2026_09_01_06_59_59_469.jpg, C:\Users\eljes\Downloads\simulator-windows-64\IMG\right_2026_09_01_06_59_59_469.jpg, 0, 1, 0, 30.18993
C:\Users\eljes\Downloads\simulator-windows-64\IMG\center_2026_09_01_06_59_59_569.jpg, C:\Users\eljes\Downloads\simulator-windows-64\IMG\left_2026_09_01_06_59_59_569.jpg, C:\Users\eljes\Downloads\simulator-windows-64\IMG\right_2026_09_01_06_59_59_569.jpg, 0, 1, 0, 30.18998
C:\Users\eljes\Downloads\simulator-windows-64\IMG\center_2026_09_01_06_59_59_677.jpg, C:\Users\eljes\Downloads\simulator-windows-64\IMG\left_2026_09_01_06_59_59_677.jpg, C:\Users\eljes\Downloads\simulator-windows-64\IMG\right_2026_09_01_06_59_59_677.jpg, 0, 1, 0, 30.18997
C:\Users\eljes\Downloads\simulator-windows-64\IMG\center_2026_09_01_06_59_59_784.jpg, C:\Users\eljes\Downloads\simulator-windows-64\IMG\left_2026_09_01_06_59_59_784.jpg, C:\Users\eljes\Downloads\simulator-windows-64\IMG\right_2026_09_01_06_59_59_784.jpg, 0, 1, 0, 30.18998
C:\Users\eljes\Downloads\simulator-windows-64\IMG\center_2026_09_01_06_59_59_889.jpg, C:\Users\eljes\Downloads\simulator-windows-64\IMG\left_2026_09_01_06_59_59_889.jpg, C:\Users\eljes\Downloads\simulator-windows-64\IMG\right_2026_09_01_06_59_59_889.jpg, 0, 1, 0, 30.18998
C:\Users\eljes\Downloads\simulator-windows-64\IMG\center_2026_09_01_06_59_59_993.jpg, C:\Users\eljes\Downloads\simulator-windows-64\IMG\left_2026_09_01_06_59_59_993.jpg, C:\Users\eljes\Downloads\simulator-windows-64\IMG\right_2026_09_01_06_59_59_993.jpg, 0, 1, 0, 30.18996
C:\Users\eljes\Downloads\simulator-windows-64\IMG\center_2026_09_01_07_00_00_095.jpg, C:\Users\eljes\Downloads\simulator-windows-64\IMG\left_2026_09_01_07_00_00_095.jpg, C:\Users\eljes\Downloads\simulator-windows-64\IMG\right_2026_09_01_07_00_00_095.jpg, 0, 1, 0, 30.18995
C:\Users\eljes\Downloads\simulator-windows-64\IMG\center_2026_09_01_07_00_00_200.jpg, C:\Users\eljes\Downloads\simulator-windows-64\IMG\left_2026_09_01_07_00_00_200.jpg, C:\Users\eljes\Downloads\simulator-windows-64\IMG\right_2026_09_01_07_00_00_200.jpg, 0, 1, 0, 30.18995
C:\Users\eljes\Downloads\simulator-windows-64\IMG\center_2026_09_01_07_00_00_301.jpg, C:\Users\eljes\Downloads\simulator-windows-64\IMG\left_2026_09_01_07_00_00_301.jpg, C:\Users\eljes\Downloads\simulator-windows-64\IMG\right_2026_09_01_07_00_00_301.jpg, 0, 1, 0, 30.18996
C:\Users\eljes\Downloads\simulator-windows-64\IMG\center_2026_09_01_07_00_00_402.jpg, C:\Users\eljes\Downloads\simulator-windows-64\IMG\left_2026_09_01_07_00_00_402.jpg, C:\Users\eljes\Downloads\simulator-windows-64\IMG\right_2026_09_01_07_00_00_402.jpg, 0, 1, 0, 30.18997
C:\Users\eljes\Downloads\simulator-windows-64\IMG\center_2026_09_01_07_00_00_512.jpg, C:\Users\eljes\Downloads\simulator-windows-64\IMG\left_2026_09_01_07_00_00_512.jpg, C:\Users\eljes\Downloads\simulator-windows-64\IMG\right_2026_09_01_07_00_00_512.jpg, 0, 1, 0, 30.18995
C:\Users\eljes\Downloads\simulator-windows-64\IMG\center_2026_09_01_07_00_00_619.jpg, C:\Users\eljes\Downloads\simulator-windows-64\IMG\left_2026_09_01_07_00_00_619.jpg, C:\Users\eljes\Downloads\simulator-windows-64\IMG\right_2026_09_01_07_00_00_619.jpg, 0, 1, 0, 30.18998
C:\Users\eljes\Downloads\simulator-windows-64\IMG\center_2026_09_01_07_00_00_727.jpg, C:\Users\eljes\Downloads\simulator-windows-64\IMG\left_2026_09_01_07_00_00_727.jpg, C:\Users\eljes\Downloads\simulator-windows-64\IMG\right_2026_09_01_07_00_00_727.jpg, 0, 1, 0, 30.18998
C:\Users\eljes\Downloads\simulator-windows-64\IMG\center_2026_09_01_07_00_00_827.jpg, C:\Users\eljes\Downloads\simulator-windows-64\IMG\left_2026_09_01_07_00_00_827.jpg, C:\Users\eljes\Downloads\simulator-windows-64\IMG\right_2026_09_01_07_00_00_827.jpg, 0, 1, 0, 30.18997
C:\Users\eljes\Downloads\simulator-windows-64\IMG\center_2026_09_01_07_00_00_936.jpg, C:\Users\eljes\Downloads\simulator-windows-64\IMG\left_2026_09_01_07_00_00_936.jpg, C:\Users\eljes\Downloads\simulator-windows-64\IMG\right_2026_09_01_07_00_00_936.jpg, 0, 1, 0, 30.18996
C:\Users\eljes\Downloads\simulator-windows-64\IMG\center_2026_09_01_07_00_01_039.jpg, C:\Users\eljes\Downloads\simulator-windows-64\IMG\left_2026_09_01_07_00_01_039.jpg, C:\Users\eljes\Downloads\simulator-windows-64\IMG\right_2026_09_01_07_00_01_039.jpg, -0.1892574, 1, 0, 30.18019
C:\Users\eljes\Downloads\simulator-windows-64\IMG\center_2026_09_01_07_00_01_143.jpg, C:\Users\eljes\Downloads\simulator-windows-64\IMG\left_2026_09_01_07_00_01_143.jpg, C:\Users\eljes\Downloads\simulator-windows-64\IMG\right_2026_09_01_07_00_01_143.jpg, 0, 1, 0, 30.18956
C:\Users\eljes\Downloads\simulator-windows-64\IMG\center_2026_09_01_07_00_01_243.jpg, C:\Users\eljes\Downloads\simulator-windows-64\IMG\left_2026_09_01_07_00_01_243.jpg, C:\Users\eljes\Downloads\simulator-windows-64\IMG\right_2026_09_01_07_00_01_243.jpg, 0, 1, 0, 30.18994
C:\Users\eljes\Downloads\simulator-windows-64\IMG\center_2026_09_01_07_00_01_345.jpg, C:\Users\eljes\Downloads\simulator-windows-64\IMG\left_2026_09_01_07_00_01_345.jpg, C:\Users\eljes\Downloads\simulator-windows-64\IMG\right_2026_09_01_07_00_01_345.jpg, 0, 1, 0, 30.18998
C:\Users\eljes\Downloads\simulator-windows-64\IMG\center_2026_09_01_07_00_01_446.jpg, C:\Users\eljes\Downloads\simulator-windows-64\IMG\left_2026_09_01_07_00_01_446.jpg, C:\Users\eljes\Downloads\simulator-windows-64\IMG\right_2026_09_01_07_00_01_446.jpg, 0, 1, 0, 30.19001
C:\Users\eljes\Downloads\simulator-windows-64\IMG\center_2026_09_01_07_00_01_548.jpg, C:\Users\eljes\Downloads\simulator-windows-64\IMG\left_2026_09_01_07_00_01_548.jpg, C:\Users\eljes\Downloads\simulator-windows-64\IMG\right_2026_09_01_07_00_01_548.jpg, 0, 1, 0, 30.19002
C:\Users\eljes\Downloads\simulator-windows-64\IMG\center_2026_09_01_07_00_01_656.jpg, C:\Users\eljes\Downloads\simulator-windows-64\IMG\left_2026_09_01_07_00_01_656.jpg, C:\Users\eljes\Downloads\simulator-windows-64\IMG\right_2026_09_01_07_00_01_656.jpg, 0, 1, 0, 30.19001
C:\Users\eljes\Downloads\simulator-windows-64\IMG\center_2026_09_01_07_00_01_765.jpg, C:\Users\eljes\Downloads\simulator-windows-64\IMG\left_2026_09_01_07_00_01_765.jpg, C:\Users\eljes\Downloads\simulator-windows-64\IMG\right_2026_09_01_07_00_01_765.jpg, 0, 1, 0, 30.19001
C:\Users\eljes\Downloads\simulator-windows-64\IMG\center_2026_09_01_07_00_01_867.jpg, C:\Users\eljes\Downloads\simulator-windows-64\IMG\left_2026_09_01_07_00_01_867.jpg, C:\Users\eljes\Downloads\simulator-windows-64\IMG\right_2026_09_01_07_00_01_867.jpg, 0, 1, 0, 30.18999
C:\Users\eljes\Downloads\simulator-windows-64\IMG\center_2026_09_01_07_00_01_976.jpg, C:\Users\eljes\Downloads\simulator-windows-64\IMG\left_2026_09_01_07_00_01_976.jpg, C:\Users\eljes\Downloads\simulator-windows-64\IMG\right_2026_09_01_07_00_01_976.jpg, 0, 1, 0, 30.19002
C:\Users\eljes\Downloads\simulator-windows-64\IMG\center_2026_09_01_07_00_02_079.jpg, C:\Users\eljes\Downloads\simulator-windows-64\IMG\left_2026_09_01_07_00_02_079.jpg, C:\Users\eljes\Downloads\simulator-windows-64\IMG\right_2026_09_01_07_00_02_079.jpg, 0, 1, 0, 30.19
C:\Users\eljes\Downloads\simulator-windows-64\IMG\center_2026_09_01_07_00_02_182.jpg, C:\Users\eljes\Downloads\simulator-windows-64\IMG\left_2026_09_01_07_00_02_182.jpg, C:\Users\eljes\Downloads\simulator-windows-64\IMG\right_2026_09_01_07_00_02_182.jpg, 0, 1, 0, 30.19001
C:\Users\eljes\Downloads\simulator-windows-64\IMG\center_2026_09_01_07_00_02_289.jpg, C:\Users\eljes\Downloads\simulator-windows-64\IMG\left_2026_09_01_07_00_02_289.jpg, C:\Users\eljes\Downloads\simulator-windows-64\IMG\right_2026_09_01_07_00_02_289.jpg, 0, 1, 0, 30.19001
C:\Users\eljes\Downloads\simulator-windows-64\IMG\center_2026_09_01_07_00_02_395.jpg, C:\Users\eljes\Downloads\simulator-windows-64\IMG\left_2026_09_01_07_00_02_395.jpg, C:\Users\eljes\Downloads\simulator-windows-64\IMG\right_2026_09_01_07_00_02_395.jpg, 0, 1, 0, 30.06219
C:\Users\eljes\Downloads\simulator-windows-64\IMG\center_2026_09_01_07_00_02_503.jpg, C:\Users\eljes\Downloads\simulator-windows-64\IMG\left_2026_09_01_07_00_02_503.jpg, C:\Users\eljes\Downloads\simulator-windows-64\IMG\right_2026_09_01_07_00_02_503.jpg, 0, 1, 0, 29.89484
C:\Users\eljes\Downloads\simulator-windows-64\IMG\center_2026_09_01_07_00_02_606.jpg, C:\Users\eljes\Downloads\simulator-windows-64\IMG\left_2026_09_01_07_00_02_606.jpg, C:\Users\eljes\Downloads\simulator-windows-64\IMG\right_2026_09_01_07_00_02_606.jpg, 0, 1, 0, 30.18452
C:\Users\eljes\Downloads\simulator-windows-64\IMG\center_2026_09_01_07_00_02_713.jpg, C:\Users\eljes\Downloads\simulator-windows-64\IMG\left_2026_09_01_07_00_02_713.jpg, C:\Users\eljes\Downloads\simulator-windows-64\IMG\right_2026_09_01_07_00_02_713.jpg, 0, 1, 0, 29.93954
C:\Users\eljes\Downloads\simulator-windows-64\IMG\center_2026_09_01_07_00_02_819.jpg, C:\Users\eljes\Downloads\simulator-windows-64\IMG\left_2026_09_01_07_00_02_819.jpg, C:\Users\eljes\Downloads\simulator-windows-64\IMG\right_2026_09_01_07_00_02_819.jpg, 0, 1, 0, 30.18963
C:\Users\eljes\Downloads\simulator-windows-64\IMG\center_2026_09_01_07_00_02_921.jpg, C:\Users\eljes\Downloads\simulator-windows-64\IMG\left_2026_09_01_07_00_02_921.jpg, C:\Users\eljes\Downloads\simulator-windows-64\IMG\right_2026_09_01_07_00_02_921.jpg, 0, 1, 0, 30.19029
C:\Users\eljes\Downloads\simulator-windows-64\IMG\center_2026_09_01_07_00_03_028.jpg, C:\Users\eljes\Downloads\simulator-windows-64\IMG\left_2026_09_01_07_00_03_028.jpg, C:\Users\eljes\Downloads\simulator-windows-64\IMG\right_2026_09_01_07_00_03_028.jpg, 0, 1, 0, 30.19069
C:\Users\eljes\Downloads\simulator-windows-64\IMG\center_2026_09_01_07_01_31_370.jpg, C:\Users\eljes\Downloads\simulator-windows-64\IMG\left_2026_09_01_07_01_31_370.jpg, C:\Users\eljes\Downloads\simulator-windows-64\IMG\right_2026_09_01_07_01_31_370.jpg, -0.1922505, 1, 0, 30.18022
C:\Users\eljes\Downloads\simulator-windows-64\IMG\center_2026_09_01_07_01_31_472.jpg, C:\Users\eljes\Downloads\simulator-windows-64\IMG\left_2026_09_01_07_01_31_472.jpg, C:\Users\eljes\Downloads\simulator-windows-64\IMG\right_2026_09_01_07_01_31_472.jpg, -0.4541688, 1, 0, 30.14981
C:\Users\eljes\Downloads\simulator-windows-64\IMG\center_2026_09_01_07_01_31_573.jpg, C:\Users\eljes\Downloads\simulator-windows-64\IMG\left_2026_09_01_07_01_31_573.jpg, C:\Users\eljes\Downloads\simulator-windows-64\IMG\right_2026_09_01_07_01_31_573.jpg, -0.1513041, 1, 0, 30.19237
C:\Users\eljes\Downloads\simulator-windows-64\IMG\center_2026_09_01_07_01_31_675.jpg, C:\Users\eljes\Downloads\simulator-windows-64\IMG\left_2026_09_01_07_01_31_675.jpg, C:\Users\eljes\Downloads\simulator-windows-64\IMG\right_2026_09_01_07_01_31_675.jpg, 0, 1, 0, 30.18916
C:\Users\eljes\Downloads\simulator-windows-64\IMG\center_2026_09_01_07_01_31_780.jpg, C:\Users\eljes\Downloads\simulator-windows-64\IMG\left_2026_09_01_07_01_31_780.jpg, C:\Users\eljes\Downloads\simulator-windows-64\IMG\right_2026_09_01_07_01_31_780.jpg, 0, 1, 0, 30.19
C:\Users\eljes\Downloads\simulator-windows-64\IMG\center_2026_09_01_07_01_31_882.jpg, C:\Users\eljes\Downloads\simulator-windows-64\IMG\left_2026_09_01_07_01_31_882.jpg, C:\Users\eljes\Downloads\simulator-windows-64\IMG\right_2026_09_01_07_01_31_882.jpg, 0, 1, 0, 30.19029
C:\Users\eljes\Downloads\simulator-windows-64\IMG\center_2026_09_01_07_01_31_985.jpg, C:\Users\eljes\Downloads\simulator-windows-64\IMG\left_2026_09_01_07_01_31_985.jpg, C:\Users\eljes\Downloads\simulator-windows-64\IMG\right_2026_09_01_07_01_31_985.jpg, 0, 1, 0, 30.19009
C:\Users\eljes\Downloads\simulator-windows-64\IMG\center_2026_09_01_07_01_32_088.jpg, C:\Users\eljes\Downloads\simulator-windows-64\IMG\left_2026_09_01_07_01_32_088.jpg, C:\Users\eljes\Downloads\simulator-windows-64\IMG\right_2026_09_01_07_01_32_088.jpg, -0.209931, 1, 0, 30.17912
C:\Users\eljes\Downloads\simulator-windows-64\IMG\center_2026_09_01_07_01_32_191.jpg, C:\Users\eljes\Downloads\simulator-windows-64\IMG\left_2026_09_01_07_01_32_191.jpg, C:\Users\eljes\Downloads\simulator-windows-64\IMG\right_2026_09_01_07_01_32_191.jpg, -0.1536159, 1, 0, 30.19065
C:\Users\eljes\Downloads\simulator-windows-64\IMG\center_2026_09_01_07_01_32_295.jpg, C:\Users\eljes\Downloads\simulator-windows-64\IMG\left_2026_09_01_07_01_32_295.jpg, C:\Users\eljes\Downloads\simulator-windows-64\IMG\right_2026_09_01_07_01_32_295.jpg, 0, 1, 0, 30.18951
C:\Users\eljes\Downloads\simulator-windows-64\IMG\center_2026_09_01_07_01_32_401.jpg, C:\Users\eljes\Downloads\simulator-windows-64\IMG\left_2026_09_01_07_01_32_401.jpg, C:\Users\eljes\Downloads\simulator-windows-64\IMG\right_2026_09_01_07_01_32_401.jpg, 0, 1, 0, 30.19045
C:\Users\eljes\Downloads\simulator-windows-64\IMG\center_2026_09_01_07_01_32_508.jpg, C:\Users\eljes\Downloads\simulator-windows-64\IMG\left_2026_09_01_07_01_32_508.jpg, C:\Users\eljes\Downloads\simulator-windows-64\IMG\right_2026_09_01_07_01_32_508.jpg, 0, 1, 0, 30.1902
C:\Users\eljes\Downloads\simulator-windows-64\IMG\center_2026_09_01_07_01_32_611.jpg, C:\Users\eljes\Downloads\simulator-windows-64\IMG\left_2026_09_01_07_01_32_611.jpg, C:\Users\eljes\Downloads\simulator-windows-64\IMG\right_2026_09_01_07_01_32_611.jpg, 0, 1, 0, 30.19044
C:\Users\eljes\Downloads\simulator-windows-64\IMG\center_2026_09_01_07_01_32_712.jpg, C:\Users\eljes\Downloads\simulator-windows-64\IMG\left_2026_09_01_07_01_32_712.jpg, C:\Users\eljes\Downloads\simulator-windows-64\IMG\right_2026_09_01_07_01_32_712.jpg, 0, 1, 0, 30.19012
C:\Users\eljes\Downloads\simulator-windows-64\IMG\center_2026_09_01_07_01_32_817.jpg, C:\Users\eljes\Downloads\simulator-windows-64\IMG\left_2026_09_01_07_01_32_817.jpg, C:\Users\eljes\Downloads\simulator-windows-64\IMG\right_2026_09_01_07_01_32_817.jpg, 0, 1, 0, 30.19034
C:\Users\eljes\Downloads\simulator-windows-64\IMG\center_2026_09_01_07_01_32_917.jpg, C:\Users\eljes\Downloads\simulator-windows-64\IMG\left_2026_09_01_07_01_32_917.jpg, C:\Users\eljes\Downloads\simulator-windows-64\IMG\right_2026_09_01_07_01_32_917.jpg, 0, 1, 0, 30.19039
C:\Users\eljes\Downloads\simulator-windows-64\IMG\center_2026_09_01_07_01_33_018.jpg, C:\Users\eljes\Downloads\simulator-windows-64\IMG\left_2026_09_01_07_01_33_018.jpg, C:\Users\eljes\Downloads\simulator-windows-64\IMG\right_2026_09_01_07_01_33_018.jpg, 0, 1, 0, 30.19043
C:\Users\eljes\Downloads\simulator-windows-64\IMG\center_2026_09_01_07_01_33_118.jpg, C:\Users\eljes\Downloads\simulator-windows-64\IMG\left_2026_09_01_07_01_33_118.jpg, C:\Users\eljes\Downloads\simulator-windows-64\IMG\right_2026_09_01_07_01_33_118.jpg, 0, 1, 0, 30.19028
C:\Users\eljes\Downloads\simulator-windows-64\IMG\center_2026_09_01_07_01_33_218.jpg, C:\Users\eljes\Downloads\simulator-windows-64\IMG\left_2026_09_01_07_01_33_218.jpg, C:\Users\eljes\Downloads\simulator-windows-64\IMG\right_2026_09_01_07_01_33_218.jpg, 0, 1, 0, 30.19024
C:\Users\eljes\Downloads\simulator-windows-64\IMG\center_2026_09_01_07_01_33_318.jpg, C:\Users\eljes\Downloads\simulator-windows-64\IMG\left_2026_09_01_07_01_33_318.jpg, C:\Users\eljes\Downloads\simulator-windows-64\IMG\right_2026_09_01_07_01_33_318.jpg, 0, 1, 0, 30.19029
C:\Users\eljes\Downloads\simulator-windows-64\IMG\center_2026_09_01_07_01_33_420.jpg, C:\Users\eljes\Downloads\simulator-windows-64\IMG\left_2026_09_01_07_01_33_420.jpg, C:\Users\eljes\Downloads\simulator-windows-64\IMG\right_2026_09_01_07_01_33_420.jpg, 0, 1, 0, 30.19011
C:\Users\eljes\Downloads\simulator-windows-64\IMG\center_2026_09_01_07_01_33_525.jpg, C:\Users\eljes\Downloads\simulator-windows-64\IMG\left_2026_09_01_07_01_33_525.jpg, C:\Users\eljes\Downloads\simulator-windows-64\IMG\right_2026_09_01_07_01_33_525.jpg, 0, 1, 0, 30.18997
C:\Users\eljes\Downloads\simulator-windows-64\IMG\center_2026_09_01_07_01_33_631.jpg, C:\Users\eljes\Downloads\simulator-windows-64\IMG\left_2026_09_01_07_01_33_631.jpg, C:\Users\eljes\Downloads\simulator-windows-64\IMG\right_2026_09_01_07_01_33_631.jpg, -0.093822, 1, 0, 30.18804
C:\Users\eljes\Downloads\simulator-windows-64\IMG\center_2026_09_01_07_01_33_734.jpg, C:\Users\eljes\Downloads\simulator-windows-64\IMG\left_2026_09_01_07_01_33_734.jpg, C:\Users\eljes\Downloads\simulator-windows-64\IMG\right_2026_09_01_07_01_33_734.jpg, -0.2146164, 1, 0, 30.18202
C:\Users\eljes\Downloads\simulator-windows-64\IMG\center_2026_09_01_07_01_33_837.jpg, C:\Users\eljes\Downloads\simulator-windows-64\IMG\left_2026_09_01_07_01_33_837.jpg, C:\Users\eljes\Downloads\simulator-windows-64\IMG\right_2026_09_01_07_01_33_837.jpg, 0, 1, 0, 30.18892
C:\Users\eljes\Downloads\simulator-windows-64\IMG\center_2026_09_01_07_01_33_942.jpg, C:\Users\eljes\Downloads\simulator-windows-64\IMG\left_2026_09_01_07_01_33_942.jpg, C:\Users\eljes\Downloads\simulator-windows-64\IMG\right_2026_09_01_07_01_33_942.jpg, 0, 1, 0, 30.19059
C:\Users\eljes\Downloads\simulator-windows-64\IMG\center_2026_09_01_07_01_34_043.jpg, C:\Users\eljes\Downloads\simulator-windows-64\IMG\left_2026_09_01_07_01_34_043.jpg, C:\Users\eljes\Downloads\simulator-windows-64\IMG\right_2026_09_01_07_01_34_043.jpg, 0, 1, 0, 30.19021
C:\Users\eljes\Downloads\simulator-windows-64\IMG\center_2026_09_01_07_01_34_148.jpg, C:\Users\eljes\Downloads\simulator-windows-64\IMG\left_2026_09_01_07_01_34_148.jpg, C:\Users\eljes\Downloads\simulator-windows-64\IMG\right_2026_09_01_07_01_34_148.jpg, -0.1454526, 1, 0, 30.18496
C:\Users\eljes\Downloads\simulator-windows-64\IMG\center_2026_09_01_07_01_34_250.jpg, C:\Users\eljes\Downloads\simulator-windows-64\IMG\left_2026_09_01_07_01_34_250.jpg, C:\Users\eljes\Downloads\simulator-windows-64\IMG\right_2026_09_01_07_01_34_250.jpg, -0.1892528, 1, 0, 30.18829
C:\Users\eljes\Downloads\simulator-windows-64\IMG\center_2026_09_01_07_01_34_353.jpg, C:\Users\eljes\Downloads\simulator-windows-64\IMG\left_2026_09_01_07_01_34_353.jpg, C:\Users\eljes\Downloads\simulator-windows-64\IMG\right_2026_09_01_07_01_34_353.jpg, 0, 1, 0, 30.1892
C:\Users\eljes\Downloads\simulator-windows-64\IMG\center_2026_09_01_07_01_34_457.jpg, C:\Users\eljes\Downloads\simulator-windows-64\IMG\left_2026_09_01_07_01_34_457.jpg, C:\Users\eljes\Downloads\simulator-windows-64\IMG\right_2026_09_01_07_01_34_457.jpg, 0, 1, 0, 30.19019
C:\Users\eljes\Downloads\simulator-windows-64\IMG\center_2026_09_01_07_01_34_563.jpg, C:\Users\eljes\Downloads\simulator-windows-64\IMG\left_2026_09_01_07_01_34_563.jpg, C:\Users\eljes\Downloads\simulator-windows-64\IMG\right_2026_09_01_07_01_34_563.jpg, 0, 1, 0, 30.19029
C:\Users\eljes\Downloads\simulator-windows-64\IMG\center_2026_09_01_07_01_34_666.jpg, C:\Users\eljes\Downloads\simulator-windows-64\IMG\left_2026_09_01_07_01_34_666.jpg, C:\Users\eljes\Downloads\simulator-windows-64\IMG\right_2026_09_01_07_01_34_666.jpg, 0, 1, 0, 30.19031
C:\Users\eljes\Downloads\simulator-windows-64\IMG\center_2026_09_01_07_01_34_770.jpg, C:\Users\eljes\Downloads\simulator-windows-64\IMG\left_2026_09_01_07_01_34_770.jpg, C:\Users\eljes\Downloads\simulator-windows-64\IMG\right_2026_09_01_07_01_34_770.jpg, 0, 1, 0, 30.1903
C:\Users\eljes\Downloads\simulator-windows-64\IMG\center_2026_09_01_07_01_34_872.jpg, C:\Users\eljes\Downloads\simulator-windows-64\IMG\left_2026_09_01_07_01_34_872.jpg, C:\Users\eljes\Downloads\simulator-windows-64\IMG\right_2026_09_01_07_01_34_872.jpg, 0, 1, 0, 30.19031
C:\Users\eljes\Downloads\simulator-windows-64\IMG\center_2026_09_01_07_01_34_972.jpg, C:\Users\eljes\Downloads\simulator-windows-64\IMG\left_2026_09_01_07_01_34_972.jpg, C:\Users\eljes\Downloads\simulator-windows-64\IMG\right_2026_09_01_07_01_34_972.jpg, 0, 1, 0, 30.19036
C:\Users\eljes\Downloads\simulator-windows-64\IMG\center_2026_09_01_07_01_35_077.jpg, C:\Users\eljes\Downloads\simulator-windows-64\IMG\left_2026_09_01_07_01_35_077.jpg, C:\Users\eljes\Downloads\simulator-windows-64\IMG\right_2026_09_01_07_01_35_077.jpg, 0, 1, 0, 30.19031
C:\Users\eljes\Downloads\simulator-windows-64\IMG\center_2026_09_01_07_01_35_177.jpg, C:\Users\eljes\Downloads\simulator-windows-64\IMG\left_2026_09_01_07_01_35_177.jpg, C:\Users\eljes\Downloads\simulator-windows-64\IMG\right_2026_09_01_07_01_35_177.jpg, 0, 1, 0, 30.19041
C:\Users\eljes\Downloads\simulator-windows-64\IMG\center_2026_09_01_07_01_35_282.jpg, C:\Users\eljes\Downloads\simulator-windows-64\IMG\left_2026_09_01_07_01_35_282.jpg, C:\Users\eljes\Downloads\simulator-windows-64\IMG\right_2026_09_01_07_01_35_282.jpg, 0, 1, 0, 30.19031
C:\Users\eljes\Downloads\simulator-windows-64\IMG\center_2026_09_01_07_01_35_386.jpg, C:\Users\eljes\Downloads\simulator-windows-64\IMG\left_2026_09_01_07_01_35_386.jpg, C:\Users\eljes\Downloads\simulator-windows-64\IMG\right_2026_09_01_07_01_35_386.jpg, 0.2758533, 1, 0, 30.1711
C:\Users\eljes\Downloads\simulator-windows-64\IMG\center_2026_09_01_07_01_35_490.jpg, C:\Users\eljes\Downloads\simulator-windows-64\IMG\left_2026_09_01_07_01_35_490.jpg, C:\Users\eljes\Downloads\simulator-windows-64\IMG\right_2026_09_01_07_01_35_490.jpg, 0.267597, 1, 0, 30.18648
C:\Users\eljes\Downloads\simulator-windows-64\IMG\center_2026_09_01_07_01_35_596.jpg, C:\Users\eljes\Downloads\simulator-windows-64\IMG\left_2026_09_01_07_01_35_596.jpg, C:\Users\eljes\Downloads\simulator-windows-64\IMG\right_2026_09_01_07_01_35_596.jpg, 0, 1, 0, 30.18723
C:\Users\eljes\Downloads\simulator-windows-64\IMG\center_2026_09_01_07_01_35_696.jpg, C:\Users\eljes\Downloads\simulator-windows-64\IMG\left_2026_09_01_07_01_35_696.jpg, C:\Users\eljes\Downloads\simulator-windows-64\IMG\right_2026_09_01_07_01_35_696.jpg, 0, 1, 0, 30.18985
C:\Users\eljes\Downloads\simulator-windows-64\IMG\center_2026_09_01_07_01_35_797.jpg, C:\Users\eljes\Downloads\simulator-windows-64\IMG\left_2026_09_01_07_01_35_797.jpg, C:\Users\eljes\Downloads\simulator-windows-64\IMG\right_2026_09_01_07_01_35_797.jpg, 0, 1, 0, 30.19026
C:\Users\eljes\Downloads\simulator-windows-64\IMG\center_2026_09_01_07_01_35_901.jpg, C:\Users\eljes\Downloads\simulator-windows-64\IMG\left_2026_09_01_07_01_35_901.jpg, C:\Users\eljes\Downloads\simulator-windows-64\IMG\right_2026_09_01_07_01_35_901.jpg, -0.1096737, 1, 0, 30.1864
C:\Users\eljes\Downloads\simulator-windows-64\IMG\center_2026_09_01_07_01_36_002.jpg, C:\Users\eljes\Downloads\simulator-windows-64\IMG\left_2026_09_01_07_01_36_002.jpg, C:\Users\eljes\Downloads\simulator-windows-64\IMG\right_2026_09_01_07_01_36_002.jpg, -0.2772879, 1, 0, 30.17402
C:\Users\eljes\Downloads\simulator-windows-64\IMG\center_2026_09_01_07_01_36_104.jpg, C:\Users\eljes\Downloads\simulator-windows-64\IMG\left_2026_09_01_07_01_36_104.jpg, C:\Users\eljes\Downloads\simulator-windows-64\IMG\right_2026_09_01_07_01_36_104.jpg, 0, 1, 0, 30.18836
C:\Users\eljes\Downloads\simulator-windows-64\IMG\center_2026_09_01_07_01_36_207.jpg, C:\Users\eljes\Downloads\simulator-windows-64\IMG\left_2026_09_01_07_01_36_207.jpg, C:\Users\eljes\Downloads\simulator-windows-64\IMG\right_2026_09_01_07_01_36_207.jpg, 0, 1, 0, 30.18991
C:\Users\eljes\Downloads\simulator-windows-64\IMG\center_2026_09_01_07_01_36_307.jpg, C:\Users\eljes\Downloads\simulator-windows-64\IMG\left_2026_09_01_07_01_36_307.jpg, C:\Users\eljes\Downloads\simulator-windows-64\IMG\right_2026_09_01_07_01_36_307.jpg, -0.2415942, 1, 0, 30.17844
C:\Users\eljes\Downloads\simulator-windows-64\IMG\center_2026_09_01_07_01_36_411.jpg, C:\Users\eljes\Downloads\simulator-windows-64\IMG\left_2026_09_01_07_01_36_411.jpg, C:\Users\eljes\Downloads\simulator-windows-64\IMG\right_2026_09_01_07_01_36_411.jpg, 0, 1, 0, 30.18972
C:\Users\eljes\Downloads\simulator-windows-64\IMG\center_2026_09_01_07_01_36_511.jpg, C:\Users\eljes\Downloads\simulator-windows-64\IMG\left_2026_09_01_07_01_36_511.jpg, C:\Users\eljes\Downloads\simulator-windows-64\IMG\right_2026_09_01_07_01_36_511.jpg, 0, 1, 0, 30.19021
C:\Users\eljes\Downloads\simulator-windows-64\IMG\center_2026_09_01_07_01_36_615.jpg, C:\Users\eljes\Downloads\simulator-windows-64\IMG\left_2026_09_01_07_01_36_615.jpg, C:\Users\eljes\Downloads\simulator-windows-64\IMG\right_2026_09_01_07_01_36_615.jpg, -0.2442585, 1, 0, 30.17612
C:\Users\eljes\Downloads\simulator-windows-64\IMG\center_2026_09_01_07_01_36_716.jpg, C:\Users\eljes\Downloads\simulator-windows-64\IMG\left_2026_09_01_07_01_36_716.jpg, C:\Users\eljes\Downloads\simulator-windows-64\IMG\right_2026_09_01_07_01_36_716.jpg, 0, 1, 0, 30.18956
C:\Users\eljes\Downloads\simulator-windows-64\IMG\center_2026_09_01_07_01_36_819.jpg, C:\Users\eljes\Downloads\simulator-windows-64\IMG\left_2026_09_01_07_01_36_819.jpg, C:\Users\eljes\Downloads\simulator-windows-64\IMG\right_2026_09_01_07_01_36_819.jpg, 0, 1, 0, 30.1902
C:\Users\eljes\Downloads\simulator-windows-64\IMG\center_2026_09_01_07_01_36_919.jpg, C:\Users\eljes\Downloads\simulator-windows-64\IMG\left_2026_09_01_07_01_36_919.jpg, C:\Users\eljes\Downloads\simulator-windows-64\IMG\right_2026_09_01_07_01_36_919.jpg, 0, 1, 0, 30.19031
C:\Users\eljes\Downloads\simulator-windows-64\IMG\center_2026_09_01_07_01_37_024.jpg, C:\Users\eljes\Downloads\simulator-windows-64\IMG\left_2026_09_01_07_01_37_024.jpg, C:\Users\eljes\Downloads\simulator-windows-64\IMG\right_2026_09_01_07_01_37_024.jpg, 0, 1, 0, 30.1903
C:\Users\eljes\Downloads\simulator-windows-64\IMG\center_2026_09_01_07_01_37_129.jpg, C:\Users\eljes\Downloads\simulator-windows-64\IMG\left_2026_09_01_07_01_37_129.jpg, C:\Users\eljes\Downloads\simulator-windows-64\IMG\right_2026_09_01_07_01_37_129.jpg, 0, 1, 0, 30.19029
C:\Users\eljes\Downloads\simulator-windows-64\IMG\center_2026_09_01_07_01_37_231.jpg, C:\Users\eljes\Downloads\simulator-windows-64\IMG\left_2026_09_01_07_01_37_231.jpg, C:\Users\eljes\Downloads\simulator-windows-64\IMG\right_2026_09_01_07_01_37_231.jpg, -0.0445971, 1, 0, 30.18984
C:\Users\eljes\Downloads\simulator-windows-64\IMG\center_2026_09_01_07_01_37_337.jpg, C:\Users\eljes\Downloads\simulator-windows-64\IMG\left_2026_09_01_07_01_37_337.jpg, C:\Users\eljes\Downloads\simulator-windows-64\IMG\right_2026_09_01_07_01_37_337.jpg, -0.3382887, 1, 0, 30.16315
C:\Users\eljes\Downloads\simulator-windows-64\IMG\center_2026_09_01_07_01_37_443.jpg, C:\Users\eljes\Downloads\simulator-windows-64\IMG\left_2026_09_01_07_01_37_443.jpg, C:\Users\eljes\Downloads\simulator-windows-64\IMG\right_2026_09_01_07_01_37_443.jpg, -0.1803369, 1, 0, 30.19081
C:\Users\eljes\Downloads\simulator-windows-64\IMG\center_2026_09_01_07_01_37_547.jpg, C:\Users\eljes\Downloads\simulator-windows-64\IMG\left_2026_09_01_07_01_37_547.jpg, C:\Users\eljes\Downloads\simulator-windows-64\IMG\right_2026_09_01_07_01_37_547.jpg, 0, 1, 0, 30.15213
C:\Users\eljes\Downloads\simulator-windows-64\IMG\center_2026_09_01_07_01_37_647.jpg, C:\Users\eljes\Downloads\simulator-windows-64\IMG\left_2026_09_01_07_01_37_647.jpg, C:\Users\eljes\Downloads\simulator-windows-64\IMG\right_2026_09_01_07_01_37_647.jpg, 0, 1, 0, 30.18976
C:\Users\eljes\Downloads\simulator-windows-64\IMG\center_2026_09_01_07_01_37_754.jpg, C:\Users\eljes\Downloads\simulator-windows-64\IMG\left_2026_09_01_07_01_37_754.jpg, C:\Users\eljes\Downloads\simulator-windows-64\IMG\right_2026_09_01_07_01_37_754.jpg, 0, 1, 0, 30.16026
C:\Users\eljes\Downloads\simulator-windows-64\IMG\center_2026_09_01_07_01_37_855.jpg, C:\Users\eljes\Downloads\simulator-windows-64\IMG\left_2026_09_01_07_01_37_855.jpg, C:\Users\eljes\Downloads\simulator-windows-64\IMG\right_2026_09_01_07_01_37_855.jpg, 0, 1, 0, 30.18902
C:\Users\eljes\Downloads\simulator-windows-64\IMG\center_2026_09_01_07_01_37_956.jpg, C:\Users\eljes\Downloads\simulator-windows-64\IMG\left_2026_09_01_07_01_37_956.jpg, C:\Users\eljes\Downloads\simulator-windows-64\IMG\right_2026_09_01_07_01_37_956.jpg, 0, 1, 0, 30.18993
C:\Users\eljes\Downloads\simulator-windows-64\IMG\center_2026_09_01_07_01_38_057.jpg, C:\Users\eljes\Downloads\simulator-windows-64\IMG\left_2026_09_01_07_01_38_057.jpg, C:\Users\eljes\Downloads\simulator-windows-64\IMG\right_2026_09_01_07_01_38_057.jpg, 0.1529583, 1, 0, 30.18341
C:\Users\eljes\Downloads\simulator-windows-64\IMG\center_2026_09_01_07_01_38_159.jpg, C:\Users\eljes\Downloads\simulator-windows-64\IMG\left_2026_09_01_07_01_38_159.jpg, C:\Users\eljes\Downloads\simulator-windows-64\IMG\right_2026_09_01_07_01_38_159.jpg, 0.4130451, 1, 0, 30.15537
C:\Users\eljes\Downloads\simulator-windows-64\IMG\center_2026_09_01_07_01_38_261.jpg, C:\Users\eljes\Downloads\simulator-windows-64\IMG\left_2026_09_01_07_01_38_261.jpg, C:\Users\eljes\Downloads\simulator-windows-64\IMG\right_2026_09_01_07_01_38_261.jpg, 0.104202, 1, 0, 30.19132
C:\Users\eljes\Downloads\simulator-windows-64\IMG\center_2026_09_01_07_01_38_365.jpg, C:\Users\eljes\Downloads\simulator-windows-64\IMG\left_2026_09_01_07_01_38_365.jpg, C:\Users\eljes\Downloads\simulator-windows-64\IMG\right_2026_09_01_07_01_38_365.jpg, 0, 1, 0, 30.18876
C:\Users\eljes\Downloads\simulator-windows-64\IMG\center_2026_09_01_07_01_38_471.jpg, C:\Users\eljes\Downloads\simulator-windows-64\IMG\left_2026_09_01_07_01_38_471.jpg, C:\Users\eljes\Downloads\simulator-windows-64\IMG\right_2026_09_01_07_01_38_471.jpg, 0, 1, 0, 30.18979
C:\Users\eljes\Downloads\simulator-windows-64\IMG\center_2026_09_01_07_01_38_573.jpg, C:\Users\eljes\Downloads\simulator-windows-64\IMG\left_2026_09_01_07_01_38_573.jpg, C:\Users\eljes\Downloads\simulator-windows-64\IMG\right_2026_09_01_07_01_38_573.jpg, 0, 1, 0, 30.18985
C:\Users\eljes\Downloads\simulator-windows-64\IMG\center_2026_09_01_07_01_38_676.jpg, C:\Users\eljes\Downloads\simulator-windows-64\IMG\left_2026_09_01_07_01_38_676.jpg, C:\Users\eljes\Downloads\simulator-windows-64\IMG\right_2026_09_01_07_01_38_676.jpg, 0, 1, 0, 30.18985
C:\Users\eljes\Downloads\simulator-windows-64\IMG\center_2026_09_01_07_01_38_776.jpg, C:\Users\eljes\Downloads\simulator-windows-64\IMG\left_2026_09_01_07_01_38_776.jpg, C:\Users\eljes\Downloads\simulator-windows-64\IMG\right_2026_09_01_07_01_38_776.jpg, 0, 1, 0, 30.18981
C:\Users\eljes\Downloads\simulator-windows-64\IMG\center_2026_09_01_07_01_38_876.jpg, C:\Users\eljes\Downloads\simulator-windows-64\IMG\left_2026_09_01_07_01_38_876.jpg, C:\Users\eljes\Downloads\simulator-windows-64\IMG\right_2026_09_01_07_01_38_876.jpg, 0, 1, 0, 30.18985
C:\Users\eljes\Downloads\simulator-windows-64\IMG\center_2026_09_01_07_01_38_981.jpg, C:\Users\eljes\Downloads\simulator-windows-64\IMG\left_2026_09_01_07_01_38_981.jpg, C:\Users\eljes\Downloads\simulator-windows-64\IMG\right_2026_09_01_07_01_38_981.jpg, 0, 1, 0, 30.18983
C:\Users\eljes\Downloads\simulator-windows-64\IMG\center_2026_09_01_07_01_39_083.jpg, C:\Users\eljes\Downloads\simulator-windows-64\IMG\left_2026_09_01_07_01_39_083.jpg, C:\Users\eljes\Downloads\simulator-windows-64\IMG\right_2026_09_01_07_01_39_083.jpg, 0, 1, 0, 30.18984
C:\Users\eljes\Downloads\simulator-windows-64\IMG\center_2026_09_01_07_01_39_184.jpg, C:\Users\eljes\Downloads\simulator-windows-64\IMG\left_2026_09_01_07_01_39_184.jpg, C:\Users\eljes\Downloads\simulator-windows-64\IMG\right_2026_09_01_07_01_39_184.jpg, 0, 1, 0, 30.18984
C:\Users\eljes\Downloads\simulator-windows-64\IMG\center_2026_09_01_07_01_39_292.jpg, C:\Users\eljes\Downloads\simulator-windows-64\IMG\left_2026_09_01_07_01_39_292.jpg, C:\Users\eljes\Downloads\simulator-windows-64\IMG\right_2026_09_01_07_01_39_292.jpg, 0, 1, 0, 30.18982
C:\Users\eljes\Downloads\simulator-windows-64\IMG\center_2026_09_01_07_01_39_398.jpg, C:\Users\eljes\Downloads\simulator-windows-64\IMG\left_2026_09_01_07_01_39_398.jpg, C:\Users\eljes\Downloads\simulator-windows-64\IMG\right_2026_09_01_07_01_39_398.jpg, -0.2398095, 1, 0, 30.17463
C:\Users\eljes\Downloads\simulator-windows-64\IMG\center_2026_09_01_07_01_39_505.jpg, C:\Users\eljes\Downloads\simulator-windows-64\IMG\left_2026_09_01_07_01_39_505.jpg, C:\Users\eljes\Downloads\simulator-windows-64\IMG\right_2026_09_01_07_01_39_505.jpg, -0.2542008, 1, 0, 30.18493
C:\Users\eljes\Downloads\simulator-windows-64\IMG\center_2026_09_01_07_01_39_610.jpg, C:\Users\eljes\Downloads\simulator-windows-64\IMG\left_2026_09_01_07_01_39_610.jpg, C:\Users\eljes\Downloads\simulator-windows-64\IMG\right_2026_09_01_07_01_39_610.jpg, 0, 1, 0, 30.18845
C:\Users\eljes\Downloads\simulator-windows-64\IMG\center_2026_09_01_07_01_39_712.jpg, C:\Users\eljes\Downloads\simulator-windows-64\IMG\left_2026_09_01_07_01_39_712.jpg, C:\Users\eljes\Downloads\simulator-windows-64\IMG\right_2026_09_01_07_01_39_712.jpg, 0, 1, 0, 30.18978
C:\Users\eljes\Downloads\simulator-windows-64\IMG\center_2026_09_01_07_01_39_815.jpg, C:\Users\eljes\Downloads\simulator-windows-64\IMG\left_2026_09_01_07_01_39_815.jpg, C:\Users\eljes\Downloads\simulator-windows-64\IMG\right_2026_09_01_07_01_39_815.jpg, 0, 1, 0, 30.18999
C:\Users\eljes\Downloads\simulator-windows-64\IMG\center_2026_09_01_07_01_39_917.jpg, C:\Users\eljes\Downloads\simulator-windows-64\IMG\left_2026_09_01_07_01_39_917.jpg, C:\Users\eljes\Downloads\simulator-windows-64\IMG\right_2026_09_01_07_01_39_917.jpg, 0, 1, 0, 30.18999
C:\Users\eljes\Downloads\simulator-windows-64\IMG\center_2026_09_01_07_01_40_019.jpg, C:\Users\eljes\Downloads\simulator-windows-64\IMG\left_2026_09_01_07_01_40_019.jpg, C:\Users\eljes\Downloads\simulator-windows-64\IMG\right_2026_09_01_07_01_40_019.jpg, 0, 1, 0, 30.19002
C:\Users\eljes\Downloads\simulator-windows-64\IMG\center_2026_09_01_07_01_40_118.jpg, C:\Users\eljes\Downloads\simulator-windows-64\IMG\left_2026_09_01_07_01_40_118.jpg, C:\Users\eljes\Downloads\simulator-windows-64\IMG\right_2026_09_01_07_01_40_118.jpg, 0, 1, 0, 30.19001
C:\Users\eljes\Downloads\simulator-windows-64\IMG\center_2026_09_01_07_01_40_224.jpg, C:\Users\eljes\Downloads\simulator-windows-64\IMG\left_2026_09_01_07_01_40_224.jpg, C:\Users\eljes\Downloads\simulator-windows-64\IMG\right_2026_09_01_07_01_40_224.jpg, 0, 1, 0, 30.19002
C:\Users\eljes\Downloads\simulator-windows-64\IMG\center_2026_09_01_07_01_40_334.jpg, C:\Users\eljes\Downloads\simulator-windows-64\IMG\left_2026_09_01_07_01_40_334.jpg, C:\Users\eljes\Downloads\simulator-windows-64\IMG\right_2026_09_01_07_01_40_334.jpg, 0, 1, 0, 30.19002
C:\Users\eljes\Downloads\simulator-windows-64\IMG\center_2026_09_01_07_01_40_436.jpg, C:\Users\eljes\Downloads\simulator-windows-64\IMG\left_2026_09_01_07_01_40_436.jpg, C:\Users\eljes\Downloads\simulator-windows-64\IMG\right_2026_09_01_07_01_40_436.jpg, 0, 1, 0, 30.19001
C:\Users\eljes\Downloads\simulator-windows-64\IMG\center_2026_09_01_07_01_40_539.jpg, C:\Users\eljes\Downloads\simulator-windows-64\IMG\left_2026_09_01_07_01_40_539.jpg, C:\Users\eljes\Downloads\simulator-windows-64\IMG\right_2026_09_01_07_01_40_539.jpg, 0, 1, 0, 30.19002
C:\Users\eljes\Downloads\simulator-windows-64\IMG\center_2026_09_01_07_01_40_640.jpg, C:\Users\eljes\Downloads\simulator-windows-64\IMG\left_2026_09_01_07_01_40_640.jpg, C:\Users\eljes\Downloads\simulator-windows-64\IMG\right_2026_09_01_07_01_40_640.jpg, 0, 1, 0, 30.19003
C:\Users\eljes\Downloads\simulator-windows-64\IMG\center_2026_09_01_07_01_40_747.jpg, C:\Users\eljes\Downloads\simulator-windows-64\IMG\left_2026_09_01_07_01_40_747.jpg, C:\Users\eljes\Downloads\simulator-windows-64\IMG\right_2026_09_01_07_01_40_747.jpg, 0, 1, 0, 30.19
C:\Users\eljes\Downloads\simulator-windows-64\IMG\center_2026_09_01_07_01_40_850.jpg, C:\Users\eljes\Downloads\simulator-windows-64\IMG\left_2026_09_01_07_01_40_850.jpg, C:\Users\eljes\Downloads\simulator-windows-64\IMG\right_2026_09_01_07_01_40_850.jpg, 0, 1, 0, 30.18999
C:\Users\eljes\Downloads\simulator-windows-64\IMG\center_2026_09_01_07_01_40_952.jpg, C:\Users\eljes\Downloads\simulator-windows-64\IMG\left_2026_09_01_07_01_40_952.jpg, C:\Users\eljes\Downloads\simulator-windows-64\IMG\right_2026_09_01_07_01_40_952.jpg, 0, 1, 0, 30.19002
C:\Users\eljes\Downloads\simulator-windows-64\IMG\center_2026_09_01_07_01_41_052.jpg, C:\Users\eljes\Downloads\simulator-windows-64\IMG\left_2026_09_01_07_01_41_052.jpg, C:\Users\eljes\Downloads\simulator-windows-64\IMG\right_2026_09_01_07_01_41_052.jpg, 0, 1, 0, 30.19002
C:\Users\eljes\Downloads\simulator-windows-64\IMG\center_2026_09_01_07_01_41_152.jpg, C:\Users\eljes\Downloads\simulator-windows-64\IMG\left_2026_09_01_07_01_41_152.jpg, C:\Users\eljes\Downloads\simulator-windows-64\IMG\right_2026_09_01_07_01_41_152.jpg, 0, 1, 0, 30.19003
C:\Users\eljes\Downloads\simulator-windows-64\IMG\center_2026_09_01_07_01_41_259.jpg, C:\Users\eljes\Downloads\simulator-windows-64\IMG\left_2026_09_01_07_01_41_259.jpg, C:\Users\eljes\Downloads\simulator-windows-64\IMG\right_2026_09_01_07_01_41_259.jpg, 0, 1, 0, 30.19002
C:\Users\eljes\Downloads\simulator-windows-64\IMG\center_2026_09_01_07_01_41_367.jpg, C:\Users\eljes\Downloads\simulator-windows-64\IMG\left_2026_09_01_07_01_41_367.jpg, C:\Users\eljes\Downloads\simulator-windows-64\IMG\right_2026_09_01_07_01_41_367.jpg, 0, 1, 0, 30.19002
C:\Users\eljes\Downloads\simulator-windows-64\IMG\center_2026_09_01_07_01_41_474.jpg, C:\Users\eljes\Downloads\simulator-windows-64\IMG\left_2026_09_01_07_01_41_474.jpg, C:\Users\eljes\Downloads\simulator-windows-64\IMG\right_2026_09_01_07_01_41_474.jpg, 0, 1, 0, 30.19001
C:\Users\eljes\Downloads\simulator-windows-64\IMG\center_2026_09_01_07_01_41_579.jpg, C:\Users\eljes\Downloads\simulator-windows-64\IMG\left_2026_09_01_07_01_41_579.jpg, C:\Users\eljes\Downloads\simulator-windows-64\IMG\right_2026_09_01_07_01_41_579.jpg, 0, 1, 0, 30.19002
C:\Users\eljes\Downloads\simulator-windows-64\IMG\center_2026_09_01_07_01_41_683.jpg, C:\Users\eljes\Downloads\simulator-windows-64\IMG\left_2026_09_01_07_01_41_683.jpg, C:\Users\eljes\Downloads\simulator-windows-64\IMG\right_2026_09_01_07_01_41_683.jpg, 0, 1, 0, 30.19002
C:\Users\eljes\Downloads\simulator-windows-64\IMG\center_2026_09_01_07_01_41_785.jpg, C:\Users\eljes\Downloads\simulator-windows-64\IMG\left_2026_09_01_07_01_41_785.jpg, C:\Users\eljes\Downloads\simulator-windows-64\IMG\right_2026_09_01_07_01_41_785.jpg, 0, 1, 0, 30.19
C:\Users\eljes\Downloads\simulator-windows-64\IMG\center_2026_09_01_07_01_41_893.jpg, C:\Users\eljes\Downloads\simulator-windows-64\IMG\left_2026_09_01_07_01_41_893.jpg, C:\Users\eljes\Downloads\simulator-windows-64\IMG\right_2026_09_01_07_01_41_893.jpg, 0, 1, 0, 30.19002
C:\Users\eljes\Downloads\simulator-windows-64\IMG\center_2026_09_01_07_01_41_997.jpg, C:\Users\eljes\Downloads\simulator-windows-64\IMG\left_2026_09_01_07_01_41_997.jpg, C:\Users\eljes\Downloads\simulator-windows-64\IMG\right_2026_09_01_07_01_41_997.jpg, 0, 1, 0, 30.19003
C:\Users\eljes\Downloads\simulator-windows-64\IMG\center_2026_09_01_07_01_42_105.jpg, C:\Users\eljes\Downloads\simulator-windows-64\IMG\left_2026_09_01_07_01_42_105.jpg, C:\Users\eljes\Downloads\simulator-windows-64\IMG\right_2026_09_01_07_01_42_105.jpg, 0, 1, 0, 30.19002
C:\Users\eljes\Downloads\simulator-windows-64\IMG\center_2026_09_01_07_01_42_213.jpg, C:\Users\eljes\Downloads\simulator-windows-64\IMG\left_2026_09_01_07_01_42_213.jpg, C:\Users\eljes\Downloads\simulator-windows-64\IMG\right_2026_09_01_07_01_42_213.jpg, 0, 1, 0, 30.19001
C:\Users\eljes\Downloads\simulator-windows-64\IMG\center_2026_09_01_07_01_42_313.jpg, C:\Users\eljes\Downloads\simulator-windows-64\IMG\left_2026_09_01_07_01_42_313.jpg, C:\Users\eljes\Downloads\simulator-windows-64\IMG\right_2026_09_01_07_01_42_313.jpg, 0, 1, 0, 30.19001
C:\Users\eljes\Downloads\simulator-windows-64\IMG\center_2026_09_01_07_01_42_418.jpg, C:\Users\eljes\Downloads\simulator-windows-64\IMG\left_2026_09_01_07_01_42_418.jpg, C:\Users\eljes\Downloads\simulator-windows-64\IMG\right_2026_09_01_07_01_42_418.jpg, 0, 1, 0, 30.19003
C:\Users\eljes\Downloads\simulator-windows-64\IMG\center_2026_09_01_07_01_42_526.jpg, C:\Users\eljes\Downloads\simulator-windows-64\IMG\left_2026_09_01_07_01_42_526.jpg, C:\Users\eljes\Downloads\simulator-windows-64\IMG\right_2026_09_01_07_01_42_526.jpg, 0, 1, 0, 30.19002
C:\Users\eljes\Downloads\simulator-windows-64\IMG\center_2026_09_01_07_01_42_627.jpg, C:\Users\eljes\Downloads\simulator-windows-64\IMG\left_2026_09_01_07_01_42_627.jpg, C:\Users\eljes\Downloads\simulator-windows-64\IMG\right_2026_09_01_07_01_42_627.jpg, 0, 1, 0, 30.19002
C:\Users\eljes\Downloads\simulator-windows-64\IMG\center_2026_09_01_07_01_42_733.jpg, C:\Users\eljes\Downloads\simulator-windows-64\IMG\left_2026_09_01_07_01_42_733.jpg, C:\Users\eljes\Downloads\simulator-windows-64\IMG\right_2026_09_01_07_01_42_733.jpg, 0, 1, 0, 30.19003
C:\Users\eljes\Downloads\simulator-windows-64\IMG\center_2026_09_01_07_01_42_835.jpg, C:\Users\eljes\Downloads\simulator-windows-64\IMG\left_2026_09_01_07_01_42_835.jpg, C:\Users\eljes\Downloads\simulator-windows-64\IMG\right_2026_09_01_07_01_42_835.jpg, 0, 1, 0, 30.19
C:\Users\eljes\Downloads\simulator-windows-64\IMG\center_2026_09_01_07_01_42_943.jpg, C:\Users\eljes\Downloads\simulator-windows-64\IMG\left_2026_09_01_07_01_42_943.jpg, C:\Users\eljes\Downloads\simulator-windows-64\IMG\right_2026_09_01_07_01_42_943.jpg, 0, 1, 0, 30.19002
C:\Users\eljes\Downloads\simulator-windows-64\IMG\center_2026_09_01_07_01_43_047.jpg, C:\Users\eljes\Downloads\simulator-windows-64\IMG\left_2026_09_01_07_01_43_047.jpg, C:\Users\eljes\Downloads\simulator-windows-64\IMG\right_2026_09_01_07_01_43_047.jpg, 0, 1, 0, 30.19002
C:\Users\eljes\Downloads\simulator-windows-64\IMG\center_2026_09_01_07_01_43_148.jpg, C:\Users\eljes\Downloads\simulator-windows-64\IMG\left_2026_09_01_07_01_43_148.jpg, C:\Users\eljes\Downloads\simulator-windows-64\IMG\right_2026_09_01_07_01_43_148.jpg, 0, 1, 0, 30.19002
C:\Users\eljes\Downloads\simulator-windows-64\IMG\center_2026_09_01_07_01_43_250.jpg, C:\Users\eljes\Downloads\simulator-windows-64\IMG\left_2026_09_01_07_01_43_250.jpg, C:\Users\eljes\Downloads\simulator-windows-64\IMG\right_2026_09_01_07_01_43_250.jpg, 0, 1, 0, 30.19001
C:\Users\eljes\Downloads\simulator-windows-64\IMG\center_2026_09_01_07_01_43_355.jpg, C:\Users\eljes\Downloads\simulator-windows-64\IMG\left_2026_09_01_07_01_43_355.jpg, C:\Users\eljes\Downloads\simulator-windows-64\IMG\right_2026_09_01_07_01_43_355.jpg, 0, 1, 0, 30.19002
C:\Users\eljes\Downloads\simulator-windows-64\IMG\center_2026_09_01_07_01_43_463.jpg, C:\Users\eljes\Downloads\simulator-windows-64\IMG\left_2026_09_01_07_01_43_463.jpg, C:\Users\eljes\Downloads\simulator-windows-64\IMG\right_2026_09_01_07_01_43_463.jpg, 0, 1, 0, 30.19002
C:\Users\eljes\Downloads\simulator-windows-64\IMG\center_2026_09_01_07_01_43_566.jpg, C:\Users\eljes\Downloads\simulator-windows-64\IMG\left_2026_09_01_07_01_43_566.jpg, C:\Users\eljes\Downloads\simulator-windows-64\IMG\right_2026_09_01_07_01_43_566.jpg, 0, 1, 0, 30.19004
C:\Users\eljes\Downloads\simulator-windows-64\IMG\center_2026_09_01_07_01_43_669.jpg, C:\Users\eljes\Downloads\simulator-windows-64\IMG\left_2026_09_01_07_01_43_669.jpg, C:\Users\eljes\Downloads\simulator-windows-64\IMG\right_2026_09_01_07_01_43_669.jpg, 0, 1, 0, 30.19001
C:\Users\eljes\Downloads\simulator-windows-64\IMG\center_2026_09_01_07_01_43_771.jpg, C:\Users\eljes\Downloads\simulator-windows-64\IMG\left_2026_09_01_07_01_43_771.jpg, C:\Users\eljes\Downloads\simulator-windows-64\IMG\right_2026_09_01_07_01_43_771.jpg, 0, 1, 0, 30.19003
C:\Users\eljes\Downloads\simulator-windows-64\IMG\center_2026_09_01_07_01_43_872.jpg, C:\Users\eljes\Downloads\simulator-windows-64\IMG\left_2026_09_01_07_01_43_872.jpg, C:\Users\eljes\Downloads\simulator-windows-64\IMG\right_2026_09_01_07_01_43_872.jpg, 0, 1, 0, 30.18999
C:\Users\eljes\Downloads\simulator-windows-64\IMG\center_2026_09_01_07_01_43_973.jpg, C:\Users\eljes\Downloads\simulator-windows-64\IMG\left_2026_09_01_07_01_43_973.jpg, C:\Users\eljes\Downloads\simulator-windows-64\IMG\right_2026_09_01_07_01_43_973.jpg, 0, 1, 0, 30.19001
C:\Users\eljes\Downloads\simulator-windows-64\IMG\center_2026_09_01_07_01_44_077.jpg, C:\Users\eljes\Downloads\simulator-windows-64\IMG\left_2026_09_01_07_01_44_077.jpg, C:\Users\eljes\Downloads\simulator-windows-64\IMG\right_2026_09_01_07_01_44_077.jpg, 0, 1, 0, 30.19001
C:\Users\eljes\Downloads\simulator-windows-64\IMG\center_2026_09_01_07_01_44_179.jpg, C:\Users\eljes\Downloads\simulator-windows-64\IMG\left_2026_09_01_07_01_44_179.jpg, C:\Users\eljes\Downloads\simulator-windows-64\IMG\right_2026_09_01_07_01_44_179.jpg, 0, 1, 0, 30.19002
C:\Users\eljes\Downloads\simulator-windows-64\IMG\center_2026_09_01_07_01_44_287.jpg, C:\Users\eljes\Downloads\simulator-windows-64\IMG\left_2026_09_01_07_01_44_287.jpg, C:\Users\eljes\Downloads\simulator-windows-64\IMG\right_2026_09_01_07_01_44_287.jpg, 0, 1, 0, 30.19001
C:\Users\eljes\Downloads\simulator-windows-64\IMG\center_2026_09_01_07_01_44_392.jpg, C:\Users\eljes\Downloads\simulator-windows-64\IMG\left_2026_09_01_07_01_44_392.jpg, C:\Users\eljes\Downloads\simulator-windows-64\IMG\right_2026_09_01_07_01_44_392.jpg, 0, 1, 0, 30.19
C:\Users\eljes\Downloads\simulator-windows-64\IMG\center_2026_09_01_07_01_44_492.jpg, C:\Users\eljes\Downloads\simulator-windows-64\IMG\left_2026_09_01_07_01_44_492.jpg, C:\Users\eljes\Downloads\simulator-windows-64\IMG\right_2026_09_01_07_01_44_492.jpg, 0, 1, 0, 30.19001
C:\Users\eljes\Downloads\simulator-windows-64\IMG\center_2026_09_01_07_01_44_595.jpg, C:\Users\eljes\Downloads\simulator-windows-64\IMG\left_2026_09_01_07_01_44_595.jpg, C:\Users\eljes\Downloads\simulator-windows-64\IMG\right_2026_09_01_07_01_44_595.jpg, 0, 1, 0, 30.19002
C:\Users\eljes\Downloads\simulator-windows-64\IMG\center_2026_09_01_07_01_44_703.jpg, C:\Users\eljes\Downloads\simulator-windows-64\IMG\left_2026_09_01_07_01_44_703.jpg, C:\Users\eljes\Downloads\simulator-windows-64\IMG\right_2026_09_01_07_01_44_703.jpg, 0, 1, 0, 30.19002
C:\Users\eljes\Downloads\simulator-windows-64\IMG\center_2026_09_01_07_01_44_806.jpg, C:\Users\eljes\Downloads\simulator-windows-64\IMG\left_2026_09_01_07_01_44_806.jpg, C:\Users\eljes\Downloads\simulator-windows-64\IMG\right_2026_09_01_07_01_44_806.jpg, 0, 1, 0, 30.19002
C:\Users\eljes\Downloads\simulator-windows-64\IMG\center_2026_09_01_07_01_44_907.jpg, C:\Users\eljes\Downloads\simulator-windows-64\IMG\left_2026_09_01_07_01_44_907.jpg, C:\Users\eljes\Downloads\simulator-windows-64\IMG\right_2026_09_01_07_01_44_907.jpg, 0, 1, 0, 30.19
C:\Users\eljes\Downloads\simulator-windows-64\IMG\center_2026_09_01_07_01_45_007.jpg, C:\Users\eljes\Downloads\simulator-windows-64\IMG\left_2026_09_01_07_01_45_007.jpg, C:\Users\eljes\Downloads\simulator-windows-64\IMG\right_2026_09_01_07_01_45_007.jpg, 0, 1, 0, 30.19003
C:\Users\eljes\Downloads\simulator-windows-64\IMG\center_2026_09_01_07_01_45_113.jpg, C:\Users\eljes\Downloads\simulator-windows-64\IMG\left_2026_09_01_07_01_45_113.jpg, C:\Users\eljes\Downloads\simulator-windows-64\IMG\right_2026_09_01_07_01_45_113.jpg, 0, 1, 0, 30.19002
C:\Users\eljes\Downloads\simulator-windows-64\IMG\center_2026_09_01_07_01_45_213.jpg, C:\Users\eljes\Downloads\simulator-windows-64\IMG\left_2026_09_01_07_01_45_213.jpg, C:\Users\eljes\Downloads\simulator-windows-64\IMG\right_2026_09_01_07_01_45_213.jpg, 0, 1, 0, 30.19001
C:\Users\eljes\Downloads\simulator-windows-64\IMG\center_2026_09_01_07_01_45_313.jpg, C:\Users\eljes\Downloads\simulator-windows-64\IMG\left_2026_09_01_07_01_45_313.jpg, C:\Users\eljes\Downloads\simulator-windows-64\IMG\right_2026_09_01_07_01_45_313.jpg, 0, 1, 0, 30.19003
C:\Users\eljes\Downloads\simulator-windows-64\IMG\center_2026_09_01_07_01_45_418.jpg, C:\Users\eljes\Downloads\simulator-windows-64\IMG\left_2026_09_01_07_01_45_418.jpg, C:\Users\eljes\Downloads\simulator-windows-64\IMG\right_2026_09_01_07_01_45_418.jpg, 0, 1, 0, 30.19001
C:\Users\eljes\Downloads\simulator-windows-64\IMG\center_2026_09_01_07_02_56_191.jpg, C:\Users\eljes\Downloads\simulator-windows-64\IMG\left_2026_09_01_07_02_56_191.jpg, C:\Users\eljes\Downloads\simulator-windows-64\IMG\right_2026_09_01_07_02_56_191.jpg, 0, 1, 0, 30.19023
C:\Users\eljes\Downloads\simulator-windows-64\IMG\center_2026_09_01_07_02_56_297.jpg, C:\Users\eljes\Downloads\simulator-windows-64\IMG\left_2026_09_01_07_02_56_297.jpg, C:\Users\eljes\Downloads\simulator-windows-64\IMG\right_2026_09_01_07_02_56_297.jpg, -0.2952723, 1, 0, 30.16879
C:\Users\eljes\Downloads\simulator-windows-64\IMG\center_2026_09_01_07_02_56_399.jpg, C:\Users\eljes\Downloads\simulator-windows-64\IMG\left_2026_09_01_07_02_56_399.jpg, C:\Users\eljes\Downloads\simulator-windows-64\IMG\right_2026_09_01_07_02_56_399.jpg, -0.1641681, 1, 0, 30.19046
C:\Users\eljes\Downloads\simulator-windows-64\IMG\center_2026_09_01_07_02_56_504.jpg, C:\Users\eljes\Downloads\simulator-windows-64\IMG\left_2026_09_01_07_02_56_504.jpg, C:\Users\eljes\Downloads\simulator-windows-64\IMG\right_2026_09_01_07_02_56_504.jpg, 0, 1, 0, 30.18917
C:\Users\eljes\Downloads\simulator-windows-64\IMG\center_2026_09_01_07_02_56_609.jpg, C:\Users\eljes\Downloads\simulator-windows-64\IMG\left_2026_09_01_07_02_56_609.jpg, C:\Users\eljes\Downloads\simulator-windows-64\IMG\right_2026_09_01_07_02_56_609.jpg, 0, 1, 0, 30.18984
C:\Users\eljes\Downloads\simulator-windows-64\IMG\center_2026_09_01_07_02_56_711.jpg, C:\Users\eljes\Downloads\simulator-windows-64\IMG\left_2026_09_01_07_02_56_711.jpg, C:\Users\eljes\Downloads\simulator-windows-64\IMG\right_2026_09_01_07_02_56_711.jpg, -0.084108, 1, 0, 30.18899
C:\Users\eljes\Downloads\simulator-windows-64\IMG\center_2026_09_01_07_02_56_814.jpg, C:\Users\eljes\Downloads\simulator-windows-64\IMG\left_2026_09_01_07_02_56_814.jpg, C:\Users\eljes\Downloads\simulator-windows-64\IMG\right_2026_09_01_07_02_56_814.jpg, -0.3918639, 1, 0, 30.15674
C:\Users\eljes\Downloads\simulator-windows-64\IMG\center_2026_09_01_07_02_56_919.jpg, C:\Users\eljes\Downloads\simulator-windows-64\IMG\left_2026_09_01_07_02_56_919.jpg, C:\Users\eljes\Downloads\simulator-windows-64\IMG\right_2026_09_01_07_02_56_919.jpg, -0.09993061, 1, 0, 30.19165
C:\Users\eljes\Downloads\simulator-windows-64\IMG\center_2026_09_01_07_02_57_023.jpg, C:\Users\eljes\Downloads\simulator-windows-64\IMG\left_2026_09_01_07_02_57_023.jpg, C:\Users\eljes\Downloads\simulator-windows-64\IMG\right_2026_09_01_07_02_57_023.jpg, 0, 1, 0, 30.18919
C:\Users\eljes\Downloads\simulator-windows-64\IMG\center_2026_09_01_07_02_57_123.jpg, C:\Users\eljes\Downloads\simulator-windows-64\IMG\left_2026_09_01_07_02_57_123.jpg, C:\Users\eljes\Downloads\simulator-windows-64\IMG\right_2026_09_01_07_02_57_123.jpg, 0, 1, 0, 30.19018
C:\Users\eljes\Downloads\simulator-windows-64\IMG\center_2026_09_01_07_02_57_227.jpg, C:\Users\eljes\Downloads\simulator-windows-64\IMG\left_2026_09_01_07_02_57_227.jpg, C:\Users\eljes\Downloads\simulator-windows-64\IMG\right_2026_09_01_07_02_57_227.jpg, 0, 1, 0, 30.18995
C:\Users\eljes\Downloads\simulator-windows-64\IMG\center_2026_09_01_07_02_57_333.jpg, C:\Users\eljes\Downloads\simulator-windows-64\IMG\left_2026_09_01_07_02_57_333.jpg, C:\Users\eljes\Downloads\simulator-windows-64\IMG\right_2026_09_01_07_02_57_333.jpg, -0.2655861, 1, 0, 30.17354
C:\Users\eljes\Downloads\simulator-windows-64\IMG\center_2026_09_01_07_02_57_437.jpg, C:\Users\eljes\Downloads\simulator-windows-64\IMG\left_2026_09_01_07_02_57_437.jpg, C:\Users\eljes\Downloads\simulator-windows-64\IMG\right_2026_09_01_07_02_57_437.jpg, -0.2219382, 1, 0, 30.18786
C:\Users\eljes\Downloads\simulator-windows-64\IMG\center_2026_09_01_07_02_57_542.jpg, C:\Users\eljes\Downloads\simulator-windows-64\IMG\left_2026_09_01_07_02_57_542.jpg, C:\Users\eljes\Downloads\simulator-windows-64\IMG\right_2026_09_01_07_02_57_542.jpg, 0, 1, 0, 30.18865
C:\Users\eljes\Downloads\simulator-windows-64\IMG\center_2026_09_01_07_02_57_646.jpg, C:\Users\eljes\Downloads\simulator-windows-64\IMG\left_2026_09_01_07_02_57_646.jpg, C:\Users\eljes\Downloads\simulator-windows-64\IMG\right_2026_09_01_07_02_57_646.jpg, 0, 1, 0, 30.18999
C:\Users\eljes\Downloads\simulator-windows-64\IMG\center_2026_09_01_07_02_57_750.jpg, C:\Users\eljes\Downloads\simulator-windows-64\IMG\left_2026_09_01_07_02_57_750.jpg, C:\Users\eljes\Downloads\simulator-windows-64\IMG\right_2026_09_01_07_02_57_750.jpg, 0, 1, 0, 30.19056
C:\Users\eljes\Downloads\simulator-windows-64\IMG\center_2026_09_01_07_02_57_851.jpg, C:\Users\eljes\Downloads\simulator-windows-64\IMG\left_2026_09_01_07_02_57_851.jpg, C:\Users\eljes\Downloads\simulator-windows-64\IMG\right_2026_09_01_07_02_57_851.jpg, 0, 1, 0, 30.19022
C:\Users\eljes\Downloads\simulator-windows-64\IMG\center_2026_09_01_07_02_57_958.jpg, C:\Users\eljes\Downloads\simulator-windows-64\IMG\left_2026_09_01_07_02_57_958.jpg, C:\Users\eljes\Downloads\simulator-windows-64\IMG\right_2026_09_01_07_02_57_958.jpg, 0, 1, 0, 30.19016
C:\Users\eljes\Downloads\simulator-windows-64\IMG\center_2026_09_01_07_02_58_061.jpg, C:\Users\eljes\Downloads\simulator-windows-64\IMG\left_2026_09_01_07_02_58_061.jpg, C:\Users\eljes\Downloads\simulator-windows-64\IMG\right_2026_09_01_07_02_58_061.jpg, 0, 1, 0, 30.19031
C:\Users\eljes\Downloads\simulator-windows-64\IMG\center_2026_09_01_07_02_58_166.jpg, C:\Users\eljes\Downloads\simulator-windows-64\IMG\left_2026_09_01_07_02_58_166.jpg, C:\Users\eljes\Downloads\simulator-windows-64\IMG\right_2026_09_01_07_02_58_166.jpg, 0, 1, 0, 30.19027
C:\Users\eljes\Downloads\simulator-windows-64\IMG\center_2026_09_01_07_02_58_269.jpg, C:\Users\eljes\Downloads\simulator-windows-64\IMG\left_2026_09_01_07_02_58_269.jpg, C:\Users\eljes\Downloads\simulator-windows-64\IMG\right_2026_09_01_07_02_58_269.jpg, 0, 1, 0, 30.19031
C:\Users\eljes\Downloads\simulator-windows-64\IMG\center_2026_09_01_07_02_58_375.jpg, C:\Users\eljes\Downloads\simulator-windows-64\IMG\left_2026_09_01_07_02_58_375.jpg, C:\Users\eljes\Downloads\simulator-windows-64\IMG\right_2026_09_01_07_02_58_375.jpg, -0.1199751, 1, 0, 30.18645
C:\Users\eljes\Downloads\simulator-windows-64\IMG\center_2026_09_01_07_02_58_475.jpg, C:\Users\eljes\Downloads\simulator-windows-64\IMG\left_2026_09_01_07_02_58_475.jpg, C:\Users\eljes\Downloads\simulator-windows-64\IMG\right_2026_09_01_07_02_58_475.jpg, -0.1482687, 1, 0, 30.18853
C:\Users\eljes\Downloads\simulator-windows-64\IMG\center_2026_09_01_07_02_58_575.jpg, C:\Users\eljes\Downloads\simulator-windows-64\IMG\left_2026_09_01_07_02_58_575.jpg, C:\Users\eljes\Downloads\simulator-windows-64\IMG\right_2026_09_01_07_02_58_575.jpg, 0, 1, 0, 30.18987
C:\Users\eljes\Downloads\simulator-windows-64\IMG\center_2026_09_01_07_02_58_680.jpg, C:\Users\eljes\Downloads\simulator-windows-64\IMG\left_2026_09_01_07_02_58_680.jpg, C:\Users\eljes\Downloads\simulator-windows-64\IMG\right_2026_09_01_07_02_58_680.jpg, 0, 1, 0, 30.19023
C:\Users\eljes\Downloads\simulator-windows-64\IMG\center_2026_09_01_07_02_58_786.jpg, C:\Users\eljes\Downloads\simulator-windows-64\IMG\left_2026_09_01_07_02_58_786.jpg, C:\Users\eljes\Downloads\simulator-windows-64\IMG\right_2026_09_01_07_02_58_786.jpg, 0, 1, 0, 30.18996
C:\Users\eljes\Downloads\simulator-windows-64\IMG\center_2026_09_01_07_02_58_891.jpg, C:\Users\eljes\Downloads\simulator-windows-64\IMG\left_2026_09_01_07_02_58_891.jpg, C:\Users\eljes\Downloads\simulator-windows-64\IMG\right_2026_09_01_07_02_58_891.jpg, 0, 1, 0, 30.19033
C:\Users\eljes\Downloads\simulator-windows-64\IMG\center_2026_09_01_07_02_58_994.jpg, C:\Users\eljes\Downloads\simulator-windows-64\IMG\left_2026_09_01_07_02_58_994.jpg, C:\Users\eljes\Downloads\simulator-windows-64\IMG\right_2026_09_01_07_02_58_994.jpg, 0, 1, 0, 30.19028
C:\Users\eljes\Downloads\simulator-windows-64\IMG\center_2026_09_01_07_02_59_095.jpg, C:\Users\eljes\Downloads\simulator-windows-64\IMG\left_2026_09_01_07_02_59_095.jpg, C:\Users\eljes\Downloads\simulator-windows-64\IMG\right_2026_09_01_07_02_59_095.jpg, 0, 1, 0, 30.1903
C:\Users\eljes\Downloads\simulator-windows-64\IMG\center_2026_09_01_07_02_59_196.jpg, C:\Users\eljes\Downloads\simulator-windows-64\IMG\left_2026_09_01_07_02_59_196.jpg, C:\Users\eljes\Downloads\simulator-windows-64\IMG\right_2026_09_01_07_02_59_196.jpg, 0, 1, 0, 30.19029
C:\Users\eljes\Downloads\simulator-windows-64\IMG\center_2026_09_01_07_02_59_297.jpg, C:\Users\eljes\Downloads\simulator-windows-64\IMG\left_2026_09_01_07_02_59_297.jpg, C:\Users\eljes\Downloads\simulator-windows-64\IMG\right_2026_09_01_07_02_59_297.jpg, 0, 1, 0, 30.19029
C:\Users\eljes\Downloads\simulator-windows-64\IMG\center_2026_09_01_07_02_59_399.jpg, C:\Users\eljes\Downloads\simulator-windows-64\IMG\left_2026_09_01_07_02_59_399.jpg, C:\Users\eljes\Downloads\simulator-windows-64\IMG\right_2026_09_01_07_02_59_399.jpg, 0, 1, 0, 30.19005
C:\Users\eljes\Downloads\simulator-windows-64\IMG\center_2026_09_01_07_02_59_502.jpg, C:\Users\eljes\Downloads\simulator-windows-64\IMG\left_2026_09_01_07_02_59_502.jpg, C:\Users\eljes\Downloads\simulator-windows-64\IMG\right_2026_09_01_07_02_59_502.jpg, 0, 1, 0, 30.19032
C:\Users\eljes\Downloads\simulator-windows-64\IMG\center_2026_09_01_07_02_59_607.jpg, C:\Users\eljes\Downloads\simulator-windows-64\IMG\left_2026_09_01_07_02_59_607.jpg, C:\Users\eljes\Downloads\simulator-windows-64\IMG\right_2026_09_01_07_02_59_607.jpg, 0, 1, 0, 30.19028
C:\Users\eljes\Downloads\simulator-windows-64\IMG\center_2026_09_01_07_02_59_709.jpg, C:\Users\eljes\Downloads\simulator-windows-64\IMG\left_2026_09_01_07_02_59_709.jpg, C:\Users\eljes\Downloads\simulator-windows-64\IMG\right_2026_09_01_07_02_59_709.jpg, 0, 1, 0, 30.19033
C:\Users\eljes\Downloads\simulator-windows-64\IMG\center_2026_09_01_07_02_59_809.jpg, C:\Users\eljes\Downloads\simulator-windows-64\IMG\left_2026_09_01_07_02_59_809.jpg, C:\Users\eljes\Downloads\simulator-windows-64\IMG\right_2026_09_01_07_02_59_809.jpg, 0, 1, 0, 30.19029
C:\Users\eljes\Downloads\simulator-windows-64\IMG\center_2026_09_01_07_02_59_916.jpg, C:\Users\eljes\Downloads\simulator-windows-64\IMG\left_2026_09_01_07_02_59_916.jpg, C:\Users\eljes\Downloads\simulator-windows-64\IMG\right_2026_09_01_07_02_59_916.jpg, 0, 1, 0, 30.19031
C:\Users\eljes\Downloads\simulator-windows-64\IMG\center_2026_09_01_07_03_00_020.jpg, C:\Users\eljes\Downloads\simulator-windows-64\IMG\left_2026_09_01_07_03_00_020.jpg, C:\Users\eljes\Downloads\simulator-windows-64\IMG\right_2026_09_01_07_03_00_020.jpg, 0, 1, 0, 30.19031
C:\Users\eljes\Downloads\simulator-windows-64\IMG\center_2026_09_01_07_03_00_122.jpg, C:\Users\eljes\Downloads\simulator-windows-64\IMG\left_2026_09_01_07_03_00_122.jpg, C:\Users\eljes\Downloads\simulator-windows-64\IMG\right_2026_09_01_07_03_00_122.jpg, 0, 1, 0, 30.19032
C:\Users\eljes\Downloads\simulator-windows-64\IMG\center_2026_09_01_07_03_00_224.jpg, C:\Users\eljes\Downloads\simulator-windows-64\IMG\left_2026_09_01_07_03_00_224.jpg, C:\Users\eljes\Downloads\simulator-windows-64\IMG\right_2026_09_01_07_03_00_224.jpg, 0, 1, 0, 30.19031
C:\Users\eljes\Downloads\simulator-windows-64\IMG\center_2026_09_01_07_03_00_325.jpg, C:\Users\eljes\Downloads\simulator-windows-64\IMG\left_2026_09_01_07_03_00_325.jpg, C:\Users\eljes\Downloads\simulator-windows-64\IMG\right_2026_09_01_07_03_00_325.jpg, 0, 1, 0, 30.19032
C:\Users\eljes\Downloads\simulator-windows-64\IMG\center_2026_09_01_07_03_00_428.jpg, C:\Users\eljes\Downloads\simulator-windows-64\IMG\left_2026_09_01_07_03_00_428.jpg, C:\Users\eljes\Downloads\simulator-windows-64\IMG\right_2026_09_01_07_03_00_428.jpg, 0, 1, 0, 30.19033
C:\Users\eljes\Downloads\simulator-windows-64\IMG\center_2026_09_01_07_03_00_531.jpg, C:\Users\eljes\Downloads\simulator-windows-64\IMG\left_2026_09_01_07_03_00_531.jpg, C:\Users\eljes\Downloads\simulator-windows-64\IMG\right_2026_09_01_07_03_00_531.jpg, 0, 1, 0, 30.1903
C:\Users\eljes\Downloads\simulator-windows-64\IMG\center_2026_09_01_07_03_00_633.jpg, C:\Users\eljes\Downloads\simulator-windows-64\IMG\left_2026_09_01_07_03_00_633.jpg, C:\Users\eljes\Downloads\simulator-windows-64\IMG\right_2026_09_01_07_03_00_633.jpg, 0, 1, 0, 30.19029
C:\Users\eljes\Downloads\simulator-windows-64\IMG\center_2026_09_01_07_03_00_737.jpg, C:\Users\eljes\Downloads\simulator-windows-64\IMG\left_2026_09_01_07_03_00_737.jpg, C:\Users\eljes\Downloads\simulator-windows-64\IMG\right_2026_09_01_07_03_00_737.jpg, 0, 1, 0, 30.19031
C:\Users\eljes\Downloads\simulator-windows-64\IMG\center_2026_09_01_07_03_00_840.jpg, C:\Users\eljes\Downloads\simulator-windows-64\IMG\left_2026_09_01_07_03_00_840.jpg, C:\Users\eljes\Downloads\simulator-windows-64\IMG\right_2026_09_01_07_03_00_840.jpg, -0.2088402, 1, 0, 30.17824
C:\Users\eljes\Downloads\simulator-windows-64\IMG\center_2026_09_01_07_03_00_943.jpg, C:\Users\eljes\Downloads\simulator-windows-64\IMG\left_2026_09_01_07_03_00_943.jpg, C:\Users\eljes\Downloads\simulator-windows-64\IMG\right_2026_09_01_07_03_00_943.jpg, -0.2477295, 1, 0, 30.18398
C:\Users\eljes\Downloads\simulator-windows-64\IMG\center_2026_09_01_07_03_01_047.jpg, C:\Users\eljes\Downloads\simulator-windows-64\IMG\left_2026_09_01_07_03_01_047.jpg, C:\Users\eljes\Downloads\simulator-windows-64\IMG\right_2026_09_01_07_03_01_047.jpg, 0, 1, 0, 30.18825
C:\Users\eljes\Downloads\simulator-windows-64\IMG\center_2026_09_01_07_03_01_150.jpg, C:\Users\eljes\Downloads\simulator-windows-64\IMG\left_2026_09_01_07_03_01_150.jpg, C:\Users\eljes\Downloads\simulator-windows-64\IMG\right_2026_09_01_07_03_01_150.jpg, 0, 1, 0, 30.1901
C:\Users\eljes\Downloads\simulator-windows-64\IMG\center_2026_09_01_07_03_01_252.jpg, C:\Users\eljes\Downloads\simulator-windows-64\IMG\left_2026_09_01_07_03_01_252.jpg, C:\Users\eljes\Downloads\simulator-windows-64\IMG\right_2026_09_01_07_03_01_252.jpg, 0, 1, 0, 30.19029
C:\Users\eljes\Downloads\simulator-windows-64\IMG\center_2026_09_01_07_03_01_357.jpg, C:\Users\eljes\Downloads\simulator-windows-64\IMG\left_2026_09_01_07_03_01_357.jpg, C:\Users\eljes\Downloads\simulator-windows-64\IMG\right_2026_09_01_07_03_01_357.jpg, 0, 1, 0, 30.19032
C:\Users\eljes\Downloads\simulator-windows-64\IMG\center_2026_09_01_07_03_01_459.jpg, C:\Users\eljes\Downloads\simulator-windows-64\IMG\left_2026_09_01_07_03_01_459.jpg, C:\Users\eljes\Downloads\simulator-windows-64\IMG\right_2026_09_01_07_03_01_459.jpg, 0, 1, 0, 30.19033
C:\Users\eljes\Downloads\simulator-windows-64\IMG\center_2026_09_01_07_03_01_563.jpg, C:\Users\eljes\Downloads\simulator-windows-64\IMG\left_2026_09_01_07_03_01_563.jpg, C:\Users\eljes\Downloads\simulator-windows-64\IMG\right_2026_09_01_07_03_01_563.jpg, 0, 1, 0, 30.1903
C:\Users\eljes\Downloads\simulator-windows-64\IMG\center_2026_09_01_07_03_01_663.jpg, C:\Users\eljes\Downloads\simulator-windows-64\IMG\left_2026_09_01_07_03_01_663.jpg, C:\Users\eljes\Downloads\simulator-windows-64\IMG\right_2026_09_01_07_03_01_663.jpg, 0, 1, 0, 30.1903
C:\Users\eljes\Downloads\simulator-windows-64\IMG\center_2026_09_01_07_03_01_764.jpg, C:\Users\eljes\Downloads\simulator-windows-64\IMG\left_2026_09_01_07_03_01_764.jpg, C:\Users\eljes\Downloads\simulator-windows-64\IMG\right_2026_09_01_07_03_01_764.jpg, 0, 1, 0, 30.1903
C:\Users\eljes\Downloads\simulator-windows-64\IMG\center_2026_09_01_07_03_01_864.jpg, C:\Users\eljes\Downloads\simulator-windows-64\IMG\left_2026_09_01_07_03_01_864.jpg, C:\Users\eljes\Downloads\simulator-windows-64\IMG\right_2026_09_01_07_03_01_864.jpg, 0, 1, 0, 30.19029
C:\Users\eljes\Downloads\simulator-windows-64\IMG\center_2026_09_01_07_03_01_965.jpg, C:\Users\eljes\Downloads\simulator-windows-64\IMG\left_2026_09_01_07_03_01_965.jpg, C:\Users\eljes\Downloads\simulator-windows-64\IMG\right_2026_09_01_07_03_01_965.jpg, 0, 1, 0, 30.19031
C:\Users\eljes\Downloads\simulator-windows-64\IMG\center_2026_09_01_07_03_02_066.jpg, C:\Users\eljes\Downloads\simulator-windows-64\IMG\left_2026_09_01_07_03_02_066.jpg, C:\Users\eljes\Downloads\simulator-windows-64\IMG\right_2026_09_01_07_03_02_066.jpg, 0, 1, 0, 30.1903
C:\Users\eljes\Downloads\simulator-windows-64\IMG\center_2026_09_01_07_03_02_172.jpg, C:\Users\eljes\Downloads\simulator-windows-64\IMG\left_2026_09_01_07_03_02_172.jpg, C:\Users\eljes\Downloads\simulator-windows-64\IMG\right_2026_09_01_07_03_02_172.jpg, 0, 1, 0, 30.19032
C:\Users\eljes\Downloads\simulator-windows-64\IMG\center_2026_09_01_07_03_02_273.jpg, C:\Users\eljes\Downloads\simulator-windows-64\IMG\left_2026_09_01_07_03_02_273.jpg, C:\Users\eljes\Downloads\simulator-windows-64\IMG\right_2026_09_01_07_03_02_273.jpg, 0, 1, 0, 30.19031
C:\Users\eljes\Downloads\simulator-windows-64\IMG\center_2026_09_01_07_03_02_377.jpg, C:\Users\eljes\Downloads\simulator-windows-64\IMG\left_2026_09_01_07_03_02_377.jpg, C:\Users\eljes\Downloads\simulator-windows-64\IMG\right_2026_09_01_07_03_02_377.jpg, 0, 1, 0, 30.19029
C:\Users\eljes\Downloads\simulator-windows-64\IMG\center_2026_09_01_07_03_02_480.jpg, C:\Users\eljes\Downloads\simulator-windows-64\IMG\left_2026_09_01_07_03_02_480.jpg, C:\Users\eljes\Downloads\simulator-windows-64\IMG\right_2026_09_01_07_03_02_480.jpg, 0, 1, 0, 30.19029
C:\Users\eljes\Downloads\simulator-windows-64\IMG\center_2026_09_01_07_03_02_585.jpg, C:\Users\eljes\Downloads\simulator-windows-64\IMG\left_2026_09_01_07_03_02_585.jpg, C:\Users\eljes\Downloads\simulator-windows-64\IMG\right_2026_09_01_07_03_02_585.jpg, 0, 1, 0, 30.19029
C:\Users\eljes\Downloads\simulator-windows-64\IMG\center_2026_09_01_07_03_02_688.jpg, C:\Users\eljes\Downloads\simulator-windows-64\IMG\left_2026_09_01_07_03_02_688.jpg, C:\Users\eljes\Downloads\simulator-windows-64\IMG\right_2026_09_01_07_03_02_688.jpg, 0, 1, 0, 30.19032
C:\Users\eljes\Downloads\simulator-windows-64\IMG\center_2026_09_01_07_03_02_791.jpg, C:\Users\eljes\Downloads\simulator-windows-64\IMG\left_2026_09_01_07_03_02_791.jpg, C:\Users\eljes\Downloads\simulator-windows-64\IMG\right_2026_09_01_07_03_02_791.jpg, 0, 1, 0, 30.19381
C:\Users\eljes\Downloads\simulator-windows-64\IMG\center_2026_09_01_07_03_02_894.jpg, C:\Users\eljes\Downloads\simulator-windows-64\IMG\left_2026_09_01_07_03_02_894.jpg, C:\Users\eljes\Downloads\simulator-windows-64\IMG\right_2026_09_01_07_03_02_894.jpg, 0, 1, 0, 30.18874
C:\Users\eljes\Downloads\simulator-windows-64\IMG\center_2026_09_01_07_03_02_998.jpg, C:\Users\eljes\Downloads\simulator-windows-64\IMG\left_2026_09_01_07_03_02_998.jpg, C:\Users\eljes\Downloads\simulator-windows-64\IMG\right_2026_09_01_07_03_02_998.jpg, 0, 1, 0, 30.17427
C:\Users\eljes\Downloads\simulator-windows-64\IMG\center_2026_09_01_07_03_03_105.jpg, C:\Users\eljes\Downloads\simulator-windows-64\IMG\left_2026_09_01_07_03_03_105.jpg, C:\Users\eljes\Downloads\simulator-windows-64\IMG\right_2026_09_01_07_03_03_105.jpg, 0, 1, 0, 30.18852
C:\Users\eljes\Downloads\simulator-windows-64\IMG\center_2026_09_01_07_03_03_208.jpg, C:\Users\eljes\Downloads\simulator-windows-64\IMG\left_2026_09_01_07_03_03_208.jpg, C:\Users\eljes\Downloads\simulator-windows-64\IMG\right_2026_09_01_07_03_03_208.jpg, 0, 1, 0, 30.18961
C:\Users\eljes\Downloads\simulator-windows-64\IMG\center_2026_09_01_07_03_03_309.jpg, C:\Users\eljes\Downloads\simulator-windows-64\IMG\left_2026_09_01_07_03_03_309.jpg, C:\Users\eljes\Downloads\simulator-windows-64\IMG\right_2026_09_01_07_03_03_309.jpg, 0, 1, 0, 30.18984
C:\Users\eljes\Downloads\simulator-windows-64\IMG\center_2026_09_01_07_03_03_414.jpg, C:\Users\eljes\Downloads\simulator-windows-64\IMG\left_2026_09_01_07_03_03_414.jpg, C:\Users\eljes\Downloads\simulator-windows-64\IMG\right_2026_09_01_07_03_03_414.jpg, 0, 1, 0, 30.18984
C:\Users\eljes\Downloads\simulator-windows-64\IMG\center_2026_09_01_07_03_03_516.jpg, C:\Users\eljes\Downloads\simulator-windows-64\IMG\left_2026_09_01_07_03_03_516.jpg, C:\Users\eljes\Downloads\simulator-windows-64\IMG\right_2026_09_01_07_03_03_516.jpg, 0, 1, 0, 30.18983
C:\Users\eljes\Downloads\simulator-windows-64\IMG\center_2026_09_01_07_03_03_621.jpg, C:\Users\eljes\Downloads\simulator-windows-64\IMG\left_2026_09_01_07_03_03_621.jpg, C:\Users\eljes\Downloads\simulator-windows-64\IMG\right_2026_09_01_07_03_03_621.jpg, -0.2227233, 1, 0, 30.17664
C:\Users\eljes\Downloads\simulator-windows-64\IMG\center_2026_09_01_07_03_03_723.jpg, C:\Users\eljes\Downloads\simulator-windows-64\IMG\left_2026_09_01_07_03_03_723.jpg, C:\Users\eljes\Downloads\simulator-windows-64\IMG\right_2026_09_01_07_03_03_723.jpg, 0, 1, 0, 30.18917
C:\Users\eljes\Downloads\simulator-windows-64\IMG\center_2026_09_01_07_03_03_824.jpg, C:\Users\eljes\Downloads\simulator-windows-64\IMG\left_2026_09_01_07_03_03_824.jpg, C:\Users\eljes\Downloads\simulator-windows-64\IMG\right_2026_09_01_07_03_03_824.jpg, 0, 1, 0, 30.18977
C:\Users\eljes\Downloads\simulator-windows-64\IMG\center_2026_09_01_07_03_03_925.jpg, C:\Users\eljes\Downloads\simulator-windows-64\IMG\left_2026_09_01_07_03_03_925.jpg, C:\Users\eljes\Downloads\simulator-windows-64\IMG\right_2026_09_01_07_03_03_925.jpg, 0, 1, 0, 30.18987
C:\Users\eljes\Downloads\simulator-windows-64\IMG\center_2026_09_01_07_03_04_034.jpg, C:\Users\eljes\Downloads\simulator-windows-64\IMG\left_2026_09_01_07_03_04_034.jpg, C:\Users\eljes\Downloads\simulator-windows-64\IMG\right_2026_09_01_07_03_04_034.jpg, 0, 1, 0, 30.1899
C:\Users\eljes\Downloads\simulator-windows-64\IMG\center_2026_09_01_07_03_04_134.jpg, C:\Users\eljes\Downloads\simulator-windows-64\IMG\left_2026_09_01_07_03_04_134.jpg, C:\Users\eljes\Downloads\simulator-windows-64\IMG\right_2026_09_01_07_03_04_134.jpg, 0, 1, 0, 30.18989
C:\Users\eljes\Downloads\simulator-windows-64\IMG\center_2026_09_01_07_03_04_235.jpg, C:\Users\eljes\Downloads\simulator-windows-64\IMG\left_2026_09_01_07_03_04_235.jpg, C:\Users\eljes\Downloads\simulator-windows-64\IMG\right_2026_09_01_07_03_04_235.jpg, 0, 1, 0, 30.1899
C:\Users\eljes\Downloads\simulator-windows-64\IMG\center_2026_09_01_07_03_04_339.jpg, C:\Users\eljes\Downloads\simulator-windows-64\IMG\left_2026_09_01_07_03_04_339.jpg, C:\Users\eljes\Downloads\simulator-windows-64\IMG\right_2026_09_01_07_03_04_339.jpg, 0, 1, 0, 30.18988
C:\Users\eljes\Downloads\simulator-windows-64\IMG\center_2026_09_01_07_03_04_447.jpg, C:\Users\eljes\Downloads\simulator-windows-64\IMG\left_2026_09_01_07_03_04_447.jpg, C:\Users\eljes\Downloads\simulator-windows-64\IMG\right_2026_09_01_07_03_04_447.jpg, 0, 1, 0, 30.18991
C:\Users\eljes\Downloads\simulator-windows-64\IMG\center_2026_09_01_07_03_04_551.jpg, C:\Users\eljes\Downloads\simulator-windows-64\IMG\left_2026_09_01_07_03_04_551.jpg, C:\Users\eljes\Downloads\simulator-windows-64\IMG\right_2026_09_01_07_03_04_551.jpg, 0, 1, 0, 30.18989
C:\Users\eljes\Downloads\simulator-windows-64\IMG\center_2026_09_01_07_03_04_657.jpg, C:\Users\eljes\Downloads\simulator-windows-64\IMG\left_2026_09_01_07_03_04_657.jpg, C:\Users\eljes\Downloads\simulator-windows-64\IMG\right_2026_09_01_07_03_04_657.jpg, 0, 1, 0, 30.18991
C:\Users\eljes\Downloads\simulator-windows-64\IMG\center_2026_09_01_07_03_04_757.jpg, C:\Users\eljes\Downloads\simulator-windows-64\IMG\left_2026_09_01_07_03_04_757.jpg, C:\Users\eljes\Downloads\simulator-windows-64\IMG\right_2026_09_01_07_03_04_757.jpg, 0, 1, 0, 30.1899
C:\Users\eljes\Downloads\simulator-windows-64\IMG\center_2026_09_01_07_03_04_858.jpg, C:\Users\eljes\Downloads\simulator-windows-64\IMG\left_2026_09_01_07_03_04_858.jpg, C:\Users\eljes\Downloads\simulator-windows-64\IMG\right_2026_09_01_07_03_04_858.jpg, -0.3038607, 1, 0, 30.16708
C:\Users\eljes\Downloads\simulator-windows-64\IMG\center_2026_09_01_07_03_04_962.jpg, C:\Users\eljes\Downloads\simulator-windows-64\IMG\left_2026_09_01_07_03_04_962.jpg, C:\Users\eljes\Downloads\simulator-windows-64\IMG\right_2026_09_01_07_03_04_962.jpg, -0.04254484, 1, 0, 30.19021
C:\Users\eljes\Downloads\simulator-windows-64\IMG\center_2026_09_01_07_03_05_065.jpg, C:\Users\eljes\Downloads\simulator-windows-64\IMG\left_2026_09_01_07_03_05_065.jpg, C:\Users\eljes\Downloads\simulator-windows-64\IMG\right_2026_09_01_07_03_05_065.jpg, 0, 1, 0, 30.18955
C:\Users\eljes\Downloads\simulator-windows-64\IMG\center_2026_09_01_07_03_05_172.jpg, C:\Users\eljes\Downloads\simulator-windows-64\IMG\left_2026_09_01_07_03_05_172.jpg, C:\Users\eljes\Downloads\simulator-windows-64\IMG\right_2026_09_01_07_03_05_172.jpg, 0, 1, 0, 30.18997
C:\Users\eljes\Downloads\simulator-windows-64\IMG\center_2026_09_01_07_03_05_277.jpg, C:\Users\eljes\Downloads\simulator-windows-64\IMG\left_2026_09_01_07_03_05_277.jpg, C:\Users\eljes\Downloads\simulator-windows-64\IMG\right_2026_09_01_07_03_05_277.jpg, 0, 1, 0, 30.19
C:\Users\eljes\Downloads\simulator-windows-64\IMG\center_2026_09_01_07_03_05_384.jpg, C:\Users\eljes\Downloads\simulator-windows-64\IMG\left_2026_09_01_07_03_05_384.jpg, C:\Users\eljes\Downloads\simulator-windows-64\IMG\right_2026_09_01_07_03_05_384.jpg, 0, 1, 0, 30.19003
C:\Users\eljes\Downloads\simulator-windows-64\IMG\center_2026_09_01_07_03_05_490.jpg, C:\Users\eljes\Downloads\simulator-windows-64\IMG\left_2026_09_01_07_03_05_490.jpg, C:\Users\eljes\Downloads\simulator-windows-64\IMG\right_2026_09_01_07_03_05_490.jpg, 0, 1, 0, 30.19004
C:\Users\eljes\Downloads\simulator-windows-64\IMG\center_2026_09_01_07_03_05_592.jpg, C:\Users\eljes\Downloads\simulator-windows-64\IMG\left_2026_09_01_07_03_05_592.jpg, C:\Users\eljes\Downloads\simulator-windows-64\IMG\right_2026_09_01_07_03_05_592.jpg, 0, 1, 0, 30.19
C:\Users\eljes\Downloads\simulator-windows-64\IMG\center_2026_09_01_07_03_05_700.jpg, C:\Users\eljes\Downloads\simulator-windows-64\IMG\left_2026_09_01_07_03_05_700.jpg, C:\Users\eljes\Downloads\simulator-windows-64\IMG\right_2026_09_01_07_03_05_700.jpg, 0, 1, 0, 30.19002
C:\Users\eljes\Downloads\simulator-windows-64\IMG\center_2026_09_01_07_03_05_803.jpg, C:\Users\eljes\Downloads\simulator-windows-64\IMG\left_2026_09_01_07_03_05_803.jpg, C:\Users\eljes\Downloads\simulator-windows-64\IMG\right_2026_09_01_07_03_05_803.jpg, 0, 1, 0, 30.19
C:\Users\eljes\Downloads\simulator-windows-64\IMG\center_2026_09_01_07_03_05_906.jpg, C:\Users\eljes\Downloads\simulator-windows-64\IMG\left_2026_09_01_07_03_05_906.jpg, C:\Users\eljes\Downloads\simulator-windows-64\IMG\right_2026_09_01_07_03_05_906.jpg, 0, 1, 0, 30.19002
C:\Users\eljes\Downloads\simulator-windows-64\IMG\center_2026_09_01_07_03_06_013.jpg, C:\Users\eljes\Downloads\simulator-windows-64\IMG\left_2026_09_01_07_03_06_013.jpg, C:\Users\eljes\Downloads\simulator-windows-64\IMG\right_2026_09_01_07_03_06_013.jpg, 0, 1, 0, 30.19001
C:\Users\eljes\Downloads\simulator-windows-64\IMG\center_2026_09_01_07_03_06_113.jpg, C:\Users\eljes\Downloads\simulator-windows-64\IMG\left_2026_09_01_07_03_06_113.jpg, C:\Users\eljes\Downloads\simulator-windows-64\IMG\right_2026_09_01_07_03_06_113.jpg, 0, 1, 0, 30.19002
C:\Users\eljes\Downloads\simulator-windows-64\IMG\center_2026_09_01_07_03_06_216.jpg, C:\Users\eljes\Downloads\simulator-windows-64\IMG\left_2026_09_01_07_03_06_216.jpg, C:\Users\eljes\Downloads\simulator-windows-64\IMG\right_2026_09_01_07_03_06_216.jpg, 0, 1, 0, 30.19
C:\Users\eljes\Downloads\simulator-windows-64\IMG\center_2026_09_01_07_03_06_319.jpg, C:\Users\eljes\Downloads\simulator-windows-64\IMG\left_2026_09_01_07_03_06_319.jpg, C:\Users\eljes\Downloads\simulator-windows-64\IMG\right_2026_09_01_07_03_06_319.jpg, 0, 1, 0, 30.19001
C:\Users\eljes\Downloads\simulator-windows-64\IMG\center_2026_09_01_07_03_06_424.jpg, C:\Users\eljes\Downloads\simulator-windows-64\IMG\left_2026_09_01_07_03_06_424.jpg, C:\Users\eljes\Downloads\simulator-windows-64\IMG\right_2026_09_01_07_03_06_424.jpg, 0, 1, 0, 30.19004
C:\Users\eljes\Downloads\simulator-windows-64\IMG\center_2026_09_01_07_03_06_528.jpg, C:\Users\eljes\Downloads\simulator-windows-64\IMG\left_2026_09_01_07_03_06_528.jpg, C:\Users\eljes\Downloads\simulator-windows-64\IMG\right_2026_09_01_07_03_06_528.jpg, 0, 1, 0, 30.19002
C:\Users\eljes\Downloads\simulator-windows-64\IMG\center_2026_09_01_07_03_06_635.jpg, C:\Users\eljes\Downloads\simulator-windows-64\IMG\left_2026_09_01_07_03_06_635.jpg, C:\Users\eljes\Downloads\simulator-windows-64\IMG\right_2026_09_01_07_03_06_635.jpg, 0, 1, 0, 30.19003
C:\Users\eljes\Downloads\simulator-windows-64\IMG\center_2026_09_01_07_03_06_739.jpg, C:\Users\eljes\Downloads\simulator-windows-64\IMG\left_2026_09_01_07_03_06_739.jpg, C:\Users\eljes\Downloads\simulator-windows-64\IMG\right_2026_09_01_07_03_06_739.jpg, 0, 1, 0, 30.19002
C:\Users\eljes\Downloads\simulator-windows-64\IMG\center_2026_09_01_07_03_06_844.jpg, C:\Users\eljes\Downloads\simulator-windows-64\IMG\left_2026_09_01_07_03_06_844.jpg, C:\Users\eljes\Downloads\simulator-windows-64\IMG\right_2026_09_01_07_03_06_844.jpg, 0, 1, 0, 30.19002
C:\Users\eljes\Downloads\simulator-windows-64\IMG\center_2026_09_01_07_03_06_953.jpg, C:\Users\eljes\Downloads\simulator-windows-64\IMG\left_2026_09_01_07_03_06_953.jpg, C:\Users\eljes\Downloads\simulator-windows-64\IMG\right_2026_09_01_07_03_06_953.jpg, 0, 1, 0, 30.19001
C:\Users\eljes\Downloads\simulator-windows-64\IMG\center_2026_09_01_07_03_07_053.jpg, C:\Users\eljes\Downloads\simulator-windows-64\IMG\left_2026_09_01_07_03_07_053.jpg, C:\Users\eljes\Downloads\simulator-windows-64\IMG\right_2026_09_01_07_03_07_053.jpg, 0, 1, 0, 30.19003
C:\Users\eljes\Downloads\simulator-windows-64\IMG\center_2026_09_01_07_03_07_157.jpg, C:\Users\eljes\Downloads\simulator-windows-64\IMG\left_2026_09_01_07_03_07_157.jpg, C:\Users\eljes\Downloads\simulator-windows-64\IMG\right_2026_09_01_07_03_07_157.jpg, 0, 1, 0, 30.19003
C:\Users\eljes\Downloads\simulator-windows-64\IMG\center_2026_09_01_07_03_07_259.jpg, C:\Users\eljes\Downloads\simulator-windows-64\IMG\left_2026_09_01_07_03_07_259.jpg, C:\Users\eljes\Downloads\simulator-windows-64\IMG\right_2026_09_01_07_03_07_259.jpg, 0.2796003, 1, 0, 30.16998
C:\Users\eljes\Downloads\simulator-windows-64\IMG\center_2026_09_01_07_03_07_365.jpg, C:\Users\eljes\Downloads\simulator-windows-64\IMG\left_2026_09_01_07_03_07_365.jpg, C:\Users\eljes\Downloads\simulator-windows-64\IMG\right_2026_09_01_07_03_07_365.jpg, 0, 1, 0, 30.18904
C:\Users\eljes\Downloads\simulator-windows-64\IMG\center_2026_09_01_07_03_07_470.jpg, C:\Users\eljes\Downloads\simulator-windows-64\IMG\left_2026_09_01_07_03_07_470.jpg, C:\Users\eljes\Downloads\simulator-windows-64\IMG\right_2026_09_01_07_03_07_470.jpg, 0, 1, 0, 30.18982
C:\Users\eljes\Downloads\simulator-windows-64\IMG\center_2026_09_01_07_03_07_578.jpg, C:\Users\eljes\Downloads\simulator-windows-64\IMG\left_2026_09_01_07_03_07_578.jpg, C:\Users\eljes\Downloads\simulator-windows-64\IMG\right_2026_09_01_07_03_07_578.jpg, 0, 1, 0, 30.18993
C:\Users\eljes\Downloads\simulator-windows-64\IMG\center_2026_09_01_07_03_07_683.jpg, C:\Users\eljes\Downloads\simulator-windows-64\IMG\left_2026_09_01_07_03_07_683.jpg, C:\Users\eljes\Downloads\simulator-windows-64\IMG\right_2026_09_01_07_03_07_683.jpg, 0, 1, 0, 30.18993
C:\Users\eljes\Downloads\simulator-windows-64\IMG\center_2026_09_01_07_03_07_789.jpg, C:\Users\eljes\Downloads\simulator-windows-64\IMG\left_2026_09_01_07_03_07_789.jpg, C:\Users\eljes\Downloads\simulator-windows-64\IMG\right_2026_09_01_07_03_07_789.jpg, 0, 1, 0, 30.18994
C:\Users\eljes\Downloads\simulator-windows-64\IMG\center_2026_09_01_07_03_07_892.jpg, C:\Users\eljes\Downloads\simulator-windows-64\IMG\left_2026_09_01_07_03_07_892.jpg, C:\Users\eljes\Downloads\simulator-windows-64\IMG\right_2026_09_01_07_03_07_892.jpg, 0, 1, 0, 30.18994
C:\Users\eljes\Downloads\simulator-windows-64\IMG\center_2026_09_01_07_03_07_997.jpg, C:\Users\eljes\Downloads\simulator-windows-64\IMG\left_2026_09_01_07_03_07_997.jpg, C:\Users\eljes\Downloads\simulator-windows-64\IMG\right_2026_09_01_07_03_07_997.jpg, 0, 1, 0, 30.18993
C:\Users\eljes\Downloads\simulator-windows-64\IMG\center_2026_09_01_07_03_08_103.jpg, C:\Users\eljes\Downloads\simulator-windows-64\IMG\left_2026_09_01_07_03_08_103.jpg, C:\Users\eljes\Downloads\simulator-windows-64\IMG\right_2026_09_01_07_03_08_103.jpg, 0, 1, 0, 30.18992
C:\Users\eljes\Downloads\simulator-windows-64\IMG\center_2026_09_01_07_03_08_207.jpg, C:\Users\eljes\Downloads\simulator-windows-64\IMG\left_2026_09_01_07_03_08_207.jpg, C:\Users\eljes\Downloads\simulator-windows-64\IMG\right_2026_09_01_07_03_08_207.jpg, 0, 1, 0, 30.18994
C:\Users\eljes\Downloads\simulator-windows-64\IMG\center_2026_09_01_07_03_08_312.jpg, C:\Users\eljes\Downloads\simulator-windows-64\IMG\left_2026_09_01_07_03_08_312.jpg, C:\Users\eljes\Downloads\simulator-windows-64\IMG\right_2026_09_01_07_03_08_312.jpg, 0, 1, 0, 30.18994
C:\Users\eljes\Downloads\simulator-windows-64\IMG\center_2026_09_01_07_03_08_417.jpg, C:\Users\eljes\Downloads\simulator-windows-64\IMG\left_2026_09_01_07_03_08_417.jpg, C:\Users\eljes\Downloads\simulator-windows-64\IMG\right_2026_09_01_07_03_08_417.jpg, 0, 1, 0, 30.18992
C:\Users\eljes\Downloads\simulator-windows-64\IMG\center_2026_09_01_07_03_08_521.jpg, C:\Users\eljes\Downloads\simulator-windows-64\IMG\left_2026_09_01_07_03_08_521.jpg, C:\Users\eljes\Downloads\simulator-windows-64\IMG\right_2026_09_01_07_03_08_521.jpg, 0, 1, 0, 30.18995
C:\Users\eljes\Downloads\simulator-windows-64\IMG\center_2026_09_01_07_03_08_623.jpg, C:\Users\eljes\Downloads\simulator-windows-64\IMG\left_2026_09_01_07_03_08_623.jpg, C:\Users\eljes\Downloads\simulator-windows-64\IMG\right_2026_09_01_07_03_08_623.jpg, 0, 1, 0, 30.18993
C:\Users\eljes\Downloads\simulator-windows-64\IMG\center_2026_09_01_07_03_08_732.jpg, C:\Users\eljes\Downloads\simulator-windows-64\IMG\left_2026_09_01_07_03_08_732.jpg, C:\Users\eljes\Downloads\simulator-windows-64\IMG\right_2026_09_01_07_03_08_732.jpg, 0, 1, 0, 30.18993
C:\Users\eljes\Downloads\simulator-windows-64\IMG\center_2026_09_01_07_03_08_835.jpg, C:\Users\eljes\Downloads\simulator-windows-64\IMG\left_2026_09_01_07_03_08_835.jpg, C:\Users\eljes\Downloads\simulator-windows-64\IMG\right_2026_09_01_07_03_08_835.jpg, 0, 1, 0, 30.18993
C:\Users\eljes\Downloads\simulator-windows-64\IMG\center_2026_09_01_07_03_08_942.jpg, C:\Users\eljes\Downloads\simulator-windows-64\IMG\left_2026_09_01_07_03_08_942.jpg, C:\Users\eljes\Downloads\simulator-windows-64\IMG\right_2026_09_01_07_03_08_942.jpg, 0, 1, 0, 30.18993
C:\Users\eljes\Downloads\simulator-windows-64\IMG\center_2026_09_01_07_03_09_043.jpg, C:\Users\eljes\Downloads\simulator-windows-64\IMG\left_2026_09_01_07_03_09_043.jpg, C:\Users\eljes\Downloads\simulator-windows-64\IMG\right_2026_09_01_07_03_09_043.jpg, 0, 1, 0, 30.18995
C:\Users\eljes\Downloads\simulator-windows-64\IMG\center_2026_09_01_07_03_09_145.jpg, C:\Users\eljes\Downloads\simulator-windows-64\IMG\left_2026_09_01_07_03_09_145.jpg, C:\Users\eljes\Downloads\simulator-windows-64\IMG\right_2026_09_01_07_03_09_145.jpg, 0, 1, 0, 30.18995
C:\Users\eljes\Downloads\simulator-windows-64\IMG\center_2026_09_01_07_03_09_253.jpg, C:\Users\eljes\Downloads\simulator-windows-64\IMG\left_2026_09_01_07_03_09_253.jpg, C:\Users\eljes\Downloads\simulator-windows-64\IMG\right_2026_09_01_07_03_09_253.jpg, 0, 1, 0, 30.18994
C:\Users\eljes\Downloads\simulator-windows-64\IMG\center_2026_09_01_07_03_09_358.jpg, C:\Users\eljes\Downloads\simulator-windows-64\IMG\left_2026_09_01_07_03_09_358.jpg, C:\Users\eljes\Downloads\simulator-windows-64\IMG\right_2026_09_01_07_03_09_358.jpg, 0, 1, 0, 30.18992
C:\Users\eljes\Downloads\simulator-windows-64\IMG\center_2026_09_01_07_03_09_458.jpg, C:\Users\eljes\Downloads\simulator-windows-64\IMG\left_2026_09_01_07_03_09_458.jpg, C:\Users\eljes\Downloads\simulator-windows-64\IMG\right_2026_09_01_07_03_09_458.jpg, 0, 1, 0, 30.18994
C:\Users\eljes\Downloads\simulator-windows-64\IMG\center_2026_09_01_07_03_09_558.jpg, C:\Users\eljes\Downloads\simulator-windows-64\IMG\left_2026_09_01_07_03_09_558.jpg, C:\Users\eljes\Downloads\simulator-windows-64\IMG\right_2026_09_01_07_03_09_558.jpg, 0, 1, 0, 30.18992
C:\Users\eljes\Downloads\simulator-windows-64\IMG\center_2026_09_01_07_03_09_659.jpg, C:\Users\eljes\Downloads\simulator-windows-64\IMG\left_2026_09_01_07_03_09_659.jpg, C:\Users\eljes\Downloads\simulator-windows-64\IMG\right_2026_09_01_07_03_09_659.jpg, 0, 1, 0, 30.18994
C:\Users\eljes\Downloads\simulator-windows-64\IMG\center_2026_09_01_07_03_09_764.jpg, C:\Users\eljes\Downloads\simulator-windows-64\IMG\left_2026_09_01_07_03_09_764.jpg, C:\Users\eljes\Downloads\simulator-windows-64\IMG\right_2026_09_01_07_03_09_764.jpg, 0, 1, 0, 30.18994
C:\Users\eljes\Downloads\simulator-windows-64\IMG\center_2026_09_01_07_03_09_870.jpg, C:\Users\eljes\Downloads\simulator-windows-64\IMG\left_2026_09_01_07_03_09_870.jpg, C:\Users\eljes\Downloads\simulator-windows-64\IMG\right_2026_09_01_07_03_09_870.jpg, 0, 1, 0, 30.18994
C:\Users\eljes\Downloads\simulator-windows-64\IMG\center_2026_09_01_07_03_09_977.jpg, C:\Users\eljes\Downloads\simulator-windows-64\IMG\left_2026_09_01_07_03_09_977.jpg, C:\Users\eljes\Downloads\simulator-windows-64\IMG\right_2026_09_01_07_03_09_977.jpg, 0, 1, 0, 30.18992
C:\Users\eljes\Downloads\simulator-windows-64\IMG\center_2026_09_01_07_03_10_084.jpg, C:\Users\eljes\Downloads\simulator-windows-64\IMG\left_2026_09_01_07_03_10_084.jpg, C:\Users\eljes\Downloads\simulator-windows-64\IMG\right_2026_09_01_07_03_10_084.jpg, 0, 1, 0, 30.18993
C:\Users\eljes\Downloads\simulator-windows-64\IMG\center_2026_09_01_07_03_10_190.jpg, C:\Users\eljes\Downloads\simulator-windows-64\IMG\left_2026_09_01_07_03_10_190.jpg, C:\Users\eljes\Downloads\simulator-windows-64\IMG\right_2026_09_01_07_03_10_190.jpg, 0, 1, 0, 30.18995
C:\Users\eljes\Downloads\simulator-windows-64\IMG\center_2026_09_01_07_03_10_292.jpg, C:\Users\eljes\Downloads\simulator-windows-64\IMG\left_2026_09_01_07_03_10_292.jpg, C:\Users\eljes\Downloads\simulator-windows-64\IMG\right_2026_09_01_07_03_10_292.jpg, 0, 1, 0, 30.18994
C:\Users\eljes\Downloads\simulator-windows-64\IMG\center_2026_09_01_07_03_10_398.jpg, C:\Users\eljes\Downloads\simulator-windows-64\IMG\left_2026_09_01_07_03_10_398.jpg, C:\Users\eljes\Downloads\simulator-windows-64\IMG\right_2026_09_01_07_03_10_398.jpg, 0, 1, 0, 30.18993
C:\Users\eljes\Downloads\simulator-windows-64\IMG\center_2026_09_01_07_03_10_503.jpg, C:\Users\eljes\Downloads\simulator-windows-64\IMG\left_2026_09_01_07_03_10_503.jpg, C:\Users\eljes\Downloads\simulator-windows-64\IMG\right_2026_09_01_07_03_10_503.jpg, 0, 1, 0, 30.18993
C:\Users\eljes\Downloads\simulator-windows-64\IMG\center_2026_09_01_07_03_10_610.jpg, C:\Users\eljes\Downloads\simulator-windows-64\IMG\left_2026_09_01_07_03_10_610.jpg, C:\Users\eljes\Downloads\simulator-windows-64\IMG\right_2026_09_01_07_03_10_610.jpg, 0, 1, 0, 30.18992
C:\Users\eljes\Downloads\simulator-windows-64\IMG\center_2026_09_01_07_04_26_463.jpg, C:\Users\eljes\Downloads\simulator-windows-64\IMG\left_2026_09_01_07_04_26_463.jpg, C:\Users\eljes\Downloads\simulator-windows-64\IMG\right_2026_09_01_07_04_26_463.jpg, 0, 1, 0, 30.19032
C:\Users\eljes\Downloads\simulator-windows-64\IMG\center_2026_09_01_07_04_26_568.jpg, C:\Users\eljes\Downloads\simulator-windows-64\IMG\left_2026_09_01_07_04_26_568.jpg, C:\Users\eljes\Downloads\simulator-windows-64\IMG\right_2026_09_01_07_04_26_568.jpg, 0, 1, 0, 30.19029
C:\Users\eljes\Downloads\simulator-windows-64\IMG\center_2026_09_01_07_04_26_672.jpg, C:\Users\eljes\Downloads\simulator-windows-64\IMG\left_2026_09_01_07_04_26_672.jpg, C:\Users\eljes\Downloads\simulator-windows-64\IMG\right_2026_09_01_07_04_26_672.jpg, 0, 1, 0, 30.1903
C:\Users\eljes\Downloads\simulator-windows-64\IMG\center_2026_09_01_07_04_26_772.jpg, C:\Users\eljes\Downloads\simulator-windows-64\IMG\left_2026_09_01_07_04_26_772.jpg, C:\Users\eljes\Downloads\simulator-windows-64\IMG\right_2026_09_01_07_04_26_772.jpg, 0, 1, 0, 30.1903
C:\Users\eljes\Downloads\simulator-windows-64\IMG\center_2026_09_01_07_04_26_876.jpg, C:\Users\eljes\Downloads\simulator-windows-64\IMG\left_2026_09_01_07_04_26_876.jpg, C:\Users\eljes\Downloads\simulator-windows-64\IMG\right_2026_09_01_07_04_26_876.jpg, 0, 1, 0, 30.19031
C:\Users\eljes\Downloads\simulator-windows-64\IMG\center_2026_09_01_07_04_26_980.jpg, C:\Users\eljes\Downloads\simulator-windows-64\IMG\left_2026_09_01_07_04_26_980.jpg, C:\Users\eljes\Downloads\simulator-windows-64\IMG\right_2026_09_01_07_04_26_980.jpg, 0, 1, 0, 30.24655
C:\Users\eljes\Downloads\simulator-windows-64\IMG\center_2026_09_01_07_04_27_083.jpg, C:\Users\eljes\Downloads\simulator-windows-64\IMG\left_2026_09_01_07_04_27_083.jpg, C:\Users\eljes\Downloads\simulator-windows-64\IMG\right_2026_09_01_07_04_27_083.jpg, 0, 1, 0, 30.18387
C:\Users\eljes\Downloads\simulator-windows-64\IMG\center_2026_09_01_07_04_27_197.jpg, C:\Users\eljes\Downloads\simulator-windows-64\IMG\left_2026_09_01_07_04_27_197.jpg, C:\Users\eljes\Downloads\simulator-windows-64\IMG\right_2026_09_01_07_04_27_197.jpg, 0, 1, 0, 30.21381
C:\Users\eljes\Downloads\simulator-windows-64\IMG\center_2026_09_01_07_04_27_297.jpg, C:\Users\eljes\Downloads\simulator-windows-64\IMG\left_2026_09_01_07_04_27_297.jpg, C:\Users\eljes\Downloads\simulator-windows-64\IMG\right_2026_09_01_07_04_27_297.jpg, 0, 1, 0, 30.1882
C:\Users\eljes\Downloads\simulator-windows-64\IMG\center_2026_09_01_07_04_27_400.jpg, C:\Users\eljes\Downloads\simulator-windows-64\IMG\left_2026_09_01_07_04_27_400.jpg, C:\Users\eljes\Downloads\simulator-windows-64\IMG\right_2026_09_01_07_04_27_400.jpg, 0, 1, 0, 30.18959
C:\Users\eljes\Downloads\simulator-windows-64\IMG\center_2026_09_01_07_04_27_505.jpg, C:\Users\eljes\Downloads\simulator-windows-64\IMG\left_2026_09_01_07_04_27_505.jpg, C:\Users\eljes\Downloads\simulator-windows-64\IMG\right_2026_09_01_07_04_27_505.jpg, -0.2243724, 1, 0, 30.17676
C:\Users\eljes\Downloads\simulator-windows-64\IMG\center_2026_09_01_07_04_27_605.jpg, C:\Users\eljes\Downloads\simulator-windows-64\IMG\left_2026_09_01_07_04_27_605.jpg, C:\Users\eljes\Downloads\simulator-windows-64\IMG\right_2026_09_01_07_04_27_605.jpg, -0.01001251, 1, 0, 30.18968
C:\Users\eljes\Downloads\simulator-windows-64\IMG\center_2026_09_01_07_04_27_712.jpg, C:\Users\eljes\Downloads\simulator-windows-64\IMG\left_2026_09_01_07_04_27_712.jpg, C:\Users\eljes\Downloads\simulator-windows-64\IMG\right_2026_09_01_07_04_27_712.jpg, 0, 1, 0, 30.18981
C:\Users\eljes\Downloads\simulator-windows-64\IMG\center_2026_09_01_07_04_27_813.jpg, C:\Users\eljes\Downloads\simulator-windows-64\IMG\left_2026_09_01_07_04_27_813.jpg, C:\Users\eljes\Downloads\simulator-windows-64\IMG\right_2026_09_01_07_04_27_813.jpg, 0, 1, 0, 30.18994
C:\Users\eljes\Downloads\simulator-windows-64\IMG\center_2026_09_01_07_04_27_913.jpg, C:\Users\eljes\Downloads\simulator-windows-64\IMG\left_2026_09_01_07_04_27_913.jpg, C:\Users\eljes\Downloads\simulator-windows-64\IMG\right_2026_09_01_07_04_27_913.jpg, 0, 1, 0, 30.18995
C:\Users\eljes\Downloads\simulator-windows-64\IMG\center_2026_09_01_07_04_28_019.jpg, C:\Users\eljes\Downloads\simulator-windows-64\IMG\left_2026_09_01_07_04_28_019.jpg, C:\Users\eljes\Downloads\simulator-windows-64\IMG\right_2026_09_01_07_04_28_019.jpg, 0, 1, 0, 30.18995
C:\Users\eljes\Downloads\simulator-windows-64\IMG\center_2026_09_01_07_04_28_121.jpg, C:\Users\eljes\Downloads\simulator-windows-64\IMG\left_2026_09_01_07_04_28_121.jpg, C:\Users\eljes\Downloads\simulator-windows-64\IMG\right_2026_09_01_07_04_28_121.jpg, 0, 1, 0, 30.18996
C:\Users\eljes\Downloads\simulator-windows-64\IMG\center_2026_09_01_07_04_28_229.jpg, C:\Users\eljes\Downloads\simulator-windows-64\IMG\left_2026_09_01_07_04_28_229.jpg, C:\Users\eljes\Downloads\simulator-windows-64\IMG\right_2026_09_01_07_04_28_229.jpg, 0, 1, 0, 30.18995
C:\Users\eljes\Downloads\simulator-windows-64\IMG\center_2026_09_01_07_04_28_337.jpg, C:\Users\eljes\Downloads\simulator-windows-64\IMG\left_2026_09_01_07_04_28_337.jpg, C:\Users\eljes\Downloads\simulator-windows-64\IMG\right_2026_09_01_07_04_28_337.jpg, 0, 1, 0, 30.18994
C:\Users\eljes\Downloads\simulator-windows-64\IMG\center_2026_09_01_07_04_28_440.jpg, C:\Users\eljes\Downloads\simulator-windows-64\IMG\left_2026_09_01_07_04_28_440.jpg, C:\Users\eljes\Downloads\simulator-windows-64\IMG\right_2026_09_01_07_04_28_440.jpg, 0, 1, 0, 30.18996
C:\Users\eljes\Downloads\simulator-windows-64\IMG\center_2026_09_01_07_04_28_547.jpg, C:\Users\eljes\Downloads\simulator-windows-64\IMG\left_2026_09_01_07_04_28_547.jpg, C:\Users\eljes\Downloads\simulator-windows-64\IMG\right_2026_09_01_07_04_28_547.jpg, 0, 1, 0, 30.18997
C:\Users\eljes\Downloads\simulator-windows-64\IMG\center_2026_09_01_07_04_28_650.jpg, C:\Users\eljes\Downloads\simulator-windows-64\IMG\left_2026_09_01_07_04_28_650.jpg, C:\Users\eljes\Downloads\simulator-windows-64\IMG\right_2026_09_01_07_04_28_650.jpg, 0, 1, 0, 30.18993
C:\Users\eljes\Downloads\simulator-windows-64\IMG\center_2026_09_01_07_04_28_754.jpg, C:\Users\eljes\Downloads\simulator-windows-64\IMG\left_2026_09_01_07_04_28_754.jpg, C:\Users\eljes\Downloads\simulator-windows-64\IMG\right_2026_09_01_07_04_28_754.jpg, 0, 1, 0, 30.18995
C:\Users\eljes\Downloads\simulator-windows-64\IMG\center_2026_09_01_07_04_28_862.jpg, C:\Users\eljes\Downloads\simulator-windows-64\IMG\left_2026_09_01_07_04_28_862.jpg, C:\Users\eljes\Downloads\simulator-windows-64\IMG\right_2026_09_01_07_04_28_862.jpg, 0, 1, 0, 30.18997
C:\Users\eljes\Downloads\simulator-windows-64\IMG\center_2026_09_01_07_04_28_967.jpg, C:\Users\eljes\Downloads\simulator-windows-64\IMG\left_2026_09_01_07_04_28_967.jpg, C:\Users\eljes\Downloads\simulator-windows-64\IMG\right_2026_09_01_07_04_28_967.jpg, 0, 1, 0, 30.18999
C:\Users\eljes\Downloads\simulator-windows-64\IMG\center_2026_09_01_07_04_29_071.jpg, C:\Users\eljes\Downloads\simulator-windows-64\IMG\left_2026_09_01_07_04_29_071.jpg, C:\Users\eljes\Downloads\simulator-windows-64\IMG\right_2026_09_01_07_04_29_071.jpg, 0, 1, 0, 30.18998
C:\Users\eljes\Downloads\simulator-windows-64\IMG\center_2026_09_01_07_04_29_172.jpg, C:\Users\eljes\Downloads\simulator-windows-64\IMG\left_2026_09_01_07_04_29_172.jpg, C:\Users\eljes\Downloads\simulator-windows-64\IMG\right_2026_09_01_07_04_29_172.jpg, 0, 1, 0, 30.18995
C:\Users\eljes\Downloads\simulator-windows-64\IMG\center_2026_09_01_07_04_29_273.jpg, C:\Users\eljes\Downloads\simulator-windows-64\IMG\left_2026_09_01_07_04_29_273.jpg, C:\Users\eljes\Downloads\simulator-windows-64\IMG\right_2026_09_01_07_04_29_273.jpg, 0, 1, 0, 30.18995
C:\Users\eljes\Downloads\simulator-windows-64\IMG\center_2026_09_01_07_04_29_377.jpg, C:\Users\eljes\Downloads\simulator-windows-64\IMG\left_2026_09_01_07_04_29_377.jpg, C:\Users\eljes\Downloads\simulator-windows-64\IMG\right_2026_09_01_07_04_29_377.jpg, 0, 1, 0, 30.18997
C:\Users\eljes\Downloads\simulator-windows-64\IMG\center_2026_09_01_07_04_29_481.jpg, C:\Users\eljes\Downloads\simulator-windows-64\IMG\left_2026_09_01_07_04_29_481.jpg, C:\Users\eljes\Downloads\simulator-windows-64\IMG\right_2026_09_01_07_04_29_481.jpg, 0, 1, 0, 30.18995
C:\Users\eljes\Downloads\simulator-windows-64\IMG\center_2026_09_01_07_04_29_584.jpg, C:\Users\eljes\Downloads\simulator-windows-64\IMG\left_2026_09_01_07_04_29_584.jpg, C:\Users\eljes\Downloads\simulator-windows-64\IMG\right_2026_09_01_07_04_29_584.jpg, 0, 1, 0, 30.18997
C:\Users\eljes\Downloads\simulator-windows-64\IMG\center_2026_09_01_07_04_29_685.jpg, C:\Users\eljes\Downloads\simulator-windows-64\IMG\left_2026_09_01_07_04_29_685.jpg, C:\Users\eljes\Downloads\simulator-windows-64\IMG\right_2026_09_01_07_04_29_685.jpg, 0, 1, 0, 30.18999
C:\Users\eljes\Downloads\simulator-windows-64\IMG\center_2026_09_01_07_04_29_789.jpg, C:\Users\eljes\Downloads\simulator-windows-64\IMG\left_2026_09_01_07_04_29_789.jpg, C:\Users\eljes\Downloads\simulator-windows-64\IMG\right_2026_09_01_07_04_29_789.jpg, 0, 1, 0, 30.18997
C:\Users\eljes\Downloads\simulator-windows-64\IMG\center_2026_09_01_07_04_29_893.jpg, C:\Users\eljes\Downloads\simulator-windows-64\IMG\left_2026_09_01_07_04_29_893.jpg, C:\Users\eljes\Downloads\simulator-windows-64\IMG\right_2026_09_01_07_04_29_893.jpg, 0, 1, 0, 30.18997
C:\Users\eljes\Downloads\simulator-windows-64\IMG\center_2026_09_01_07_04_29_995.jpg, C:\Users\eljes\Downloads\simulator-windows-64\IMG\left_2026_09_01_07_04_29_995.jpg, C:\Users\eljes\Downloads\simulator-windows-64\IMG\right_2026_09_01_07_04_29_995.jpg, 0, 1, 0, 30.18995
C:\Users\eljes\Downloads\simulator-windows-64\IMG\center_2026_09_01_07_04_30_096.jpg, C:\Users\eljes\Downloads\simulator-windows-64\IMG\left_2026_09_01_07_04_30_096.jpg, C:\Users\eljes\Downloads\simulator-windows-64\IMG\right_2026_09_01_07_04_30_096.jpg, 0, 1, 0, 30.18998
C:\Users\eljes\Downloads\simulator-windows-64\IMG\center_2026_09_01_07_04_30_200.jpg, C:\Users\eljes\Downloads\simulator-windows-64\IMG\left_2026_09_01_07_04_30_200.jpg, C:\Users\eljes\Downloads\simulator-windows-64\IMG\right_2026_09_01_07_04_30_200.jpg, 0, 1, 0, 30.18998
C:\Users\eljes\Downloads\simulator-windows-64\IMG\center_2026_09_01_07_04_30_308.jpg, C:\Users\eljes\Downloads\simulator-windows-64\IMG\left_2026_09_01_07_04_30_308.jpg, C:\Users\eljes\Downloads\simulator-windows-64\IMG\right_2026_09_01_07_04_30_308.jpg, 0, 1, 0, 30.18995
C:\Users\eljes\Downloads\simulator-windows-64\IMG\center_2026_09_01_07_04_30_414.jpg, C:\Users\eljes\Downloads\simulator-windows-64\IMG\left_2026_09_01_07_04_30_414.jpg, C:\Users\eljes\Downloads\simulator-windows-64\IMG\right_2026_09_01_07_04_30_414.jpg, 0, 1, 0, 30.18995
C:\Users\eljes\Downloads\simulator-windows-64\IMG\center_2026_09_01_07_04_30_516.jpg, C:\Users\eljes\Downloads\simulator-windows-64\IMG\left_2026_09_01_07_04_30_516.jpg, C:\Users\eljes\Downloads\simulator-windows-64\IMG\right_2026_09_01_07_04_30_516.jpg, 0, 1, 0, 30.18996
C:\Users\eljes\Downloads\simulator-windows-64\IMG\center_2026_09_01_07_04_30_622.jpg, C:\Users\eljes\Downloads\simulator-windows-64\IMG\left_2026_09_01_07_04_30_622.jpg, C:\Users\eljes\Downloads\simulator-windows-64\IMG\right_2026_09_01_07_04_30_622.jpg, 0, 1, 0, 30.18995
C:\Users\eljes\Downloads\simulator-windows-64\IMG\center_2026_09_01_07_04_30_729.jpg, C:\Users\eljes\Downloads\simulator-windows-64\IMG\left_2026_09_01_07_04_30_729.jpg, C:\Users\eljes\Downloads\simulator-windows-64\IMG\right_2026_09_01_07_04_30_729.jpg, 0, 1, 0, 30.18997
C:\Users\eljes\Downloads\simulator-windows-64\IMG\center_2026_09_01_07_04_30_835.jpg, C:\Users\eljes\Downloads\simulator-windows-64\IMG\left_2026_09_01_07_04_30_835.jpg, C:\Users\eljes\Downloads\simulator-windows-64\IMG\right_2026_09_01_07_04_30_835.jpg, 0, 1, 0, 30.18995
C:\Users\eljes\Downloads\simulator-windows-64\IMG\center_2026_09_01_07_04_30_940.jpg, C:\Users\eljes\Downloads\simulator-windows-64\IMG\left_2026_09_01_07_04_30_940.jpg, C:\Users\eljes\Downloads\simulator-windows-64\IMG\right_2026_09_01_07_04_30_940.jpg, 0, 1, 0, 30.18995
C:\Users\eljes\Downloads\simulator-windows-64\IMG\center_2026_09_01_07_04_31_043.jpg, C:\Users\eljes\Downloads\simulator-windows-64\IMG\left_2026_09_01_07_04_31_043.jpg, C:\Users\eljes\Downloads\simulator-windows-64\IMG\right_2026_09_01_07_04_31_043.jpg, 0, 1, 0, 30.18995
C:\Users\eljes\Downloads\simulator-windows-64\IMG\center_2026_09_01_07_04_31_149.jpg, C:\Users\eljes\Downloads\simulator-windows-64\IMG\left_2026_09_01_07_04_31_149.jpg, C:\Users\eljes\Downloads\simulator-windows-64\IMG\right_2026_09_01_07_04_31_149.jpg, 0, 1, 0, 30.18994
C:\Users\eljes\Downloads\simulator-windows-64\IMG\center_2026_09_01_07_04_31_251.jpg, C:\Users\eljes\Downloads\simulator-windows-64\IMG\left_2026_09_01_07_04_31_251.jpg, C:\Users\eljes\Downloads\simulator-windows-64\IMG\right_2026_09_01_07_04_31_251.jpg, 0, 1, 0, 30.18993
C:\Users\eljes\Downloads\simulator-windows-64\IMG\center_2026_09_01_07_04_31_358.jpg, C:\Users\eljes\Downloads\simulator-windows-64\IMG\left_2026_09_01_07_04_31_358.jpg, C:\Users\eljes\Downloads\simulator-windows-64\IMG\right_2026_09_01_07_04_31_358.jpg, 0, 1, 0, 30.18994
C:\Users\eljes\Downloads\simulator-windows-64\IMG\center_2026_09_01_07_04_31_464.jpg, C:\Users\eljes\Downloads\simulator-windows-64\IMG\left_2026_09_01_07_04_31_464.jpg, C:\Users\eljes\Downloads\simulator-windows-64\IMG\right_2026_09_01_07_04_31_464.jpg, 0, 1, 0, 30.18996
C:\Users\eljes\Downloads\simulator-windows-64\IMG\center_2026_09_01_07_04_31_572.jpg, C:\Users\eljes\Downloads\simulator-windows-64\IMG\left_2026_09_01_07_04_31_572.jpg, C:\Users\eljes\Downloads\simulator-windows-64\IMG\right_2026_09_01_07_04_31_572.jpg, 0, 1, 0, 30.18998
C:\Users\eljes\Downloads\simulator-windows-64\IMG\center_2026_09_01_07_04_31_676.jpg, C:\Users\eljes\Downloads\simulator-windows-64\IMG\left_2026_09_01_07_04_31_676.jpg, C:\Users\eljes\Downloads\simulator-windows-64\IMG\right_2026_09_01_07_04_31_676.jpg, 0, 1, 0, 30.18996
C:\Users\eljes\Downloads\simulator-windows-64\IMG\center_2026_09_01_07_04_31_784.jpg, C:\Users\eljes\Downloads\simulator-windows-64\IMG\left_2026_09_01_07_04_31_784.jpg, C:\Users\eljes\Downloads\simulator-windows-64\IMG\right_2026_09_01_07_04_31_784.jpg, 0, 1, 0, 30.18995
C:\Users\eljes\Downloads\simulator-windows-64\IMG\center_2026_09_01_07_04_31_890.jpg, C:\Users\eljes\Downloads\simulator-windows-64\IMG\left_2026_09_01_07_04_31_890.jpg, C:\Users\eljes\Downloads\simulator-windows-64\IMG\right_2026_09_01_07_04_31_890.jpg, 0, 1, 0, 30.18996
C:\Users\eljes\Downloads\simulator-windows-64\IMG\center_2026_09_01_07_04_31_995.jpg, C:\Users\eljes\Downloads\simulator-windows-64\IMG\left_2026_09_01_07_04_31_995.jpg, C:\Users\eljes\Downloads\simulator-windows-64\IMG\right_2026_09_01_07_04_31_995.jpg, 0, 1, 0, 30.18997
C:\Users\eljes\Downloads\simulator-windows-64\IMG\center_2026_09_01_07_04_32_095.jpg, C:\Users\eljes\Downloads\simulator-windows-64\IMG\left_2026_09_01_07_04_32_095.jpg, C:\Users\eljes\Downloads\simulator-windows-64\IMG\right_2026_09_01_07_04_32_095.jpg, 0, 1, 0, 30.18999
C:\Users\eljes\Downloads\simulator-windows-64\IMG\center_2026_09_01_07_04_32_203.jpg, C:\Users\eljes\Downloads\simulator-windows-64\IMG\left_2026_09_01_07_04_32_203.jpg, C:\Users\eljes\Downloads\simulator-windows-64\IMG\right_2026_09_01_07_04_32_203.jpg, 0, 1, 0, 30.18996
C:\Users\eljes\Downloads\simulator-windows-64\IMG\center_2026_09_01_07_04_32_306.jpg, C:\Users\eljes\Downloads\simulator-windows-64\IMG\left_2026_09_01_07_04_32_306.jpg, C:\Users\eljes\Downloads\simulator-windows-64\IMG\right_2026_09_01_07_04_32_306.jpg, 0, 1, 0, 30.18997
C:\Users\eljes\Downloads\simulator-windows-64\IMG\center_2026_09_01_07_04_32_413.jpg, C:\Users\eljes\Downloads\simulator-windows-64\IMG\left_2026_09_01_07_04_32_413.jpg, C:\Users\eljes\Downloads\simulator-windows-64\IMG\right_2026_09_01_07_04_32_413.jpg, 0, 1, 0, 30.18999
C:\Users\eljes\Downloads\simulator-windows-64\IMG\center_2026_09_01_07_04_32_517.jpg, C:\Users\eljes\Downloads\simulator-windows-64\IMG\left_2026_09_01_07_04_32_517.jpg, C:\Users\eljes\Downloads\simulator-windows-64\IMG\right_2026_09_01_07_04_32_517.jpg, 0, 1, 0, 30.18998
C:\Users\eljes\Downloads\simulator-windows-64\IMG\center_2026_09_01_07_04_32_624.jpg, C:\Users\eljes\Downloads\simulator-windows-64\IMG\left_2026_09_01_07_04_32_624.jpg, C:\Users\eljes\Downloads\simulator-windows-64\IMG\right_2026_09_01_07_04_32_624.jpg, 0, 1, 0, 30.18997
C:\Users\eljes\Downloads\simulator-windows-64\IMG\center_2026_09_01_07_04_32_726.jpg, C:\Users\eljes\Downloads\simulator-windows-64\IMG\left_2026_09_01_07_04_32_726.jpg, C:\Users\eljes\Downloads\simulator-windows-64\IMG\right_2026_09_01_07_04_32_726.jpg, 0, 1, 0, 30.18997
C:\Users\eljes\Downloads\simulator-windows-64\IMG\center_2026_09_01_07_04_32_830.jpg, C:\Users\eljes\Downloads\simulator-windows-64\IMG\left_2026_09_01_07_04_32_830.jpg, C:\Users\eljes\Downloads\simulator-windows-64\IMG\right_2026_09_01_07_04_32_830.jpg, 0, 1, 0, 30.18996
C:\Users\eljes\Downloads\simulator-windows-64\IMG\center_2026_09_01_07_04_32_939.jpg, C:\Users\eljes\Downloads\simulator-windows-64\IMG\left_2026_09_01_07_04_32_939.jpg, C:\Users\eljes\Downloads\simulator-windows-64\IMG\right_2026_09_01_07_04_32_939.jpg, 0, 1, 0, 30.18994
C:\Users\eljes\Downloads\simulator-windows-64\IMG\center_2026_09_01_07_04_33_039.jpg, C:\Users\eljes\Downloads\simulator-windows-64\IMG\left_2026_09_01_07_04_33_039.jpg, C:\Users\eljes\Downloads\simulator-windows-64\IMG\right_2026_09_01_07_04_33_039.jpg, 0, 1, 0, 30.18997
C:\Users\eljes\Downloads\simulator-windows-64\IMG\center_2026_09_01_07_04_33_147.jpg, C:\Users\eljes\Downloads\simulator-windows-64\IMG\left_2026_09_01_07_04_33_147.jpg, C:\Users\eljes\Downloads\simulator-windows-64\IMG\right_2026_09_01_07_04_33_147.jpg, 0, 1, 0, 30.18997
C:\Users\eljes\Downloads\simulator-windows-64\IMG\center_2026_09_01_07_04_33_250.jpg, C:\Users\eljes\Downloads\simulator-windows-64\IMG\left_2026_09_01_07_04_33_250.jpg, C:\Users\eljes\Downloads\simulator-windows-64\IMG\right_2026_09_01_07_04_33_250.jpg, 0, 1, 0, 30.18995
C:\Users\eljes\Downloads\simulator-windows-64\IMG\center_2026_09_01_07_04_33_355.jpg, C:\Users\eljes\Downloads\simulator-windows-64\IMG\left_2026_09_01_07_04_33_355.jpg, C:\Users\eljes\Downloads\simulator-windows-64\IMG\right_2026_09_01_07_04_33_355.jpg, 0, 1, 0, 30.18993
C:\Users\eljes\Downloads\simulator-windows-64\IMG\center_2026_09_01_07_04_33_457.jpg, C:\Users\eljes\Downloads\simulator-windows-64\IMG\left_2026_09_01_07_04_33_457.jpg, C:\Users\eljes\Downloads\simulator-windows-64\IMG\right_2026_09_01_07_04_33_457.jpg, 0, 1, 0, 30.18996
C:\Users\eljes\Downloads\simulator-windows-64\IMG\center_2026_09_01_07_04_33_557.jpg, C:\Users\eljes\Downloads\simulator-windows-64\IMG\left_2026_09_01_07_04_33_557.jpg, C:\Users\eljes\Downloads\simulator-windows-64\IMG\right_2026_09_01_07_04_33_557.jpg, 0, 1, 0, 30.18994
C:\Users\eljes\Downloads\simulator-windows-64\IMG\center_2026_09_01_07_04_33_660.jpg, C:\Users\eljes\Downloads\simulator-windows-64\IMG\left_2026_09_01_07_04_33_660.jpg, C:\Users\eljes\Downloads\simulator-windows-64\IMG\right_2026_09_01_07_04_33_660.jpg, 0, 1, 0, 30.18995
C:\Users\eljes\Downloads\simulator-windows-64\IMG\center_2026_09_01_07_04_33_763.jpg, C:\Users\eljes\Downloads\simulator-windows-64\IMG\left_2026_09_01_07_04_33_763.jpg, C:\Users\eljes\Downloads\simulator-windows-64\IMG\right_2026_09_01_07_04_33_763.jpg, 0, 1, 0, 30.18994
C:\Users\eljes\Downloads\simulator-windows-64\IMG\center_2026_09_01_07_04_33_863.jpg, C:\Users\eljes\Downloads\simulator-windows-64\IMG\left_2026_09_01_07_04_33_863.jpg, C:\Users\eljes\Downloads\simulator-windows-64\IMG\right_2026_09_01_07_04_33_863.jpg, 0, 1, 0, 30.18998
C:\Users\eljes\Downloads\simulator-windows-64\IMG\center_2026_09_01_07_04_33_968.jpg, C:\Users\eljes\Downloads\simulator-windows-64\IMG\left_2026_09_01_07_04_33_968.jpg, C:\Users\eljes\Downloads\simulator-windows-64\IMG\right_2026_09_01_07_04_33_968.jpg, 0, 1, 0, 30.18997
C:\Users\eljes\Downloads\simulator-windows-64\IMG\center_2026_09_01_07_04_34_073.jpg, C:\Users\eljes\Downloads\simulator-windows-64\IMG\left_2026_09_01_07_04_34_073.jpg, C:\Users\eljes\Downloads\simulator-windows-64\IMG\right_2026_09_01_07_04_34_073.jpg, 0, 1, 0, 30.18994
C:\Users\eljes\Downloads\simulator-windows-64\IMG\center_2026_09_01_07_04_34_178.jpg, C:\Users\eljes\Downloads\simulator-windows-64\IMG\left_2026_09_01_07_04_34_178.jpg, C:\Users\eljes\Downloads\simulator-windows-64\IMG\right_2026_09_01_07_04_34_178.jpg, 0, 1, 0, 30.18997
C:\Users\eljes\Downloads\simulator-windows-64\IMG\center_2026_09_01_07_04_34_286.jpg, C:\Users\eljes\Downloads\simulator-windows-64\IMG\left_2026_09_01_07_04_34_286.jpg, C:\Users\eljes\Downloads\simulator-windows-64\IMG\right_2026_09_01_07_04_34_286.jpg, 0, 1, 0, 30.18997
C:\Users\eljes\Downloads\simulator-windows-64\IMG\center_2026_09_01_07_04_34_387.jpg, C:\Users\eljes\Downloads\simulator-windows-64\IMG\left_2026_09_01_07_04_34_387.jpg, C:\Users\eljes\Downloads\simulator-windows-64\IMG\right_2026_09_01_07_04_34_387.jpg, 0, 1, 0, 30.18993
C:\Users\eljes\Downloads\simulator-windows-64\IMG\center_2026_09_01_07_04_34_487.jpg, C:\Users\eljes\Downloads\simulator-windows-64\IMG\left_2026_09_01_07_04_34_487.jpg, C:\Users\eljes\Downloads\simulator-windows-64\IMG\right_2026_09_01_07_04_34_487.jpg, 0, 1, 0, 30.18994
C:\Users\eljes\Downloads\simulator-windows-64\IMG\center_2026_09_01_07_04_34_593.jpg, C:\Users\eljes\Downloads\simulator-windows-64\IMG\left_2026_09_01_07_04_34_593.jpg, C:\Users\eljes\Downloads\simulator-windows-64\IMG\right_2026_09_01_07_04_34_593.jpg, 0, 1, 0, 30.18995
C:\Users\eljes\Downloads\simulator-windows-64\IMG\center_2026_09_01_07_04_34_702.jpg, C:\Users\eljes\Downloads\simulator-windows-64\IMG\left_2026_09_01_07_04_34_702.jpg, C:\Users\eljes\Downloads\simulator-windows-64\IMG\right_2026_09_01_07_04_34_702.jpg, 0, 1, 0, 30.18995
C:\Users\eljes\Downloads\simulator-windows-64\IMG\center_2026_09_01_07_04_34_803.jpg, C:\Users\eljes\Downloads\simulator-windows-64\IMG\left_2026_09_01_07_04_34_803.jpg, C:\Users\eljes\Downloads\simulator-windows-64\IMG\right_2026_09_01_07_04_34_803.jpg, 0, 1, 0, 30.18995
C:\Users\eljes\Downloads\simulator-windows-64\IMG\center_2026_09_01_07_04_34_906.jpg, C:\Users\eljes\Downloads\simulator-windows-64\IMG\left_2026_09_01_07_04_34_906.jpg, C:\Users\eljes\Downloads\simulator-windows-64\IMG\right_2026_09_01_07_04_34_906.jpg, 0, 1, 0, 30.18996
C:\Users\eljes\Downloads\simulator-windows-64\IMG\center_2026_09_01_07_04_35_008.jpg, C:\Users\eljes\Downloads\simulator-windows-64\IMG\left_2026_09_01_07_04_35_008.jpg, C:\Users\eljes\Downloads\simulator-windows-64\IMG\right_2026_09_01_07_04_35_008.jpg, 0, 1, 0, 30.06305
C:\Users\eljes\Downloads\simulator-windows-64\IMG\center_2026_09_01_07_04_35_110.jpg, C:\Users\eljes\Downloads\simulator-windows-64\IMG\left_2026_09_01_07_04_35_110.jpg, C:\Users\eljes\Downloads\simulator-windows-64\IMG\right_2026_09_01_07_04_35_110.jpg, 0, 1, 0, 30.22891
C:\Users\eljes\Downloads\simulator-windows-64\IMG\center_2026_09_01_07_04_35_217.jpg, C:\Users\eljes\Downloads\simulator-windows-64\IMG\left_2026_09_01_07_04_35_217.jpg, C:\Users\eljes\Downloads\simulator-windows-64\IMG\right_2026_09_01_07_04_35_217.jpg, 0, 1, 0, 30.06586
C:\Users\eljes\Downloads\simulator-windows-64\IMG\center_2026_09_01_07_04_35_319.jpg, C:\Users\eljes\Downloads\simulator-windows-64\IMG\left_2026_09_01_07_04_35_319.jpg, C:\Users\eljes\Downloads\simulator-windows-64\IMG\right_2026_09_01_07_04_35_319.jpg, 0, 1, 0, 30.30035
C:\Users\eljes\Downloads\simulator-windows-64\IMG\center_2026_09_01_07_04_35_425.jpg, C:\Users\eljes\Downloads\simulator-windows-64\IMG\left_2026_09_01_07_04_35_425.jpg, C:\Users\eljes\Downloads\simulator-windows-64\IMG\right_2026_09_01_07_04_35_425.jpg, 0, 1, 0, 30.18727
C:\Users\eljes\Downloads\simulator-windows-64\IMG\center_2026_09_01_07_04_35_528.jpg, C:\Users\eljes\Downloads\simulator-windows-64\IMG\left_2026_09_01_07_04_35_528.jpg, C:\Users\eljes\Downloads\simulator-windows-64\IMG\right_2026_09_01_07_04_35_528.jpg, 0, 1, 0, 30.1905
C:\Users\eljes\Downloads\simulator-windows-64\IMG\center_2026_09_01_07_04_35_633.jpg, C:\Users\eljes\Downloads\simulator-windows-64\IMG\left_2026_09_01_07_04_35_633.jpg, C:\Users\eljes\Downloads\simulator-windows-64\IMG\right_2026_09_01_07_04_35_633.jpg, 0, 1, 0, 30.19055
C:\Users\eljes\Downloads\simulator-windows-64\IMG\center_2026_09_01_07_05_44_930.jpg, C:\Users\eljes\Downloads\simulator-windows-64\IMG\left_2026_09_01_07_05_44_930.jpg, C:\Users\eljes\Downloads\simulator-windows-64\IMG\right_2026_09_01_07_05_44_930.jpg, 0, 1, 0, 30.19029
C:\Users\eljes\Downloads\simulator-windows-64\IMG\center_2026_09_01_07_05_45_034.jpg, C:\Users\eljes\Downloads\simulator-windows-64\IMG\left_2026_09_01_07_05_45_034.jpg, C:\Users\eljes\Downloads\simulator-windows-64\IMG\right_2026_09_01_07_05_45_034.jpg, 0, 1, 0, 30.19031
C:\Users\eljes\Downloads\simulator-windows-64\IMG\center_2026_09_01_07_05_45_134.jpg, C:\Users\eljes\Downloads\simulator-windows-64\IMG\left_2026_09_01_07_05_45_134.jpg, C:\Users\eljes\Downloads\simulator-windows-64\IMG\right_2026_09_01_07_05_45_134.jpg, 0, 1, 0, 30.19029
C:\Users\eljes\Downloads\simulator-windows-64\IMG\center_2026_09_01_07_05_45_236.jpg, C:\Users\eljes\Downloads\simulator-windows-64\IMG\left_2026_09_01_07_05_45_236.jpg, C:\Users\eljes\Downloads\simulator-windows-64\IMG\right_2026_09_01_07_05_45_236.jpg, -0.1387716, 1, 0, 30.18512
C:\Users\eljes\Downloads\simulator-windows-64\IMG\center_2026_09_01_07_05_45_339.jpg, C:\Users\eljes\Downloads\simulator-windows-64\IMG\left_2026_09_01_07_05_45_339.jpg, C:\Users\eljes\Downloads\simulator-windows-64\IMG\right_2026_09_01_07_05_45_339.jpg, -0.0690456, 1, 0, 30.19026
C:\Users\eljes\Downloads\simulator-windows-64\IMG\center_2026_09_01_07_05_45_445.jpg, C:\Users\eljes\Downloads\simulator-windows-64\IMG\left_2026_09_01_07_05_45_445.jpg, C:\Users\eljes\Downloads\simulator-windows-64\IMG\right_2026_09_01_07_05_45_445.jpg, 0, 1, 0, 30.19007
C:\Users\eljes\Downloads\simulator-windows-64\IMG\center_2026_09_01_07_05_45_547.jpg, C:\Users\eljes\Downloads\simulator-windows-64\IMG\left_2026_09_01_07_05_45_547.jpg, C:\Users\eljes\Downloads\simulator-windows-64\IMG\right_2026_09_01_07_05_45_547.jpg, 0, 1, 0, 30.19026
C:\Users\eljes\Downloads\simulator-windows-64\IMG\center_2026_09_01_07_05_45_648.jpg, C:\Users\eljes\Downloads\simulator-windows-64\IMG\left_2026_09_01_07_05_45_648.jpg, C:\Users\eljes\Downloads\simulator-windows-64\IMG\right_2026_09_01_07_05_45_648.jpg, 0, 1, 0, 30.19026
C:\Users\eljes\Downloads\simulator-windows-64\IMG\center_2026_09_01_07_05_45_750.jpg, C:\Users\eljes\Downloads\simulator-windows-64\IMG\left_2026_09_01_07_05_45_750.jpg, C:\Users\eljes\Downloads\simulator-windows-64\IMG\right_2026_09_01_07_05_45_750.jpg, 0, 1, 0, 30.19032
C:\Users\eljes\Downloads\simulator-windows-64\IMG\center_2026_09_01_07_05_45_852.jpg, C:\Users\eljes\Downloads\simulator-windows-64\IMG\left_2026_09_01_07_05_45_852.jpg, C:\Users\eljes\Downloads\simulator-windows-64\IMG\right_2026_09_01_07_05_45_852.jpg, -0.0786897, 1, 0, 30.18884
C:\Users\eljes\Downloads\simulator-windows-64\IMG\center_2026_09_01_07_05_45_959.jpg, C:\Users\eljes\Downloads\simulator-windows-64\IMG\left_2026_09_01_07_05_45_959.jpg, C:\Users\eljes\Downloads\simulator-windows-64\IMG\right_2026_09_01_07_05_45_959.jpg, -0.2133021, 1, 0, 30.18114
C:\Users\eljes\Downloads\simulator-windows-64\IMG\center_2026_09_01_07_05_46_061.jpg, C:\Users\eljes\Downloads\simulator-windows-64\IMG\left_2026_09_01_07_05_46_061.jpg, C:\Users\eljes\Downloads\simulator-windows-64\IMG\right_2026_09_01_07_05_46_061.jpg, 0, 1, 0, 30.18915
C:\Users\eljes\Downloads\simulator-windows-64\IMG\center_2026_09_01_07_05_46_167.jpg, C:\Users\eljes\Downloads\simulator-windows-64\IMG\left_2026_09_01_07_05_46_167.jpg, C:\Users\eljes\Downloads\simulator-windows-64\IMG\right_2026_09_01_07_05_46_167.jpg, 0, 1, 0, 30.19018
C:\Users\eljes\Downloads\simulator-windows-64\IMG\center_2026_09_01_07_05_46_267.jpg, C:\Users\eljes\Downloads\simulator-windows-64\IMG\left_2026_09_01_07_05_46_267.jpg, C:\Users\eljes\Downloads\simulator-windows-64\IMG\right_2026_09_01_07_05_46_267.jpg, 0, 1, 0, 30.19007
C:\Users\eljes\Downloads\simulator-windows-64\IMG\center_2026_09_01_07_05_46_373.jpg, C:\Users\eljes\Downloads\simulator-windows-64\IMG\left_2026_09_01_07_05_46_373.jpg, C:\Users\eljes\Downloads\simulator-windows-64\IMG\right_2026_09_01_07_05_46_373.jpg, -0.3620655, 1, 0, 30.16022
C:\Users\eljes\Downloads\simulator-windows-64\IMG\center_2026_09_01_07_05_46_474.jpg, C:\Users\eljes\Downloads\simulator-windows-64\IMG\left_2026_09_01_07_05_46_474.jpg, C:\Users\eljes\Downloads\simulator-windows-64\IMG\right_2026_09_01_07_05_46_474.jpg, -0.3184278, 1, 0, 30.18377
C:\Users\eljes\Downloads\simulator-windows-64\IMG\center_2026_09_01_07_05_46_576.jpg, C:\Users\eljes\Downloads\simulator-windows-64\IMG\left_2026_09_01_07_05_46_576.jpg, C:\Users\eljes\Downloads\simulator-windows-64\IMG\right_2026_09_01_07_05_46_576.jpg, -0.03390723, 1, 0, 30.18875
C:\Users\eljes\Downloads\simulator-windows-64\IMG\center_2026_09_01_07_05_46_680.jpg, C:\Users\eljes\Downloads\simulator-windows-64\IMG\left_2026_09_01_07_05_46_680.jpg, C:\Users\eljes\Downloads\simulator-windows-64\IMG\right_2026_09_01_07_05_46_680.jpg, 0, 1, 0, 30.18958
C:\Users\eljes\Downloads\simulator-windows-64\IMG\center_2026_09_01_07_05_46_780.jpg, C:\Users\eljes\Downloads\simulator-windows-64\IMG\left_2026_09_01_07_05_46_780.jpg, C:\Users\eljes\Downloads\simulator-windows-64\IMG\right_2026_09_01_07_05_46_780.jpg, 0, 1, 0, 30.19021
C:\Users\eljes\Downloads\simulator-windows-64\IMG\center_2026_09_01_07_05_46_880.jpg, C:\Users\eljes\Downloads\simulator-windows-64\IMG\left_2026_09_01_07_05_46_880.jpg, C:\Users\eljes\Downloads\simulator-windows-64\IMG\right_2026_09_01_07_05_46_880.jpg, 0, 1, 0, 30.19039
C:\Users\eljes\Downloads\simulator-windows-64\IMG\center_2026_09_01_07_05_46_981.jpg, C:\Users\eljes\Downloads\simulator-windows-64\IMG\left_2026_09_01_07_05_46_981.jpg, C:\Users\eljes\Downloads\simulator-windows-64\IMG\right_2026_09_01_07_05_46_981.jpg, 0, 1, 0, 30.19028
C:\Users\eljes\Downloads\simulator-windows-64\IMG\center_2026_09_01_07_05_47_081.jpg, C:\Users\eljes\Downloads\simulator-windows-64\IMG\left_2026_09_01_07_05_47_081.jpg, C:\Users\eljes\Downloads\simulator-windows-64\IMG\right_2026_09_01_07_05_47_081.jpg, 0, 1, 0, 30.19017
C:\Users\eljes\Downloads\simulator-windows-64\IMG\center_2026_09_01_07_05_47_186.jpg, C:\Users\eljes\Downloads\simulator-windows-64\IMG\left_2026_09_01_07_05_47_186.jpg, C:\Users\eljes\Downloads\simulator-windows-64\IMG\right_2026_09_01_07_05_47_186.jpg, 0, 1, 0, 30.19031
C:\Users\eljes\Downloads\simulator-windows-64\IMG\center_2026_09_01_07_05_47_292.jpg, C:\Users\eljes\Downloads\simulator-windows-64\IMG\left_2026_09_01_07_05_47_292.jpg, C:\Users\eljes\Downloads\simulator-windows-64\IMG\right_2026_09_01_07_05_47_292.jpg, 0, 1, 0, 30.19031
C:\Users\eljes\Downloads\simulator-windows-64\IMG\center_2026_09_01_07_05_47_397.jpg, C:\Users\eljes\Downloads\simulator-windows-64\IMG\left_2026_09_01_07_05_47_397.jpg, C:\Users\eljes\Downloads\simulator-windows-64\IMG\right_2026_09_01_07_05_47_397.jpg, 0.1314549, 1, 0, 30.18559
C:\Users\eljes\Downloads\simulator-windows-64\IMG\center_2026_09_01_07_05_47_503.jpg, C:\Users\eljes\Downloads\simulator-windows-64\IMG\left_2026_09_01_07_05_47_503.jpg, C:\Users\eljes\Downloads\simulator-windows-64\IMG\right_2026_09_01_07_05_47_503.jpg, 0.3235536, 1, 0, 30.16795
C:\Users\eljes\Downloads\simulator-windows-64\IMG\center_2026_09_01_07_05_47_608.jpg, C:\Users\eljes\Downloads\simulator-windows-64\IMG\left_2026_09_01_07_05_47_608.jpg, C:\Users\eljes\Downloads\simulator-windows-64\IMG\right_2026_09_01_07_05_47_608.jpg, 0.02710169, 1, 0, 30.18966
C:\Users\eljes\Downloads\simulator-windows-64\IMG\center_2026_09_01_07_05_47_708.jpg, C:\Users\eljes\Downloads\simulator-windows-64\IMG\left_2026_09_01_07_05_47_708.jpg, C:\Users\eljes\Downloads\simulator-windows-64\IMG\right_2026_09_01_07_05_47_708.jpg, 0, 1, 0, 30.18977
C:\Users\eljes\Downloads\simulator-windows-64\IMG\center_2026_09_01_07_05_47_811.jpg, C:\Users\eljes\Downloads\simulator-windows-64\IMG\left_2026_09_01_07_05_47_811.jpg, C:\Users\eljes\Downloads\simulator-windows-64\IMG\right_2026_09_01_07_05_47_811.jpg, -0.1664073, 1, 0, 30.18018
C:\Users\eljes\Downloads\simulator-windows-64\IMG\center_2026_09_01_07_05_47_917.jpg, C:\Users\eljes\Downloads\simulator-windows-64\IMG\left_2026_09_01_07_05_47_917.jpg, C:\Users\eljes\Downloads\simulator-windows-64\IMG\right_2026_09_01_07_05_47_917.jpg, -0.3077811, 1, 0, 30.1715
C:\Users\eljes\Downloads\simulator-windows-64\IMG\center_2026_09_01_07_05_48_019.jpg, C:\Users\eljes\Downloads\simulator-windows-64\IMG\left_2026_09_01_07_05_48_019.jpg, C:\Users\eljes\Downloads\simulator-windows-64\IMG\right_2026_09_01_07_05_48_019.jpg, -0.006548416, 1, 0, 30.18857
C:\Users\eljes\Downloads\simulator-windows-64\IMG\center_2026_09_01_07_05_48_123.jpg, C:\Users\eljes\Downloads\simulator-windows-64\IMG\left_2026_09_01_07_05_48_123.jpg, C:\Users\eljes\Downloads\simulator-windows-64\IMG\right_2026_09_01_07_05_48_123.jpg, 0, 1, 0, 30.18975
C:\Users\eljes\Downloads\simulator-windows-64\IMG\center_2026_09_01_07_05_48_227.jpg, C:\Users\eljes\Downloads\simulator-windows-64\IMG\left_2026_09_01_07_05_48_227.jpg, C:\Users\eljes\Downloads\simulator-windows-64\IMG\right_2026_09_01_07_05_48_227.jpg, 0, 1, 0, 30.19021
C:\Users\eljes\Downloads\simulator-windows-64\IMG\center_2026_09_01_07_05_48_332.jpg, C:\Users\eljes\Downloads\simulator-windows-64\IMG\left_2026_09_01_07_05_48_332.jpg, C:\Users\eljes\Downloads\simulator-windows-64\IMG\right_2026_09_01_07_05_48_332.jpg, 0, 1, 0, 30.19028
C:\Users\eljes\Downloads\simulator-windows-64\IMG\center_2026_09_01_07_05_48_434.jpg, C:\Users\eljes\Downloads\simulator-windows-64\IMG\left_2026_09_01_07_05_48_434.jpg, C:\Users\eljes\Downloads\simulator-windows-64\IMG\right_2026_09_01_07_05_48_434.jpg, 0, 1, 0, 30.19031
C:\Users\eljes\Downloads\simulator-windows-64\IMG\center_2026_09_01_07_05_48_537.jpg, C:\Users\eljes\Downloads\simulator-windows-64\IMG\left_2026_09_01_07_05_48_537.jpg, C:\Users\eljes\Downloads\simulator-windows-64\IMG\right_2026_09_01_07_05_48_537.jpg, 0, 1, 0, 30.19011
C:\Users\eljes\Downloads\simulator-windows-64\IMG\center_2026_09_01_07_05_48_643.jpg, C:\Users\eljes\Downloads\simulator-windows-64\IMG\left_2026_09_01_07_05_48_643.jpg, C:\Users\eljes\Downloads\simulator-windows-64\IMG\right_2026_09_01_07_05_48_643.jpg, 0, 1, 0, 30.1903
C:\Users\eljes\Downloads\simulator-windows-64\IMG\center_2026_09_01_07_05_48_748.jpg, C:\Users\eljes\Downloads\simulator-windows-64\IMG\left_2026_09_01_07_05_48_748.jpg, C:\Users\eljes\Downloads\simulator-windows-64\IMG\right_2026_09_01_07_05_48_748.jpg, 0, 1, 0, 30.19031
C:\Users\eljes\Downloads\simulator-windows-64\IMG\center_2026_09_01_07_05_48_848.jpg, C:\Users\eljes\Downloads\simulator-windows-64\IMG\left_2026_09_01_07_05_48_848.jpg, C:\Users\eljes\Downloads\simulator-windows-64\IMG\right_2026_09_01_07_05_48_848.jpg, 0, 1, 0, 30.19031
C:\Users\eljes\Downloads\simulator-windows-64\IMG\center_2026_09_01_07_05_48_950.jpg, C:\Users\eljes\Downloads\simulator-windows-64\IMG\left_2026_09_01_07_05_48_950.jpg, C:\Users\eljes\Downloads\simulator-windows-64\IMG\right_2026_09_01_07_05_48_950.jpg, 0, 1, 0, 30.19029
C:\Users\eljes\Downloads\simulator-windows-64\IMG\center_2026_09_01_07_05_49_052.jpg, C:\Users\eljes\Downloads\simulator-windows-64\IMG\left_2026_09_01_07_05_49_052.jpg, C:\Users\eljes\Downloads\simulator-windows-64\IMG\right_2026_09_01_07_05_49_052.jpg, 0, 1, 0, 30.19031
C:\Users\eljes\Downloads\simulator-windows-64\IMG\center_2026_09_01_07_05_49_153.jpg, C:\Users\eljes\Downloads\simulator-windows-64\IMG\left_2026_09_01_07_05_49_153.jpg, C:\Users\eljes\Downloads\simulator-windows-64\IMG\right_2026_09_01_07_05_49_153.jpg, 0, 1, 0, 30.19031
C:\Users\eljes\Downloads\simulator-windows-64\IMG\center_2026_09_01_07_05_49_258.jpg, C:\Users\eljes\Downloads\simulator-windows-64\IMG\left_2026_09_01_07_05_49_258.jpg, C:\Users\eljes\Downloads\simulator-windows-64\IMG\right_2026_09_01_07_05_49_258.jpg, 0, 1, 0, 30.19029
C:\Users\eljes\Downloads\simulator-windows-64\IMG\center_2026_09_01_07_05_49_360.jpg, C:\Users\eljes\Downloads\simulator-windows-64\IMG\left_2026_09_01_07_05_49_360.jpg, C:\Users\eljes\Downloads\simulator-windows-64\IMG\right_2026_09_01_07_05_49_360.jpg, 0, 1, 0, 30.19029
C:\Users\eljes\Downloads\simulator-windows-64\IMG\center_2026_09_01_07_05_49_463.jpg, C:\Users\eljes\Downloads\simulator-windows-64\IMG\left_2026_09_01_07_05_49_463.jpg, C:\Users\eljes\Downloads\simulator-windows-64\IMG\right_2026_09_01_07_05_49_463.jpg, 0, 1, 0, 30.1903
C:\Users\eljes\Downloads\simulator-windows-64\IMG\center_2026_09_01_07_05_49_568.jpg, C:\Users\eljes\Downloads\simulator-windows-64\IMG\left_2026_09_01_07_05_49_568.jpg, C:\Users\eljes\Downloads\simulator-windows-64\IMG\right_2026_09_01_07_05_49_568.jpg, 0, 1, 0, 30.19029
C:\Users\eljes\Downloads\simulator-windows-64\IMG\center_2026_09_01_07_05_49_671.jpg, C:\Users\eljes\Downloads\simulator-windows-64\IMG\left_2026_09_01_07_05_49_671.jpg, C:\Users\eljes\Downloads\simulator-windows-64\IMG\right_2026_09_01_07_05_49_671.jpg, 0, 1, 0, 30.1903
C:\Users\eljes\Downloads\simulator-windows-64\IMG\center_2026_09_01_07_05_49_772.jpg, C:\Users\eljes\Downloads\simulator-windows-64\IMG\left_2026_09_01_07_05_49_772.jpg, C:\Users\eljes\Downloads\simulator-windows-64\IMG\right_2026_09_01_07_05_49_772.jpg, 0, 1, 0, 30.19028
C:\Users\eljes\Downloads\simulator-windows-64\IMG\center_2026_09_01_07_05_49_874.jpg, C:\Users\eljes\Downloads\simulator-windows-64\IMG\left_2026_09_01_07_05_49_874.jpg, C:\Users\eljes\Downloads\simulator-windows-64\IMG\right_2026_09_01_07_05_49_874.jpg, 0, 1, 0, 30.19031
C:\Users\eljes\Downloads\simulator-windows-64\IMG\center_2026_09_01_07_05_49_979.jpg, C:\Users\eljes\Downloads\simulator-windows-64\IMG\left_2026_09_01_07_05_49_979.jpg, C:\Users\eljes\Downloads\simulator-windows-64\IMG\right_2026_09_01_07_05_49_979.jpg, 0, 1, 0, 30.19031
C:\Users\eljes\Downloads\simulator-windows-64\IMG\center_2026_09_01_07_05_50_084.jpg, C:\Users\eljes\Downloads\simulator-windows-64\IMG\left_2026_09_01_07_05_50_084.jpg, C:\Users\eljes\Downloads\simulator-windows-64\IMG\right_2026_09_01_07_05_50_084.jpg, 0, 1, 0, 30.19029
C:\Users\eljes\Downloads\simulator-windows-64\IMG\center_2026_09_01_07_05_50_186.jpg, C:\Users\eljes\Downloads\simulator-windows-64\IMG\left_2026_09_01_07_05_50_186.jpg, C:\Users\eljes\Downloads\simulator-windows-64\IMG\right_2026_09_01_07_05_50_186.jpg, 0, 1, 0, 30.19031
C:\Users\eljes\Downloads\simulator-windows-64\IMG\center_2026_09_01_07_05_50_289.jpg, C:\Users\eljes\Downloads\simulator-windows-64\IMG\left_2026_09_01_07_05_50_289.jpg, C:\Users\eljes\Downloads\simulator-windows-64\IMG\right_2026_09_01_07_05_50_289.jpg, 0, 1, 0, 30.19028
C:\Users\eljes\Downloads\simulator-windows-64\IMG\center_2026_09_01_07_05_50_391.jpg, C:\Users\eljes\Downloads\simulator-windows-64\IMG\left_2026_09_01_07_05_50_391.jpg, C:\Users\eljes\Downloads\simulator-windows-64\IMG\right_2026_09_01_07_05_50_391.jpg, 0, 1, 0, 30.1903
C:\Users\eljes\Downloads\simulator-windows-64\IMG\center_2026_09_01_07_05_50_498.jpg, C:\Users\eljes\Downloads\simulator-windows-64\IMG\left_2026_09_01_07_05_50_498.jpg, C:\Users\eljes\Downloads\simulator-windows-64\IMG\right_2026_09_01_07_05_50_498.jpg, -0.1190226, 1, 0, 30.18651
C:\Users\eljes\Downloads\simulator-windows-64\IMG\center_2026_09_01_07_05_50_600.jpg, C:\Users\eljes\Downloads\simulator-windows-64\IMG\left_2026_09_01_07_05_50_600.jpg, C:\Users\eljes\Downloads\simulator-windows-64\IMG\right_2026_09_01_07_05_50_600.jpg, -0.2692197, 1, 0, 30.17561
C:\Users\eljes\Downloads\simulator-windows-64\IMG\center_2026_09_01_07_05_50_702.jpg, C:\Users\eljes\Downloads\simulator-windows-64\IMG\left_2026_09_01_07_05_50_702.jpg, C:\Users\eljes\Downloads\simulator-windows-64\IMG\right_2026_09_01_07_05_50_702.jpg, 0, 1, 0, 30.18853
C:\Users\eljes\Downloads\simulator-windows-64\IMG\center_2026_09_01_07_05_50_810.jpg, C:\Users\eljes\Downloads\simulator-windows-64\IMG\left_2026_09_01_07_05_50_810.jpg, C:\Users\eljes\Downloads\simulator-windows-64\IMG\right_2026_09_01_07_05_50_810.jpg, 0, 1, 0, 30.19012
C:\Users\eljes\Downloads\simulator-windows-64\IMG\center_2026_09_01_07_05_50_914.jpg, C:\Users\eljes\Downloads\simulator-windows-64\IMG\left_2026_09_01_07_05_50_914.jpg, C:\Users\eljes\Downloads\simulator-windows-64\IMG\right_2026_09_01_07_05_50_914.jpg, -0.2667564, 1, 0, 30.17438
C:\Users\eljes\Downloads\simulator-windows-64\IMG\center_2026_09_01_07_05_51_020.jpg, C:\Users\eljes\Downloads\simulator-windows-64\IMG\left_2026_09_01_07_05_51_020.jpg, C:\Users\eljes\Downloads\simulator-windows-64\IMG\right_2026_09_01_07_05_51_020.jpg, 0, 1, 0, 30.36702
C:\Users\eljes\Downloads\simulator-windows-64\IMG\center_2026_09_01_07_05_51_126.jpg, C:\Users\eljes\Downloads\simulator-windows-64\IMG\left_2026_09_01_07_05_51_126.jpg, C:\Users\eljes\Downloads\simulator-windows-64\IMG\right_2026_09_01_07_05_51_126.jpg, 0, 1, 0, 30.17545
C:\Users\eljes\Downloads\simulator-windows-64\IMG\center_2026_09_01_07_05_51_231.jpg, C:\Users\eljes\Downloads\simulator-windows-64\IMG\left_2026_09_01_07_05_51_231.jpg, C:\Users\eljes\Downloads\simulator-windows-64\IMG\right_2026_09_01_07_05_51_231.jpg, 0, 1, 0, 30.15311
C:\Users\eljes\Downloads\simulator-windows-64\IMG\center_2026_09_01_07_05_51_333.jpg, C:\Users\eljes\Downloads\simulator-windows-64\IMG\left_2026_09_01_07_05_51_333.jpg, C:\Users\eljes\Downloads\simulator-windows-64\IMG\right_2026_09_01_07_05_51_333.jpg, 0, 1, 0, 30.18909
C:\Users\eljes\Downloads\simulator-windows-64\IMG\center_2026_09_01_07_05_51_432.jpg, C:\Users\eljes\Downloads\simulator-windows-64\IMG\left_2026_09_01_07_05_51_432.jpg, C:\Users\eljes\Downloads\simulator-windows-64\IMG\right_2026_09_01_07_05_51_432.jpg, 0, 1, 0, 30.18944
C:\Users\eljes\Downloads\simulator-windows-64\IMG\center_2026_09_01_07_05_51_535.jpg, C:\Users\eljes\Downloads\simulator-windows-64\IMG\left_2026_09_01_07_05_51_535.jpg, C:\Users\eljes\Downloads\simulator-windows-64\IMG\right_2026_09_01_07_05_51_535.jpg, 0, 1, 0, 30.18978
C:\Users\eljes\Downloads\simulator-windows-64\IMG\center_2026_09_01_07_05_51_640.jpg, C:\Users\eljes\Downloads\simulator-windows-64\IMG\left_2026_09_01_07_05_51_640.jpg, C:\Users\eljes\Downloads\simulator-windows-64\IMG\right_2026_09_01_07_05_51_640.jpg, 0, 1, 0, 30.18992
C:\Users\eljes\Downloads\simulator-windows-64\IMG\center_2026_09_01_07_05_51_746.jpg, C:\Users\eljes\Downloads\simulator-windows-64\IMG\left_2026_09_01_07_05_51_746.jpg, C:\Users\eljes\Downloads\simulator-windows-64\IMG\right_2026_09_01_07_05_51_746.jpg, 0, 1, 0, 30.18995
C:\Users\eljes\Downloads\simulator-windows-64\IMG\center_2026_09_01_07_05_51_847.jpg, C:\Users\eljes\Downloads\simulator-windows-64\IMG\left_2026_09_01_07_05_51_847.jpg, C:\Users\eljes\Downloads\simulator-windows-64\IMG\right_2026_09_01_07_05_51_847.jpg, 0, 1, 0, 30.18995
C:\Users\eljes\Downloads\simulator-windows-64\IMG\center_2026_09_01_07_05_51_948.jpg, C:\Users\eljes\Downloads\simulator-windows-64\IMG\left_2026_09_01_07_05_51_948.jpg, C:\Users\eljes\Downloads\simulator-windows-64\IMG\right_2026_09_01_07_05_51_948.jpg, 0, 1, 0, 30.18997
C:\Users\eljes\Downloads\simulator-windows-64\IMG\center_2026_09_01_07_05_52_050.jpg, C:\Users\eljes\Downloads\simulator-windows-64\IMG\left_2026_09_01_07_05_52_050.jpg, C:\Users\eljes\Downloads\simulator-windows-64\IMG\right_2026_09_01_07_05_52_050.jpg, 0, 1, 0, 30.18995
C:\Users\eljes\Downloads\simulator-windows-64\IMG\center_2026_09_01_07_05_52_153.jpg, C:\Users\eljes\Downloads\simulator-windows-64\IMG\left_2026_09_01_07_05_52_153.jpg, C:\Users\eljes\Downloads\simulator-windows-64\IMG\right_2026_09_01_07_05_52_153.jpg, 0, 1, 0, 30.18997
C:\Users\eljes\Downloads\simulator-windows-64\IMG\center_2026_09_01_07_05_52_255.jpg, C:\Users\eljes\Downloads\simulator-windows-64\IMG\left_2026_09_01_07_05_52_255.jpg, C:\Users\eljes\Downloads\simulator-windows-64\IMG\right_2026_09_01_07_05_52_255.jpg, 0, 1, 0, 30.18995
C:\Users\eljes\Downloads\simulator-windows-64\IMG\center_2026_09_01_07_05_52_355.jpg, C:\Users\eljes\Downloads\simulator-windows-64\IMG\left_2026_09_01_07_05_52_355.jpg, C:\Users\eljes\Downloads\simulator-windows-64\IMG\right_2026_09_01_07_05_52_355.jpg, 0, 1, 0, 30.18995
C:\Users\eljes\Downloads\simulator-windows-64\IMG\center_2026_09_01_07_05_52_460.jpg, C:\Users\eljes\Downloads\simulator-windows-64\IMG\left_2026_09_01_07_05_52_460.jpg, C:\Users\eljes\Downloads\simulator-windows-64\IMG\right_2026_09_01_07_05_52_460.jpg, 0, 1, 0, 30.18995
C:\Users\eljes\Downloads\simulator-windows-64\IMG\center_2026_09_01_07_05_52_561.jpg, C:\Users\eljes\Downloads\simulator-windows-64\IMG\left_2026_09_01_07_05_52_561.jpg, C:\Users\eljes\Downloads\simulator-windows-64\IMG\right_2026_09_01_07_05_52_561.jpg, 0, 1, 0, 30.18995
C:\Users\eljes\Downloads\simulator-windows-64\IMG\center_2026_09_01_07_05_52_663.jpg, C:\Users\eljes\Downloads\simulator-windows-64\IMG\left_2026_09_01_07_05_52_663.jpg, C:\Users\eljes\Downloads\simulator-windows-64\IMG\right_2026_09_01_07_05_52_663.jpg, 0, 1, 0, 30.18995
C:\Users\eljes\Downloads\simulator-windows-64\IMG\center_2026_09_01_07_05_52_764.jpg, C:\Users\eljes\Downloads\simulator-windows-64\IMG\left_2026_09_01_07_05_52_764.jpg, C:\Users\eljes\Downloads\simulator-windows-64\IMG\right_2026_09_01_07_05_52_764.jpg, 0, 1, 0, 30.18996
C:\Users\eljes\Downloads\simulator-windows-64\IMG\center_2026_09_01_07_05_52_869.jpg, C:\Users\eljes\Downloads\simulator-windows-64\IMG\left_2026_09_01_07_05_52_869.jpg, C:\Users\eljes\Downloads\simulator-windows-64\IMG\right_2026_09_01_07_05_52_869.jpg, 0, 1, 0, 30.18996
C:\Users\eljes\Downloads\simulator-windows-64\IMG\center_2026_09_01_07_05_52_971.jpg, C:\Users\eljes\Downloads\simulator-windows-64\IMG\left_2026_09_01_07_05_52_971.jpg, C:\Users\eljes\Downloads\simulator-windows-64\IMG\right_2026_09_01_07_05_52_971.jpg, 0, 1, 0, 30.18995
C:\Users\eljes\Downloads\simulator-windows-64\IMG\center_2026_09_01_07_05_53_076.jpg, C:\Users\eljes\Downloads\simulator-windows-64\IMG\left_2026_09_01_07_05_53_076.jpg, C:\Users\eljes\Downloads\simulator-windows-64\IMG\right_2026_09_01_07_05_53_076.jpg, 0, 1, 0, 30.18996
C:\Users\eljes\Downloads\simulator-windows-64\IMG\center_2026_09_01_07_05_53_183.jpg, C:\Users\eljes\Downloads\simulator-windows-64\IMG\left_2026_09_01_07_05_53_183.jpg, C:\Users\eljes\Downloads\simulator-windows-64\IMG\right_2026_09_01_07_05_53_183.jpg, 0, 1, 0, 30.18996
C:\Users\eljes\Downloads\simulator-windows-64\IMG\center_2026_09_01_07_05_53_287.jpg, C:\Users\eljes\Downloads\simulator-windows-64\IMG\left_2026_09_01_07_05_53_287.jpg, C:\Users\eljes\Downloads\simulator-windows-64\IMG\right_2026_09_01_07_05_53_287.jpg, 0, 1, 0, 30.18995
C:\Users\eljes\Downloads\simulator-windows-64\IMG\center_2026_09_01_07_05_53_394.jpg, C:\Users\eljes\Downloads\simulator-windows-64\IMG\left_2026_09_01_07_05_53_394.jpg, C:\Users\eljes\Downloads\simulator-windows-64\IMG\right_2026_09_01_07_05_53_394.jpg, 0, 1, 0, 30.18995
C:\Users\eljes\Downloads\simulator-windows-64\IMG\center_2026_09_01_07_05_53_499.jpg, C:\Users\eljes\Downloads\simulator-windows-64\IMG\left_2026_09_01_07_05_53_499.jpg, C:\Users\eljes\Downloads\simulator-windows-64\IMG\right_2026_09_01_07_05_53_499.jpg, 0, 1, 0, 30.18997
