C:\Users\eljes\Downloads\simulator-windows-64\IMG\center_2026_09_01_11_20_05_544.jpg, C:\Users\eljes\Downloads\simulator-windows-64\IMG\left_2026_09_01_11_20_05_544.jpg, C:\Users\eljes\Downloads\simulator-windows-64\IMG\right_2026_09_01_11_20_05_544.jpg, 0, 0, 0, 4.677166E-05
C:\Users\eljes\Downloads\simulator-windows-64\IMG\center_2026_09_01_11_20_05_644.jpg, C:\Users\eljes\Downloads\simulator-windows-64\IMG\left_2026_09_01_11_20_05_644.jpg, C:\Users\eljes\Downloads\simulator-windows-64\IMG\right_2026_09_01_11_20_05_644.jpg, 0, 0, 0, 4.889929E-05
C:\Users\eljes\Downloads\simulator-windows-64\IMG\center_2026_09_01_11_20_05_745.jpg, C:\Users\eljes\Downloads\simulator-windows-64\IMG\left_2026_09_01_11_20_05_745.jpg, C:\Users\eljes\Downloads\simulator-windows-64\IMG\right_2026_09_01_11_20_05_745.jpg, 0, 0, 0, 4.040614E-05
C:\Users\eljes\Downloads\simulator-windows-64\IMG\center_2026_09_01_11_20_05_848.jpg, C:\Users\eljes\Downloads\simulator-windows-64\IMG\left_2026_09_01_11_20_05_848.jpg, C:\Users\eljes\Downloads\simulator-windows-64\IMG\right_2026_09_01_11_20_05_848.jpg, 0, 0, 0, 5.842475E-05
C:\Users\eljes\Downloads\simulator-windows-64\IMG\center_2026_09_01_11_20_05_950.jpg, C:\Users\eljes\Downloads\simulator-windows-64\IMG\left_2026_09_01_11_20_05_950.jpg, C:\Users\eljes\Downloads\simulator-windows-64\IMG\right_2026_09_01_11_20_05_950.jpg, 0, 0, 0, 5.717182E-05
C:\Users\eljes\Downloads\simulator-windows-64\IMG\center_2026_09_01_11_20_06_053.jpg, C:\Users\eljes\Downloads\simulator-windows-64\IMG\left_2026_09_01_11_20_06_053.jpg, C:\Users\eljes\Downloads\simulator-windows-64\IMG\right_2026_09_01_11_20_06_053.jpg, 0, 0, 0, 4.666336E-05
C:\Users\eljes\Downloads\simulator-windows-64\IMG\center_2026_09_01_11_20_06_156.jpg, C:\Users\eljes\Downloads\simulator-windows-64\IMG\left_2026_09_01_11_20_06_156.jpg, C:\Users\eljes\Downloads\simulator-windows-64\IMG\right_2026_09_01_11_20_06_156.jpg, 0, 0, 0, 4.810056E-05
C:\Users\eljes\Downloads\simulator-windows-64\IMG\center_2026_09_01_11_20_06_257.jpg, C:\Users\eljes\Downloads\simulator-windows-64\IMG\left_2026_09_01_11_20_06_257.jpg, C:\Users\eljes\Downloads\simulator-windows-64\IMG\right_2026_09_01_11_20_06_257.jpg, 0, 0, 0, 4.659195E-05
C:\Users\eljes\Downloads\simulator-windows-64\IMG\center_2026_09_01_11_20_06_359.jpg, C:\Users\eljes\Downloads\simulator-windows-64\IMG\left_2026_09_01_11_20_06_359.jpg, C:\Users\eljes\Downloads\simulator-windows-64\IMG\right_2026_09_01_11_20_06_359.jpg, 0, 0, 0, 4.790939E-05
C:\Users\eljes\Downloads\simulator-windows-64\IMG\center_2026_09_01_11_20_06_460.jpg, C:\Users\eljes\Downloads\simulator-windows-64\IMG\left_2026_09_01_11_20_06_460.jpg, C:\Users\eljes\Downloads\simulator-windows-64\IMG\right_2026_09_01_11_20_06_460.jpg, 0, 0, 0, 4.162033E-05
C:\Users\eljes\Downloads\simulator-windows-64\IMG\center_2026_09_01_11_20_06_561.jpg, C:\Users\eljes\Downloads\simulator-windows-64\IMG\left_2026_09_01_11_20_06_561.jpg, C:\Users\eljes\Downloads\simulator-windows-64\IMG\right_2026_09_01_11_20_06_561.jpg, 0, 0, 0, 4.398192E-05
C:\Users\eljes\Downloads\simulator-windows-64\IMG\center_2026_09_01_11_20_06_663.jpg, C:\Users\eljes\Downloads\simulator-windows-64\IMG\left_2026_09_01_11_20_06_663.jpg, C:\Users\eljes\Downloads\simulator-windows-64\IMG\right_2026_09_01_11_20_06_663.jpg, 0, 0, 0, 3.737308E-05
C:\Users\eljes\Downloads\simulator-windows-64\IMG\center_2026_09_01_11_20_06_763.jpg, C:\Users\eljes\Downloads\simulator-windows-64\IMG\left_2026_09_01_11_20_06_763.jpg, C:\Users\eljes\Downloads\simulator-windows-64\IMG\right_2026_09_01_11_20_06_763.jpg, 0, 0, 0, 4.823583E-05
C:\Users\eljes\Downloads\simulator-windows-64\IMG\center_2026_09_01_11_20_06_865.jpg, C:\Users\eljes\Downloads\simulator-windows-64\IMG\left_2026_09_01_11_20_06_865.jpg, C:\Users\eljes\Downloads\simulator-windows-64\IMG\right_2026_09_01_11_20_06_865.jpg, 0, 0, 0, 3.703658E-05
C:\Users\eljes\Downloads\simulator-windows-64\IMG\center_2026_09_01_11_20_06_965.jpg, C:\Users\eljes\Downloads\simulator-windows-64\IMG\left_2026_09_01_11_20_06_965.jpg, C:\Users\eljes\Downloads\simulator-windows-64\IMG\right_2026_09_01_11_20_06_965.jpg, 0, 0, 0, 3.807291E-05
C:\Users\eljes\Downloads\simulator-windows-64\IMG\center_2026_09_01_11_20_07_067.jpg, C:\Users\eljes\Downloads\simulator-windows-64\IMG\left_2026_09_01_11_20_07_067.jpg, C:\Users\eljes\Downloads\simulator-windows-64\IMG\right_2026_09_01_11_20_07_067.jpg, 0, 0, 0, 4.852006E-05
C:\Users\eljes\Downloads\simulator-windows-64\IMG\center_2026_09_01_11_20_07_170.jpg, C:\Users\eljes\Downloads\simulator-windows-64\IMG\left_2026_09_01_11_20_07_170.jpg, C:\Users\eljes\Downloads\simulator-windows-64\IMG\right_2026_09_01_11_20_07_170.jpg, 0, 0, 0, 4.154527E-05
C:\Users\eljes\Downloads\simulator-windows-64\IMG\center_2026_09_01_11_20_07_272.jpg, C:\Users\eljes\Downloads\simulator-windows-64\IMG\left_2026_09_01_11_20_07_272.jpg, C:\Users\eljes\Downloads\simulator-windows-64\IMG\right_2026_09_01_11_20_07_272.jpg, 0, 0, 0, 3.732318E-05
C:\Users\eljes\Downloads\simulator-windows-64\IMG\center_2026_09_01_11_20_07_375.jpg, C:\Users\eljes\Downloads\simulator-windows-64\IMG\left_2026_09_01_11_20_07_375.jpg, C:\Users\eljes\Downloads\simulator-windows-64\IMG\right_2026_09_01_11_20_07_375.jpg, 0, 0.1397874, 0, 0.1098593
C:\Users\eljes\Downloads\simulator-windows-64\IMG\center_2026_09_01_11_20_07_474.jpg, C:\Users\eljes\Downloads\simulator-windows-64\IMG\left_2026_09_01_11_20_07_474.jpg, C:\Users\eljes\Downloads\simulator-windows-64\IMG\right_2026_09_01_11_20_07_474.jpg, 0, 0.4482315, 0, 0.4898731
C:\Users\eljes\Downloads\simulator-windows-64\IMG\center_2026_09_01_11_20_07_578.jpg, C:\Users\eljes\Downloads\simulator-windows-64\IMG\left_2026_09_01_11_20_07_578.jpg, C:\Users\eljes\Downloads\simulator-windows-64\IMG\right_2026_09_01_11_20_07_578.jpg, 0, 0.1293383, 0, 0.91588
C:\Users\eljes\Downloads\simulator-windows-64\IMG\center_2026_09_01_11_20_07_679.jpg, C:\Users\eljes\Downloads\simulator-windows-64\IMG\left_2026_09_01_11_20_07_679.jpg, C:\Users\eljes\Downloads\simulator-windows-64\IMG\right_2026_09_01_11_20_07_679.jpg, 0, 0, 0, 0.9933876
C:\Users\eljes\Downloads\simulator-windows-64\IMG\center_2026_09_01_11_20_07_780.jpg, C:\Users\eljes\Downloads\simulator-windows-64\IMG\left_2026_09_01_11_20_07_780.jpg, C:\Users\eljes\Downloads\simulator-windows-64\IMG\right_2026_09_01_11_20_07_780.jpg, 0, 0, 0, 1.017316
C:\Users\eljes\Downloads\simulator-windows-64\IMG\center_2026_09_01_11_20_07_880.jpg, C:\Users\eljes\Downloads\simulator-windows-64\IMG\left_2026_09_01_11_20_07_880.jpg, C:\Users\eljes\Downloads\simulator-windows-64\IMG\right_2026_09_01_11_20_07_880.jpg, 0, 0, 0, 1.041004
C:\Users\eljes\Downloads\simulator-windows-64\IMG\center_2026_09_01_11_20_07_982.jpg, C:\Users\eljes\Downloads\simulator-windows-64\IMG\left_2026_09_01_11_20_07_982.jpg, C:\Users\eljes\Downloads\simulator-windows-64\IMG\right_2026_09_01_11_20_07_982.jpg, 0, 0, 0, 1.064456
C:\Users\eljes\Downloads\simulator-windows-64\IMG\center_2026_09_01_11_20_08_084.jpg, C:\Users\eljes\Downloads\simulator-windows-64\IMG\left_2026_09_01_11_20_08_084.jpg, C:\Users\eljes\Downloads\simulator-windows-64\IMG\right_2026_09_01_11_20_08_084.jpg, 0, 0, 0, 1.087671
C:\Users\eljes\Downloads\simulator-windows-64\IMG\center_2026_09_01_11_20_08_184.jpg, C:\Users\eljes\Downloads\simulator-windows-64\IMG\left_2026_09_01_11_20_08_184.jpg, C:\Users\eljes\Downloads\simulator-windows-64\IMG\right_2026_09_01_11_20_08_184.jpg, 0, 0, 0, 1.110654
C:\Users\eljes\Downloads\simulator-windows-64\IMG\center_2026_09_01_11_20_08_287.jpg, C:\Users\eljes\Downloads\simulator-windows-64\IMG\left_2026_09_01_11_20_08_287.jpg, C:\Users\eljes\Downloads\simulator-windows-64\IMG\right_2026_09_01_11_20_08_287.jpg, 0, 0, 0, 1.133406
C:\Users\eljes\Downloads\simulator-windows-64\IMG\center_2026_09_01_11_20_08_389.jpg, C:\Users\eljes\Downloads\simulator-windows-64\IMG\left_2026_09_01_11_20_08_389.jpg, C:\Users\eljes\Downloads\simulator-windows-64\IMG\right_2026_09_01_11_20_08_389.jpg, 0, 0, 0, 1.155929
C:\Users\eljes\Downloads\simulator-windows-64\IMG\center_2026_09_01_11_20_08_489.jpg, C:\Users\eljes\Downloads\simulator-windows-64\IMG\left_2026_09_01_11_20_08_489.jpg, C:\Users\eljes\Downloads\simulator-windows-64\IMG\right_2026_09_01_11_20_08_489.jpg, 0, 0, 0, 1.178227
C:\Users\eljes\Downloads\simulator-windows-64\IMG\center_2026_09_01_11_20_08_591.jpg, C:\Users\eljes\Downloads\simulator-windows-64\IMG\left_2026_09_01_11_20_08_591.jpg, C:\Users\eljes\Downloads\simulator-windows-64\IMG\right_2026_09_01_11_20_08_591.jpg, 0, 0, 0, 1.2003
C:\Users\eljes\Downloads\simulator-windows-64\IMG\center_2026_09_01_11_20_08_693.jpg, C:\Users\eljes\Downloads\simulator-windows-64\IMG\left_2026_09_01_11_20_08_693.jpg, C:\Users\eljes\Downloads\simulator-windows-64\IMG\right_2026_09_01_11_20_08_693.jpg, 0, 0.0115722, 0, 1.226981
C:\Users\eljes\Downloads\simulator-windows-64\IMG\center_2026_09_01_11_20_08_794.jpg, C:\Users\eljes\Downloads\simulator-windows-64\IMG\left_2026_09_01_11_20_08_794.jpg, C:\Users\eljes\Downloads\simulator-windows-64\IMG\right_2026_09_01_11_20_08_794.jpg, 0, 0.3143158, 0, 1.501882
C:\Users\eljes\Downloads\simulator-windows-64\IMG\center_2026_09_01_11_20_08_894.jpg, C:\Users\eljes\Downloads\simulator-windows-64\IMG\left_2026_09_01_11_20_08_894.jpg, C:\Users\eljes\Downloads\simulator-windows-64\IMG\right_2026_09_01_11_20_08_894.jpg, 0, 0.607441, 0, 2.079785
C:\Users\eljes\Downloads\simulator-windows-64\IMG\center_2026_09_01_11_20_08_997.jpg, C:\Users\eljes\Downloads\simulator-windows-64\IMG\left_2026_09_01_11_20_08_997.jpg, C:\Users\eljes\Downloads\simulator-windows-64\IMG\right_2026_09_01_11_20_08_997.jpg, 0, 0.9712105, 0, 3.283804
C:\Users\eljes\Downloads\simulator-windows-64\IMG\center_2026_09_01_11_20_09_097.jpg, C:\Users\eljes\Downloads\simulator-windows-64\IMG\left_2026_09_01_11_20_09_097.jpg, C:\Users\eljes\Downloads\simulator-windows-64\IMG\right_2026_09_01_11_20_09_097.jpg, 0, 0.6709368, 0, 4.251348
C:\Users\eljes\Downloads\simulator-windows-64\IMG\center_2026_09_01_11_20_09_199.jpg, C:\Users\eljes\Downloads\simulator-windows-64\IMG\left_2026_09_01_11_20_09_199.jpg, C:\Users\eljes\Downloads\simulator-windows-64\IMG\right_2026_09_01_11_20_09_199.jpg, 0, 0.7205687, 0, 5.00031
C:\Users\eljes\Downloads\simulator-windows-64\IMG\center_2026_09_01_11_20_09_300.jpg, C:\Users\eljes\Downloads\simulator-windows-64\IMG\left_2026_09_01_11_20_09_300.jpg, C:\Users\eljes\Downloads\simulator-windows-64\IMG\right_2026_09_01_11_20_09_300.jpg, 0, 1, 0, 6.056901
C:\Users\eljes\Downloads\simulator-windows-64\IMG\center_2026_09_01_11_20_09_402.jpg, C:\Users\eljes\Downloads\simulator-windows-64\IMG\left_2026_09_01_11_20_09_402.jpg, C:\Users\eljes\Downloads\simulator-windows-64\IMG\right_2026_09_01_11_20_09_402.jpg, 0, 1, 0, 7.236884
C:\Users\eljes\Downloads\simulator-windows-64\IMG\center_2026_09_01_11_20_09_502.jpg, C:\Users\eljes\Downloads\simulator-windows-64\IMG\left_2026_09_01_11_20_09_502.jpg, C:\Users\eljes\Downloads\simulator-windows-64\IMG\right_2026_09_01_11_20_09_502.jpg, 0, 1, 0, 8.405567
C:\Users\eljes\Downloads\simulator-windows-64\IMG\center_2026_09_01_11_20_09_605.jpg, C:\Users\eljes\Downloads\simulator-windows-64\IMG\left_2026_09_01_11_20_09_605.jpg, C:\Users\eljes\Downloads\simulator-windows-64\IMG\right_2026_09_01_11_20_09_605.jpg, 0, 1, 0, 9.565025
C:\Users\eljes\Downloads\simulator-windows-64\IMG\center_2026_09_01_11_20_09_706.jpg, C:\Users\eljes\Downloads\simulator-windows-64\IMG\left_2026_09_01_11_20_09_706.jpg, C:\Users\eljes\Downloads\simulator-windows-64\IMG\right_2026_09_01_11_20_09_706.jpg, 0, 1, 0, 10.71407
C:\Users\eljes\Downloads\simulator-windows-64\IMG\center_2026_09_01_11_20_09_807.jpg, C:\Users\eljes\Downloads\simulator-windows-64\IMG\left_2026_09_01_11_20_09_807.jpg, C:\Users\eljes\Downloads\simulator-windows-64\IMG\right_2026_09_01_11_20_09_807.jpg, 0, 1, 0, 11.69095
C:\Users\eljes\Downloads\simulator-windows-64\IMG\center_2026_09_01_11_20_09_908.jpg, C:\Users\eljes\Downloads\simulator-windows-64\IMG\left_2026_09_01_11_20_09_908.jpg, C:\Users\eljes\Downloads\simulator-windows-64\IMG\right_2026_09_01_11_20_09_908.jpg, -0.0600711, 1, 0, 13.01246
C:\Users\eljes\Downloads\simulator-windows-64\IMG\center_2026_09_01_11_20_10_009.jpg, C:\Users\eljes\Downloads\simulator-windows-64\IMG\left_2026_09_01_11_20_10_009.jpg, C:\Users\eljes\Downloads\simulator-windows-64\IMG\right_2026_09_01_11_20_10_009.jpg, -0.2809389, 1, 0, 14.07394
C:\Users\eljes\Downloads\simulator-windows-64\IMG\center_2026_09_01_11_20_10_112.jpg, C:\Users\eljes\Downloads\simulator-windows-64\IMG\left_2026_09_01_11_20_10_112.jpg, C:\Users\eljes\Downloads\simulator-windows-64\IMG\right_2026_09_01_11_20_10_112.jpg, 0, 1, 0, 15.11603
C:\Users\eljes\Downloads\simulator-windows-64\IMG\center_2026_09_01_11_20_10_215.jpg, C:\Users\eljes\Downloads\simulator-windows-64\IMG\left_2026_09_01_11_20_10_215.jpg, C:\Users\eljes\Downloads\simulator-windows-64\IMG\right_2026_09_01_11_20_10_215.jpg, 0, 1, 0, 16.31874
C:\Users\eljes\Downloads\simulator-windows-64\IMG\center_2026_09_01_11_20_10_318.jpg, C:\Users\eljes\Downloads\simulator-windows-64\IMG\left_2026_09_01_11_20_10_318.jpg, C:\Users\eljes\Downloads\simulator-windows-64\IMG\right_2026_09_01_11_20_10_318.jpg, 0, 1, 0, 17.64426
C:\Users\eljes\Downloads\simulator-windows-64\IMG\center_2026_09_01_11_20_10_420.jpg, C:\Users\eljes\Downloads\simulator-windows-64\IMG\left_2026_09_01_11_20_10_420.jpg, C:\Users\eljes\Downloads\simulator-windows-64\IMG\right_2026_09_01_11_20_10_420.jpg, -0.0379233, 1, 0, 18.56261
C:\Users\eljes\Downloads\simulator-windows-64\IMG\center_2026_09_01_11_20_10_521.jpg, C:\Users\eljes\Downloads\simulator-windows-64\IMG\left_2026_09_01_11_20_10_521.jpg, C:\Users\eljes\Downloads\simulator-windows-64\IMG\right_2026_09_01_11_20_10_521.jpg, -0.3337908, 1, 0, 19.70919
C:\Users\eljes\Downloads\simulator-windows-64\IMG\center_2026_09_01_11_20_10_623.jpg, C:\Users\eljes\Downloads\simulator-windows-64\IMG\left_2026_09_01_11_20_10_623.jpg, C:\Users\eljes\Downloads\simulator-windows-64\IMG\right_2026_09_01_11_20_10_623.jpg, -0.2172776, 1, 0, 20.62133
C:\Users\eljes\Downloads\simulator-windows-64\IMG\center_2026_09_01_11_20_10_724.jpg, C:\Users\eljes\Downloads\simulator-windows-64\IMG\left_2026_09_01_11_20_10_724.jpg, C:\Users\eljes\Downloads\simulator-windows-64\IMG\right_2026_09_01_11_20_10_724.jpg, 0, 1, 0, 21.72273
C:\Users\eljes\Downloads\simulator-windows-64\IMG\center_2026_09_01_11_20_10_825.jpg, C:\Users\eljes\Downloads\simulator-windows-64\IMG\left_2026_09_01_11_20_10_825.jpg, C:\Users\eljes\Downloads\simulator-windows-64\IMG\right_2026_09_01_11_20_10_825.jpg, 0, 1, 0, 22.7284
C:\Users\eljes\Downloads\simulator-windows-64\IMG\center_2026_09_01_11_20_10_925.jpg, C:\Users\eljes\Downloads\simulator-windows-64\IMG\left_2026_09_01_11_20_10_925.jpg, C:\Users\eljes\Downloads\simulator-windows-64\IMG\right_2026_09_01_11_20_10_925.jpg, -0.1740342, 1, 0, 23.76276
C:\Users\eljes\Downloads\simulator-windows-64\IMG\center_2026_09_01_11_20_11_028.jpg, C:\Users\eljes\Downloads\simulator-windows-64\IMG\left_2026_09_01_11_20_11_028.jpg, C:\Users\eljes\Downloads\simulator-windows-64\IMG\right_2026_09_01_11_20_11_028.jpg, -0.4696581, 1, 0, 24.66699
C:\Users\eljes\Downloads\simulator-windows-64\IMG\center_2026_09_01_11_20_11_128.jpg, C:\Users\eljes\Downloads\simulator-windows-64\IMG\left_2026_09_01_11_20_11_128.jpg, C:\Users\eljes\Downloads\simulator-windows-64\IMG\right_2026_09_01_11_20_11_128.jpg, -0.7727925, 1, 0, 25.39435
C:\Users\eljes\Downloads\simulator-windows-64\IMG\center_2026_09_01_11_20_11_228.jpg, C:\Users\eljes\Downloads\simulator-windows-64\IMG\left_2026_09_01_11_20_11_228.jpg, C:\Users\eljes\Downloads\simulator-windows-64\IMG\right_2026_09_01_11_20_11_228.jpg, -0.488999, 1, 0, 26.28834
C:\Users\eljes\Downloads\simulator-windows-64\IMG\center_2026_09_01_11_20_11_329.jpg, C:\Users\eljes\Downloads\simulator-windows-64\IMG\left_2026_09_01_11_20_11_329.jpg, C:\Users\eljes\Downloads\simulator-windows-64\IMG\right_2026_09_01_11_20_11_329.jpg, -0.1947679, 1, 0, 27.32969
C:\Users\eljes\Downloads\simulator-windows-64\IMG\center_2026_09_01_11_20_11_432.jpg, C:\Users\eljes\Downloads\simulator-windows-64\IMG\left_2026_09_01_11_20_11_432.jpg, C:\Users\eljes\Downloads\simulator-windows-64\IMG\right_2026_09_01_11_20_11_432.jpg, 0, 1, 0, 28.29648
C:\Users\eljes\Downloads\simulator-windows-64\IMG\center_2026_09_01_11_20_11_534.jpg, C:\Users\eljes\Downloads\simulator-windows-64\IMG\left_2026_09_01_11_20_11_534.jpg, C:\Users\eljes\Downloads\simulator-windows-64\IMG\right_2026_09_01_11_20_11_534.jpg, 0, 1, 0, 29.2752
C:\Users\eljes\Downloads\simulator-windows-64\IMG\center_2026_09_01_11_20_11_637.jpg, C:\Users\eljes\Downloads\simulator-windows-64\IMG\left_2026_09_01_11_20_11_637.jpg, C:\Users\eljes\Downloads\simulator-windows-64\IMG\right_2026_09_01_11_20_11_637.jpg, 0, 1, 0, 30.20605
C:\Users\eljes\Downloads\simulator-windows-64\IMG\center_2026_09_01_11_20_11_737.jpg, C:\Users\eljes\Downloads\simulator-windows-64\IMG\left_2026_09_01_11_20_11_737.jpg, C:\Users\eljes\Downloads\simulator-windows-64\IMG\right_2026_09_01_11_20_11_737.jpg, 0, 1, 0, 30.20724
C:\Users\eljes\Downloads\simulator-windows-64\IMG\center_2026_09_01_11_20_11_838.jpg, C:\Users\eljes\Downloads\simulator-windows-64\IMG\left_2026_09_01_11_20_11_838.jpg, C:\Users\eljes\Downloads\simulator-windows-64\IMG\right_2026_09_01_11_20_11_838.jpg, -0.3003606, 1, 0, 30.17698
C:\Users\eljes\Downloads\simulator-windows-64\IMG\center_2026_09_01_11_20_11_939.jpg, C:\Users\eljes\Downloads\simulator-windows-64\IMG\left_2026_09_01_11_20_11_939.jpg, C:\Users\eljes\Downloads\simulator-windows-64\IMG\right_2026_09_01_11_20_11_939.jpg, -0.2403612, 1, 0, 30.20557
C:\Users\eljes\Downloads\simulator-windows-64\IMG\center_2026_09_01_11_20_12_040.jpg, C:\Users\eljes\Downloads\simulator-windows-64\IMG\left_2026_09_01_11_20_12_040.jpg, C:\Users\eljes\Downloads\simulator-windows-64\IMG\right_2026_09_01_11_20_12_040.jpg, 0, 1, 0, 30.18318
C:\Users\eljes\Downloads\simulator-windows-64\IMG\center_2026_09_01_11_20_12_141.jpg, C:\Users\eljes\Downloads\simulator-windows-64\IMG\left_2026_09_01_11_20_12_141.jpg, C:\Users\eljes\Downloads\simulator-windows-64\IMG\right_2026_09_01_11_20_12_141.jpg, 0, 1, 0, 30.21241
C:\Users\eljes\Downloads\simulator-windows-64\IMG\center_2026_09_01_11_20_12_243.jpg, C:\Users\eljes\Downloads\simulator-windows-64\IMG\left_2026_09_01_11_20_12_243.jpg, C:\Users\eljes\Downloads\simulator-windows-64\IMG\right_2026_09_01_11_20_12_243.jpg, -0.0496545, 1, 0, 30.21273
C:\Users\eljes\Downloads\simulator-windows-64\IMG\center_2026_09_01_11_20_12_347.jpg, C:\Users\eljes\Downloads\simulator-windows-64\IMG\left_2026_09_01_11_20_12_347.jpg, C:\Users\eljes\Downloads\simulator-windows-64\IMG\right_2026_09_01_11_20_12_347.jpg, -0.3477091, 1, 0, 30.1764
C:\Users\eljes\Downloads\simulator-windows-64\IMG\center_2026_09_01_11_20_12_447.jpg, C:\Users\eljes\Downloads\simulator-windows-64\IMG\left_2026_09_01_11_20_12_447.jpg, C:\Users\eljes\Downloads\simulator-windows-64\IMG\right_2026_09_01_11_20_12_447.jpg, -0.465913, 1, 0, 30.17955
C:\Users\eljes\Downloads\simulator-windows-64\IMG\center_2026_09_01_11_20_12_548.jpg, C:\Users\eljes\Downloads\simulator-windows-64\IMG\left_2026_09_01_11_20_12_548.jpg, C:\Users\eljes\Downloads\simulator-windows-64\IMG\right_2026_09_01_11_20_12_548.jpg, -0.1690948, 1, 0, 30.2091
C:\Users\eljes\Downloads\simulator-windows-64\IMG\center_2026_09_01_11_20_12_650.jpg, C:\Users\eljes\Downloads\simulator-windows-64\IMG\left_2026_09_01_11_20_12_650.jpg, C:\Users\eljes\Downloads\simulator-windows-64\IMG\right_2026_09_01_11_20_12_650.jpg, 0, 1, 0, 30.20762
C:\Users\eljes\Downloads\simulator-windows-64\IMG\center_2026_09_01_11_20_12_753.jpg, C:\Users\eljes\Downloads\simulator-windows-64\IMG\left_2026_09_01_11_20_12_753.jpg, C:\Users\eljes\Downloads\simulator-windows-64\IMG\right_2026_09_01_11_20_12_753.jpg, 0, 1, 0, 30.21221
C:\Users\eljes\Downloads\simulator-windows-64\IMG\center_2026_09_01_11_20_12_854.jpg, C:\Users\eljes\Downloads\simulator-windows-64\IMG\left_2026_09_01_11_20_12_854.jpg, C:\Users\eljes\Downloads\simulator-windows-64\IMG\right_2026_09_01_11_20_12_854.jpg, -0.1190985, 1, 0, 30.20707
C:\Users\eljes\Downloads\simulator-windows-64\IMG\center_2026_09_01_11_20_12_957.jpg, C:\Users\eljes\Downloads\simulator-windows-64\IMG\left_2026_09_01_11_20_12_957.jpg, C:\Users\eljes\Downloads\simulator-windows-64\IMG\right_2026_09_01_11_20_12_957.jpg, -0.4745087, 1, 0, 30.1645
C:\Users\eljes\Downloads\simulator-windows-64\IMG\center_2026_09_01_11_20_13_058.jpg, C:\Users\eljes\Downloads\simulator-windows-64\IMG\left_2026_09_01_11_20_13_058.jpg, C:\Users\eljes\Downloads\simulator-windows-64\IMG\right_2026_09_01_11_20_13_058.jpg, -0.2867975, 1, 0, 30.21043
C:\Users\eljes\Downloads\simulator-windows-64\IMG\center_2026_09_01_11_20_13_161.jpg, C:\Users\eljes\Downloads\simulator-windows-64\IMG\left_2026_09_01_11_20_13_161.jpg, C:\Users\eljes\Downloads\simulator-windows-64\IMG\right_2026_09_01_11_20_13_161.jpg, 0, 1, 0, 30.18712
C:\Users\eljes\Downloads\simulator-windows-64\IMG\center_2026_09_01_11_20_13_264.jpg, C:\Users\eljes\Downloads\simulator-windows-64\IMG\left_2026_09_01_11_20_13_264.jpg, C:\Users\eljes\Downloads\simulator-windows-64\IMG\right_2026_09_01_11_20_13_264.jpg, 0, 1, 0, 30.21197
C:\Users\eljes\Downloads\simulator-windows-64\IMG\center_2026_09_01_11_20_13_364.jpg, C:\Users\eljes\Downloads\simulator-windows-64\IMG\left_2026_09_01_11_20_13_364.jpg, C:\Users\eljes\Downloads\simulator-windows-64\IMG\right_2026_09_01_11_20_13_364.jpg, -0.143523, 1, 0, 30.18834
C:\Users\eljes\Downloads\simulator-windows-64\IMG\center_2026_09_01_11_20_13_467.jpg, C:\Users\eljes\Downloads\simulator-windows-64\IMG\left_2026_09_01_11_20_13_467.jpg, C:\Users\eljes\Downloads\simulator-windows-64\IMG\right_2026_09_01_11_20_13_467.jpg, -0.4477878, 1, 0, 30.1581
C:\Users\eljes\Downloads\simulator-windows-64\IMG\center_2026_09_01_11_20_13_568.jpg, C:\Users\eljes\Downloads\simulator-windows-64\IMG\left_2026_09_01_11_20_13_568.jpg, C:\Users\eljes\Downloads\simulator-windows-64\IMG\right_2026_09_01_11_20_13_568.jpg, -0.7423588, 1, 0, 30.13346
C:\Users\eljes\Downloads\simulator-windows-64\IMG\center_2026_09_01_11_20_13_671.jpg, C:\Users\eljes\Downloads\simulator-windows-64\IMG\left_2026_09_01_11_20_13_671.jpg, C:\Users\eljes\Downloads\simulator-windows-64\IMG\right_2026_09_01_11_20_13_671.jpg, -0.5132738, 1, 0, 30.18854
C:\Users\eljes\Downloads\simulator-windows-64\IMG\center_2026_09_01_11_20_13_772.jpg, C:\Users\eljes\Downloads\simulator-windows-64\IMG\left_2026_09_01_11_20_13_772.jpg, C:\Users\eljes\Downloads\simulator-windows-64\IMG\right_2026_09_01_11_20_13_772.jpg, -0.2112467, 1, 0, 30.21596
C:\Users\eljes\Downloads\simulator-windows-64\IMG\center_2026_09_01_11_20_13_874.jpg, C:\Users\eljes\Downloads\simulator-windows-64\IMG\left_2026_09_01_11_20_13_874.jpg, C:\Users\eljes\Downloads\simulator-windows-64\IMG\right_2026_09_01_11_20_13_874.jpg, 0, 1, 0, 30.19148
C:\Users\eljes\Downloads\simulator-windows-64\IMG\center_2026_09_01_11_20_13_976.jpg, C:\Users\eljes\Downloads\simulator-windows-64\IMG\left_2026_09_01_11_20_13_976.jpg, C:\Users\eljes\Downloads\simulator-windows-64\IMG\right_2026_09_01_11_20_13_976.jpg, 0, 1, 0, 30.20853
C:\Users\eljes\Downloads\simulator-windows-64\IMG\center_2026_09_01_11_20_14_077.jpg, C:\Users\eljes\Downloads\simulator-windows-64\IMG\left_2026_09_01_11_20_14_077.jpg, C:\Users\eljes\Downloads\simulator-windows-64\IMG\right_2026_09_01_11_20_14_077.jpg, 0, 1, 0, 30.17657
C:\Users\eljes\Downloads\simulator-windows-64\IMG\center_2026_09_01_11_20_14_179.jpg, C:\Users\eljes\Downloads\simulator-windows-64\IMG\left_2026_09_01_11_20_14_179.jpg, C:\Users\eljes\Downloads\simulator-windows-64\IMG\right_2026_09_01_11_20_14_179.jpg, -0.1110066, 1, 0, 30.20483
C:\Users\eljes\Downloads\simulator-windows-64\IMG\center_2026_09_01_11_20_14_280.jpg, C:\Users\eljes\Downloads\simulator-windows-64\IMG\left_2026_09_01_11_20_14_280.jpg, C:\Users\eljes\Downloads\simulator-windows-64\IMG\right_2026_09_01_11_20_14_280.jpg, -0.4140707, 1, 0, 30.16999
C:\Users\eljes\Downloads\simulator-windows-64\IMG\center_2026_09_01_11_20_14_382.jpg, C:\Users\eljes\Downloads\simulator-windows-64\IMG\left_2026_09_01_11_20_14_382.jpg, C:\Users\eljes\Downloads\simulator-windows-64\IMG\right_2026_09_01_11_20_14_382.jpg, -0.2308934, 1, 0, 30.20753
C:\Users\eljes\Downloads\simulator-windows-64\IMG\center_2026_09_01_11_20_14_483.jpg, C:\Users\eljes\Downloads\simulator-windows-64\IMG\left_2026_09_01_11_20_14_483.jpg, C:\Users\eljes\Downloads\simulator-windows-64\IMG\right_2026_09_01_11_20_14_483.jpg, 0, 1, 0, 30.19342
C:\Users\eljes\Downloads\simulator-windows-64\IMG\center_2026_09_01_11_20_14_583.jpg, C:\Users\eljes\Downloads\simulator-windows-64\IMG\left_2026_09_01_11_20_14_583.jpg, C:\Users\eljes\Downloads\simulator-windows-64\IMG\right_2026_09_01_11_20_14_583.jpg, 0, 1, 0, 30.20664
C:\Users\eljes\Downloads\simulator-windows-64\IMG\center_2026_09_01_11_20_14_684.jpg, C:\Users\eljes\Downloads\simulator-windows-64\IMG\left_2026_09_01_11_20_14_684.jpg, C:\Users\eljes\Downloads\simulator-windows-64\IMG\right_2026_09_01_11_20_14_684.jpg, -0.2978094, 1, 0, 30.17063
C:\Users\eljes\Downloads\simulator-windows-64\IMG\center_2026_09_01_11_20_14_786.jpg, C:\Users\eljes\Downloads\simulator-windows-64\IMG\left_2026_09_01_11_20_14_786.jpg, C:\Users\eljes\Downloads\simulator-windows-64\IMG\right_2026_09_01_11_20_14_786.jpg, -0.3023231, 1, 0, 30.19771
C:\Users\eljes\Downloads\simulator-windows-64\IMG\center_2026_09_01_11_20_14_887.jpg, C:\Users\eljes\Downloads\simulator-windows-64\IMG\left_2026_09_01_11_20_14_887.jpg, C:\Users\eljes\Downloads\simulator-windows-64\IMG\right_2026_09_01_11_20_14_887.jpg, -0.004985332, 1, 0, 30.22909
C:\Users\eljes\Downloads\simulator-windows-64\IMG\center_2026_09_01_11_20_14_989.jpg, C:\Users\eljes\Downloads\simulator-windows-64\IMG\left_2026_09_01_11_20_14_989.jpg, C:\Users\eljes\Downloads\simulator-windows-64\IMG\right_2026_09_01_11_20_14_989.jpg, 0, 1, 0, 30.1943
C:\Users\eljes\Downloads\simulator-windows-64\IMG\center_2026_09_01_11_20_15_091.jpg, C:\Users\eljes\Downloads\simulator-windows-64\IMG\left_2026_09_01_11_20_15_091.jpg, C:\Users\eljes\Downloads\simulator-windows-64\IMG\right_2026_09_01_11_20_15_091.jpg, -0.2681739, 1, 0, 30.19917
C:\Users\eljes\Downloads\simulator-windows-64\IMG\center_2026_09_01_11_20_15_194.jpg, C:\Users\eljes\Downloads\simulator-windows-64\IMG\left_2026_09_01_11_20_15_194.jpg, C:\Users\eljes\Downloads\simulator-windows-64\IMG\right_2026_09_01_11_20_15_194.jpg, -0.5656483, 1, 0, 30.13933
C:\Users\eljes\Downloads\simulator-windows-64\IMG\center_2026_09_01_11_20_15_296.jpg, C:\Users\eljes\Downloads\simulator-windows-64\IMG\left_2026_09_01_11_20_15_296.jpg, C:\Users\eljes\Downloads\simulator-windows-64\IMG\right_2026_09_01_11_20_15_296.jpg, -0.4638736, 1, 0, 30.20737
C:\Users\eljes\Downloads\simulator-windows-64\IMG\center_2026_09_01_11_20_15_398.jpg, C:\Users\eljes\Downloads\simulator-windows-64\IMG\left_2026_09_01_11_20_15_398.jpg, C:\Users\eljes\Downloads\simulator-windows-64\IMG\right_2026_09_01_11_20_15_398.jpg, -0.1600698, 1, 0, 30.28456
C:\Users\eljes\Downloads\simulator-windows-64\IMG\center_2026_09_01_11_20_15_498.jpg, C:\Users\eljes\Downloads\simulator-windows-64\IMG\left_2026_09_01_11_20_15_498.jpg, C:\Users\eljes\Downloads\simulator-windows-64\IMG\right_2026_09_01_11_20_15_498.jpg, 0, 1, 0, 30.17375
C:\Users\eljes\Downloads\simulator-windows-64\IMG\center_2026_09_01_11_20_15_600.jpg, C:\Users\eljes\Downloads\simulator-windows-64\IMG\left_2026_09_01_11_20_15_600.jpg, C:\Users\eljes\Downloads\simulator-windows-64\IMG\right_2026_09_01_11_20_15_600.jpg, 0, 1, 0, 30.14706
C:\Users\eljes\Downloads\simulator-windows-64\IMG\center_2026_09_01_11_20_15_703.jpg, C:\Users\eljes\Downloads\simulator-windows-64\IMG\left_2026_09_01_11_20_15_703.jpg, C:\Users\eljes\Downloads\simulator-windows-64\IMG\right_2026_09_01_11_20_15_703.jpg, 0, 1, 0, 30.16267
C:\Users\eljes\Downloads\simulator-windows-64\IMG\center_2026_09_01_11_20_15_804.jpg, C:\Users\eljes\Downloads\simulator-windows-64\IMG\left_2026_09_01_11_20_15_804.jpg, C:\Users\eljes\Downloads\simulator-windows-64\IMG\right_2026_09_01_11_20_15_804.jpg, 0, 1, 0, 29.96049
C:\Users\eljes\Downloads\simulator-windows-64\IMG\center_2026_09_01_11_20_15_904.jpg, C:\Users\eljes\Downloads\simulator-windows-64\IMG\left_2026_09_01_11_20_15_904.jpg, C:\Users\eljes\Downloads\simulator-windows-64\IMG\right_2026_09_01_11_20_15_904.jpg, 0, 1, 0, 30.16743
C:\Users\eljes\Downloads\simulator-windows-64\IMG\center_2026_09_01_11_20_16_005.jpg, C:\Users\eljes\Downloads\simulator-windows-64\IMG\left_2026_09_01_11_20_16_005.jpg, C:\Users\eljes\Downloads\simulator-windows-64\IMG\right_2026_09_01_11_20_16_005.jpg, 0, 1, 0, 30.27694
C:\Users\eljes\Downloads\simulator-windows-64\IMG\center_2026_09_01_11_20_16_105.jpg, C:\Users\eljes\Downloads\simulator-windows-64\IMG\left_2026_09_01_11_20_16_105.jpg, C:\Users\eljes\Downloads\simulator-windows-64\IMG\right_2026_09_01_11_20_16_105.jpg, -0.3036099, 1, 0, 30.10991
C:\Users\eljes\Downloads\simulator-windows-64\IMG\center_2026_09_01_11_20_16_206.jpg, C:\Users\eljes\Downloads\simulator-windows-64\IMG\left_2026_09_01_11_20_16_206.jpg, C:\Users\eljes\Downloads\simulator-windows-64\IMG\right_2026_09_01_11_20_16_206.jpg, -0.1200186, 1, 0, 29.99271
C:\Users\eljes\Downloads\simulator-windows-64\IMG\center_2026_09_01_11_20_16_307.jpg, C:\Users\eljes\Downloads\simulator-windows-64\IMG\left_2026_09_01_11_20_16_307.jpg, C:\Users\eljes\Downloads\simulator-windows-64\IMG\right_2026_09_01_11_20_16_307.jpg, 0, 1, 0, 30.06415
C:\Users\eljes\Downloads\simulator-windows-64\IMG\center_2026_09_01_11_20_16_411.jpg, C:\Users\eljes\Downloads\simulator-windows-64\IMG\left_2026_09_01_11_20_16_411.jpg, C:\Users\eljes\Downloads\simulator-windows-64\IMG\right_2026_09_01_11_20_16_411.jpg, 0, 1, 0, 30.19704
C:\Users\eljes\Downloads\simulator-windows-64\IMG\center_2026_09_01_11_20_16_512.jpg, C:\Users\eljes\Downloads\simulator-windows-64\IMG\left_2026_09_01_11_20_16_512.jpg, C:\Users\eljes\Downloads\simulator-windows-64\IMG\right_2026_09_01_11_20_16_512.jpg, 0, 1, 0, 30.04232
C:\Users\eljes\Downloads\simulator-windows-64\IMG\center_2026_09_01_11_20_16_616.jpg, C:\Users\eljes\Downloads\simulator-windows-64\IMG\left_2026_09_01_11_20_16_616.jpg, C:\Users\eljes\Downloads\simulator-windows-64\IMG\right_2026_09_01_11_20_16_616.jpg, 0, 1, 0, 30.15489
C:\Users\eljes\Downloads\simulator-windows-64\IMG\center_2026_09_01_11_20_16_720.jpg, C:\Users\eljes\Downloads\simulator-windows-64\IMG\left_2026_09_01_11_20_16_720.jpg, C:\Users\eljes\Downloads\simulator-windows-64\IMG\right_2026_09_01_11_20_16_720.jpg, 0, 1, 0, 29.95048
C:\Users\eljes\Downloads\simulator-windows-64\IMG\center_2026_09_01_11_20_16_820.jpg, C:\Users\eljes\Downloads\simulator-windows-64\IMG\left_2026_09_01_11_20_16_820.jpg, C:\Users\eljes\Downloads\simulator-windows-64\IMG\right_2026_09_01_11_20_16_820.jpg, 0, 1, 0, 30.11478
C:\Users\eljes\Downloads\simulator-windows-64\IMG\center_2026_09_01_11_20_16_924.jpg, C:\Users\eljes\Downloads\simulator-windows-64\IMG\left_2026_09_01_11_20_16_924.jpg, C:\Users\eljes\Downloads\simulator-windows-64\IMG\right_2026_09_01_11_20_16_924.jpg, 0, 1, 0, 30.13699
C:\Users\eljes\Downloads\simulator-windows-64\IMG\center_2026_09_01_11_20_17_025.jpg, C:\Users\eljes\Downloads\simulator-windows-64\IMG\left_2026_09_01_11_20_17_025.jpg, C:\Users\eljes\Downloads\simulator-windows-64\IMG\right_2026_09_01_11_20_17_025.jpg, 0, 1, 0, 30.08365
C:\Users\eljes\Downloads\simulator-windows-64\IMG\center_2026_09_01_11_20_17_128.jpg, C:\Users\eljes\Downloads\simulator-windows-64\IMG\left_2026_09_01_11_20_17_128.jpg, C:\Users\eljes\Downloads\simulator-windows-64\IMG\right_2026_09_01_11_20_17_128.jpg, 0, 1, 0, 30.10269
C:\Users\eljes\Downloads\simulator-windows-64\IMG\center_2026_09_01_11_20_17_229.jpg, C:\Users\eljes\Downloads\simulator-windows-64\IMG\left_2026_09_01_11_20_17_229.jpg, C:\Users\eljes\Downloads\simulator-windows-64\IMG\right_2026_09_01_11_20_17_229.jpg, -0.2806953, 1, 0, 30.03258
C:\Users\eljes\Downloads\simulator-windows-64\IMG\center_2026_09_01_11_20_17_329.jpg, C:\Users\eljes\Downloads\simulator-windows-64\IMG\left_2026_09_01_11_20_17_329.jpg, C:\Users\eljes\Downloads\simulator-windows-64\IMG\right_2026_09_01_11_20_17_329.jpg, -0.5838435, 1, 0, 29.98959
C:\Users\eljes\Downloads\simulator-windows-64\IMG\center_2026_09_01_11_20_17_430.jpg, C:\Users\eljes\Downloads\simulator-windows-64\IMG\left_2026_09_01_11_20_17_430.jpg, C:\Users\eljes\Downloads\simulator-windows-64\IMG\right_2026_09_01_11_20_17_430.jpg, -0.3178552, 1, 0, 30.04941
C:\Users\eljes\Downloads\simulator-windows-64\IMG\center_2026_09_01_11_20_17_534.jpg, C:\Users\eljes\Downloads\simulator-windows-64\IMG\left_2026_09_01_11_20_17_534.jpg, C:\Users\eljes\Downloads\simulator-windows-64\IMG\right_2026_09_01_11_20_17_534.jpg, -0.01630149, 1, 0, 29.99849
C:\Users\eljes\Downloads\simulator-windows-64\IMG\center_2026_09_01_11_20_17_635.jpg, C:\Users\eljes\Downloads\simulator-windows-64\IMG\left_2026_09_01_11_20_17_635.jpg, C:\Users\eljes\Downloads\simulator-windows-64\IMG\right_2026_09_01_11_20_17_635.jpg, 0, 1, 0, 30.08611
C:\Users\eljes\Downloads\simulator-windows-64\IMG\center_2026_09_01_11_20_17_737.jpg, C:\Users\eljes\Downloads\simulator-windows-64\IMG\left_2026_09_01_11_20_17_737.jpg, C:\Users\eljes\Downloads\simulator-windows-64\IMG\right_2026_09_01_11_20_17_737.jpg, 0, 1, 0, 30.09145
C:\Users\eljes\Downloads\simulator-windows-64\IMG\center_2026_09_01_11_20_17_839.jpg, C:\Users\eljes\Downloads\simulator-windows-64\IMG\left_2026_09_01_11_20_17_839.jpg, C:\Users\eljes\Downloads\simulator-windows-64\IMG\right_2026_09_01_11_20_17_839.jpg, 0, 1, 0, 30.11534
C:\Users\eljes\Downloads\simulator-windows-64\IMG\center_2026_09_01_11_20_17_940.jpg, C:\Users\eljes\Downloads\simulator-windows-64\IMG\left_2026_09_01_11_20_17_940.jpg, C:\Users\eljes\Downloads\simulator-windows-64\IMG\right_2026_09_01_11_20_17_940.jpg, 0, 1, 0, 30.12041
C:\Users\eljes\Downloads\simulator-windows-64\IMG\center_2026_09_01_11_20_18_040.jpg, C:\Users\eljes\Downloads\simulator-windows-64\IMG\left_2026_09_01_11_20_18_040.jpg, C:\Users\eljes\Downloads\simulator-windows-64\IMG\right_2026_09_01_11_20_18_040.jpg, 0.2900646, 1, 0, 29.96249
C:\Users\eljes\Downloads\simulator-windows-64\IMG\center_2026_09_01_11_20_18_143.jpg, C:\Users\eljes\Downloads\simulator-windows-64\IMG\left_2026_09_01_11_20_18_143.jpg, C:\Users\eljes\Downloads\simulator-windows-64\IMG\right_2026_09_01_11_20_18_143.jpg, 0.5956479, 1, 0, 29.97861
C:\Users\eljes\Downloads\simulator-windows-64\IMG\center_2026_09_01_11_20_18_245.jpg, C:\Users\eljes\Downloads\simulator-windows-64\IMG\left_2026_09_01_11_20_18_245.jpg, C:\Users\eljes\Downloads\simulator-windows-64\IMG\right_2026_09_01_11_20_18_245.jpg, 0.869008, 1, 0, 29.69696
C:\Users\eljes\Downloads\simulator-windows-64\IMG\center_2026_09_01_11_20_18_347.jpg, C:\Users\eljes\Downloads\simulator-windows-64\IMG\left_2026_09_01_11_20_18_347.jpg, C:\Users\eljes\Downloads\simulator-windows-64\IMG\right_2026_09_01_11_20_18_347.jpg, 0.5657012, 1, 0, 30.02127
C:\Users\eljes\Downloads\simulator-windows-64\IMG\center_2026_09_01_11_20_18_449.jpg, C:\Users\eljes\Downloads\simulator-windows-64\IMG\left_2026_09_01_11_20_18_449.jpg, C:\Users\eljes\Downloads\simulator-windows-64\IMG\right_2026_09_01_11_20_18_449.jpg, 0.2732555, 1, 0, 30.05109
C:\Users\eljes\Downloads\simulator-windows-64\IMG\center_2026_09_01_11_20_18_551.jpg, C:\Users\eljes\Downloads\simulator-windows-64\IMG\left_2026_09_01_11_20_18_551.jpg, C:\Users\eljes\Downloads\simulator-windows-64\IMG\right_2026_09_01_11_20_18_551.jpg, 0, 1, 0, 29.95014
C:\Users\eljes\Downloads\simulator-windows-64\IMG\center_2026_09_01_11_20_18_652.jpg, C:\Users\eljes\Downloads\simulator-windows-64\IMG\left_2026_09_01_11_20_18_652.jpg, C:\Users\eljes\Downloads\simulator-windows-64\IMG\right_2026_09_01_11_20_18_652.jpg, 0, 1, 0, 30.13767
C:\Users\eljes\Downloads\simulator-windows-64\IMG\center_2026_09_01_11_20_18_753.jpg, C:\Users\eljes\Downloads\simulator-windows-64\IMG\left_2026_09_01_11_20_18_753.jpg, C:\Users\eljes\Downloads\simulator-windows-64\IMG\right_2026_09_01_11_20_18_753.jpg, 0, 1, 0, 30.03688
C:\Users\eljes\Downloads\simulator-windows-64\IMG\center_2026_09_01_11_20_18_854.jpg, C:\Users\eljes\Downloads\simulator-windows-64\IMG\left_2026_09_01_11_20_18_854.jpg, C:\Users\eljes\Downloads\simulator-windows-64\IMG\right_2026_09_01_11_20_18_854.jpg, 0, 1, 0, 30.23781
C:\Users\eljes\Downloads\simulator-windows-64\IMG\center_2026_09_01_11_20_18_955.jpg, C:\Users\eljes\Downloads\simulator-windows-64\IMG\left_2026_09_01_11_20_18_955.jpg, C:\Users\eljes\Downloads\simulator-windows-64\IMG\right_2026_09_01_11_20_18_955.jpg, 0, 1, 0, 30.02932
C:\Users\eljes\Downloads\simulator-windows-64\IMG\center_2026_09_01_11_20_19_058.jpg, C:\Users\eljes\Downloads\simulator-windows-64\IMG\left_2026_09_01_11_20_19_058.jpg, C:\Users\eljes\Downloads\simulator-windows-64\IMG\right_2026_09_01_11_20_19_058.jpg, 0, 1, 0, 30.10066
C:\Users\eljes\Downloads\simulator-windows-64\IMG\center_2026_09_01_11_20_19_160.jpg, C:\Users\eljes\Downloads\simulator-windows-64\IMG\left_2026_09_01_11_20_19_160.jpg, C:\Users\eljes\Downloads\simulator-windows-64\IMG\right_2026_09_01_11_20_19_160.jpg, 0, 1, 0, 30.23942
C:\Users\eljes\Downloads\simulator-windows-64\IMG\center_2026_09_01_11_20_19_262.jpg, C:\Users\eljes\Downloads\simulator-windows-64\IMG\left_2026_09_01_11_20_19_262.jpg, C:\Users\eljes\Downloads\simulator-windows-64\IMG\right_2026_09_01_11_20_19_262.jpg, 0, 1, 0, 30.16432
C:\Users\eljes\Downloads\simulator-windows-64\IMG\center_2026_09_01_11_20_19_366.jpg, C:\Users\eljes\Downloads\simulator-windows-64\IMG\left_2026_09_01_11_20_19_366.jpg, C:\Users\eljes\Downloads\simulator-windows-64\IMG\right_2026_09_01_11_20_19_366.jpg, 0, 1, 0, 30.19691
C:\Users\eljes\Downloads\simulator-windows-64\IMG\center_2026_09_01_11_20_19_469.jpg, C:\Users\eljes\Downloads\simulator-windows-64\IMG\left_2026_09_01_11_20_19_469.jpg, C:\Users\eljes\Downloads\simulator-windows-64\IMG\right_2026_09_01_11_20_19_469.jpg, 0, 1, 0, 30.16695
C:\Users\eljes\Downloads\simulator-windows-64\IMG\center_2026_09_01_11_20_19_572.jpg, C:\Users\eljes\Downloads\simulator-windows-64\IMG\left_2026_09_01_11_20_19_572.jpg, C:\Users\eljes\Downloads\simulator-windows-64\IMG\right_2026_09_01_11_20_19_572.jpg, 0, 1, 0, 30.21634
C:\Users\eljes\Downloads\simulator-windows-64\IMG\center_2026_09_01_11_20_19_674.jpg, C:\Users\eljes\Downloads\simulator-windows-64\IMG\left_2026_09_01_11_20_19_674.jpg, C:\Users\eljes\Downloads\simulator-windows-64\IMG\right_2026_09_01_11_20_19_674.jpg, 0, 1, 0, 30.17607
C:\Users\eljes\Downloads\simulator-windows-64\IMG\center_2026_09_01_11_20_19_776.jpg, C:\Users\eljes\Downloads\simulator-windows-64\IMG\left_2026_09_01_11_20_19_776.jpg, C:\Users\eljes\Downloads\simulator-windows-64\IMG\right_2026_09_01_11_20_19_776.jpg, 0, 0.8183891, 0, 30.14644
C:\Users\eljes\Downloads\simulator-windows-64\IMG\center_2026_09_01_11_20_19_877.jpg, C:\Users\eljes\Downloads\simulator-windows-64\IMG\left_2026_09_01_11_20_19_877.jpg, C:\Users\eljes\Downloads\simulator-windows-64\IMG\right_2026_09_01_11_20_19_877.jpg, 0.1943067, 1, 0, 30.17929
C:\Users\eljes\Downloads\simulator-windows-64\IMG\center_2026_09_01_11_20_19_977.jpg, C:\Users\eljes\Downloads\simulator-windows-64\IMG\left_2026_09_01_11_20_19_977.jpg, C:\Users\eljes\Downloads\simulator-windows-64\IMG\right_2026_09_01_11_20_19_977.jpg, 0.4959027, 0.8481801, 0, 30.08956
C:\Users\eljes\Downloads\simulator-windows-64\IMG\center_2026_09_01_11_20_20_078.jpg, C:\Users\eljes\Downloads\simulator-windows-64\IMG\left_2026_09_01_11_20_20_078.jpg, C:\Users\eljes\Downloads\simulator-windows-64\IMG\right_2026_09_01_11_20_20_078.jpg, 0.7084746, 0.544272, 0, 30.02425
C:\Users\eljes\Downloads\simulator-windows-64\IMG\center_2026_09_01_11_20_20_183.jpg, C:\Users\eljes\Downloads\simulator-windows-64\IMG\left_2026_09_01_11_20_20_183.jpg, C:\Users\eljes\Downloads\simulator-windows-64\IMG\right_2026_09_01_11_20_20_183.jpg, 0.4086831, 0.2444805, 0, 30.01608
C:\Users\eljes\Downloads\simulator-windows-64\IMG\center_2026_09_01_11_20_20_286.jpg, C:\Users\eljes\Downloads\simulator-windows-64\IMG\left_2026_09_01_11_20_20_286.jpg, C:\Users\eljes\Downloads\simulator-windows-64\IMG\right_2026_09_01_11_20_20_286.jpg, 0.1150806, 0, 0, 29.90158
C:\Users\eljes\Downloads\simulator-windows-64\IMG\center_2026_09_01_11_20_20_387.jpg, C:\Users\eljes\Downloads\simulator-windows-64\IMG\left_2026_09_01_11_20_20_387.jpg, C:\Users\eljes\Downloads\simulator-windows-64\IMG\right_2026_09_01_11_20_20_387.jpg, 0, 0, 0, 29.62851
C:\Users\eljes\Downloads\simulator-windows-64\IMG\center_2026_09_01_11_20_20_491.jpg, C:\Users\eljes\Downloads\simulator-windows-64\IMG\left_2026_09_01_11_20_20_491.jpg, C:\Users\eljes\Downloads\simulator-windows-64\IMG\right_2026_09_01_11_20_20_491.jpg, 0, 0, 0, 29.39171
C:\Users\eljes\Downloads\simulator-windows-64\IMG\center_2026_09_01_11_20_20_591.jpg, C:\Users\eljes\Downloads\simulator-windows-64\IMG\left_2026_09_01_11_20_20_591.jpg, C:\Users\eljes\Downloads\simulator-windows-64\IMG\right_2026_09_01_11_20_20_591.jpg, -0.0961674, 0, 0, 29.15659
C:\Users\eljes\Downloads\simulator-windows-64\IMG\center_2026_09_01_11_20_20_692.jpg, C:\Users\eljes\Downloads\simulator-windows-64\IMG\left_2026_09_01_11_20_20_692.jpg, C:\Users\eljes\Downloads\simulator-windows-64\IMG\right_2026_09_01_11_20_20_692.jpg, -0.4037118, 0, 0, 28.78626
C:\Users\eljes\Downloads\simulator-windows-64\IMG\center_2026_09_01_11_20_20_795.jpg, C:\Users\eljes\Downloads\simulator-windows-64\IMG\left_2026_09_01_11_20_20_795.jpg, C:\Users\eljes\Downloads\simulator-windows-64\IMG\right_2026_09_01_11_20_20_795.jpg, -0.2746635, 0, 0, 28.42447
C:\Users\eljes\Downloads\simulator-windows-64\IMG\center_2026_09_01_11_20_20_897.jpg, C:\Users\eljes\Downloads\simulator-windows-64\IMG\left_2026_09_01_11_20_20_897.jpg, C:\Users\eljes\Downloads\simulator-windows-64\IMG\right_2026_09_01_11_20_20_897.jpg, 0, 0, 0, 28.11476
C:\Users\eljes\Downloads\simulator-windows-64\IMG\center_2026_09_01_11_20_20_998.jpg, C:\Users\eljes\Downloads\simulator-windows-64\IMG\left_2026_09_01_11_20_20_998.jpg, C:\Users\eljes\Downloads\simulator-windows-64\IMG\right_2026_09_01_11_20_20_998.jpg, 0, 0, 0, 27.84841
C:\Users\eljes\Downloads\simulator-windows-64\IMG\center_2026_09_01_11_20_21_099.jpg, C:\Users\eljes\Downloads\simulator-windows-64\IMG\left_2026_09_01_11_20_21_099.jpg, C:\Users\eljes\Downloads\simulator-windows-64\IMG\right_2026_09_01_11_20_21_099.jpg, -0.2428404, 0, 0, 27.57194
C:\Users\eljes\Downloads\simulator-windows-64\IMG\center_2026_09_01_11_20_21_201.jpg, C:\Users\eljes\Downloads\simulator-windows-64\IMG\left_2026_09_01_11_20_21_201.jpg, C:\Users\eljes\Downloads\simulator-windows-64\IMG\right_2026_09_01_11_20_21_201.jpg, -0.09500401, 0, 0, 27.27715
C:\Users\eljes\Downloads\simulator-windows-64\IMG\center_2026_09_01_11_20_21_302.jpg, C:\Users\eljes\Downloads\simulator-windows-64\IMG\left_2026_09_01_11_20_21_302.jpg, C:\Users\eljes\Downloads\simulator-windows-64\IMG\right_2026_09_01_11_20_21_302.jpg, 0, 0, 0, 27.01566
C:\Users\eljes\Downloads\simulator-windows-64\IMG\center_2026_09_01_11_20_21_403.jpg, C:\Users\eljes\Downloads\simulator-windows-64\IMG\left_2026_09_01_11_20_21_403.jpg, C:\Users\eljes\Downloads\simulator-windows-64\IMG\right_2026_09_01_11_20_21_403.jpg, 0, 0, 0, 26.7579
C:\Users\eljes\Downloads\simulator-windows-64\IMG\center_2026_09_01_11_20_21_505.jpg, C:\Users\eljes\Downloads\simulator-windows-64\IMG\left_2026_09_01_11_20_21_505.jpg, C:\Users\eljes\Downloads\simulator-windows-64\IMG\right_2026_09_01_11_20_21_505.jpg, 0, 0, 0, 26.50221
C:\Users\eljes\Downloads\simulator-windows-64\IMG\center_2026_09_01_11_20_21_608.jpg, C:\Users\eljes\Downloads\simulator-windows-64\IMG\left_2026_09_01_11_20_21_608.jpg, C:\Users\eljes\Downloads\simulator-windows-64\IMG\right_2026_09_01_11_20_21_608.jpg, 0, 0, 0, 26.2492
C:\Users\eljes\Downloads\simulator-windows-64\IMG\center_2026_09_01_11_20_21_711.jpg, C:\Users\eljes\Downloads\simulator-windows-64\IMG\left_2026_09_01_11_20_21_711.jpg, C:\Users\eljes\Downloads\simulator-windows-64\IMG\right_2026_09_01_11_20_21_711.jpg, 0, 0, 0, 26.01293
C:\Users\eljes\Downloads\simulator-windows-64\IMG\center_2026_09_01_11_20_21_814.jpg, C:\Users\eljes\Downloads\simulator-windows-64\IMG\left_2026_09_01_11_20_21_814.jpg, C:\Users\eljes\Downloads\simulator-windows-64\IMG\right_2026_09_01_11_20_21_814.jpg, 0, 0, 0, 25.77915
C:\Users\eljes\Downloads\simulator-windows-64\IMG\center_2026_09_01_11_20_21_918.jpg, C:\Users\eljes\Downloads\simulator-windows-64\IMG\left_2026_09_01_11_20_21_918.jpg, C:\Users\eljes\Downloads\simulator-windows-64\IMG\right_2026_09_01_11_20_21_918.jpg, 0, 0, 0, 25.51037
C:\Users\eljes\Downloads\simulator-windows-64\IMG\center_2026_09_01_11_20_22_021.jpg, C:\Users\eljes\Downloads\simulator-windows-64\IMG\left_2026_09_01_11_20_22_021.jpg, C:\Users\eljes\Downloads\simulator-windows-64\IMG\right_2026_09_01_11_20_22_021.jpg, 0, 0, 0, 25.29364
C:\Users\eljes\Downloads\simulator-windows-64\IMG\center_2026_09_01_11_20_22_123.jpg, C:\Users\eljes\Downloads\simulator-windows-64\IMG\left_2026_09_01_11_20_22_123.jpg, C:\Users\eljes\Downloads\simulator-windows-64\IMG\right_2026_09_01_11_20_22_123.jpg, 0, 0, 0, 25.07969
C:\Users\eljes\Downloads\simulator-windows-64\IMG\center_2026_09_01_11_20_22_223.jpg, C:\Users\eljes\Downloads\simulator-windows-64\IMG\left_2026_09_01_11_20_22_223.jpg, C:\Users\eljes\Downloads\simulator-windows-64\IMG\right_2026_09_01_11_20_22_223.jpg, -0.2174547, 0, 0, 24.86553
C:\Users\eljes\Downloads\simulator-windows-64\IMG\center_2026_09_01_11_20_22_326.jpg, C:\Users\eljes\Downloads\simulator-windows-64\IMG\left_2026_09_01_11_20_22_326.jpg, C:\Users\eljes\Downloads\simulator-windows-64\IMG\right_2026_09_01_11_20_22_326.jpg, -0.4144818, 0, 0, 24.53604
C:\Users\eljes\Downloads\simulator-windows-64\IMG\center_2026_09_01_11_20_22_427.jpg, C:\Users\eljes\Downloads\simulator-windows-64\IMG\left_2026_09_01_11_20_22_427.jpg, C:\Users\eljes\Downloads\simulator-windows-64\IMG\right_2026_09_01_11_20_22_427.jpg, -0.107452, 0, 0, 24.34189
C:\Users\eljes\Downloads\simulator-windows-64\IMG\center_2026_09_01_11_20_22_527.jpg, C:\Users\eljes\Downloads\simulator-windows-64\IMG\left_2026_09_01_11_20_22_527.jpg, C:\Users\eljes\Downloads\simulator-windows-64\IMG\right_2026_09_01_11_20_22_527.jpg, 0, 0, 0, 24.15549
C:\Users\eljes\Downloads\simulator-windows-64\IMG\center_2026_09_01_11_20_22_628.jpg, C:\Users\eljes\Downloads\simulator-windows-64\IMG\left_2026_09_01_11_20_22_628.jpg, C:\Users\eljes\Downloads\simulator-windows-64\IMG\right_2026_09_01_11_20_22_628.jpg, 0, 0, 0, 23.98144
C:\Users\eljes\Downloads\simulator-windows-64\IMG\center_2026_09_01_11_20_22_731.jpg, C:\Users\eljes\Downloads\simulator-windows-64\IMG\left_2026_09_01_11_20_22_731.jpg, C:\Users\eljes\Downloads\simulator-windows-64\IMG\right_2026_09_01_11_20_22_731.jpg, 0, 0, 0, 23.82016
C:\Users\eljes\Downloads\simulator-windows-64\IMG\center_2026_09_01_11_20_22_831.jpg, C:\Users\eljes\Downloads\simulator-windows-64\IMG\left_2026_09_01_11_20_22_831.jpg, C:\Users\eljes\Downloads\simulator-windows-64\IMG\right_2026_09_01_11_20_22_831.jpg, 0, 0, 0, 23.67141
C:\Users\eljes\Downloads\simulator-windows-64\IMG\center_2026_09_01_11_20_22_932.jpg, C:\Users\eljes\Downloads\simulator-windows-64\IMG\left_2026_09_01_11_20_22_932.jpg, C:\Users\eljes\Downloads\simulator-windows-64\IMG\right_2026_09_01_11_20_22_932.jpg, 0, 0, 0, 23.52382
C:\Users\eljes\Downloads\simulator-windows-64\IMG\center_2026_09_01_11_20_23_035.jpg, C:\Users\eljes\Downloads\simulator-windows-64\IMG\left_2026_09_01_11_20_23_035.jpg, C:\Users\eljes\Downloads\simulator-windows-64\IMG\right_2026_09_01_11_20_23_035.jpg, 0, 0, 0, 23.38958
C:\Users\eljes\Downloads\simulator-windows-64\IMG\center_2026_09_01_11_20_23_138.jpg, C:\Users\eljes\Downloads\simulator-windows-64\IMG\left_2026_09_01_11_20_23_138.jpg, C:\Users\eljes\Downloads\simulator-windows-64\IMG\right_2026_09_01_11_20_23_138.jpg, 0, 0, 0, 23.23444
C:\Users\eljes\Downloads\simulator-windows-64\IMG\center_2026_09_01_11_20_23_240.jpg, C:\Users\eljes\Downloads\simulator-windows-64\IMG\left_2026_09_01_11_20_23_240.jpg, C:\Users\eljes\Downloads\simulator-windows-64\IMG\right_2026_09_01_11_20_23_240.jpg, 0, 0, 0, 23.10688
C:\Users\eljes\Downloads\simulator-windows-64\IMG\center_2026_09_01_11_20_23_342.jpg, C:\Users\eljes\Downloads\simulator-windows-64\IMG\left_2026_09_01_11_20_23_342.jpg, C:\Users\eljes\Downloads\simulator-windows-64\IMG\right_2026_09_01_11_20_23_342.jpg, 0, 0, 0, 23.00134
C:\Users\eljes\Downloads\simulator-windows-64\IMG\center_2026_09_01_11_20_23_442.jpg, C:\Users\eljes\Downloads\simulator-windows-64\IMG\left_2026_09_01_11_20_23_442.jpg, C:\Users\eljes\Downloads\simulator-windows-64\IMG\right_2026_09_01_11_20_23_442.jpg, 0, 0, 0, 22.89803
C:\Users\eljes\Downloads\simulator-windows-64\IMG\center_2026_09_01_11_20_23_545.jpg, C:\Users\eljes\Downloads\simulator-windows-64\IMG\left_2026_09_01_11_20_23_545.jpg, C:\Users\eljes\Downloads\simulator-windows-64\IMG\right_2026_09_01_11_20_23_545.jpg, 0, 0, 0, 22.79847
C:\Users\eljes\Downloads\simulator-windows-64\IMG\center_2026_09_01_11_20_23_648.jpg, C:\Users\eljes\Downloads\simulator-windows-64\IMG\left_2026_09_01_11_20_23_648.jpg, C:\Users\eljes\Downloads\simulator-windows-64\IMG\right_2026_09_01_11_20_23_648.jpg, 0.1863447, 0, 0, 22.69966
C:\Users\eljes\Downloads\simulator-windows-64\IMG\center_2026_09_01_11_20_23_749.jpg, C:\Users\eljes\Downloads\simulator-windows-64\IMG\left_2026_09_01_11_20_23_749.jpg, C:\Users\eljes\Downloads\simulator-windows-64\IMG\right_2026_09_01_11_20_23_749.jpg, 0.174916, 0, 0, 22.56159
C:\Users\eljes\Downloads\simulator-windows-64\IMG\center_2026_09_01_11_20_23_850.jpg, C:\Users\eljes\Downloads\simulator-windows-64\IMG\left_2026_09_01_11_20_23_850.jpg, C:\Users\eljes\Downloads\simulator-windows-64\IMG\right_2026_09_01_11_20_23_850.jpg, 0, 0, 0, 22.47862
C:\Users\eljes\Downloads\simulator-windows-64\IMG\center_2026_09_01_11_20_23_951.jpg, C:\Users\eljes\Downloads\simulator-windows-64\IMG\left_2026_09_01_11_20_23_951.jpg, C:\Users\eljes\Downloads\simulator-windows-64\IMG\right_2026_09_01_11_20_23_951.jpg, 0, 0, 0, 22.41613
C:\Users\eljes\Downloads\simulator-windows-64\IMG\center_2026_09_01_11_20_24_053.jpg, C:\Users\eljes\Downloads\simulator-windows-64\IMG\left_2026_09_01_11_20_24_053.jpg, C:\Users\eljes\Downloads\simulator-windows-64\IMG\right_2026_09_01_11_20_24_053.jpg, 0, 0, 0, 22.35736
C:\Users\eljes\Downloads\simulator-windows-64\IMG\center_2026_09_01_11_20_24_154.jpg, C:\Users\eljes\Downloads\simulator-windows-64\IMG\left_2026_09_01_11_20_24_154.jpg, C:\Users\eljes\Downloads\simulator-windows-64\IMG\right_2026_09_01_11_20_24_154.jpg, 0, 0, 0, 22.30227
C:\Users\eljes\Downloads\simulator-windows-64\IMG\center_2026_09_01_11_20_24_254.jpg, C:\Users\eljes\Downloads\simulator-windows-64\IMG\left_2026_09_01_11_20_24_254.jpg, C:\Users\eljes\Downloads\simulator-windows-64\IMG\right_2026_09_01_11_20_24_254.jpg, 0, 0, 0, 22.26106
C:\Users\eljes\Downloads\simulator-windows-64\IMG\center_2026_09_01_11_20_24_358.jpg, C:\Users\eljes\Downloads\simulator-windows-64\IMG\left_2026_09_01_11_20_24_358.jpg, C:\Users\eljes\Downloads\simulator-windows-64\IMG\right_2026_09_01_11_20_24_358.jpg, 0, 0, 0, 22.21325
C:\Users\eljes\Downloads\simulator-windows-64\IMG\center_2026_09_01_11_20_24_459.jpg, C:\Users\eljes\Downloads\simulator-windows-64\IMG\left_2026_09_01_11_20_24_459.jpg, C:\Users\eljes\Downloads\simulator-windows-64\IMG\right_2026_09_01_11_20_24_459.jpg, 0, 0, 0, 22.1804
C:\Users\eljes\Downloads\simulator-windows-64\IMG\center_2026_09_01_11_20_24_560.jpg, C:\Users\eljes\Downloads\simulator-windows-64\IMG\left_2026_09_01_11_20_24_560.jpg, C:\Users\eljes\Downloads\simulator-windows-64\IMG\right_2026_09_01_11_20_24_560.jpg, 0, 0, 0, 22.15672
C:\Users\eljes\Downloads\simulator-windows-64\IMG\center_2026_09_01_11_20_24_663.jpg, C:\Users\eljes\Downloads\simulator-windows-64\IMG\left_2026_09_01_11_20_24_663.jpg, C:\Users\eljes\Downloads\simulator-windows-64\IMG\right_2026_09_01_11_20_24_663.jpg, 0, 0, 0, 22.13336
C:\Users\eljes\Downloads\simulator-windows-64\IMG\center_2026_09_01_11_20_24_765.jpg, C:\Users\eljes\Downloads\simulator-windows-64\IMG\left_2026_09_01_11_20_24_765.jpg, C:\Users\eljes\Downloads\simulator-windows-64\IMG\right_2026_09_01_11_20_24_765.jpg, 0, 0, 0, 22.11458
C:\Users\eljes\Downloads\simulator-windows-64\IMG\center_2026_09_01_11_20_24_865.jpg, C:\Users\eljes\Downloads\simulator-windows-64\IMG\left_2026_09_01_11_20_24_865.jpg, C:\Users\eljes\Downloads\simulator-windows-64\IMG\right_2026_09_01_11_20_24_865.jpg, 0, 0, 0, 22.10332
C:\Users\eljes\Downloads\simulator-windows-64\IMG\center_2026_09_01_11_20_24_968.jpg, C:\Users\eljes\Downloads\simulator-windows-64\IMG\left_2026_09_01_11_20_24_968.jpg, C:\Users\eljes\Downloads\simulator-windows-64\IMG\right_2026_09_01_11_20_24_968.jpg, 0, 0, 0, 22.09256
C:\Users\eljes\Downloads\simulator-windows-64\IMG\center_2026_09_01_11_20_25_068.jpg, C:\Users\eljes\Downloads\simulator-windows-64\IMG\left_2026_09_01_11_20_25_068.jpg, C:\Users\eljes\Downloads\simulator-windows-64\IMG\right_2026_09_01_11_20_25_068.jpg, 0, 0, 0, 22.08014
C:\Users\eljes\Downloads\simulator-windows-64\IMG\center_2026_09_01_11_20_25_171.jpg, C:\Users\eljes\Downloads\simulator-windows-64\IMG\left_2026_09_01_11_20_25_171.jpg, C:\Users\eljes\Downloads\simulator-windows-64\IMG\right_2026_09_01_11_20_25_171.jpg, 0, 0, 0, 22.06195
C:\Users\eljes\Downloads\simulator-windows-64\IMG\center_2026_09_01_11_20_25_272.jpg, C:\Users\eljes\Downloads\simulator-windows-64\IMG\left_2026_09_01_11_20_25_272.jpg, C:\Users\eljes\Downloads\simulator-windows-64\IMG\right_2026_09_01_11_20_25_272.jpg, 0, 0.0295995, 0, 22.04456
C:\Users\eljes\Downloads\simulator-windows-64\IMG\center_2026_09_01_11_20_25_373.jpg, C:\Users\eljes\Downloads\simulator-windows-64\IMG\left_2026_09_01_11_20_25_373.jpg, C:\Users\eljes\Downloads\simulator-windows-64\IMG\right_2026_09_01_11_20_25_373.jpg, 0, 0.3296055, 0, 22.2421
C:\Users\eljes\Downloads\simulator-windows-64\IMG\center_2026_09_01_11_20_25_474.jpg, C:\Users\eljes\Downloads\simulator-windows-64\IMG\left_2026_09_01_11_20_25_474.jpg, C:\Users\eljes\Downloads\simulator-windows-64\IMG\right_2026_09_01_11_20_25_474.jpg, 0, 0.6295773, 0, 22.79365
C:\Users\eljes\Downloads\simulator-windows-64\IMG\center_2026_09_01_11_20_25_576.jpg, C:\Users\eljes\Downloads\simulator-windows-64\IMG\left_2026_09_01_11_20_25_576.jpg, C:\Users\eljes\Downloads\simulator-windows-64\IMG\right_2026_09_01_11_20_25_576.jpg, 0, 0.6885439, 0, 23.66014
C:\Users\eljes\Downloads\simulator-windows-64\IMG\center_2026_09_01_11_20_25_679.jpg, C:\Users\eljes\Downloads\simulator-windows-64\IMG\left_2026_09_01_11_20_25_679.jpg, C:\Users\eljes\Downloads\simulator-windows-64\IMG\right_2026_09_01_11_20_25_679.jpg, 0, 0.5186473, 0, 24.3395
C:\Users\eljes\Downloads\simulator-windows-64\IMG\center_2026_09_01_11_20_25_781.jpg, C:\Users\eljes\Downloads\simulator-windows-64\IMG\left_2026_09_01_11_20_25_781.jpg, C:\Users\eljes\Downloads\simulator-windows-64\IMG\right_2026_09_01_11_20_25_781.jpg, 0, 0.8174554, 0, 25.02255
C:\Users\eljes\Downloads\simulator-windows-64\IMG\center_2026_09_01_11_20_25_882.jpg, C:\Users\eljes\Downloads\simulator-windows-64\IMG\left_2026_09_01_11_20_25_882.jpg, C:\Users\eljes\Downloads\simulator-windows-64\IMG\right_2026_09_01_11_20_25_882.jpg, 0, 1, 0, 26.04589
C:\Users\eljes\Downloads\simulator-windows-64\IMG\center_2026_09_01_11_20_25_984.jpg, C:\Users\eljes\Downloads\simulator-windows-64\IMG\left_2026_09_01_11_20_25_984.jpg, C:\Users\eljes\Downloads\simulator-windows-64\IMG\right_2026_09_01_11_20_25_984.jpg, 0, 1, 0, 27.11051
C:\Users\eljes\Downloads\simulator-windows-64\IMG\center_2026_09_01_11_20_26_084.jpg, C:\Users\eljes\Downloads\simulator-windows-64\IMG\left_2026_09_01_11_20_26_084.jpg, C:\Users\eljes\Downloads\simulator-windows-64\IMG\right_2026_09_01_11_20_26_084.jpg, 0, 1, 0, 28.13063
C:\Users\eljes\Downloads\simulator-windows-64\IMG\center_2026_09_01_11_20_26_186.jpg, C:\Users\eljes\Downloads\simulator-windows-64\IMG\left_2026_09_01_11_20_26_186.jpg, C:\Users\eljes\Downloads\simulator-windows-64\IMG\right_2026_09_01_11_20_26_186.jpg, 0.0288339, 1, 0, 29.09743
C:\Users\eljes\Downloads\simulator-windows-64\IMG\center_2026_09_01_11_20_26_287.jpg, C:\Users\eljes\Downloads\simulator-windows-64\IMG\left_2026_09_01_11_20_26_287.jpg, C:\Users\eljes\Downloads\simulator-windows-64\IMG\right_2026_09_01_11_20_26_287.jpg, 0.3329556, 1, 0, 30.03638
C:\Users\eljes\Downloads\simulator-windows-64\IMG\center_2026_09_01_11_20_26_387.jpg, C:\Users\eljes\Downloads\simulator-windows-64\IMG\left_2026_09_01_11_20_26_387.jpg, C:\Users\eljes\Downloads\simulator-windows-64\IMG\right_2026_09_01_11_20_26_387.jpg, 0.1595868, 1, 0, 30.27789
C:\Users\eljes\Downloads\simulator-windows-64\IMG\center_2026_09_01_11_20_26_489.jpg, C:\Users\eljes\Downloads\simulator-windows-64\IMG\left_2026_09_01_11_20_26_489.jpg, C:\Users\eljes\Downloads\simulator-windows-64\IMG\right_2026_09_01_11_20_26_489.jpg, 0, 1, 0, 30.1824
C:\Users\eljes\Downloads\simulator-windows-64\IMG\center_2026_09_01_11_20_26_590.jpg, C:\Users\eljes\Downloads\simulator-windows-64\IMG\left_2026_09_01_11_20_26_590.jpg, C:\Users\eljes\Downloads\simulator-windows-64\IMG\right_2026_09_01_11_20_26_590.jpg, 0, 1, 0, 30.19333
C:\Users\eljes\Downloads\simulator-windows-64\IMG\center_2026_09_01_11_20_26_690.jpg, C:\Users\eljes\Downloads\simulator-windows-64\IMG\left_2026_09_01_11_20_26_690.jpg, C:\Users\eljes\Downloads\simulator-windows-64\IMG\right_2026_09_01_11_20_26_690.jpg, 0, 1, 0, 30.20429
C:\Users\eljes\Downloads\simulator-windows-64\IMG\center_2026_09_01_11_20_26_793.jpg, C:\Users\eljes\Downloads\simulator-windows-64\IMG\left_2026_09_01_11_20_26_793.jpg, C:\Users\eljes\Downloads\simulator-windows-64\IMG\right_2026_09_01_11_20_26_793.jpg, 0, 1, 0, 30.19806
C:\Users\eljes\Downloads\simulator-windows-64\IMG\center_2026_09_01_11_20_26_893.jpg, C:\Users\eljes\Downloads\simulator-windows-64\IMG\left_2026_09_01_11_20_26_893.jpg, C:\Users\eljes\Downloads\simulator-windows-64\IMG\right_2026_09_01_11_20_26_893.jpg, 0.0442494, 1, 0, 30.21229
C:\Users\eljes\Downloads\simulator-windows-64\IMG\center_2026_09_01_11_20_26_996.jpg, C:\Users\eljes\Downloads\simulator-windows-64\IMG\left_2026_09_01_11_20_26_996.jpg, C:\Users\eljes\Downloads\simulator-windows-64\IMG\right_2026_09_01_11_20_26_996.jpg, 0.3050577, 1, 0, 30.1793
C:\Users\eljes\Downloads\simulator-windows-64\IMG\center_2026_09_01_11_20_27_097.jpg, C:\Users\eljes\Downloads\simulator-windows-64\IMG\left_2026_09_01_11_20_27_097.jpg, C:\Users\eljes\Downloads\simulator-windows-64\IMG\right_2026_09_01_11_20_27_097.jpg, 0.0005352171, 1, 0, 30.21867
C:\Users\eljes\Downloads\simulator-windows-64\IMG\center_2026_09_01_11_20_27_199.jpg, C:\Users\eljes\Downloads\simulator-windows-64\IMG\left_2026_09_01_11_20_27_199.jpg, C:\Users\eljes\Downloads\simulator-windows-64\IMG\right_2026_09_01_11_20_27_199.jpg, 0, 1, 0, 30.20549
C:\Users\eljes\Downloads\simulator-windows-64\IMG\center_2026_09_01_11_20_27_301.jpg, C:\Users\eljes\Downloads\simulator-windows-64\IMG\left_2026_09_01_11_20_27_301.jpg, C:\Users\eljes\Downloads\simulator-windows-64\IMG\right_2026_09_01_11_20_27_301.jpg, 0.2980849, 1, 0, 30.21369
C:\Users\eljes\Downloads\simulator-windows-64\IMG\center_2026_09_01_11_20_27_403.jpg, C:\Users\eljes\Downloads\simulator-windows-64\IMG\left_2026_09_01_11_20_27_403.jpg, C:\Users\eljes\Downloads\simulator-windows-64\IMG\right_2026_09_01_11_20_27_403.jpg, 0.5944374, 1, 0, 30.14652
C:\Users\eljes\Downloads\simulator-windows-64\IMG\center_2026_09_01_11_20_27_504.jpg, C:\Users\eljes\Downloads\simulator-windows-64\IMG\left_2026_09_01_11_20_27_504.jpg, C:\Users\eljes\Downloads\simulator-windows-64\IMG\right_2026_09_01_11_20_27_504.jpg, 0.4924035, 1, 0, 30.19031
C:\Users\eljes\Downloads\simulator-windows-64\IMG\center_2026_09_01_11_20_27_606.jpg, C:\Users\eljes\Downloads\simulator-windows-64\IMG\left_2026_09_01_11_20_27_606.jpg, C:\Users\eljes\Downloads\simulator-windows-64\IMG\right_2026_09_01_11_20_27_606.jpg, 0.193506, 1, 0, 30.20578
C:\Users\eljes\Downloads\simulator-windows-64\IMG\center_2026_09_01_11_20_27_708.jpg, C:\Users\eljes\Downloads\simulator-windows-64\IMG\left_2026_09_01_11_20_27_708.jpg, C:\Users\eljes\Downloads\simulator-windows-64\IMG\right_2026_09_01_11_20_27_708.jpg, 0, 1, 0, 30.19723
C:\Users\eljes\Downloads\simulator-windows-64\IMG\center_2026_09_01_11_20_27_810.jpg, C:\Users\eljes\Downloads\simulator-windows-64\IMG\left_2026_09_01_11_20_27_810.jpg, C:\Users\eljes\Downloads\simulator-windows-64\IMG\right_2026_09_01_11_20_27_810.jpg, 0, 1, 0, 30.19785
C:\Users\eljes\Downloads\simulator-windows-64\IMG\center_2026_09_01_11_20_27_911.jpg, C:\Users\eljes\Downloads\simulator-windows-64\IMG\left_2026_09_01_11_20_27_911.jpg, C:\Users\eljes\Downloads\simulator-windows-64\IMG\right_2026_09_01_11_20_27_911.jpg, 0, 1, 0, 30.09044
C:\Users\eljes\Downloads\simulator-windows-64\IMG\center_2026_09_01_11_20_28_014.jpg, C:\Users\eljes\Downloads\simulator-windows-64\IMG\left_2026_09_01_11_20_28_014.jpg, C:\Users\eljes\Downloads\simulator-windows-64\IMG\right_2026_09_01_11_20_28_014.jpg, 0, 1, 0, 30.08067
C:\Users\eljes\Downloads\simulator-windows-64\IMG\center_2026_09_01_11_20_28_115.jpg, C:\Users\eljes\Downloads\simulator-windows-64\IMG\left_2026_09_01_11_20_28_115.jpg, C:\Users\eljes\Downloads\simulator-windows-64\IMG\right_2026_09_01_11_20_28_115.jpg, 0, 1, 0, 30.0129
C:\Users\eljes\Downloads\simulator-windows-64\IMG\center_2026_09_01_11_20_28_216.jpg, C:\Users\eljes\Downloads\simulator-windows-64\IMG\left_2026_09_01_11_20_28_216.jpg, C:\Users\eljes\Downloads\simulator-windows-64\IMG\right_2026_09_01_11_20_28_216.jpg, 0, 1, 0, 30.44858
C:\Users\eljes\Downloads\simulator-windows-64\IMG\center_2026_09_01_11_20_28_315.jpg, C:\Users\eljes\Downloads\simulator-windows-64\IMG\left_2026_09_01_11_20_28_315.jpg, C:\Users\eljes\Downloads\simulator-windows-64\IMG\right_2026_09_01_11_20_28_315.jpg, 0, 1, 0, 30.1549
C:\Users\eljes\Downloads\simulator-windows-64\IMG\center_2026_09_01_11_20_28_416.jpg, C:\Users\eljes\Downloads\simulator-windows-64\IMG\left_2026_09_01_11_20_28_416.jpg, C:\Users\eljes\Downloads\simulator-windows-64\IMG\right_2026_09_01_11_20_28_416.jpg, 0, 1, 0, 30.26746
C:\Users\eljes\Downloads\simulator-windows-64\IMG\center_2026_09_01_11_20_28_518.jpg, C:\Users\eljes\Downloads\simulator-windows-64\IMG\left_2026_09_01_11_20_28_518.jpg, C:\Users\eljes\Downloads\simulator-windows-64\IMG\right_2026_09_01_11_20_28_518.jpg, 0, 1, 0, 30.23887
C:\Users\eljes\Downloads\simulator-windows-64\IMG\center_2026_09_01_11_20_28_619.jpg, C:\Users\eljes\Downloads\simulator-windows-64\IMG\left_2026_09_01_11_20_28_619.jpg, C:\Users\eljes\Downloads\simulator-windows-64\IMG\right_2026_09_01_11_20_28_619.jpg, 0, 1, 0, 30.29671
C:\Users\eljes\Downloads\simulator-windows-64\IMG\center_2026_09_01_11_20_28_719.jpg, C:\Users\eljes\Downloads\simulator-windows-64\IMG\left_2026_09_01_11_20_28_719.jpg, C:\Users\eljes\Downloads\simulator-windows-64\IMG\right_2026_09_01_11_20_28_719.jpg, 0, 1, 0, 30.25281
C:\Users\eljes\Downloads\simulator-windows-64\IMG\center_2026_09_01_11_20_28_822.jpg, C:\Users\eljes\Downloads\simulator-windows-64\IMG\left_2026_09_01_11_20_28_822.jpg, C:\Users\eljes\Downloads\simulator-windows-64\IMG\right_2026_09_01_11_20_28_822.jpg, 0, 1, 0, 30.26172
C:\Users\eljes\Downloads\simulator-windows-64\IMG\center_2026_09_01_11_20_28_924.jpg, C:\Users\eljes\Downloads\simulator-windows-64\IMG\left_2026_09_01_11_20_28_924.jpg, C:\Users\eljes\Downloads\simulator-windows-64\IMG\right_2026_09_01_11_20_28_924.jpg, 0, 1, 0, 30.2568
C:\Users\eljes\Downloads\simulator-windows-64\IMG\center_2026_09_01_11_20_29_026.jpg, C:\Users\eljes\Downloads\simulator-windows-64\IMG\left_2026_09_01_11_20_29_026.jpg, C:\Users\eljes\Downloads\simulator-windows-64\IMG\right_2026_09_01_11_20_29_026.jpg, 0, 1, 0, 30.27152
C:\Users\eljes\Downloads\simulator-windows-64\IMG\center_2026_09_01_11_20_29_129.jpg, C:\Users\eljes\Downloads\simulator-windows-64\IMG\left_2026_09_01_11_20_29_129.jpg, C:\Users\eljes\Downloads\simulator-windows-64\IMG\right_2026_09_01_11_20_29_129.jpg, 0, 1, 0, 30.25986
C:\Users\eljes\Downloads\simulator-windows-64\IMG\center_2026_09_01_11_20_29_231.jpg, C:\Users\eljes\Downloads\simulator-windows-64\IMG\left_2026_09_01_11_20_29_231.jpg, C:\Users\eljes\Downloads\simulator-windows-64\IMG\right_2026_09_01_11_20_29_231.jpg, 0, 1, 0, 30.26048
C:\Users\eljes\Downloads\simulator-windows-64\IMG\center_2026_09_01_11_20_29_332.jpg, C:\Users\eljes\Downloads\simulator-windows-64\IMG\left_2026_09_01_11_20_29_332.jpg, C:\Users\eljes\Downloads\simulator-windows-64\IMG\right_2026_09_01_11_20_29_332.jpg, 0, 1, 0, 30.25918
C:\Users\eljes\Downloads\simulator-windows-64\IMG\center_2026_09_01_11_20_29_435.jpg, C:\Users\eljes\Downloads\simulator-windows-64\IMG\left_2026_09_01_11_20_29_435.jpg, C:\Users\eljes\Downloads\simulator-windows-64\IMG\right_2026_09_01_11_20_29_435.jpg, 0, 1, 0, 30.25971
C:\Users\eljes\Downloads\simulator-windows-64\IMG\center_2026_09_01_11_20_29_536.jpg, C:\Users\eljes\Downloads\simulator-windows-64\IMG\left_2026_09_01_11_20_29_536.jpg, C:\Users\eljes\Downloads\simulator-windows-64\IMG\right_2026_09_01_11_20_29_536.jpg, 0, 1, 0, 30.25929
C:\Users\eljes\Downloads\simulator-windows-64\IMG\center_2026_09_01_11_20_29_639.jpg, C:\Users\eljes\Downloads\simulator-windows-64\IMG\left_2026_09_01_11_20_29_639.jpg, C:\Users\eljes\Downloads\simulator-windows-64\IMG\right_2026_09_01_11_20_29_639.jpg, 0, 1, 0, 30.26221
C:\Users\eljes\Downloads\simulator-windows-64\IMG\center_2026_09_01_11_20_29_739.jpg, C:\Users\eljes\Downloads\simulator-windows-64\IMG\left_2026_09_01_11_20_29_739.jpg, C:\Users\eljes\Downloads\simulator-windows-64\IMG\right_2026_09_01_11_20_29_739.jpg, 0, 1, 0, 30.25536
C:\Users\eljes\Downloads\simulator-windows-64\IMG\center_2026_09_01_11_20_29_840.jpg, C:\Users\eljes\Downloads\simulator-windows-64\IMG\left_2026_09_01_11_20_29_840.jpg, C:\Users\eljes\Downloads\simulator-windows-64\IMG\right_2026_09_01_11_20_29_840.jpg, 0, 1, 0, 30.27194
C:\Users\eljes\Downloads\simulator-windows-64\IMG\center_2026_09_01_11_20_29_942.jpg, C:\Users\eljes\Downloads\simulator-windows-64\IMG\left_2026_09_01_11_20_29_942.jpg, C:\Users\eljes\Downloads\simulator-windows-64\IMG\right_2026_09_01_11_20_29_942.jpg, 0, 1, 0, 30.25498
C:\Users\eljes\Downloads\simulator-windows-64\IMG\center_2026_09_01_11_20_30_041.jpg, C:\Users\eljes\Downloads\simulator-windows-64\IMG\left_2026_09_01_11_20_30_041.jpg, C:\Users\eljes\Downloads\simulator-windows-64\IMG\right_2026_09_01_11_20_30_041.jpg, 0, 1, 0, 30.25527
C:\Users\eljes\Downloads\simulator-windows-64\IMG\center_2026_09_01_11_20_30_144.jpg, C:\Users\eljes\Downloads\simulator-windows-64\IMG\left_2026_09_01_11_20_30_144.jpg, C:\Users\eljes\Downloads\simulator-windows-64\IMG\right_2026_09_01_11_20_30_144.jpg, 0, 1, 0, 30.25047
C:\Users\eljes\Downloads\simulator-windows-64\IMG\center_2026_09_01_11_20_30_245.jpg, C:\Users\eljes\Downloads\simulator-windows-64\IMG\left_2026_09_01_11_20_30_245.jpg, C:\Users\eljes\Downloads\simulator-windows-64\IMG\right_2026_09_01_11_20_30_245.jpg, 0, 1, 0, 30.25149
C:\Users\eljes\Downloads\simulator-windows-64\IMG\center_2026_09_01_11_20_30_346.jpg, C:\Users\eljes\Downloads\simulator-windows-64\IMG\left_2026_09_01_11_20_30_346.jpg, C:\Users\eljes\Downloads\simulator-windows-64\IMG\right_2026_09_01_11_20_30_346.jpg, 0, 1, 0, 30.24296
C:\Users\eljes\Downloads\simulator-windows-64\IMG\center_2026_09_01_11_20_30_448.jpg, C:\Users\eljes\Downloads\simulator-windows-64\IMG\left_2026_09_01_11_20_30_448.jpg, C:\Users\eljes\Downloads\simulator-windows-64\IMG\right_2026_09_01_11_20_30_448.jpg, 0, 1, 0, 30.24833
C:\Users\eljes\Downloads\simulator-windows-64\IMG\center_2026_09_01_11_20_30_548.jpg, C:\Users\eljes\Downloads\simulator-windows-64\IMG\left_2026_09_01_11_20_30_548.jpg, C:\Users\eljes\Downloads\simulator-windows-64\IMG\right_2026_09_01_11_20_30_548.jpg, 0, 1, 0, 30.25559
C:\Users\eljes\Downloads\simulator-windows-64\IMG\center_2026_09_01_11_20_30_650.jpg, C:\Users\eljes\Downloads\simulator-windows-64\IMG\left_2026_09_01_11_20_30_650.jpg, C:\Users\eljes\Downloads\simulator-windows-64\IMG\right_2026_09_01_11_20_30_650.jpg, 0, 1, 0, 30.24138
C:\Users\eljes\Downloads\simulator-windows-64\IMG\center_2026_09_01_11_20_30_751.jpg, C:\Users\eljes\Downloads\simulator-windows-64\IMG\left_2026_09_01_11_20_30_751.jpg, C:\Users\eljes\Downloads\simulator-windows-64\IMG\right_2026_09_01_11_20_30_751.jpg, 0, 1, 0, 30.20483
C:\Users\eljes\Downloads\simulator-windows-64\IMG\center_2026_09_01_11_20_30_852.jpg, C:\Users\eljes\Downloads\simulator-windows-64\IMG\left_2026_09_01_11_20_30_852.jpg, C:\Users\eljes\Downloads\simulator-windows-64\IMG\right_2026_09_01_11_20_30_852.jpg, 0, 1, 0, 30.23796
C:\Users\eljes\Downloads\simulator-windows-64\IMG\center_2026_09_01_11_20_30_953.jpg, C:\Users\eljes\Downloads\simulator-windows-64\IMG\left_2026_09_01_11_20_30_953.jpg, C:\Users\eljes\Downloads\simulator-windows-64\IMG\right_2026_09_01_11_20_30_953.jpg, 0, 1, 0, 30.27643
C:\Users\eljes\Downloads\simulator-windows-64\IMG\center_2026_09_01_11_20_31_053.jpg, C:\Users\eljes\Downloads\simulator-windows-64\IMG\left_2026_09_01_11_20_31_053.jpg, C:\Users\eljes\Downloads\simulator-windows-64\IMG\right_2026_09_01_11_20_31_053.jpg, 0, 1, 0, 30.2198
C:\Users\eljes\Downloads\simulator-windows-64\IMG\center_2026_09_01_11_20_31_155.jpg, C:\Users\eljes\Downloads\simulator-windows-64\IMG\left_2026_09_01_11_20_31_155.jpg, C:\Users\eljes\Downloads\simulator-windows-64\IMG\right_2026_09_01_11_20_31_155.jpg, 0, 1, 0, 30.23828
C:\Users\eljes\Downloads\simulator-windows-64\IMG\center_2026_09_01_11_20_31_255.jpg, C:\Users\eljes\Downloads\simulator-windows-64\IMG\left_2026_09_01_11_20_31_255.jpg, C:\Users\eljes\Downloads\simulator-windows-64\IMG\right_2026_09_01_11_20_31_255.jpg, 0, 1, 0, 30.22604
C:\Users\eljes\Downloads\simulator-windows-64\IMG\center_2026_09_01_11_20_31_355.jpg, C:\Users\eljes\Downloads\simulator-windows-64\IMG\left_2026_09_01_11_20_31_355.jpg, C:\Users\eljes\Downloads\simulator-windows-64\IMG\right_2026_09_01_11_20_31_355.jpg, 0, 1, 0, 30.22808
C:\Users\eljes\Downloads\simulator-windows-64\IMG\center_2026_09_01_11_20_31_457.jpg, C:\Users\eljes\Downloads\simulator-windows-64\IMG\left_2026_09_01_11_20_31_457.jpg, C:\Users\eljes\Downloads\simulator-windows-64\IMG\right_2026_09_01_11_20_31_457.jpg, 0, 1, 0, 30.24055
C:\Users\eljes\Downloads\simulator-windows-64\IMG\center_2026_09_01_11_20_31_558.jpg, C:\Users\eljes\Downloads\simulator-windows-64\IMG\left_2026_09_01_11_20_31_558.jpg, C:\Users\eljes\Downloads\simulator-windows-64\IMG\right_2026_09_01_11_20_31_558.jpg, 0, 1, 0, 30.21906
C:\Users\eljes\Downloads\simulator-windows-64\IMG\center_2026_09_01_11_20_31_659.jpg, C:\Users\eljes\Downloads\simulator-windows-64\IMG\left_2026_09_01_11_20_31_659.jpg, C:\Users\eljes\Downloads\simulator-windows-64\IMG\right_2026_09_01_11_20_31_659.jpg, 0, 1, 0, 30.19304
C:\Users\eljes\Downloads\simulator-windows-64\IMG\center_2026_09_01_11_20_31_760.jpg, C:\Users\eljes\Downloads\simulator-windows-64\IMG\left_2026_09_01_11_20_31_760.jpg, C:\Users\eljes\Downloads\simulator-windows-64\IMG\right_2026_09_01_11_20_31_760.jpg, 0, 1, 0, 30.21362
C:\Users\eljes\Downloads\simulator-windows-64\IMG\center_2026_09_01_11_20_31_860.jpg, C:\Users\eljes\Downloads\simulator-windows-64\IMG\left_2026_09_01_11_20_31_860.jpg, C:\Users\eljes\Downloads\simulator-windows-64\IMG\right_2026_09_01_11_20_31_860.jpg, 0, 1, 0, 30.2254
C:\Users\eljes\Downloads\simulator-windows-64\IMG\center_2026_09_01_11_20_31_961.jpg, C:\Users\eljes\Downloads\simulator-windows-64\IMG\left_2026_09_01_11_20_31_961.jpg, C:\Users\eljes\Downloads\simulator-windows-64\IMG\right_2026_09_01_11_20_31_961.jpg, 0, 1, 0, 30.19816
C:\Users\eljes\Downloads\simulator-windows-64\IMG\center_2026_09_01_11_20_32_061.jpg, C:\Users\eljes\Downloads\simulator-windows-64\IMG\left_2026_09_01_11_20_32_061.jpg, C:\Users\eljes\Downloads\simulator-windows-64\IMG\right_2026_09_01_11_20_32_061.jpg, 0, 1, 0, 30.1148
C:\Users\eljes\Downloads\simulator-windows-64\IMG\center_2026_09_01_11_20_32_165.jpg, C:\Users\eljes\Downloads\simulator-windows-64\IMG\left_2026_09_01_11_20_32_165.jpg, C:\Users\eljes\Downloads\simulator-windows-64\IMG\right_2026_09_01_11_20_32_165.jpg, 0, 1, 0, 30.19578
C:\Users\eljes\Downloads\simulator-windows-64\IMG\center_2026_09_01_11_20_32_267.jpg, C:\Users\eljes\Downloads\simulator-windows-64\IMG\left_2026_09_01_11_20_32_267.jpg, C:\Users\eljes\Downloads\simulator-windows-64\IMG\right_2026_09_01_11_20_32_267.jpg, 0, 1, 0, 30.20794
C:\Users\eljes\Downloads\simulator-windows-64\IMG\center_2026_09_01_11_20_32_368.jpg, C:\Users\eljes\Downloads\simulator-windows-64\IMG\left_2026_09_01_11_20_32_368.jpg, C:\Users\eljes\Downloads\simulator-windows-64\IMG\right_2026_09_01_11_20_32_368.jpg, 0, 1, 0, 30.19413
C:\Users\eljes\Downloads\simulator-windows-64\IMG\center_2026_09_01_11_20_32_470.jpg, C:\Users\eljes\Downloads\simulator-windows-64\IMG\left_2026_09_01_11_20_32_470.jpg, C:\Users\eljes\Downloads\simulator-windows-64\IMG\right_2026_09_01_11_20_32_470.jpg, 0, 1, 0, 30.19421
C:\Users\eljes\Downloads\simulator-windows-64\IMG\center_2026_09_01_11_20_32_572.jpg, C:\Users\eljes\Downloads\simulator-windows-64\IMG\left_2026_09_01_11_20_32_572.jpg, C:\Users\eljes\Downloads\simulator-windows-64\IMG\right_2026_09_01_11_20_32_572.jpg, 0, 1, 0, 30.18777
C:\Users\eljes\Downloads\simulator-windows-64\IMG\center_2026_09_01_11_20_32_672.jpg, C:\Users\eljes\Downloads\simulator-windows-64\IMG\left_2026_09_01_11_20_32_672.jpg, C:\Users\eljes\Downloads\simulator-windows-64\IMG\right_2026_09_01_11_20_32_672.jpg, -0.2672829, 1, 0, 30.17273
C:\Users\eljes\Downloads\simulator-windows-64\IMG\center_2026_09_01_11_20_32_774.jpg, C:\Users\eljes\Downloads\simulator-windows-64\IMG\left_2026_09_01_11_20_32_774.jpg, C:\Users\eljes\Downloads\simulator-windows-64\IMG\right_2026_09_01_11_20_32_774.jpg, -0.2823904, 1, 0, 30.18517
C:\Users\eljes\Downloads\simulator-windows-64\IMG\center_2026_09_01_11_20_32_874.jpg, C:\Users\eljes\Downloads\simulator-windows-64\IMG\left_2026_09_01_11_20_32_874.jpg, C:\Users\eljes\Downloads\simulator-windows-64\IMG\right_2026_09_01_11_20_32_874.jpg, 0, 1, 0, 30.18948
C:\Users\eljes\Downloads\simulator-windows-64\IMG\center_2026_09_01_11_20_32_976.jpg, C:\Users\eljes\Downloads\simulator-windows-64\IMG\left_2026_09_01_11_20_32_976.jpg, C:\Users\eljes\Downloads\simulator-windows-64\IMG\right_2026_09_01_11_20_32_976.jpg, -0.139314, 1, 0, 30.19248
C:\Users\eljes\Downloads\simulator-windows-64\IMG\center_2026_09_01_11_20_33_079.jpg, C:\Users\eljes\Downloads\simulator-windows-64\IMG\left_2026_09_01_11_20_33_079.jpg, C:\Users\eljes\Downloads\simulator-windows-64\IMG\right_2026_09_01_11_20_33_079.jpg, -0.4390965, 1, 0, 30.15636
C:\Users\eljes\Downloads\simulator-windows-64\IMG\center_2026_09_01_11_20_33_180.jpg, C:\Users\eljes\Downloads\simulator-windows-64\IMG\left_2026_09_01_11_20_33_180.jpg, C:\Users\eljes\Downloads\simulator-windows-64\IMG\right_2026_09_01_11_20_33_180.jpg, -0.1520487, 1, 0, 30.19614
C:\Users\eljes\Downloads\simulator-windows-64\IMG\center_2026_09_01_11_20_33_282.jpg, C:\Users\eljes\Downloads\simulator-windows-64\IMG\left_2026_09_01_11_20_33_282.jpg, C:\Users\eljes\Downloads\simulator-windows-64\IMG\right_2026_09_01_11_20_33_282.jpg, -0.0499608, 1, 0, 30.1934
C:\Users\eljes\Downloads\simulator-windows-64\IMG\center_2026_09_01_11_20_33_383.jpg, C:\Users\eljes\Downloads\simulator-windows-64\IMG\left_2026_09_01_11_20_33_383.jpg, C:\Users\eljes\Downloads\simulator-windows-64\IMG\right_2026_09_01_11_20_33_383.jpg, -0.34883, 1, 0, 30.16952
C:\Users\eljes\Downloads\simulator-windows-64\IMG\center_2026_09_01_11_20_33_484.jpg, C:\Users\eljes\Downloads\simulator-windows-64\IMG\left_2026_09_01_11_20_33_484.jpg, C:\Users\eljes\Downloads\simulator-windows-64\IMG\right_2026_09_01_11_20_33_484.jpg, -0.2003309, 1, 0, 30.19507
C:\Users\eljes\Downloads\simulator-windows-64\IMG\center_2026_09_01_11_20_33_591.jpg, C:\Users\eljes\Downloads\simulator-windows-64\IMG\left_2026_09_01_11_20_33_591.jpg, C:\Users\eljes\Downloads\simulator-windows-64\IMG\right_2026_09_01_11_20_33_591.jpg, 0, 1, 0, 30.19229
C:\Users\eljes\Downloads\simulator-windows-64\IMG\center_2026_09_01_11_20_33_693.jpg, C:\Users\eljes\Downloads\simulator-windows-64\IMG\left_2026_09_01_11_20_33_693.jpg, C:\Users\eljes\Downloads\simulator-windows-64\IMG\right_2026_09_01_11_20_33_693.jpg, -0.1121073, 1, 0, 30.19255
C:\Users\eljes\Downloads\simulator-windows-64\IMG\center_2026_09_01_11_20_33_794.jpg, C:\Users\eljes\Downloads\simulator-windows-64\IMG\left_2026_09_01_11_20_33_794.jpg, C:\Users\eljes\Downloads\simulator-windows-64\IMG\right_2026_09_01_11_20_33_794.jpg, -0.412382, 1, 0, 30.16169
C:\Users\eljes\Downloads\simulator-windows-64\IMG\center_2026_09_01_11_20_33_893.jpg, C:\Users\eljes\Downloads\simulator-windows-64\IMG\left_2026_09_01_11_20_33_893.jpg, C:\Users\eljes\Downloads\simulator-windows-64\IMG\right_2026_09_01_11_20_33_893.jpg, -0.2743277, 1, 0, 30.19567
C:\Users\eljes\Downloads\simulator-windows-64\IMG\center_2026_09_01_11_20_33_995.jpg, C:\Users\eljes\Downloads\simulator-windows-64\IMG\left_2026_09_01_11_20_33_995.jpg, C:\Users\eljes\Downloads\simulator-windows-64\IMG\right_2026_09_01_11_20_33_995.jpg, 0, 1, 0, 30.19317
C:\Users\eljes\Downloads\simulator-windows-64\IMG\center_2026_09_01_11_20_34_097.jpg, C:\Users\eljes\Downloads\simulator-windows-64\IMG\left_2026_09_01_11_20_34_097.jpg, C:\Users\eljes\Downloads\simulator-windows-64\IMG\right_2026_09_01_11_20_34_097.jpg, -0.0888927, 1, 0, 30.1928
C:\Users\eljes\Downloads\simulator-windows-64\IMG\center_2026_09_01_11_20_34_198.jpg, C:\Users\eljes\Downloads\simulator-windows-64\IMG\left_2026_09_01_11_20_34_198.jpg, C:\Users\eljes\Downloads\simulator-windows-64\IMG\right_2026_09_01_11_20_34_198.jpg, -0.3901674, 1, 0, 30.16729
C:\Users\eljes\Downloads\simulator-windows-64\IMG\center_2026_09_01_11_20_34_300.jpg, C:\Users\eljes\Downloads\simulator-windows-64\IMG\left_2026_09_01_11_20_34_300.jpg, C:\Users\eljes\Downloads\simulator-windows-64\IMG\right_2026_09_01_11_20_34_300.jpg, -0.1946562, 1, 0, 30.1987
C:\Users\eljes\Downloads\simulator-windows-64\IMG\center_2026_09_01_11_20_34_400.jpg, C:\Users\eljes\Downloads\simulator-windows-64\IMG\left_2026_09_01_11_20_34_400.jpg, C:\Users\eljes\Downloads\simulator-windows-64\IMG\right_2026_09_01_11_20_34_400.jpg, 0, 1, 0, 30.19728
C:\Users\eljes\Downloads\simulator-windows-64\IMG\center_2026_09_01_11_20_34_501.jpg, C:\Users\eljes\Downloads\simulator-windows-64\IMG\left_2026_09_01_11_20_34_501.jpg, C:\Users\eljes\Downloads\simulator-windows-64\IMG\right_2026_09_01_11_20_34_501.jpg, -0.2054511, 1, 0, 30.18872
C:\Users\eljes\Downloads\simulator-windows-64\IMG\center_2026_09_01_11_20_34_601.jpg, C:\Users\eljes\Downloads\simulator-windows-64\IMG\left_2026_09_01_11_20_34_601.jpg, C:\Users\eljes\Downloads\simulator-windows-64\IMG\right_2026_09_01_11_20_34_601.jpg, -0.5089599, 1, 0, 30.15341
C:\Users\eljes\Downloads\simulator-windows-64\IMG\center_2026_09_01_11_20_34_702.jpg, C:\Users\eljes\Downloads\simulator-windows-64\IMG\left_2026_09_01_11_20_34_702.jpg, C:\Users\eljes\Downloads\simulator-windows-64\IMG\right_2026_09_01_11_20_34_702.jpg, -0.2317039, 1, 0, 30.20634
C:\Users\eljes\Downloads\simulator-windows-64\IMG\center_2026_09_01_11_20_34_804.jpg, C:\Users\eljes\Downloads\simulator-windows-64\IMG\left_2026_09_01_11_20_34_804.jpg, C:\Users\eljes\Downloads\simulator-windows-64\IMG\right_2026_09_01_11_20_34_804.jpg, 0, 1, 0, 30.1982
C:\Users\eljes\Downloads\simulator-windows-64\IMG\center_2026_09_01_11_20_34_906.jpg, C:\Users\eljes\Downloads\simulator-windows-64\IMG\left_2026_09_01_11_20_34_906.jpg, C:\Users\eljes\Downloads\simulator-windows-64\IMG\right_2026_09_01_11_20_34_906.jpg, -0.1536528, 1, 0, 30.20057
C:\Users\eljes\Downloads\simulator-windows-64\IMG\center_2026_09_01_11_20_35_008.jpg, C:\Users\eljes\Downloads\simulator-windows-64\IMG\left_2026_09_01_11_20_35_008.jpg, C:\Users\eljes\Downloads\simulator-windows-64\IMG\right_2026_09_01_11_20_35_008.jpg, -0.4602981, 1, 0, 30.16424
C:\Users\eljes\Downloads\simulator-windows-64\IMG\center_2026_09_01_11_20_35_109.jpg, C:\Users\eljes\Downloads\simulator-windows-64\IMG\left_2026_09_01_11_20_35_109.jpg, C:\Users\eljes\Downloads\simulator-windows-64\IMG\right_2026_09_01_11_20_35_109.jpg, -0.1609563, 1, 0, 30.20281
C:\Users\eljes\Downloads\simulator-windows-64\IMG\center_2026_09_01_11_20_35_210.jpg, C:\Users\eljes\Downloads\simulator-windows-64\IMG\left_2026_09_01_11_20_35_210.jpg, C:\Users\eljes\Downloads\simulator-windows-64\IMG\right_2026_09_01_11_20_35_210.jpg, 0, 1, 0, 30.20039
C:\Users\eljes\Downloads\simulator-windows-64\IMG\center_2026_09_01_11_20_35_310.jpg, C:\Users\eljes\Downloads\simulator-windows-64\IMG\left_2026_09_01_11_20_35_310.jpg, C:\Users\eljes\Downloads\simulator-windows-64\IMG\right_2026_09_01_11_20_35_310.jpg, -0.282048, 1, 0, 30.19299
C:\Users\eljes\Downloads\simulator-windows-64\IMG\center_2026_09_01_11_20_35_413.jpg, C:\Users\eljes\Downloads\simulator-windows-64\IMG\left_2026_09_01_11_20_35_413.jpg, C:\Users\eljes\Downloads\simulator-windows-64\IMG\right_2026_09_01_11_20_35_413.jpg, -0.583283, 1, 0, 30.13851
C:\Users\eljes\Downloads\simulator-windows-64\IMG\center_2026_09_01_11_20_35_514.jpg, C:\Users\eljes\Downloads\simulator-windows-64\IMG\left_2026_09_01_11_20_35_514.jpg, C:\Users\eljes\Downloads\simulator-windows-64\IMG\right_2026_09_01_11_20_35_514.jpg, -0.5025513, 1, 0, 30.19065
C:\Users\eljes\Downloads\simulator-windows-64\IMG\center_2026_09_01_11_20_35_616.jpg, C:\Users\eljes\Downloads\simulator-windows-64\IMG\left_2026_09_01_11_20_35_616.jpg, C:\Users\eljes\Downloads\simulator-windows-64\IMG\right_2026_09_01_11_20_35_616.jpg, -0.195612, 1, 0, 30.20012
C:\Users\eljes\Downloads\simulator-windows-64\IMG\center_2026_09_01_11_20_35_718.jpg, C:\Users\eljes\Downloads\simulator-windows-64\IMG\left_2026_09_01_11_20_35_718.jpg, C:\Users\eljes\Downloads\simulator-windows-64\IMG\right_2026_09_01_11_20_35_718.jpg, -0.0170013, 1, 0, 30.20523
C:\Users\eljes\Downloads\simulator-windows-64\IMG\center_2026_09_01_11_20_35_817.jpg, C:\Users\eljes\Downloads\simulator-windows-64\IMG\left_2026_09_01_11_20_35_817.jpg, C:\Users\eljes\Downloads\simulator-windows-64\IMG\right_2026_09_01_11_20_35_817.jpg, -0.3175488, 1, 0, 30.17463
C:\Users\eljes\Downloads\simulator-windows-64\IMG\center_2026_09_01_11_20_35_920.jpg, C:\Users\eljes\Downloads\simulator-windows-64\IMG\left_2026_09_01_11_20_35_920.jpg, C:\Users\eljes\Downloads\simulator-windows-64\IMG\right_2026_09_01_11_20_35_920.jpg, -0.4441245, 1, 0, 30.17868
C:\Users\eljes\Downloads\simulator-windows-64\IMG\center_2026_09_01_11_20_36_023.jpg, C:\Users\eljes\Downloads\simulator-windows-64\IMG\left_2026_09_01_11_20_36_023.jpg, C:\Users\eljes\Downloads\simulator-windows-64\IMG\right_2026_09_01_11_20_36_023.jpg, -0.1452339, 1, 0, 30.20075
C:\Users\eljes\Downloads\simulator-windows-64\IMG\center_2026_09_01_11_20_36_124.jpg, C:\Users\eljes\Downloads\simulator-windows-64\IMG\left_2026_09_01_11_20_36_124.jpg, C:\Users\eljes\Downloads\simulator-windows-64\IMG\right_2026_09_01_11_20_36_124.jpg, 0, 1, 0, 30.19915
C:\Users\eljes\Downloads\simulator-windows-64\IMG\center_2026_09_01_11_20_36_227.jpg, C:\Users\eljes\Downloads\simulator-windows-64\IMG\left_2026_09_01_11_20_36_227.jpg, C:\Users\eljes\Downloads\simulator-windows-64\IMG\right_2026_09_01_11_20_36_227.jpg, -0.2927397, 1, 0, 30.18296
C:\Users\eljes\Downloads\simulator-windows-64\IMG\center_2026_09_01_11_20_36_329.jpg, C:\Users\eljes\Downloads\simulator-windows-64\IMG\left_2026_09_01_11_20_36_329.jpg, C:\Users\eljes\Downloads\simulator-windows-64\IMG\right_2026_09_01_11_20_36_329.jpg, -0.5984138, 1, 0, 30.14336
C:\Users\eljes\Downloads\simulator-windows-64\IMG\center_2026_09_01_11_20_36_432.jpg, C:\Users\eljes\Downloads\simulator-windows-64\IMG\left_2026_09_01_11_20_36_432.jpg, C:\Users\eljes\Downloads\simulator-windows-64\IMG\right_2026_09_01_11_20_36_432.jpg, -0.4920812, 1, 0, 30.18991
C:\Users\eljes\Downloads\simulator-windows-64\IMG\center_2026_09_01_11_20_36_534.jpg, C:\Users\eljes\Downloads\simulator-windows-64\IMG\left_2026_09_01_11_20_36_534.jpg, C:\Users\eljes\Downloads\simulator-windows-64\IMG\right_2026_09_01_11_20_36_534.jpg, -0.1888197, 1, 0, 30.20501
C:\Users\eljes\Downloads\simulator-windows-64\IMG\center_2026_09_01_11_20_36_634.jpg, C:\Users\eljes\Downloads\simulator-windows-64\IMG\left_2026_09_01_11_20_36_634.jpg, C:\Users\eljes\Downloads\simulator-windows-64\IMG\right_2026_09_01_11_20_36_634.jpg, 0, 1, 0, 30.17934
C:\Users\eljes\Downloads\simulator-windows-64\IMG\center_2026_09_01_11_20_36_735.jpg, C:\Users\eljes\Downloads\simulator-windows-64\IMG\left_2026_09_01_11_20_36_735.jpg, C:\Users\eljes\Downloads\simulator-windows-64\IMG\right_2026_09_01_11_20_36_735.jpg, -0.0114474, 1, 0, 30.19828
C:\Users\eljes\Downloads\simulator-windows-64\IMG\center_2026_09_01_11_20_36_836.jpg, C:\Users\eljes\Downloads\simulator-windows-64\IMG\left_2026_09_01_11_20_36_836.jpg, C:\Users\eljes\Downloads\simulator-windows-64\IMG\right_2026_09_01_11_20_36_836.jpg, -0.3652209, 1, 0, 30.16465
C:\Users\eljes\Downloads\simulator-windows-64\IMG\center_2026_09_01_11_20_36_938.jpg, C:\Users\eljes\Downloads\simulator-windows-64\IMG\left_2026_09_01_11_20_36_938.jpg, C:\Users\eljes\Downloads\simulator-windows-64\IMG\right_2026_09_01_11_20_36_938.jpg, -0.6686643, 1, 0, 30.12625
C:\Users\eljes\Downloads\simulator-windows-64\IMG\center_2026_09_01_11_20_37_038.jpg, C:\Users\eljes\Downloads\simulator-windows-64\IMG\left_2026_09_01_11_20_37_038.jpg, C:\Users\eljes\Downloads\simulator-windows-64\IMG\right_2026_09_01_11_20_37_038.jpg, -0.4807248, 1, 0, 30.18033
C:\Users\eljes\Downloads\simulator-windows-64\IMG\center_2026_09_01_11_20_37_140.jpg, C:\Users\eljes\Downloads\simulator-windows-64\IMG\left_2026_09_01_11_20_37_140.jpg, C:\Users\eljes\Downloads\simulator-windows-64\IMG\right_2026_09_01_11_20_37_140.jpg, -0.1849992, 1, 0, 30.20132
C:\Users\eljes\Downloads\simulator-windows-64\IMG\center_2026_09_01_11_20_37_241.jpg, C:\Users\eljes\Downloads\simulator-windows-64\IMG\left_2026_09_01_11_20_37_241.jpg, C:\Users\eljes\Downloads\simulator-windows-64\IMG\right_2026_09_01_11_20_37_241.jpg, 0, 1, 0, 30.19976
C:\Users\eljes\Downloads\simulator-windows-64\IMG\center_2026_09_01_11_20_37_342.jpg, C:\Users\eljes\Downloads\simulator-windows-64\IMG\left_2026_09_01_11_20_37_342.jpg, C:\Users\eljes\Downloads\simulator-windows-64\IMG\right_2026_09_01_11_20_37_342.jpg, -0.2365329, 1, 0, 30.18558
C:\Users\eljes\Downloads\simulator-windows-64\IMG\center_2026_09_01_11_20_37_444.jpg, C:\Users\eljes\Downloads\simulator-windows-64\IMG\left_2026_09_01_11_20_37_444.jpg, C:\Users\eljes\Downloads\simulator-windows-64\IMG\right_2026_09_01_11_20_37_444.jpg, -0.3292228, 1, 0, 30.1816
C:\Users\eljes\Downloads\simulator-windows-64\IMG\center_2026_09_01_11_20_37_547.jpg, C:\Users\eljes\Downloads\simulator-windows-64\IMG\left_2026_09_01_11_20_37_547.jpg, C:\Users\eljes\Downloads\simulator-windows-64\IMG\right_2026_09_01_11_20_37_547.jpg, -0.03321099, 1, 0, 30.19227
C:\Users\eljes\Downloads\simulator-windows-64\IMG\center_2026_09_01_11_20_37_647.jpg, C:\Users\eljes\Downloads\simulator-windows-64\IMG\left_2026_09_01_11_20_37_647.jpg, C:\Users\eljes\Downloads\simulator-windows-64\IMG\right_2026_09_01_11_20_37_647.jpg, 0, 1, 0, 30.19077
C:\Users\eljes\Downloads\simulator-windows-64\IMG\center_2026_09_01_11_20_37_747.jpg, C:\Users\eljes\Downloads\simulator-windows-64\IMG\left_2026_09_01_11_20_37_747.jpg, C:\Users\eljes\Downloads\simulator-windows-64\IMG\right_2026_09_01_11_20_37_747.jpg, 0, 1, 0, 30.19014
C:\Users\eljes\Downloads\simulator-windows-64\IMG\center_2026_09_01_11_20_37_850.jpg, C:\Users\eljes\Downloads\simulator-windows-64\IMG\left_2026_09_01_11_20_37_850.jpg, C:\Users\eljes\Downloads\simulator-windows-64\IMG\right_2026_09_01_11_20_37_850.jpg, 0, 1, 0, 30.19102
C:\Users\eljes\Downloads\simulator-windows-64\IMG\center_2026_09_01_11_20_37_952.jpg, C:\Users\eljes\Downloads\simulator-windows-64\IMG\left_2026_09_01_11_20_37_952.jpg, C:\Users\eljes\Downloads\simulator-windows-64\IMG\right_2026_09_01_11_20_37_952.jpg, -0.0105198, 1, 0, 30.1954
C:\Users\eljes\Downloads\simulator-windows-64\IMG\center_2026_09_01_11_20_38_054.jpg, C:\Users\eljes\Downloads\simulator-windows-64\IMG\left_2026_09_01_11_20_38_054.jpg, C:\Users\eljes\Downloads\simulator-windows-64\IMG\right_2026_09_01_11_20_38_054.jpg, -0.3096984, 1, 0, 30.17014
C:\Users\eljes\Downloads\simulator-windows-64\IMG\center_2026_09_01_11_20_38_156.jpg, C:\Users\eljes\Downloads\simulator-windows-64\IMG\left_2026_09_01_11_20_38_156.jpg, C:\Users\eljes\Downloads\simulator-windows-64\IMG\right_2026_09_01_11_20_38_156.jpg, -0.6657852, 1, 0, 30.12526
C:\Users\eljes\Downloads\simulator-windows-64\IMG\center_2026_09_01_11_20_38_259.jpg, C:\Users\eljes\Downloads\simulator-windows-64\IMG\left_2026_09_01_11_20_38_259.jpg, C:\Users\eljes\Downloads\simulator-windows-64\IMG\right_2026_09_01_11_20_38_259.jpg, -0.6490719, 1, 0, 30.16032
C:\Users\eljes\Downloads\simulator-windows-64\IMG\center_2026_09_01_11_20_38_361.jpg, C:\Users\eljes\Downloads\simulator-windows-64\IMG\left_2026_09_01_11_20_38_361.jpg, C:\Users\eljes\Downloads\simulator-windows-64\IMG\right_2026_09_01_11_20_38_361.jpg, -0.349384, 1, 0, 30.19977
C:\Users\eljes\Downloads\simulator-windows-64\IMG\center_2026_09_01_11_20_38_462.jpg, C:\Users\eljes\Downloads\simulator-windows-64\IMG\left_2026_09_01_11_20_38_462.jpg, C:\Users\eljes\Downloads\simulator-windows-64\IMG\right_2026_09_01_11_20_38_462.jpg, -0.05734451, 1, 0, 30.19666
C:\Users\eljes\Downloads\simulator-windows-64\IMG\center_2026_09_01_11_20_38_564.jpg, C:\Users\eljes\Downloads\simulator-windows-64\IMG\left_2026_09_01_11_20_38_564.jpg, C:\Users\eljes\Downloads\simulator-windows-64\IMG\right_2026_09_01_11_20_38_564.jpg, -0.1830684, 1, 0, 30.19864
C:\Users\eljes\Downloads\simulator-windows-64\IMG\center_2026_09_01_11_20_38_666.jpg, C:\Users\eljes\Downloads\simulator-windows-64\IMG\left_2026_09_01_11_20_38_666.jpg, C:\Users\eljes\Downloads\simulator-windows-64\IMG\right_2026_09_01_11_20_38_666.jpg, -0.3237318, 1, 0, 30.1925
C:\Users\eljes\Downloads\simulator-windows-64\IMG\center_2026_09_01_11_20_38_769.jpg, C:\Users\eljes\Downloads\simulator-windows-64\IMG\left_2026_09_01_11_20_38_769.jpg, C:\Users\eljes\Downloads\simulator-windows-64\IMG\right_2026_09_01_11_20_38_769.jpg, -0.02988812, 1, 0, 30.19909
C:\Users\eljes\Downloads\simulator-windows-64\IMG\center_2026_09_01_11_20_38_870.jpg, C:\Users\eljes\Downloads\simulator-windows-64\IMG\left_2026_09_01_11_20_38_870.jpg, C:\Users\eljes\Downloads\simulator-windows-64\IMG\right_2026_09_01_11_20_38_870.jpg, 0, 1, 0, 30.20321
C:\Users\eljes\Downloads\simulator-windows-64\IMG\center_2026_09_01_11_20_38_973.jpg, C:\Users\eljes\Downloads\simulator-windows-64\IMG\left_2026_09_01_11_20_38_973.jpg, C:\Users\eljes\Downloads\simulator-windows-64\IMG\right_2026_09_01_11_20_38_973.jpg, -0.2925486, 1, 0, 30.18526
C:\Users\eljes\Downloads\simulator-windows-64\IMG\center_2026_09_01_11_20_39_073.jpg, C:\Users\eljes\Downloads\simulator-windows-64\IMG\left_2026_09_01_11_20_39_073.jpg, C:\Users\eljes\Downloads\simulator-windows-64\IMG\right_2026_09_01_11_20_39_073.jpg, -0.5316274, 1, 0, 30.15875
C:\Users\eljes\Downloads\simulator-windows-64\IMG\center_2026_09_01_11_20_39_175.jpg, C:\Users\eljes\Downloads\simulator-windows-64\IMG\left_2026_09_01_11_20_39_175.jpg, C:\Users\eljes\Downloads\simulator-windows-64\IMG\right_2026_09_01_11_20_39_175.jpg, -0.2349012, 1, 0, 30.20847
C:\Users\eljes\Downloads\simulator-windows-64\IMG\center_2026_09_01_11_20_39_277.jpg, C:\Users\eljes\Downloads\simulator-windows-64\IMG\left_2026_09_01_11_20_39_277.jpg, C:\Users\eljes\Downloads\simulator-windows-64\IMG\right_2026_09_01_11_20_39_277.jpg, -0.0735981, 1, 0, 30.20585
C:\Users\eljes\Downloads\simulator-windows-64\IMG\center_2026_09_01_11_20_39_377.jpg, C:\Users\eljes\Downloads\simulator-windows-64\IMG\left_2026_09_01_11_20_39_377.jpg, C:\Users\eljes\Downloads\simulator-windows-64\IMG\right_2026_09_01_11_20_39_377.jpg, -0.3742071, 1, 0, 30.17697
C:\Users\eljes\Downloads\simulator-windows-64\IMG\center_2026_09_01_11_20_39_478.jpg, C:\Users\eljes\Downloads\simulator-windows-64\IMG\left_2026_09_01_11_20_39_478.jpg, C:\Users\eljes\Downloads\simulator-windows-64\IMG\right_2026_09_01_11_20_39_478.jpg, -0.34491, 1, 0, 30.19967
C:\Users\eljes\Downloads\simulator-windows-64\IMG\center_2026_09_01_11_20_39_580.jpg, C:\Users\eljes\Downloads\simulator-windows-64\IMG\left_2026_09_01_11_20_39_580.jpg, C:\Users\eljes\Downloads\simulator-windows-64\IMG\right_2026_09_01_11_20_39_580.jpg, -0.04785026, 1, 0, 30.20568
C:\Users\eljes\Downloads\simulator-windows-64\IMG\center_2026_09_01_11_20_39_683.jpg, C:\Users\eljes\Downloads\simulator-windows-64\IMG\left_2026_09_01_11_20_39_683.jpg, C:\Users\eljes\Downloads\simulator-windows-64\IMG\right_2026_09_01_11_20_39_683.jpg, 0, 1, 0, 30.20608
C:\Users\eljes\Downloads\simulator-windows-64\IMG\center_2026_09_01_11_20_39_783.jpg, C:\Users\eljes\Downloads\simulator-windows-64\IMG\left_2026_09_01_11_20_39_783.jpg, C:\Users\eljes\Downloads\simulator-windows-64\IMG\right_2026_09_01_11_20_39_783.jpg, 0, 1, 0, 30.22164
C:\Users\eljes\Downloads\simulator-windows-64\IMG\center_2026_09_01_11_20_39_886.jpg, C:\Users\eljes\Downloads\simulator-windows-64\IMG\left_2026_09_01_11_20_39_886.jpg, C:\Users\eljes\Downloads\simulator-windows-64\IMG\right_2026_09_01_11_20_39_886.jpg, -0.1774326, 1, 0, 30.19967
C:\Users\eljes\Downloads\simulator-windows-64\IMG\center_2026_09_01_11_20_39_986.jpg, C:\Users\eljes\Downloads\simulator-windows-64\IMG\left_2026_09_01_11_20_39_986.jpg, C:\Users\eljes\Downloads\simulator-windows-64\IMG\right_2026_09_01_11_20_39_986.jpg, -0.4785576, 1, 0, 30.15361
C:\Users\eljes\Downloads\simulator-windows-64\IMG\center_2026_09_01_11_20_40_086.jpg, C:\Users\eljes\Downloads\simulator-windows-64\IMG\left_2026_09_01_11_20_40_086.jpg, C:\Users\eljes\Downloads\simulator-windows-64\IMG\right_2026_09_01_11_20_40_086.jpg, -0.2273769, 1, 0, 30.20314
C:\Users\eljes\Downloads\simulator-windows-64\IMG\center_2026_09_01_11_20_40_188.jpg, C:\Users\eljes\Downloads\simulator-windows-64\IMG\left_2026_09_01_11_20_40_188.jpg, C:\Users\eljes\Downloads\simulator-windows-64\IMG\right_2026_09_01_11_20_40_188.jpg, 0, 1, 0, 30.19886
C:\Users\eljes\Downloads\simulator-windows-64\IMG\center_2026_09_01_11_20_40_291.jpg, C:\Users\eljes\Downloads\simulator-windows-64\IMG\left_2026_09_01_11_20_40_291.jpg, C:\Users\eljes\Downloads\simulator-windows-64\IMG\right_2026_09_01_11_20_40_291.jpg, 0, 1, 0, 30.19446
C:\Users\eljes\Downloads\simulator-windows-64\IMG\center_2026_09_01_11_20_40_392.jpg, C:\Users\eljes\Downloads\simulator-windows-64\IMG\left_2026_09_01_11_20_40_392.jpg, C:\Users\eljes\Downloads\simulator-windows-64\IMG\right_2026_09_01_11_20_40_392.jpg, 0, 1, 0, 30.20177
C:\Users\eljes\Downloads\simulator-windows-64\IMG\center_2026_09_01_11_20_40_495.jpg, C:\Users\eljes\Downloads\simulator-windows-64\IMG\left_2026_09_01_11_20_40_495.jpg, C:\Users\eljes\Downloads\simulator-windows-64\IMG\right_2026_09_01_11_20_40_495.jpg, 0, 1, 0, 30.20138
C:\Users\eljes\Downloads\simulator-windows-64\IMG\center_2026_09_01_11_20_40_594.jpg, C:\Users\eljes\Downloads\simulator-windows-64\IMG\left_2026_09_01_11_20_40_594.jpg, C:\Users\eljes\Downloads\simulator-windows-64\IMG\right_2026_09_01_11_20_40_594.jpg, 0, 1, 0, 30.19866
C:\Users\eljes\Downloads\simulator-windows-64\IMG\center_2026_09_01_11_20_40_697.jpg, C:\Users\eljes\Downloads\simulator-windows-64\IMG\left_2026_09_01_11_20_40_697.jpg, C:\Users\eljes\Downloads\simulator-windows-64\IMG\right_2026_09_01_11_20_40_697.jpg, 0, 1, 0, 30.19813
C:\Users\eljes\Downloads\simulator-windows-64\IMG\center_2026_09_01_11_20_40_800.jpg, C:\Users\eljes\Downloads\simulator-windows-64\IMG\left_2026_09_01_11_20_40_800.jpg, C:\Users\eljes\Downloads\simulator-windows-64\IMG\right_2026_09_01_11_20_40_800.jpg, 0, 1, 0, 30.1973
C:\Users\eljes\Downloads\simulator-windows-64\IMG\center_2026_09_01_11_20_40_902.jpg, C:\Users\eljes\Downloads\simulator-windows-64\IMG\left_2026_09_01_11_20_40_902.jpg, C:\Users\eljes\Downloads\simulator-windows-64\IMG\right_2026_09_01_11_20_40_902.jpg, 0, 1, 0, 30.19615
C:\Users\eljes\Downloads\simulator-windows-64\IMG\center_2026_09_01_11_20_41_003.jpg, C:\Users\eljes\Downloads\simulator-windows-64\IMG\left_2026_09_01_11_20_41_003.jpg, C:\Users\eljes\Downloads\simulator-windows-64\IMG\right_2026_09_01_11_20_41_003.jpg, 0, 1, 0, 30.19432
C:\Users\eljes\Downloads\simulator-windows-64\IMG\center_2026_09_01_11_20_41_104.jpg, C:\Users\eljes\Downloads\simulator-windows-64\IMG\left_2026_09_01_11_20_41_104.jpg, C:\Users\eljes\Downloads\simulator-windows-64\IMG\right_2026_09_01_11_20_41_104.jpg, 0, 1, 0, 30.20259
C:\Users\eljes\Downloads\simulator-windows-64\IMG\center_2026_09_01_11_20_41_205.jpg, C:\Users\eljes\Downloads\simulator-windows-64\IMG\left_2026_09_01_11_20_41_205.jpg, C:\Users\eljes\Downloads\simulator-windows-64\IMG\right_2026_09_01_11_20_41_205.jpg, 0, 1, 0, 30.19026
C:\Users\eljes\Downloads\simulator-windows-64\IMG\center_2026_09_01_11_20_41_306.jpg, C:\Users\eljes\Downloads\simulator-windows-64\IMG\left_2026_09_01_11_20_41_306.jpg, C:\Users\eljes\Downloads\simulator-windows-64\IMG\right_2026_09_01_11_20_41_306.jpg, 0, 1, 0, 30.19242
C:\Users\eljes\Downloads\simulator-windows-64\IMG\center_2026_09_01_11_20_41_407.jpg, C:\Users\eljes\Downloads\simulator-windows-64\IMG\left_2026_09_01_11_20_41_407.jpg, C:\Users\eljes\Downloads\simulator-windows-64\IMG\right_2026_09_01_11_20_41_407.jpg, 0, 1, 0, 30.20002
C:\Users\eljes\Downloads\simulator-windows-64\IMG\center_2026_09_01_11_20_41_510.jpg, C:\Users\eljes\Downloads\simulator-windows-64\IMG\left_2026_09_01_11_20_41_510.jpg, C:\Users\eljes\Downloads\simulator-windows-64\IMG\right_2026_09_01_11_20_41_510.jpg, 0, 1, 0, 30.19601
C:\Users\eljes\Downloads\simulator-windows-64\IMG\center_2026_09_01_11_20_41_610.jpg, C:\Users\eljes\Downloads\simulator-windows-64\IMG\left_2026_09_01_11_20_41_610.jpg, C:\Users\eljes\Downloads\simulator-windows-64\IMG\right_2026_09_01_11_20_41_610.jpg, 0, 1, 0, 30.20639
C:\Users\eljes\Downloads\simulator-windows-64\IMG\center_2026_09_01_11_20_41_711.jpg, C:\Users\eljes\Downloads\simulator-windows-64\IMG\left_2026_09_01_11_20_41_711.jpg, C:\Users\eljes\Downloads\simulator-windows-64\IMG\right_2026_09_01_11_20_41_711.jpg, 0.2576667, 1, 0, 30.18026
C:\Users\eljes\Downloads\simulator-windows-64\IMG\center_2026_09_01_11_20_41_813.jpg, C:\Users\eljes\Downloads\simulator-windows-64\IMG\left_2026_09_01_11_20_41_813.jpg, C:\Users\eljes\Downloads\simulator-windows-64\IMG\right_2026_09_01_11_20_41_813.jpg, 0.337332, 1, 0, 30.19159
C:\Users\eljes\Downloads\simulator-windows-64\IMG\center_2026_09_01_11_20_41_913.jpg, C:\Users\eljes\Downloads\simulator-windows-64\IMG\left_2026_09_01_11_20_41_913.jpg, C:\Users\eljes\Downloads\simulator-windows-64\IMG\right_2026_09_01_11_20_41_913.jpg, 0.04058881, 1, 0, 30.20465
C:\Users\eljes\Downloads\simulator-windows-64\IMG\center_2026_09_01_11_20_42_014.jpg, C:\Users\eljes\Downloads\simulator-windows-64\IMG\left_2026_09_01_11_20_42_014.jpg, C:\Users\eljes\Downloads\simulator-windows-64\IMG\right_2026_09_01_11_20_42_014.jpg, 0, 1, 0, 30.1839
C:\Users\eljes\Downloads\simulator-windows-64\IMG\center_2026_09_01_11_20_42_116.jpg, C:\Users\eljes\Downloads\simulator-windows-64\IMG\left_2026_09_01_11_20_42_116.jpg, C:\Users\eljes\Downloads\simulator-windows-64\IMG\right_2026_09_01_11_20_42_116.jpg, 0.1165023, 1, 0, 30.2068
C:\Users\eljes\Downloads\simulator-windows-64\IMG\center_2026_09_01_11_20_42_219.jpg, C:\Users\eljes\Downloads\simulator-windows-64\IMG\left_2026_09_01_11_20_42_219.jpg, C:\Users\eljes\Downloads\simulator-windows-64\IMG\right_2026_09_01_11_20_42_219.jpg, 0.4274457, 1, 0, 30.15712
C:\Users\eljes\Downloads\simulator-windows-64\IMG\center_2026_09_01_11_20_42_321.jpg, C:\Users\eljes\Downloads\simulator-windows-64\IMG\left_2026_09_01_11_20_42_321.jpg, C:\Users\eljes\Downloads\simulator-windows-64\IMG\right_2026_09_01_11_20_42_321.jpg, 0.2254035, 1, 0, 30.22436
C:\Users\eljes\Downloads\simulator-windows-64\IMG\center_2026_09_01_11_20_42_422.jpg, C:\Users\eljes\Downloads\simulator-windows-64\IMG\left_2026_09_01_11_20_42_422.jpg, C:\Users\eljes\Downloads\simulator-windows-64\IMG\right_2026_09_01_11_20_42_422.jpg, 0, 1, 0, 30.16271
C:\Users\eljes\Downloads\simulator-windows-64\IMG\center_2026_09_01_11_20_42_523.jpg, C:\Users\eljes\Downloads\simulator-windows-64\IMG\left_2026_09_01_11_20_42_523.jpg, C:\Users\eljes\Downloads\simulator-windows-64\IMG\right_2026_09_01_11_20_42_523.jpg, 0.01341, 1, 0, 30.21984
C:\Users\eljes\Downloads\simulator-windows-64\IMG\center_2026_09_01_11_20_42_624.jpg, C:\Users\eljes\Downloads\simulator-windows-64\IMG\left_2026_09_01_11_20_42_624.jpg, C:\Users\eljes\Downloads\simulator-windows-64\IMG\right_2026_09_01_11_20_42_624.jpg, 0.3079488, 1, 0, 30.17646
C:\Users\eljes\Downloads\simulator-windows-64\IMG\center_2026_09_01_11_20_42_726.jpg, C:\Users\eljes\Downloads\simulator-windows-64\IMG\left_2026_09_01_11_20_42_726.jpg, C:\Users\eljes\Downloads\simulator-windows-64\IMG\right_2026_09_01_11_20_42_726.jpg, 0.1635393, 1, 0, 30.31753
C:\Users\eljes\Downloads\simulator-windows-64\IMG\center_2026_09_01_11_20_42_829.jpg, C:\Users\eljes\Downloads\simulator-windows-64\IMG\left_2026_09_01_11_20_42_829.jpg, C:\Users\eljes\Downloads\simulator-windows-64\IMG\right_2026_09_01_11_20_42_829.jpg, 0, 1, 0, 30.05343
C:\Users\eljes\Downloads\simulator-windows-64\IMG\center_2026_09_01_11_20_42_932.jpg, C:\Users\eljes\Downloads\simulator-windows-64\IMG\left_2026_09_01_11_20_42_932.jpg, C:\Users\eljes\Downloads\simulator-windows-64\IMG\right_2026_09_01_11_20_42_932.jpg, 0.1588815, 1, 0, 30.29663
C:\Users\eljes\Downloads\simulator-windows-64\IMG\center_2026_09_01_11_20_43_033.jpg, C:\Users\eljes\Downloads\simulator-windows-64\IMG\left_2026_09_01_11_20_43_033.jpg, C:\Users\eljes\Downloads\simulator-windows-64\IMG\right_2026_09_01_11_20_43_033.jpg, 0.4551959, 1, 0, 30.13649
C:\Users\eljes\Downloads\simulator-windows-64\IMG\center_2026_09_01_11_20_43_135.jpg, C:\Users\eljes\Downloads\simulator-windows-64\IMG\left_2026_09_01_11_20_43_135.jpg, C:\Users\eljes\Downloads\simulator-windows-64\IMG\right_2026_09_01_11_20_43_135.jpg, 0.3318385, 1, 0, 30.24402
C:\Users\eljes\Downloads\simulator-windows-64\IMG\center_2026_09_01_11_20_43_239.jpg, C:\Users\eljes\Downloads\simulator-windows-64\IMG\left_2026_09_01_11_20_43_239.jpg, C:\Users\eljes\Downloads\simulator-windows-64\IMG\right_2026_09_01_11_20_43_239.jpg, 0, 1, 0, 30.19892
C:\Users\eljes\Downloads\simulator-windows-64\IMG\center_2026_09_01_11_20_43_341.jpg, C:\Users\eljes\Downloads\simulator-windows-64\IMG\left_2026_09_01_11_20_43_341.jpg, C:\Users\eljes\Downloads\simulator-windows-64\IMG\right_2026_09_01_11_20_43_341.jpg, 0, 1, 0, 30.20846
C:\Users\eljes\Downloads\simulator-windows-64\IMG\center_2026_09_01_11_20_43_444.jpg, C:\Users\eljes\Downloads\simulator-windows-64\IMG\left_2026_09_01_11_20_43_444.jpg, C:\Users\eljes\Downloads\simulator-windows-64\IMG\right_2026_09_01_11_20_43_444.jpg, 0, 1, 0, 30.20848
C:\Users\eljes\Downloads\simulator-windows-64\IMG\center_2026_09_01_11_20_43_544.jpg, C:\Users\eljes\Downloads\simulator-windows-64\IMG\left_2026_09_01_11_20_43_544.jpg, C:\Users\eljes\Downloads\simulator-windows-64\IMG\right_2026_09_01_11_20_43_544.jpg, 0, 1, 0, 30.20183
C:\Users\eljes\Downloads\simulator-windows-64\IMG\center_2026_09_01_11_20_43_646.jpg, C:\Users\eljes\Downloads\simulator-windows-64\IMG\left_2026_09_01_11_20_43_646.jpg, C:\Users\eljes\Downloads\simulator-windows-64\IMG\right_2026_09_01_11_20_43_646.jpg, 0.0258996, 1, 0, 30.21623
C:\Users\eljes\Downloads\simulator-windows-64\IMG\center_2026_09_01_11_20_43_749.jpg, C:\Users\eljes\Downloads\simulator-windows-64\IMG\left_2026_09_01_11_20_43_749.jpg, C:\Users\eljes\Downloads\simulator-windows-64\IMG\right_2026_09_01_11_20_43_749.jpg, 0.3349014, 1, 0, 30.17138
C:\Users\eljes\Downloads\simulator-windows-64\IMG\center_2026_09_01_11_20_43_851.jpg, C:\Users\eljes\Downloads\simulator-windows-64\IMG\left_2026_09_01_11_20_43_851.jpg, C:\Users\eljes\Downloads\simulator-windows-64\IMG\right_2026_09_01_11_20_43_851.jpg, 0.3289559, 1, 0, 30.19459
C:\Users\eljes\Downloads\simulator-windows-64\IMG\center_2026_09_01_11_20_43_952.jpg, C:\Users\eljes\Downloads\simulator-windows-64\IMG\left_2026_09_01_11_20_43_952.jpg, C:\Users\eljes\Downloads\simulator-windows-64\IMG\right_2026_09_01_11_20_43_952.jpg, 0.03275293, 1, 0, 30.20467
C:\Users\eljes\Downloads\simulator-windows-64\IMG\center_2026_09_01_11_20_44_053.jpg, C:\Users\eljes\Downloads\simulator-windows-64\IMG\left_2026_09_01_11_20_44_053.jpg, C:\Users\eljes\Downloads\simulator-windows-64\IMG\right_2026_09_01_11_20_44_053.jpg, 0, 1, 0, 30.20302
C:\Users\eljes\Downloads\simulator-windows-64\IMG\center_2026_09_01_11_20_44_154.jpg, C:\Users\eljes\Downloads\simulator-windows-64\IMG\left_2026_09_01_11_20_44_154.jpg, C:\Users\eljes\Downloads\simulator-windows-64\IMG\right_2026_09_01_11_20_44_154.jpg, 0, 1, 0, 30.21321
C:\Users\eljes\Downloads\simulator-windows-64\IMG\center_2026_09_01_11_20_44_257.jpg, C:\Users\eljes\Downloads\simulator-windows-64\IMG\left_2026_09_01_11_20_44_257.jpg, C:\Users\eljes\Downloads\simulator-windows-64\IMG\right_2026_09_01_11_20_44_257.jpg, 0, 1, 0, 30.2058
C:\Users\eljes\Downloads\simulator-windows-64\IMG\center_2026_09_01_11_20_44_359.jpg, C:\Users\eljes\Downloads\simulator-windows-64\IMG\left_2026_09_01_11_20_44_359.jpg, C:\Users\eljes\Downloads\simulator-windows-64\IMG\right_2026_09_01_11_20_44_359.jpg, 0, 1, 0, 30.20691
C:\Users\eljes\Downloads\simulator-windows-64\IMG\center_2026_09_01_11_20_44_461.jpg, C:\Users\eljes\Downloads\simulator-windows-64\IMG\left_2026_09_01_11_20_44_461.jpg, C:\Users\eljes\Downloads\simulator-windows-64\IMG\right_2026_09_01_11_20_44_461.jpg, 0, 1, 0, 30.20601
C:\Users\eljes\Downloads\simulator-windows-64\IMG\center_2026_09_01_11_20_44_564.jpg, C:\Users\eljes\Downloads\simulator-windows-64\IMG\left_2026_09_01_11_20_44_564.jpg, C:\Users\eljes\Downloads\simulator-windows-64\IMG\right_2026_09_01_11_20_44_564.jpg, 0.1751433, 1, 0, 30.19924
C:\Users\eljes\Downloads\simulator-windows-64\IMG\center_2026_09_01_11_20_44_667.jpg, C:\Users\eljes\Downloads\simulator-windows-64\IMG\left_2026_09_01_11_20_44_667.jpg, C:\Users\eljes\Downloads\simulator-windows-64\IMG\right_2026_09_01_11_20_44_667.jpg, 0.3704214, 1, 0, 30.17834
C:\Users\eljes\Downloads\simulator-windows-64\IMG\center_2026_09_01_11_20_44_767.jpg, C:\Users\eljes\Downloads\simulator-windows-64\IMG\left_2026_09_01_11_20_44_767.jpg, C:\Users\eljes\Downloads\simulator-windows-64\IMG\right_2026_09_01_11_20_44_767.jpg, 0.07894224, 1, 0, 30.20977
C:\Users\eljes\Downloads\simulator-windows-64\IMG\center_2026_09_01_11_20_44_868.jpg, C:\Users\eljes\Downloads\simulator-windows-64\IMG\left_2026_09_01_11_20_44_868.jpg, C:\Users\eljes\Downloads\simulator-windows-64\IMG\right_2026_09_01_11_20_44_868.jpg, 0, 1, 0, 30.20431
C:\Users\eljes\Downloads\simulator-windows-64\IMG\center_2026_09_01_11_20_44_971.jpg, C:\Users\eljes\Downloads\simulator-windows-64\IMG\left_2026_09_01_11_20_44_971.jpg, C:\Users\eljes\Downloads\simulator-windows-64\IMG\right_2026_09_01_11_20_44_971.jpg, 0, 1, 0, 30.2088
C:\Users\eljes\Downloads\simulator-windows-64\IMG\center_2026_09_01_11_20_45_072.jpg, C:\Users\eljes\Downloads\simulator-windows-64\IMG\left_2026_09_01_11_20_45_072.jpg, C:\Users\eljes\Downloads\simulator-windows-64\IMG\right_2026_09_01_11_20_45_072.jpg, 0, 1, 0, 30.20477
C:\Users\eljes\Downloads\simulator-windows-64\IMG\center_2026_09_01_11_20_45_174.jpg, C:\Users\eljes\Downloads\simulator-windows-64\IMG\left_2026_09_01_11_20_45_174.jpg, C:\Users\eljes\Downloads\simulator-windows-64\IMG\right_2026_09_01_11_20_45_174.jpg, 0, 1, 0, 30.20509
C:\Users\eljes\Downloads\simulator-windows-64\IMG\center_2026_09_01_11_20_45_274.jpg, C:\Users\eljes\Downloads\simulator-windows-64\IMG\left_2026_09_01_11_20_45_274.jpg, C:\Users\eljes\Downloads\simulator-windows-64\IMG\right_2026_09_01_11_20_45_274.jpg, 0, 1, 0, 30.19481
C:\Users\eljes\Downloads\simulator-windows-64\IMG\center_2026_09_01_11_20_45_375.jpg, C:\Users\eljes\Downloads\simulator-windows-64\IMG\left_2026_09_01_11_20_45_375.jpg, C:\Users\eljes\Downloads\simulator-windows-64\IMG\right_2026_09_01_11_20_45_375.jpg, 0, 1, 0, 30.19947
C:\Users\eljes\Downloads\simulator-windows-64\IMG\center_2026_09_01_11_20_45_479.jpg, C:\Users\eljes\Downloads\simulator-windows-64\IMG\left_2026_09_01_11_20_45_479.jpg, C:\Users\eljes\Downloads\simulator-windows-64\IMG\right_2026_09_01_11_20_45_479.jpg, 0, 1, 0, 30.19114
C:\Users\eljes\Downloads\simulator-windows-64\IMG\center_2026_09_01_11_20_45_581.jpg, C:\Users\eljes\Downloads\simulator-windows-64\IMG\left_2026_09_01_11_20_45_581.jpg, C:\Users\eljes\Downloads\simulator-windows-64\IMG\right_2026_09_01_11_20_45_581.jpg, 0, 1, 0, 30.19574
C:\Users\eljes\Downloads\simulator-windows-64\IMG\center_2026_09_01_11_20_45_681.jpg, C:\Users\eljes\Downloads\simulator-windows-64\IMG\left_2026_09_01_11_20_45_681.jpg, C:\Users\eljes\Downloads\simulator-windows-64\IMG\right_2026_09_01_11_20_45_681.jpg, 0, 1, 0, 30.19237
C:\Users\eljes\Downloads\simulator-windows-64\IMG\center_2026_09_01_11_20_45_782.jpg, C:\Users\eljes\Downloads\simulator-windows-64\IMG\left_2026_09_01_11_20_45_782.jpg, C:\Users\eljes\Downloads\simulator-windows-64\IMG\right_2026_09_01_11_20_45_782.jpg, 0, 1, 0, 30.19253
C:\Users\eljes\Downloads\simulator-windows-64\IMG\center_2026_09_01_11_20_45_884.jpg, C:\Users\eljes\Downloads\simulator-windows-64\IMG\left_2026_09_01_11_20_45_884.jpg, C:\Users\eljes\Downloads\simulator-windows-64\IMG\right_2026_09_01_11_20_45_884.jpg, 0.1372689, 1, 0, 30.17882
C:\Users\eljes\Downloads\simulator-windows-64\IMG\center_2026_09_01_11_20_45_987.jpg, C:\Users\eljes\Downloads\simulator-windows-64\IMG\left_2026_09_01_11_20_45_987.jpg, C:\Users\eljes\Downloads\simulator-windows-64\IMG\right_2026_09_01_11_20_45_987.jpg, 0.371814, 1, 0, 30.16089
C:\Users\eljes\Downloads\simulator-windows-64\IMG\center_2026_09_01_11_20_46_088.jpg, C:\Users\eljes\Downloads\simulator-windows-64\IMG\left_2026_09_01_11_20_46_088.jpg, C:\Users\eljes\Downloads\simulator-windows-64\IMG\right_2026_09_01_11_20_46_088.jpg, 0.06784083, 1, 0, 30.19799
C:\Users\eljes\Downloads\simulator-windows-64\IMG\center_2026_09_01_11_20_46_191.jpg, C:\Users\eljes\Downloads\simulator-windows-64\IMG\left_2026_09_01_11_20_46_191.jpg, C:\Users\eljes\Downloads\simulator-windows-64\IMG\right_2026_09_01_11_20_46_191.jpg, 0, 1, 0, 30.19329
C:\Users\eljes\Downloads\simulator-windows-64\IMG\center_2026_09_01_11_20_46_294.jpg, C:\Users\eljes\Downloads\simulator-windows-64\IMG\left_2026_09_01_11_20_46_294.jpg, C:\Users\eljes\Downloads\simulator-windows-64\IMG\right_2026_09_01_11_20_46_294.jpg, 0, 1, 0, 30.18428
C:\Users\eljes\Downloads\simulator-windows-64\IMG\center_2026_09_01_11_20_46_397.jpg, C:\Users\eljes\Downloads\simulator-windows-64\IMG\left_2026_09_01_11_20_46_397.jpg, C:\Users\eljes\Downloads\simulator-windows-64\IMG\right_2026_09_01_11_20_46_397.jpg, 0.3439318, 1, 0, 30.16726
C:\Users\eljes\Downloads\simulator-windows-64\IMG\center_2026_09_01_11_20_46_499.jpg, C:\Users\eljes\Downloads\simulator-windows-64\IMG\left_2026_09_01_11_20_46_499.jpg, C:\Users\eljes\Downloads\simulator-windows-64\IMG\right_2026_09_01_11_20_46_499.jpg, 0.641579, 1, 0, 30.1353
C:\Users\eljes\Downloads\simulator-windows-64\IMG\center_2026_09_01_11_20_46_602.jpg, C:\Users\eljes\Downloads\simulator-windows-64\IMG\left_2026_09_01_11_20_46_602.jpg, C:\Users\eljes\Downloads\simulator-windows-64\IMG\right_2026_09_01_11_20_46_602.jpg, 0.7854431, 1, 0, 30.12568
C:\Users\eljes\Downloads\simulator-windows-64\IMG\center_2026_09_01_11_20_46_704.jpg, C:\Users\eljes\Downloads\simulator-windows-64\IMG\left_2026_09_01_11_20_46_704.jpg, C:\Users\eljes\Downloads\simulator-windows-64\IMG\right_2026_09_01_11_20_46_704.jpg, 0.49372, 1, 0, 30.19219
C:\Users\eljes\Downloads\simulator-windows-64\IMG\center_2026_09_01_11_20_46_806.jpg, C:\Users\eljes\Downloads\simulator-windows-64\IMG\left_2026_09_01_11_20_46_806.jpg, C:\Users\eljes\Downloads\simulator-windows-64\IMG\right_2026_09_01_11_20_46_806.jpg, 0.184537, 1, 0, 30.20259
C:\Users\eljes\Downloads\simulator-windows-64\IMG\center_2026_09_01_11_20_46_907.jpg, C:\Users\eljes\Downloads\simulator-windows-64\IMG\left_2026_09_01_11_20_46_907.jpg, C:\Users\eljes\Downloads\simulator-windows-64\IMG\right_2026_09_01_11_20_46_907.jpg, 0, 1, 0, 30.19984
C:\Users\eljes\Downloads\simulator-windows-64\IMG\center_2026_09_01_11_20_47_008.jpg, C:\Users\eljes\Downloads\simulator-windows-64\IMG\left_2026_09_01_11_20_47_008.jpg, C:\Users\eljes\Downloads\simulator-windows-64\IMG\right_2026_09_01_11_20_47_008.jpg, 0, 1, 0, 30.19512
C:\Users\eljes\Downloads\simulator-windows-64\IMG\center_2026_09_01_11_20_47_110.jpg, C:\Users\eljes\Downloads\simulator-windows-64\IMG\left_2026_09_01_11_20_47_110.jpg, C:\Users\eljes\Downloads\simulator-windows-64\IMG\right_2026_09_01_11_20_47_110.jpg, 0, 1, 0, 30.17993
C:\Users\eljes\Downloads\simulator-windows-64\IMG\center_2026_09_01_11_20_47_211.jpg, C:\Users\eljes\Downloads\simulator-windows-64\IMG\left_2026_09_01_11_20_47_211.jpg, C:\Users\eljes\Downloads\simulator-windows-64\IMG\right_2026_09_01_11_20_47_211.jpg, 0, 1, 0, 30.19599
C:\Users\eljes\Downloads\simulator-windows-64\IMG\center_2026_09_01_11_20_47_313.jpg, C:\Users\eljes\Downloads\simulator-windows-64\IMG\left_2026_09_01_11_20_47_313.jpg, C:\Users\eljes\Downloads\simulator-windows-64\IMG\right_2026_09_01_11_20_47_313.jpg, 0.2567772, 1, 0, 30.17521
C:\Users\eljes\Downloads\simulator-windows-64\IMG\center_2026_09_01_11_20_47_414.jpg, C:\Users\eljes\Downloads\simulator-windows-64\IMG\left_2026_09_01_11_20_47_414.jpg, C:\Users\eljes\Downloads\simulator-windows-64\IMG\right_2026_09_01_11_20_47_414.jpg, 0.5573645, 1, 0, 30.14199
C:\Users\eljes\Downloads\simulator-windows-64\IMG\center_2026_09_01_11_20_47_518.jpg, C:\Users\eljes\Downloads\simulator-windows-64\IMG\left_2026_09_01_11_20_47_518.jpg, C:\Users\eljes\Downloads\simulator-windows-64\IMG\right_2026_09_01_11_20_47_518.jpg, 0.9186144, 1, 0, 30.08893
C:\Users\eljes\Downloads\simulator-windows-64\IMG\center_2026_09_01_11_20_47_619.jpg, C:\Users\eljes\Downloads\simulator-windows-64\IMG\left_2026_09_01_11_20_47_619.jpg, C:\Users\eljes\Downloads\simulator-windows-64\IMG\right_2026_09_01_11_20_47_619.jpg, 0.8275072, 1, 0, 30.15186
C:\Users\eljes\Downloads\simulator-windows-64\IMG\center_2026_09_01_11_20_47_722.jpg, C:\Users\eljes\Downloads\simulator-windows-64\IMG\left_2026_09_01_11_20_47_722.jpg, C:\Users\eljes\Downloads\simulator-windows-64\IMG\right_2026_09_01_11_20_47_722.jpg, 0.5199952, 1, 0, 30.21105
C:\Users\eljes\Downloads\simulator-windows-64\IMG\center_2026_09_01_11_20_47_823.jpg, C:\Users\eljes\Downloads\simulator-windows-64\IMG\left_2026_09_01_11_20_47_823.jpg, C:\Users\eljes\Downloads\simulator-windows-64\IMG\right_2026_09_01_11_20_47_823.jpg, 0.2263615, 1, 0, 30.21056
C:\Users\eljes\Downloads\simulator-windows-64\IMG\center_2026_09_01_11_20_47_925.jpg, C:\Users\eljes\Downloads\simulator-windows-64\IMG\left_2026_09_01_11_20_47_925.jpg, C:\Users\eljes\Downloads\simulator-windows-64\IMG\right_2026_09_01_11_20_47_925.jpg, 0.0214281, 1, 0, 30.18595
C:\Users\eljes\Downloads\simulator-windows-64\IMG\center_2026_09_01_11_20_48_027.jpg, C:\Users\eljes\Downloads\simulator-windows-64\IMG\left_2026_09_01_11_20_48_027.jpg, C:\Users\eljes\Downloads\simulator-windows-64\IMG\right_2026_09_01_11_20_48_027.jpg, 0.3173577, 1, 0, 30.1903
C:\Users\eljes\Downloads\simulator-windows-64\IMG\center_2026_09_01_11_20_48_129.jpg, C:\Users\eljes\Downloads\simulator-windows-64\IMG\left_2026_09_01_11_20_48_129.jpg, C:\Users\eljes\Downloads\simulator-windows-64\IMG\right_2026_09_01_11_20_48_129.jpg, 0.3413817, 1, 0, 30.19569
C:\Users\eljes\Downloads\simulator-windows-64\IMG\center_2026_09_01_11_20_48_231.jpg, C:\Users\eljes\Downloads\simulator-windows-64\IMG\left_2026_09_01_11_20_48_231.jpg, C:\Users\eljes\Downloads\simulator-windows-64\IMG\right_2026_09_01_11_20_48_231.jpg, 0.0395808, 1, 0, 30.19991
C:\Users\eljes\Downloads\simulator-windows-64\IMG\center_2026_09_01_11_20_48_330.jpg, C:\Users\eljes\Downloads\simulator-windows-64\IMG\left_2026_09_01_11_20_48_330.jpg, C:\Users\eljes\Downloads\simulator-windows-64\IMG\right_2026_09_01_11_20_48_330.jpg, 0, 1, 0, 30.17953
C:\Users\eljes\Downloads\simulator-windows-64\IMG\center_2026_09_01_11_20_48_432.jpg, C:\Users\eljes\Downloads\simulator-windows-64\IMG\left_2026_09_01_11_20_48_432.jpg, C:\Users\eljes\Downloads\simulator-windows-64\IMG\right_2026_09_01_11_20_48_432.jpg, 0.2625735, 1, 0, 30.1855
C:\Users\eljes\Downloads\simulator-windows-64\IMG\center_2026_09_01_11_20_48_532.jpg, C:\Users\eljes\Downloads\simulator-windows-64\IMG\left_2026_09_01_11_20_48_532.jpg, C:\Users\eljes\Downloads\simulator-windows-64\IMG\right_2026_09_01_11_20_48_532.jpg, 0.5625417, 1, 0, 30.14299
C:\Users\eljes\Downloads\simulator-windows-64\IMG\center_2026_09_01_11_20_48_633.jpg, C:\Users\eljes\Downloads\simulator-windows-64\IMG\left_2026_09_01_11_20_48_633.jpg, C:\Users\eljes\Downloads\simulator-windows-64\IMG\right_2026_09_01_11_20_48_633.jpg, 0.5771518, 1, 0, 30.16949
C:\Users\eljes\Downloads\simulator-windows-64\IMG\center_2026_09_01_11_20_48_737.jpg, C:\Users\eljes\Downloads\simulator-windows-64\IMG\left_2026_09_01_11_20_48_737.jpg, C:\Users\eljes\Downloads\simulator-windows-64\IMG\right_2026_09_01_11_20_48_737.jpg, 0.217712, 1, 0, 30.19604
C:\Users\eljes\Downloads\simulator-windows-64\IMG\center_2026_09_01_11_20_48_839.jpg, C:\Users\eljes\Downloads\simulator-windows-64\IMG\left_2026_09_01_11_20_48_839.jpg, C:\Users\eljes\Downloads\simulator-windows-64\IMG\right_2026_09_01_11_20_48_839.jpg, 0, 1, 0, 30.19613
C:\Users\eljes\Downloads\simulator-windows-64\IMG\center_2026_09_01_11_20_48_939.jpg, C:\Users\eljes\Downloads\simulator-windows-64\IMG\left_2026_09_01_11_20_48_939.jpg, C:\Users\eljes\Downloads\simulator-windows-64\IMG\right_2026_09_01_11_20_48_939.jpg, 0.300725, 1, 0, 30.18275
C:\Users\eljes\Downloads\simulator-windows-64\IMG\center_2026_09_01_11_20_49_041.jpg, C:\Users\eljes\Downloads\simulator-windows-64\IMG\left_2026_09_01_11_20_49_041.jpg, C:\Users\eljes\Downloads\simulator-windows-64\IMG\right_2026_09_01_11_20_49_041.jpg, 0.5938325, 1, 0, 30.14312
C:\Users\eljes\Downloads\simulator-windows-64\IMG\center_2026_09_01_11_20_49_142.jpg, C:\Users\eljes\Downloads\simulator-windows-64\IMG\left_2026_09_01_11_20_49_142.jpg, C:\Users\eljes\Downloads\simulator-windows-64\IMG\right_2026_09_01_11_20_49_142.jpg, 0.7394057, 1, 0, 30.12307
C:\Users\eljes\Downloads\simulator-windows-64\IMG\center_2026_09_01_11_20_49_243.jpg, C:\Users\eljes\Downloads\simulator-windows-64\IMG\left_2026_09_01_11_20_49_243.jpg, C:\Users\eljes\Downloads\simulator-windows-64\IMG\right_2026_09_01_11_20_49_243.jpg, 0.4374852, 1, 0, 30.20489
C:\Users\eljes\Downloads\simulator-windows-64\IMG\center_2026_09_01_11_20_49_345.jpg, C:\Users\eljes\Downloads\simulator-windows-64\IMG\left_2026_09_01_11_20_49_345.jpg, C:\Users\eljes\Downloads\simulator-windows-64\IMG\right_2026_09_01_11_20_49_345.jpg, 0.1401094, 1, 0, 30.19702
C:\Users\eljes\Downloads\simulator-windows-64\IMG\center_2026_09_01_11_20_49_447.jpg, C:\Users\eljes\Downloads\simulator-windows-64\IMG\left_2026_09_01_11_20_49_447.jpg, C:\Users\eljes\Downloads\simulator-windows-64\IMG\right_2026_09_01_11_20_49_447.jpg, 0, 1, 0, 30.19137
C:\Users\eljes\Downloads\simulator-windows-64\IMG\center_2026_09_01_11_20_49_548.jpg, C:\Users\eljes\Downloads\simulator-windows-64\IMG\left_2026_09_01_11_20_49_548.jpg, C:\Users\eljes\Downloads\simulator-windows-64\IMG\right_2026_09_01_11_20_49_548.jpg, 0, 1, 0, 30.19669
C:\Users\eljes\Downloads\simulator-windows-64\IMG\center_2026_09_01_11_20_49_648.jpg, C:\Users\eljes\Downloads\simulator-windows-64\IMG\left_2026_09_01_11_20_49_648.jpg, C:\Users\eljes\Downloads\simulator-windows-64\IMG\right_2026_09_01_11_20_49_648.jpg, 0, 1, 0, 30.19531
C:\Users\eljes\Downloads\simulator-windows-64\IMG\center_2026_09_01_11_20_49_751.jpg, C:\Users\eljes\Downloads\simulator-windows-64\IMG\left_2026_09_01_11_20_49_751.jpg, C:\Users\eljes\Downloads\simulator-windows-64\IMG\right_2026_09_01_11_20_49_751.jpg, 0, 1, 0, 30.20295
C:\Users\eljes\Downloads\simulator-windows-64\IMG\center_2026_09_01_11_20_49_851.jpg, C:\Users\eljes\Downloads\simulator-windows-64\IMG\left_2026_09_01_11_20_49_851.jpg, C:\Users\eljes\Downloads\simulator-windows-64\IMG\right_2026_09_01_11_20_49_851.jpg, 0.2609469, 1, 0, 30.17428
C:\Users\eljes\Downloads\simulator-windows-64\IMG\center_2026_09_01_11_20_49_952.jpg, C:\Users\eljes\Downloads\simulator-windows-64\IMG\left_2026_09_01_11_20_49_952.jpg, C:\Users\eljes\Downloads\simulator-windows-64\IMG\right_2026_09_01_11_20_49_952.jpg, 0.5556908, 1, 0, 30.13973
C:\Users\eljes\Downloads\simulator-windows-64\IMG\center_2026_09_01_11_20_50_054.jpg, C:\Users\eljes\Downloads\simulator-windows-64\IMG\left_2026_09_01_11_20_50_054.jpg, C:\Users\eljes\Downloads\simulator-windows-64\IMG\right_2026_09_01_11_20_50_054.jpg, 0.8575984, 1, 0, 30.10235
C:\Users\eljes\Downloads\simulator-windows-64\IMG\center_2026_09_01_11_20_50_156.jpg, C:\Users\eljes\Downloads\simulator-windows-64\IMG\left_2026_09_01_11_20_50_156.jpg, C:\Users\eljes\Downloads\simulator-windows-64\IMG\right_2026_09_01_11_20_50_156.jpg, 0.8003141, 1, 0, 30.14703
C:\Users\eljes\Downloads\simulator-windows-64\IMG\center_2026_09_01_11_20_50_255.jpg, C:\Users\eljes\Downloads\simulator-windows-64\IMG\left_2026_09_01_11_20_50_255.jpg, C:\Users\eljes\Downloads\simulator-windows-64\IMG\right_2026_09_01_11_20_50_255.jpg, 0.5005347, 1, 0, 30.2045
C:\Users\eljes\Downloads\simulator-windows-64\IMG\center_2026_09_01_11_20_50_356.jpg, C:\Users\eljes\Downloads\simulator-windows-64\IMG\left_2026_09_01_11_20_50_356.jpg, C:\Users\eljes\Downloads\simulator-windows-64\IMG\right_2026_09_01_11_20_50_356.jpg, 0.1446642, 1, 0, 30.19737
C:\Users\eljes\Downloads\simulator-windows-64\IMG\center_2026_09_01_11_20_50_456.jpg, C:\Users\eljes\Downloads\simulator-windows-64\IMG\left_2026_09_01_11_20_50_456.jpg, C:\Users\eljes\Downloads\simulator-windows-64\IMG\right_2026_09_01_11_20_50_456.jpg, 0, 1, 0, 30.18794
C:\Users\eljes\Downloads\simulator-windows-64\IMG\center_2026_09_01_11_20_50_556.jpg, C:\Users\eljes\Downloads\simulator-windows-64\IMG\left_2026_09_01_11_20_50_556.jpg, C:\Users\eljes\Downloads\simulator-windows-64\IMG\right_2026_09_01_11_20_50_556.jpg, 0, 1, 0, 30.19137
C:\Users\eljes\Downloads\simulator-windows-64\IMG\center_2026_09_01_11_20_50_658.jpg, C:\Users\eljes\Downloads\simulator-windows-64\IMG\left_2026_09_01_11_20_50_658.jpg, C:\Users\eljes\Downloads\simulator-windows-64\IMG\right_2026_09_01_11_20_50_658.jpg, 0, 1, 0, 30.20977
C:\Users\eljes\Downloads\simulator-windows-64\IMG\center_2026_09_01_11_20_50_759.jpg, C:\Users\eljes\Downloads\simulator-windows-64\IMG\left_2026_09_01_11_20_50_759.jpg, C:\Users\eljes\Downloads\simulator-windows-64\IMG\right_2026_09_01_11_20_50_759.jpg, 0, 1, 0, 30.19791
C:\Users\eljes\Downloads\simulator-windows-64\IMG\center_2026_09_01_11_20_50_860.jpg, C:\Users\eljes\Downloads\simulator-windows-64\IMG\left_2026_09_01_11_20_50_860.jpg, C:\Users\eljes\Downloads\simulator-windows-64\IMG\right_2026_09_01_11_20_50_860.jpg, 0, 1, 0, 30.20747
C:\Users\eljes\Downloads\simulator-windows-64\IMG\center_2026_09_01_11_20_50_961.jpg, C:\Users\eljes\Downloads\simulator-windows-64\IMG\left_2026_09_01_11_20_50_961.jpg, C:\Users\eljes\Downloads\simulator-windows-64\IMG\right_2026_09_01_11_20_50_961.jpg, 0, 1, 0, 30.19895
C:\Users\eljes\Downloads\simulator-windows-64\IMG\center_2026_09_01_11_20_51_064.jpg, C:\Users\eljes\Downloads\simulator-windows-64\IMG\left_2026_09_01_11_20_51_064.jpg, C:\Users\eljes\Downloads\simulator-windows-64\IMG\right_2026_09_01_11_20_51_064.jpg, 0, 1, 0, 30.11664
C:\Users\eljes\Downloads\simulator-windows-64\IMG\center_2026_09_01_11_20_51_165.jpg, C:\Users\eljes\Downloads\simulator-windows-64\IMG\left_2026_09_01_11_20_51_165.jpg, C:\Users\eljes\Downloads\simulator-windows-64\IMG\right_2026_09_01_11_20_51_165.jpg, 0, 1, 0, 30.2229
C:\Users\eljes\Downloads\simulator-windows-64\IMG\center_2026_09_01_11_20_51_267.jpg, C:\Users\eljes\Downloads\simulator-windows-64\IMG\left_2026_09_01_11_20_51_267.jpg, C:\Users\eljes\Downloads\simulator-windows-64\IMG\right_2026_09_01_11_20_51_267.jpg, 0, 1, 0, 30.14464
C:\Users\eljes\Downloads\simulator-windows-64\IMG\center_2026_09_01_11_20_51_368.jpg, C:\Users\eljes\Downloads\simulator-windows-64\IMG\left_2026_09_01_11_20_51_368.jpg, C:\Users\eljes\Downloads\simulator-windows-64\IMG\right_2026_09_01_11_20_51_368.jpg, 0, 1, 0, 30.25375
C:\Users\eljes\Downloads\simulator-windows-64\IMG\center_2026_09_01_11_20_51_469.jpg, C:\Users\eljes\Downloads\simulator-windows-64\IMG\left_2026_09_01_11_20_51_469.jpg, C:\Users\eljes\Downloads\simulator-windows-64\IMG\right_2026_09_01_11_20_51_469.jpg, 0, 1, 0, 30.21876
C:\Users\eljes\Downloads\simulator-windows-64\IMG\center_2026_09_01_11_20_51_572.jpg, C:\Users\eljes\Downloads\simulator-windows-64\IMG\left_2026_09_01_11_20_51_572.jpg, C:\Users\eljes\Downloads\simulator-windows-64\IMG\right_2026_09_01_11_20_51_572.jpg, 0, 1, 0, 30.21749
C:\Users\eljes\Downloads\simulator-windows-64\IMG\center_2026_09_01_11_20_51_674.jpg, C:\Users\eljes\Downloads\simulator-windows-64\IMG\left_2026_09_01_11_20_51_674.jpg, C:\Users\eljes\Downloads\simulator-windows-64\IMG\right_2026_09_01_11_20_51_674.jpg, 0, 1, 0, 30.21824
C:\Users\eljes\Downloads\simulator-windows-64\IMG\center_2026_09_01_11_20_51_775.jpg, C:\Users\eljes\Downloads\simulator-windows-64\IMG\left_2026_09_01_11_20_51_775.jpg, C:\Users\eljes\Downloads\simulator-windows-64\IMG\right_2026_09_01_11_20_51_775.jpg, 0, 1, 0, 30.2185
C:\Users\eljes\Downloads\simulator-windows-64\IMG\center_2026_09_01_11_20_51_877.jpg, C:\Users\eljes\Downloads\simulator-windows-64\IMG\left_2026_09_01_11_20_51_877.jpg, C:\Users\eljes\Downloads\simulator-windows-64\IMG\right_2026_09_01_11_20_51_877.jpg, 0, 1, 0, 30.21869
C:\Users\eljes\Downloads\simulator-windows-64\IMG\center_2026_09_01_11_20_51_979.jpg, C:\Users\eljes\Downloads\simulator-windows-64\IMG\left_2026_09_01_11_20_51_979.jpg, C:\Users\eljes\Downloads\simulator-windows-64\IMG\right_2026_09_01_11_20_51_979.jpg, -0.0111444, 1, 0, 30.23807
C:\Users\eljes\Downloads\simulator-windows-64\IMG\center_2026_09_01_11_20_52_080.jpg, C:\Users\eljes\Downloads\simulator-windows-64\IMG\left_2026_09_01_11_20_52_080.jpg, C:\Users\eljes\Downloads\simulator-windows-64\IMG\right_2026_09_01_11_20_52_080.jpg, -0.3137949, 1, 0, 30.18791
C:\Users\eljes\Downloads\simulator-windows-64\IMG\center_2026_09_01_11_20_52_182.jpg, C:\Users\eljes\Downloads\simulator-windows-64\IMG\left_2026_09_01_11_20_52_182.jpg, C:\Users\eljes\Downloads\simulator-windows-64\IMG\right_2026_09_01_11_20_52_182.jpg, -0.2070993, 1, 0, 30.18887
C:\Users\eljes\Downloads\simulator-windows-64\IMG\center_2026_09_01_11_20_52_283.jpg, C:\Users\eljes\Downloads\simulator-windows-64\IMG\left_2026_09_01_11_20_52_283.jpg, C:\Users\eljes\Downloads\simulator-windows-64\IMG\right_2026_09_01_11_20_52_283.jpg, 0, 1, 0, 30.20749
C:\Users\eljes\Downloads\simulator-windows-64\IMG\center_2026_09_01_11_20_52_383.jpg, C:\Users\eljes\Downloads\simulator-windows-64\IMG\left_2026_09_01_11_20_52_383.jpg, C:\Users\eljes\Downloads\simulator-windows-64\IMG\right_2026_09_01_11_20_52_383.jpg, 0, 1, 0, 30.23492
C:\Users\eljes\Downloads\simulator-windows-64\IMG\center_2026_09_01_11_20_52_485.jpg, C:\Users\eljes\Downloads\simulator-windows-64\IMG\left_2026_09_01_11_20_52_485.jpg, C:\Users\eljes\Downloads\simulator-windows-64\IMG\right_2026_09_01_11_20_52_485.jpg, 0, 1, 0, 30.19999
C:\Users\eljes\Downloads\simulator-windows-64\IMG\center_2026_09_01_11_20_52_584.jpg, C:\Users\eljes\Downloads\simulator-windows-64\IMG\left_2026_09_01_11_20_52_584.jpg, C:\Users\eljes\Downloads\simulator-windows-64\IMG\right_2026_09_01_11_20_52_584.jpg, -0.2899791, 1, 0, 30.1973
C:\Users\eljes\Downloads\simulator-windows-64\IMG\center_2026_09_01_11_20_52_687.jpg, C:\Users\eljes\Downloads\simulator-windows-64\IMG\left_2026_09_01_11_20_52_687.jpg, C:\Users\eljes\Downloads\simulator-windows-64\IMG\right_2026_09_01_11_20_52_687.jpg, -0.3418041, 1, 0, 30.18485
C:\Users\eljes\Downloads\simulator-windows-64\IMG\center_2026_09_01_11_20_52_787.jpg, C:\Users\eljes\Downloads\simulator-windows-64\IMG\left_2026_09_01_11_20_52_787.jpg, C:\Users\eljes\Downloads\simulator-windows-64\IMG\right_2026_09_01_11_20_52_787.jpg, -0.04473081, 1, 0, 30.20024
C:\Users\eljes\Downloads\simulator-windows-64\IMG\center_2026_09_01_11_20_52_889.jpg, C:\Users\eljes\Downloads\simulator-windows-64\IMG\left_2026_09_01_11_20_52_889.jpg, C:\Users\eljes\Downloads\simulator-windows-64\IMG\right_2026_09_01_11_20_52_889.jpg, 0, 1, 0, 30.17671
C:\Users\eljes\Downloads\simulator-windows-64\IMG\center_2026_09_01_11_20_52_990.jpg, C:\Users\eljes\Downloads\simulator-windows-64\IMG\left_2026_09_01_11_20_52_990.jpg, C:\Users\eljes\Downloads\simulator-windows-64\IMG\right_2026_09_01_11_20_52_990.jpg, 0, 1, 0, 30.19598
C:\Users\eljes\Downloads\simulator-windows-64\IMG\center_2026_09_01_11_20_53_091.jpg, C:\Users\eljes\Downloads\simulator-windows-64\IMG\left_2026_09_01_11_20_53_091.jpg, C:\Users\eljes\Downloads\simulator-windows-64\IMG\right_2026_09_01_11_20_53_091.jpg, -0.0107793, 1, 0, 30.19539
C:\Users\eljes\Downloads\simulator-windows-64\IMG\center_2026_09_01_11_20_53_194.jpg, C:\Users\eljes\Downloads\simulator-windows-64\IMG\left_2026_09_01_11_20_53_194.jpg, C:\Users\eljes\Downloads\simulator-windows-64\IMG\right_2026_09_01_11_20_53_194.jpg, -0.3079352, 1, 0, 30.17054
C:\Users\eljes\Downloads\simulator-windows-64\IMG\center_2026_09_01_11_20_53_295.jpg, C:\Users\eljes\Downloads\simulator-windows-64\IMG\left_2026_09_01_11_20_53_295.jpg, C:\Users\eljes\Downloads\simulator-windows-64\IMG\right_2026_09_01_11_20_53_295.jpg, -0.1926206, 1, 0, 30.17887
C:\Users\eljes\Downloads\simulator-windows-64\IMG\center_2026_09_01_11_20_53_397.jpg, C:\Users\eljes\Downloads\simulator-windows-64\IMG\left_2026_09_01_11_20_53_397.jpg, C:\Users\eljes\Downloads\simulator-windows-64\IMG\right_2026_09_01_11_20_53_397.jpg, 0, 1, 0, 30.19624
C:\Users\eljes\Downloads\simulator-windows-64\IMG\center_2026_09_01_11_20_53_499.jpg, C:\Users\eljes\Downloads\simulator-windows-64\IMG\left_2026_09_01_11_20_53_499.jpg, C:\Users\eljes\Downloads\simulator-windows-64\IMG\right_2026_09_01_11_20_53_499.jpg, 0, 1, 0, 30.18762
C:\Users\eljes\Downloads\simulator-windows-64\IMG\center_2026_09_01_11_20_53_602.jpg, C:\Users\eljes\Downloads\simulator-windows-64\IMG\left_2026_09_01_11_20_53_602.jpg, C:\Users\eljes\Downloads\simulator-windows-64\IMG\right_2026_09_01_11_20_53_602.jpg, 0, 1, 0, 30.20845
C:\Users\eljes\Downloads\simulator-windows-64\IMG\center_2026_09_01_11_20_53_704.jpg, C:\Users\eljes\Downloads\simulator-windows-64\IMG\left_2026_09_01_11_20_53_704.jpg, C:\Users\eljes\Downloads\simulator-windows-64\IMG\right_2026_09_01_11_20_53_704.jpg, -0.0730164, 1, 0, 30.19319
C:\Users\eljes\Downloads\simulator-windows-64\IMG\center_2026_09_01_11_20_53_806.jpg, C:\Users\eljes\Downloads\simulator-windows-64\IMG\left_2026_09_01_11_20_53_806.jpg, C:\Users\eljes\Downloads\simulator-windows-64\IMG\right_2026_09_01_11_20_53_806.jpg, -0.3266505, 1, 0, 30.18641
C:\Users\eljes\Downloads\simulator-windows-64\IMG\center_2026_09_01_11_20_53_906.jpg, C:\Users\eljes\Downloads\simulator-windows-64\IMG\left_2026_09_01_11_20_53_906.jpg, C:\Users\eljes\Downloads\simulator-windows-64\IMG\right_2026_09_01_11_20_53_906.jpg, -0.03001354, 1, 0, 30.20521
C:\Users\eljes\Downloads\simulator-windows-64\IMG\center_2026_09_01_11_20_54_009.jpg, C:\Users\eljes\Downloads\simulator-windows-64\IMG\left_2026_09_01_11_20_54_009.jpg, C:\Users\eljes\Downloads\simulator-windows-64\IMG\right_2026_09_01_11_20_54_009.jpg, 0, 1, 0, 30.20354
C:\Users\eljes\Downloads\simulator-windows-64\IMG\center_2026_09_01_11_20_54_112.jpg, C:\Users\eljes\Downloads\simulator-windows-64\IMG\left_2026_09_01_11_20_54_112.jpg, C:\Users\eljes\Downloads\simulator-windows-64\IMG\right_2026_09_01_11_20_54_112.jpg, 0, 1, 0, 30.20819
C:\Users\eljes\Downloads\simulator-windows-64\IMG\center_2026_09_01_11_20_54_214.jpg, C:\Users\eljes\Downloads\simulator-windows-64\IMG\left_2026_09_01_11_20_54_214.jpg, C:\Users\eljes\Downloads\simulator-windows-64\IMG\right_2026_09_01_11_20_54_214.jpg, 0, 1, 0, 30.21256
C:\Users\eljes\Downloads\simulator-windows-64\IMG\center_2026_09_01_11_20_54_315.jpg, C:\Users\eljes\Downloads\simulator-windows-64\IMG\left_2026_09_01_11_20_54_315.jpg, C:\Users\eljes\Downloads\simulator-windows-64\IMG\right_2026_09_01_11_20_54_315.jpg, 0, 1, 0, 30.21308
C:\Users\eljes\Downloads\simulator-windows-64\IMG\center_2026_09_01_11_20_54_415.jpg, C:\Users\eljes\Downloads\simulator-windows-64\IMG\left_2026_09_01_11_20_54_415.jpg, C:\Users\eljes\Downloads\simulator-windows-64\IMG\right_2026_09_01_11_20_54_415.jpg, 0, 1, 0, 30.21416
C:\Users\eljes\Downloads\simulator-windows-64\IMG\center_2026_09_01_11_20_54_517.jpg, C:\Users\eljes\Downloads\simulator-windows-64\IMG\left_2026_09_01_11_20_54_517.jpg, C:\Users\eljes\Downloads\simulator-windows-64\IMG\right_2026_09_01_11_20_54_517.jpg, 0, 1, 0, 30.21161
C:\Users\eljes\Downloads\simulator-windows-64\IMG\center_2026_09_01_11_20_54_617.jpg, C:\Users\eljes\Downloads\simulator-windows-64\IMG\left_2026_09_01_11_20_54_617.jpg, C:\Users\eljes\Downloads\simulator-windows-64\IMG\right_2026_09_01_11_20_54_617.jpg, 0, 1, 0, 30.21481
C:\Users\eljes\Downloads\simulator-windows-64\IMG\center_2026_09_01_11_20_54_719.jpg, C:\Users\eljes\Downloads\simulator-windows-64\IMG\left_2026_09_01_11_20_54_719.jpg, C:\Users\eljes\Downloads\simulator-windows-64\IMG\right_2026_09_01_11_20_54_719.jpg, 0, 1, 0, 30.21482
C:\Users\eljes\Downloads\simulator-windows-64\IMG\center_2026_09_01_11_20_54_820.jpg, C:\Users\eljes\Downloads\simulator-windows-64\IMG\left_2026_09_01_11_20_54_820.jpg, C:\Users\eljes\Downloads\simulator-windows-64\IMG\right_2026_09_01_11_20_54_820.jpg, 0, 1, 0, 30.21443
C:\Users\eljes\Downloads\simulator-windows-64\IMG\center_2026_09_01_11_20_54_920.jpg, C:\Users\eljes\Downloads\simulator-windows-64\IMG\left_2026_09_01_11_20_54_920.jpg, C:\Users\eljes\Downloads\simulator-windows-64\IMG\right_2026_09_01_11_20_54_920.jpg, 0, 1, 0, 30.21474
C:\Users\eljes\Downloads\simulator-windows-64\IMG\center_2026_09_01_11_20_55_022.jpg, C:\Users\eljes\Downloads\simulator-windows-64\IMG\left_2026_09_01_11_20_55_022.jpg, C:\Users\eljes\Downloads\simulator-windows-64\IMG\right_2026_09_01_11_20_55_022.jpg, 0, 1, 0, 30.21468
C:\Users\eljes\Downloads\simulator-windows-64\IMG\center_2026_09_01_11_20_55_122.jpg, C:\Users\eljes\Downloads\simulator-windows-64\IMG\left_2026_09_01_11_20_55_122.jpg, C:\Users\eljes\Downloads\simulator-windows-64\IMG\right_2026_09_01_11_20_55_122.jpg, 0.1484778, 1, 0, 30.2092
C:\Users\eljes\Downloads\simulator-windows-64\IMG\center_2026_09_01_11_20_55_223.jpg, C:\Users\eljes\Downloads\simulator-windows-64\IMG\left_2026_09_01_11_20_55_223.jpg, C:\Users\eljes\Downloads\simulator-windows-64\IMG\right_2026_09_01_11_20_55_223.jpg, 0.4461502, 1, 0, 30.17248
C:\Users\eljes\Downloads\simulator-windows-64\IMG\center_2026_09_01_11_20_55_323.jpg, C:\Users\eljes\Downloads\simulator-windows-64\IMG\left_2026_09_01_11_20_55_323.jpg, C:\Users\eljes\Downloads\simulator-windows-64\IMG\right_2026_09_01_11_20_55_323.jpg, 0.1471522, 1, 0, 30.21545
C:\Users\eljes\Downloads\simulator-windows-64\IMG\center_2026_09_01_11_20_55_425.jpg, C:\Users\eljes\Downloads\simulator-windows-64\IMG\left_2026_09_01_11_20_55_425.jpg, C:\Users\eljes\Downloads\simulator-windows-64\IMG\right_2026_09_01_11_20_55_425.jpg, 0, 1, 0, 30.21186
C:\Users\eljes\Downloads\simulator-windows-64\IMG\center_2026_09_01_11_20_55_525.jpg, C:\Users\eljes\Downloads\simulator-windows-64\IMG\left_2026_09_01_11_20_55_525.jpg, C:\Users\eljes\Downloads\simulator-windows-64\IMG\right_2026_09_01_11_20_55_525.jpg, 0, 1, 0, 30.21254
C:\Users\eljes\Downloads\simulator-windows-64\IMG\center_2026_09_01_11_20_55_628.jpg, C:\Users\eljes\Downloads\simulator-windows-64\IMG\left_2026_09_01_11_20_55_628.jpg, C:\Users\eljes\Downloads\simulator-windows-64\IMG\right_2026_09_01_11_20_55_628.jpg, 0, 1, 0, 30.21662
C:\Users\eljes\Downloads\simulator-windows-64\IMG\center_2026_09_01_11_20_55_730.jpg, C:\Users\eljes\Downloads\simulator-windows-64\IMG\left_2026_09_01_11_20_55_730.jpg, C:\Users\eljes\Downloads\simulator-windows-64\IMG\right_2026_09_01_11_20_55_730.jpg, 0, 1, 0, 30.21198
C:\Users\eljes\Downloads\simulator-windows-64\IMG\center_2026_09_01_11_20_55_830.jpg, C:\Users\eljes\Downloads\simulator-windows-64\IMG\left_2026_09_01_11_20_55_830.jpg, C:\Users\eljes\Downloads\simulator-windows-64\IMG\right_2026_09_01_11_20_55_830.jpg, 0, 1, 0, 30.21235
C:\Users\eljes\Downloads\simulator-windows-64\IMG\center_2026_09_01_11_20_55_933.jpg, C:\Users\eljes\Downloads\simulator-windows-64\IMG\left_2026_09_01_11_20_55_933.jpg, C:\Users\eljes\Downloads\simulator-windows-64\IMG\right_2026_09_01_11_20_55_933.jpg, 0, 1, 0, 30.21073
C:\Users\eljes\Downloads\simulator-windows-64\IMG\center_2026_09_01_11_20_56_033.jpg, C:\Users\eljes\Downloads\simulator-windows-64\IMG\left_2026_09_01_11_20_56_033.jpg, C:\Users\eljes\Downloads\simulator-windows-64\IMG\right_2026_09_01_11_20_56_033.jpg, 0, 1, 0, 30.21001
C:\Users\eljes\Downloads\simulator-windows-64\IMG\center_2026_09_01_11_20_56_135.jpg, C:\Users\eljes\Downloads\simulator-windows-64\IMG\left_2026_09_01_11_20_56_135.jpg, C:\Users\eljes\Downloads\simulator-windows-64\IMG\right_2026_09_01_11_20_56_135.jpg, 0.1971366, 1, 0, 30.19975
C:\Users\eljes\Downloads\simulator-windows-64\IMG\center_2026_09_01_11_20_56_238.jpg, C:\Users\eljes\Downloads\simulator-windows-64\IMG\left_2026_09_01_11_20_56_238.jpg, C:\Users\eljes\Downloads\simulator-windows-64\IMG\right_2026_09_01_11_20_56_238.jpg, 0.3391956, 1, 0, 30.19337
C:\Users\eljes\Downloads\simulator-windows-64\IMG\center_2026_09_01_11_20_56_340.jpg, C:\Users\eljes\Downloads\simulator-windows-64\IMG\left_2026_09_01_11_20_56_340.jpg, C:\Users\eljes\Downloads\simulator-windows-64\IMG\right_2026_09_01_11_20_56_340.jpg, 0.0402596, 1, 0, 30.20379
C:\Users\eljes\Downloads\simulator-windows-64\IMG\center_2026_09_01_11_20_56_442.jpg, C:\Users\eljes\Downloads\simulator-windows-64\IMG\left_2026_09_01_11_20_56_442.jpg, C:\Users\eljes\Downloads\simulator-windows-64\IMG\right_2026_09_01_11_20_56_442.jpg, 0, 1, 0, 30.20783
C:\Users\eljes\Downloads\simulator-windows-64\IMG\center_2026_09_01_11_20_56_543.jpg, C:\Users\eljes\Downloads\simulator-windows-64\IMG\left_2026_09_01_11_20_56_543.jpg, C:\Users\eljes\Downloads\simulator-windows-64\IMG\right_2026_09_01_11_20_56_543.jpg, 0, 1, 0, 30.20828
C:\Users\eljes\Downloads\simulator-windows-64\IMG\center_2026_09_01_11_20_56_644.jpg, C:\Users\eljes\Downloads\simulator-windows-64\IMG\left_2026_09_01_11_20_56_644.jpg, C:\Users\eljes\Downloads\simulator-windows-64\IMG\right_2026_09_01_11_20_56_644.jpg, 0, 1, 0, 30.2035
C:\Users\eljes\Downloads\simulator-windows-64\IMG\center_2026_09_01_11_20_56_744.jpg, C:\Users\eljes\Downloads\simulator-windows-64\IMG\left_2026_09_01_11_20_56_744.jpg, C:\Users\eljes\Downloads\simulator-windows-64\IMG\right_2026_09_01_11_20_56_744.jpg, 0, 1, 0, 30.20435
C:\Users\eljes\Downloads\simulator-windows-64\IMG\center_2026_09_01_11_20_56_846.jpg, C:\Users\eljes\Downloads\simulator-windows-64\IMG\left_2026_09_01_11_20_56_846.jpg, C:\Users\eljes\Downloads\simulator-windows-64\IMG\right_2026_09_01_11_20_56_846.jpg, 0, 1, 0, 30.19888
C:\Users\eljes\Downloads\simulator-windows-64\IMG\center_2026_09_01_11_20_56_949.jpg, C:\Users\eljes\Downloads\simulator-windows-64\IMG\left_2026_09_01_11_20_56_949.jpg, C:\Users\eljes\Downloads\simulator-windows-64\IMG\right_2026_09_01_11_20_56_949.jpg, 0, 1, 0, 30.19751
C:\Users\eljes\Downloads\simulator-windows-64\IMG\center_2026_09_01_11_20_57_050.jpg, C:\Users\eljes\Downloads\simulator-windows-64\IMG\left_2026_09_01_11_20_57_050.jpg, C:\Users\eljes\Downloads\simulator-windows-64\IMG\right_2026_09_01_11_20_57_050.jpg, 0, 1, 0, 30.19128
C:\Users\eljes\Downloads\simulator-windows-64\IMG\center_2026_09_01_11_20_57_150.jpg, C:\Users\eljes\Downloads\simulator-windows-64\IMG\left_2026_09_01_11_20_57_150.jpg, C:\Users\eljes\Downloads\simulator-windows-64\IMG\right_2026_09_01_11_20_57_150.jpg, 0, 1, 0, 30.19566
C:\Users\eljes\Downloads\simulator-windows-64\IMG\center_2026_09_01_11_20_57_252.jpg, C:\Users\eljes\Downloads\simulator-windows-64\IMG\left_2026_09_01_11_20_57_252.jpg, C:\Users\eljes\Downloads\simulator-windows-64\IMG\right_2026_09_01_11_20_57_252.jpg, 0, 1, 0, 30.19664
C:\Users\eljes\Downloads\simulator-windows-64\IMG\center_2026_09_01_11_20_57_352.jpg, C:\Users\eljes\Downloads\simulator-windows-64\IMG\left_2026_09_01_11_20_57_352.jpg, C:\Users\eljes\Downloads\simulator-windows-64\IMG\right_2026_09_01_11_20_57_352.jpg, -0.1639368, 1, 0, 30.18453
C:\Users\eljes\Downloads\simulator-windows-64\IMG\center_2026_09_01_11_20_57_454.jpg, C:\Users\eljes\Downloads\simulator-windows-64\IMG\left_2026_09_01_11_20_57_454.jpg, C:\Users\eljes\Downloads\simulator-windows-64\IMG\right_2026_09_01_11_20_57_454.jpg, -0.2424525, 1, 0, 30.17942
C:\Users\eljes\Downloads\simulator-windows-64\IMG\center_2026_09_01_11_20_57_556.jpg, C:\Users\eljes\Downloads\simulator-windows-64\IMG\left_2026_09_01_11_20_57_556.jpg, C:\Users\eljes\Downloads\simulator-windows-64\IMG\right_2026_09_01_11_20_57_556.jpg, 0, 1, 0, 30.18888
C:\Users\eljes\Downloads\simulator-windows-64\IMG\center_2026_09_01_11_20_57_656.jpg, C:\Users\eljes\Downloads\simulator-windows-64\IMG\left_2026_09_01_11_20_57_656.jpg, C:\Users\eljes\Downloads\simulator-windows-64\IMG\right_2026_09_01_11_20_57_656.jpg, -0.0321801, 1, 0, 30.19195
C:\Users\eljes\Downloads\simulator-windows-64\IMG\center_2026_09_01_11_20_57_759.jpg, C:\Users\eljes\Downloads\simulator-windows-64\IMG\left_2026_09_01_11_20_57_759.jpg, C:\Users\eljes\Downloads\simulator-windows-64\IMG\right_2026_09_01_11_20_57_759.jpg, -0.3293409, 1, 0, 30.16822
C:\Users\eljes\Downloads\simulator-windows-64\IMG\center_2026_09_01_11_20_57_859.jpg, C:\Users\eljes\Downloads\simulator-windows-64\IMG\left_2026_09_01_11_20_57_859.jpg, C:\Users\eljes\Downloads\simulator-windows-64\IMG\right_2026_09_01_11_20_57_859.jpg, -0.6311805, 1, 0, 30.1273
C:\Users\eljes\Downloads\simulator-windows-64\IMG\center_2026_09_01_11_20_57_959.jpg, C:\Users\eljes\Downloads\simulator-windows-64\IMG\left_2026_09_01_11_20_57_959.jpg, C:\Users\eljes\Downloads\simulator-windows-64\IMG\right_2026_09_01_11_20_57_959.jpg, -0.932575, 1, 0, 30.09783
C:\Users\eljes\Downloads\simulator-windows-64\IMG\center_2026_09_01_11_20_58_062.jpg, C:\Users\eljes\Downloads\simulator-windows-64\IMG\left_2026_09_01_11_20_58_062.jpg, C:\Users\eljes\Downloads\simulator-windows-64\IMG\right_2026_09_01_11_20_58_062.jpg, -0.6491441, 1, 0, 30.18169
C:\Users\eljes\Downloads\simulator-windows-64\IMG\center_2026_09_01_11_20_58_164.jpg, C:\Users\eljes\Downloads\simulator-windows-64\IMG\left_2026_09_01_11_20_58_164.jpg, C:\Users\eljes\Downloads\simulator-windows-64\IMG\right_2026_09_01_11_20_58_164.jpg, -0.3513819, 1, 0, 30.20506
C:\Users\eljes\Downloads\simulator-windows-64\IMG\center_2026_09_01_11_20_58_266.jpg, C:\Users\eljes\Downloads\simulator-windows-64\IMG\left_2026_09_01_11_20_58_266.jpg, C:\Users\eljes\Downloads\simulator-windows-64\IMG\right_2026_09_01_11_20_58_266.jpg, -0.04528894, 1, 0, 30.18996
C:\Users\eljes\Downloads\simulator-windows-64\IMG\center_2026_09_01_11_20_58_367.jpg, C:\Users\eljes\Downloads\simulator-windows-64\IMG\left_2026_09_01_11_20_58_367.jpg, C:\Users\eljes\Downloads\simulator-windows-64\IMG\right_2026_09_01_11_20_58_367.jpg, 0, 1, 0, 30.18866
C:\Users\eljes\Downloads\simulator-windows-64\IMG\center_2026_09_01_11_20_58_468.jpg, C:\Users\eljes\Downloads\simulator-windows-64\IMG\left_2026_09_01_11_20_58_468.jpg, C:\Users\eljes\Downloads\simulator-windows-64\IMG\right_2026_09_01_11_20_58_468.jpg, 0, 1, 0, 30.19442
C:\Users\eljes\Downloads\simulator-windows-64\IMG\center_2026_09_01_11_20_58_568.jpg, C:\Users\eljes\Downloads\simulator-windows-64\IMG\left_2026_09_01_11_20_58_568.jpg, C:\Users\eljes\Downloads\simulator-windows-64\IMG\right_2026_09_01_11_20_58_568.jpg, 0, 1, 0, 30.19357
C:\Users\eljes\Downloads\simulator-windows-64\IMG\center_2026_09_01_11_20_58_670.jpg, C:\Users\eljes\Downloads\simulator-windows-64\IMG\left_2026_09_01_11_20_58_670.jpg, C:\Users\eljes\Downloads\simulator-windows-64\IMG\right_2026_09_01_11_20_58_670.jpg, 0, 1, 0, 30.19535
C:\Users\eljes\Downloads\simulator-windows-64\IMG\center_2026_09_01_11_20_58_771.jpg, C:\Users\eljes\Downloads\simulator-windows-64\IMG\left_2026_09_01_11_20_58_771.jpg, C:\Users\eljes\Downloads\simulator-windows-64\IMG\right_2026_09_01_11_20_58_771.jpg, 0, 1, 0, 30.19676
C:\Users\eljes\Downloads\simulator-windows-64\IMG\center_2026_09_01_11_20_58_872.jpg, C:\Users\eljes\Downloads\simulator-windows-64\IMG\left_2026_09_01_11_20_58_872.jpg, C:\Users\eljes\Downloads\simulator-windows-64\IMG\right_2026_09_01_11_20_58_872.jpg, 0, 1, 0, 30.19637
C:\Users\eljes\Downloads\simulator-windows-64\IMG\center_2026_09_01_11_20_58_975.jpg, C:\Users\eljes\Downloads\simulator-windows-64\IMG\left_2026_09_01_11_20_58_975.jpg, C:\Users\eljes\Downloads\simulator-windows-64\IMG\right_2026_09_01_11_20_58_975.jpg, 0, 1, 0, 30.19747
C:\Users\eljes\Downloads\simulator-windows-64\IMG\center_2026_09_01_11_20_59_076.jpg, C:\Users\eljes\Downloads\simulator-windows-64\IMG\left_2026_09_01_11_20_59_076.jpg, C:\Users\eljes\Downloads\simulator-windows-64\IMG\right_2026_09_01_11_20_59_076.jpg, 0, 1, 0, 30.19253
C:\Users\eljes\Downloads\simulator-windows-64\IMG\center_2026_09_01_11_20_59_178.jpg, C:\Users\eljes\Downloads\simulator-windows-64\IMG\left_2026_09_01_11_20_59_178.jpg, C:\Users\eljes\Downloads\simulator-windows-64\IMG\right_2026_09_01_11_20_59_178.jpg, -0.0293778, 1, 0, 30.19252
C:\Users\eljes\Downloads\simulator-windows-64\IMG\center_2026_09_01_11_20_59_281.jpg, C:\Users\eljes\Downloads\simulator-windows-64\IMG\left_2026_09_01_11_20_59_281.jpg, C:\Users\eljes\Downloads\simulator-windows-64\IMG\right_2026_09_01_11_20_59_281.jpg, -0.3360237, 1, 0, 30.17064
C:\Users\eljes\Downloads\simulator-windows-64\IMG\center_2026_09_01_11_20_59_381.jpg, C:\Users\eljes\Downloads\simulator-windows-64\IMG\left_2026_09_01_11_20_59_381.jpg, C:\Users\eljes\Downloads\simulator-windows-64\IMG\right_2026_09_01_11_20_59_381.jpg, -0.279555, 1, 0, 30.19133
C:\Users\eljes\Downloads\simulator-windows-64\IMG\center_2026_09_01_11_20_59_482.jpg, C:\Users\eljes\Downloads\simulator-windows-64\IMG\left_2026_09_01_11_20_59_482.jpg, C:\Users\eljes\Downloads\simulator-windows-64\IMG\right_2026_09_01_11_20_59_482.jpg, 0, 1, 0, 30.189
C:\Users\eljes\Downloads\simulator-windows-64\IMG\center_2026_09_01_11_20_59_584.jpg, C:\Users\eljes\Downloads\simulator-windows-64\IMG\left_2026_09_01_11_20_59_584.jpg, C:\Users\eljes\Downloads\simulator-windows-64\IMG\right_2026_09_01_11_20_59_584.jpg, 0, 1, 0, 30.19631
C:\Users\eljes\Downloads\simulator-windows-64\IMG\center_2026_09_01_11_20_59_686.jpg, C:\Users\eljes\Downloads\simulator-windows-64\IMG\left_2026_09_01_11_20_59_686.jpg, C:\Users\eljes\Downloads\simulator-windows-64\IMG\right_2026_09_01_11_20_59_686.jpg, -0.212286, 1, 0, 30.18743
C:\Users\eljes\Downloads\simulator-windows-64\IMG\center_2026_09_01_11_20_59_788.jpg, C:\Users\eljes\Downloads\simulator-windows-64\IMG\left_2026_09_01_11_20_59_788.jpg, C:\Users\eljes\Downloads\simulator-windows-64\IMG\right_2026_09_01_11_20_59_788.jpg, -0.516058, 1, 0, 30.15329
C:\Users\eljes\Downloads\simulator-windows-64\IMG\center_2026_09_01_11_20_59_888.jpg, C:\Users\eljes\Downloads\simulator-windows-64\IMG\left_2026_09_01_11_20_59_888.jpg, C:\Users\eljes\Downloads\simulator-windows-64\IMG\right_2026_09_01_11_20_59_888.jpg, -0.5239158, 1, 0, 30.17638
C:\Users\eljes\Downloads\simulator-windows-64\IMG\center_2026_09_01_11_20_59_988.jpg, C:\Users\eljes\Downloads\simulator-windows-64\IMG\left_2026_09_01_11_20_59_988.jpg, C:\Users\eljes\Downloads\simulator-windows-64\IMG\right_2026_09_01_11_20_59_988.jpg, -0.2230148, 1, 0, 30.20602
C:\Users\eljes\Downloads\simulator-windows-64\IMG\center_2026_09_01_11_21_00_090.jpg, C:\Users\eljes\Downloads\simulator-windows-64\IMG\left_2026_09_01_11_21_00_090.jpg, C:\Users\eljes\Downloads\simulator-windows-64\IMG\right_2026_09_01_11_21_00_090.jpg, 0, 1, 0, 30.19401
C:\Users\eljes\Downloads\simulator-windows-64\IMG\center_2026_09_01_11_21_00_189.jpg, C:\Users\eljes\Downloads\simulator-windows-64\IMG\left_2026_09_01_11_21_00_189.jpg, C:\Users\eljes\Downloads\simulator-windows-64\IMG\right_2026_09_01_11_21_00_189.jpg, -0.2697045, 1, 0, 30.19267
C:\Users\eljes\Downloads\simulator-windows-64\IMG\center_2026_09_01_11_21_00_289.jpg, C:\Users\eljes\Downloads\simulator-windows-64\IMG\left_2026_09_01_11_21_00_289.jpg, C:\Users\eljes\Downloads\simulator-windows-64\IMG\right_2026_09_01_11_21_00_289.jpg, -0.4869627, 1, 0, 30.16411
C:\Users\eljes\Downloads\simulator-windows-64\IMG\center_2026_09_01_11_21_00_391.jpg, C:\Users\eljes\Downloads\simulator-windows-64\IMG\left_2026_09_01_11_21_00_391.jpg, C:\Users\eljes\Downloads\simulator-windows-64\IMG\right_2026_09_01_11_21_00_391.jpg, -0.1887978, 1, 0, 30.20495
C:\Users\eljes\Downloads\simulator-windows-64\IMG\center_2026_09_01_11_21_00_493.jpg, C:\Users\eljes\Downloads\simulator-windows-64\IMG\left_2026_09_01_11_21_00_493.jpg, C:\Users\eljes\Downloads\simulator-windows-64\IMG\right_2026_09_01_11_21_00_493.jpg, -0.0644463, 1, 0, 30.19829
C:\Users\eljes\Downloads\simulator-windows-64\IMG\center_2026_09_01_11_21_00_595.jpg, C:\Users\eljes\Downloads\simulator-windows-64\IMG\left_2026_09_01_11_21_00_595.jpg, C:\Users\eljes\Downloads\simulator-windows-64\IMG\right_2026_09_01_11_21_00_595.jpg, -0.3620931, 1, 0, 30.18339
C:\Users\eljes\Downloads\simulator-windows-64\IMG\center_2026_09_01_11_21_00_697.jpg, C:\Users\eljes\Downloads\simulator-windows-64\IMG\left_2026_09_01_11_21_00_697.jpg, C:\Users\eljes\Downloads\simulator-windows-64\IMG\right_2026_09_01_11_21_00_697.jpg, -0.7216517, 1, 0, 30.1263
C:\Users\eljes\Downloads\simulator-windows-64\IMG\center_2026_09_01_11_21_00_798.jpg, C:\Users\eljes\Downloads\simulator-windows-64\IMG\left_2026_09_01_11_21_00_798.jpg, C:\Users\eljes\Downloads\simulator-windows-64\IMG\right_2026_09_01_11_21_00_798.jpg, -0.6615152, 1, 0, 30.17694
C:\Users\eljes\Downloads\simulator-windows-64\IMG\center_2026_09_01_11_21_00_900.jpg, C:\Users\eljes\Downloads\simulator-windows-64\IMG\left_2026_09_01_11_21_00_900.jpg, C:\Users\eljes\Downloads\simulator-windows-64\IMG\right_2026_09_01_11_21_00_900.jpg, -0.3644039, 1, 0, 30.20975
C:\Users\eljes\Downloads\simulator-windows-64\IMG\center_2026_09_01_11_21_01_001.jpg, C:\Users\eljes\Downloads\simulator-windows-64\IMG\left_2026_09_01_11_21_01_001.jpg, C:\Users\eljes\Downloads\simulator-windows-64\IMG\right_2026_09_01_11_21_01_001.jpg, -0.06613826, 1, 0, 30.20235
C:\Users\eljes\Downloads\simulator-windows-64\IMG\center_2026_09_01_11_21_01_103.jpg, C:\Users\eljes\Downloads\simulator-windows-64\IMG\left_2026_09_01_11_21_01_103.jpg, C:\Users\eljes\Downloads\simulator-windows-64\IMG\right_2026_09_01_11_21_01_103.jpg, 0, 1, 0, 30.19524
C:\Users\eljes\Downloads\simulator-windows-64\IMG\center_2026_09_01_11_21_01_205.jpg, C:\Users\eljes\Downloads\simulator-windows-64\IMG\left_2026_09_01_11_21_01_205.jpg, C:\Users\eljes\Downloads\simulator-windows-64\IMG\right_2026_09_01_11_21_01_205.jpg, 0, 1, 0, 30.2007
C:\Users\eljes\Downloads\simulator-windows-64\IMG\center_2026_09_01_11_21_01_307.jpg, C:\Users\eljes\Downloads\simulator-windows-64\IMG\left_2026_09_01_11_21_01_307.jpg, C:\Users\eljes\Downloads\simulator-windows-64\IMG\right_2026_09_01_11_21_01_307.jpg, 0, 1, 0, 30.1986
C:\Users\eljes\Downloads\simulator-windows-64\IMG\center_2026_09_01_11_21_01_409.jpg, C:\Users\eljes\Downloads\simulator-windows-64\IMG\left_2026_09_01_11_21_01_409.jpg, C:\Users\eljes\Downloads\simulator-windows-64\IMG\right_2026_09_01_11_21_01_409.jpg, 0, 1, 0, 30.20222
C:\Users\eljes\Downloads\simulator-windows-64\IMG\center_2026_09_01_11_21_01_510.jpg, C:\Users\eljes\Downloads\simulator-windows-64\IMG\left_2026_09_01_11_21_01_510.jpg, C:\Users\eljes\Downloads\simulator-windows-64\IMG\right_2026_09_01_11_21_01_510.jpg, -0.2334942, 1, 0, 30.18212
C:\Users\eljes\Downloads\simulator-windows-64\IMG\center_2026_09_01_11_21_01_611.jpg, C:\Users\eljes\Downloads\simulator-windows-64\IMG\left_2026_09_01_11_21_01_611.jpg, C:\Users\eljes\Downloads\simulator-windows-64\IMG\right_2026_09_01_11_21_01_611.jpg, -0.5369534, 1, 0, 30.14758
C:\Users\eljes\Downloads\simulator-windows-64\IMG\center_2026_09_01_11_21_01_711.jpg, C:\Users\eljes\Downloads\simulator-windows-64\IMG\left_2026_09_01_11_21_01_711.jpg, C:\Users\eljes\Downloads\simulator-windows-64\IMG\right_2026_09_01_11_21_01_711.jpg, -0.591116, 1, 0, 30.15808
C:\Users\eljes\Downloads\simulator-windows-64\IMG\center_2026_09_01_11_21_01_812.jpg, C:\Users\eljes\Downloads\simulator-windows-64\IMG\left_2026_09_01_11_21_01_812.jpg, C:\Users\eljes\Downloads\simulator-windows-64\IMG\right_2026_09_01_11_21_01_812.jpg, -0.2891783, 1, 0, 30.20587
C:\Users\eljes\Downloads\simulator-windows-64\IMG\center_2026_09_01_11_21_01_912.jpg, C:\Users\eljes\Downloads\simulator-windows-64\IMG\left_2026_09_01_11_21_01_912.jpg, C:\Users\eljes\Downloads\simulator-windows-64\IMG\right_2026_09_01_11_21_01_912.jpg, 0, 1, 0, 30.19598
C:\Users\eljes\Downloads\simulator-windows-64\IMG\center_2026_09_01_11_21_02_013.jpg, C:\Users\eljes\Downloads\simulator-windows-64\IMG\left_2026_09_01_11_21_02_013.jpg, C:\Users\eljes\Downloads\simulator-windows-64\IMG\right_2026_09_01_11_21_02_013.jpg, -0.1942296, 1, 0, 30.19521
C:\Users\eljes\Downloads\simulator-windows-64\IMG\center_2026_09_01_11_21_02_113.jpg, C:\Users\eljes\Downloads\simulator-windows-64\IMG\left_2026_09_01_11_21_02_113.jpg, C:\Users\eljes\Downloads\simulator-windows-64\IMG\right_2026_09_01_11_21_02_113.jpg, -0.4881029, 1, 0, 30.15602
C:\Users\eljes\Downloads\simulator-windows-64\IMG\center_2026_09_01_11_21_02_216.jpg, C:\Users\eljes\Downloads\simulator-windows-64\IMG\left_2026_09_01_11_21_02_216.jpg, C:\Users\eljes\Downloads\simulator-windows-64\IMG\right_2026_09_01_11_21_02_216.jpg, -0.2700625, 1, 0, 30.20105
C:\Users\eljes\Downloads\simulator-windows-64\IMG\center_2026_09_01_11_21_02_316.jpg, C:\Users\eljes\Downloads\simulator-windows-64\IMG\left_2026_09_01_11_21_02_316.jpg, C:\Users\eljes\Downloads\simulator-windows-64\IMG\right_2026_09_01_11_21_02_316.jpg, -0.039108, 1, 0, 30.19321
C:\Users\eljes\Downloads\simulator-windows-64\IMG\center_2026_09_01_11_21_02_419.jpg, C:\Users\eljes\Downloads\simulator-windows-64\IMG\left_2026_09_01_11_21_02_419.jpg, C:\Users\eljes\Downloads\simulator-windows-64\IMG\right_2026_09_01_11_21_02_419.jpg, -0.3389547, 1, 0, 30.17831
C:\Users\eljes\Downloads\simulator-windows-64\IMG\center_2026_09_01_11_21_02_519.jpg, C:\Users\eljes\Downloads\simulator-windows-64\IMG\left_2026_09_01_11_21_02_519.jpg, C:\Users\eljes\Downloads\simulator-windows-64\IMG\right_2026_09_01_11_21_02_519.jpg, -0.6410998, 1, 0, 30.12919
C:\Users\eljes\Downloads\simulator-windows-64\IMG\center_2026_09_01_11_21_02_622.jpg, C:\Users\eljes\Downloads\simulator-windows-64\IMG\left_2026_09_01_11_21_02_622.jpg, C:\Users\eljes\Downloads\simulator-windows-64\IMG\right_2026_09_01_11_21_02_622.jpg, -0.8541614, 1, 0, 30.11146
C:\Users\eljes\Downloads\simulator-windows-64\IMG\center_2026_09_01_11_21_02_722.jpg, C:\Users\eljes\Downloads\simulator-windows-64\IMG\left_2026_09_01_11_21_02_722.jpg, C:\Users\eljes\Downloads\simulator-windows-64\IMG\right_2026_09_01_11_21_02_722.jpg, -0.5598773, 1, 0, 30.18721
C:\Users\eljes\Downloads\simulator-windows-64\IMG\center_2026_09_01_11_21_02_824.jpg, C:\Users\eljes\Downloads\simulator-windows-64\IMG\left_2026_09_01_11_21_02_824.jpg, C:\Users\eljes\Downloads\simulator-windows-64\IMG\right_2026_09_01_11_21_02_824.jpg, -0.2572701, 1, 0, 30.20403
C:\Users\eljes\Downloads\simulator-windows-64\IMG\center_2026_09_01_11_21_02_926.jpg, C:\Users\eljes\Downloads\simulator-windows-64\IMG\left_2026_09_01_11_21_02_926.jpg, C:\Users\eljes\Downloads\simulator-windows-64\IMG\right_2026_09_01_11_21_02_926.jpg, 0, 1, 0, 30.17992
C:\Users\eljes\Downloads\simulator-windows-64\IMG\center_2026_09_01_11_21_03_027.jpg, C:\Users\eljes\Downloads\simulator-windows-64\IMG\left_2026_09_01_11_21_03_027.jpg, C:\Users\eljes\Downloads\simulator-windows-64\IMG\right_2026_09_01_11_21_03_027.jpg, 0, 1, 0, 30.19141
C:\Users\eljes\Downloads\simulator-windows-64\IMG\center_2026_09_01_11_21_03_127.jpg, C:\Users\eljes\Downloads\simulator-windows-64\IMG\left_2026_09_01_11_21_03_127.jpg, C:\Users\eljes\Downloads\simulator-windows-64\IMG\right_2026_09_01_11_21_03_127.jpg, 0, 1, 0, 30.18636
C:\Users\eljes\Downloads\simulator-windows-64\IMG\center_2026_09_01_11_21_03_229.jpg, C:\Users\eljes\Downloads\simulator-windows-64\IMG\left_2026_09_01_11_21_03_229.jpg, C:\Users\eljes\Downloads\simulator-windows-64\IMG\right_2026_09_01_11_21_03_229.jpg, 0, 1, 0, 30.19139
C:\Users\eljes\Downloads\simulator-windows-64\IMG\center_2026_09_01_11_21_03_333.jpg, C:\Users\eljes\Downloads\simulator-windows-64\IMG\left_2026_09_01_11_21_03_333.jpg, C:\Users\eljes\Downloads\simulator-windows-64\IMG\right_2026_09_01_11_21_03_333.jpg, 0, 1, 0, 30.19796
C:\Users\eljes\Downloads\simulator-windows-64\IMG\center_2026_09_01_11_21_03_436.jpg, C:\Users\eljes\Downloads\simulator-windows-64\IMG\left_2026_09_01_11_21_03_436.jpg, C:\Users\eljes\Downloads\simulator-windows-64\IMG\right_2026_09_01_11_21_03_436.jpg, 0, 1, 0, 30.19051
C:\Users\eljes\Downloads\simulator-windows-64\IMG\center_2026_09_01_11_21_03_539.jpg, C:\Users\eljes\Downloads\simulator-windows-64\IMG\left_2026_09_01_11_21_03_539.jpg, C:\Users\eljes\Downloads\simulator-windows-64\IMG\right_2026_09_01_11_21_03_539.jpg, 0.3075918, 1, 0, 30.16461
C:\Users\eljes\Downloads\simulator-windows-64\IMG\center_2026_09_01_11_21_03_641.jpg, C:\Users\eljes\Downloads\simulator-windows-64\IMG\left_2026_09_01_11_21_03_641.jpg, C:\Users\eljes\Downloads\simulator-windows-64\IMG\right_2026_09_01_11_21_03_641.jpg, 0.439349, 1, 0, 30.16242
C:\Users\eljes\Downloads\simulator-windows-64\IMG\center_2026_09_01_11_21_03_742.jpg, C:\Users\eljes\Downloads\simulator-windows-64\IMG\left_2026_09_01_11_21_03_742.jpg, C:\Users\eljes\Downloads\simulator-windows-64\IMG\right_2026_09_01_11_21_03_742.jpg, 0.1427855, 1, 0, 30.19003
C:\Users\eljes\Downloads\simulator-windows-64\IMG\center_2026_09_01_11_21_03_844.jpg, C:\Users\eljes\Downloads\simulator-windows-64\IMG\left_2026_09_01_11_21_03_844.jpg, C:\Users\eljes\Downloads\simulator-windows-64\IMG\right_2026_09_01_11_21_03_844.jpg, 0, 1, 0, 30.19184
C:\Users\eljes\Downloads\simulator-windows-64\IMG\center_2026_09_01_11_21_03_945.jpg, C:\Users\eljes\Downloads\simulator-windows-64\IMG\left_2026_09_01_11_21_03_945.jpg, C:\Users\eljes\Downloads\simulator-windows-64\IMG\right_2026_09_01_11_21_03_945.jpg, 0, 1, 0, 30.19252
C:\Users\eljes\Downloads\simulator-windows-64\IMG\center_2026_09_01_11_21_04_045.jpg, C:\Users\eljes\Downloads\simulator-windows-64\IMG\left_2026_09_01_11_21_04_045.jpg, C:\Users\eljes\Downloads\simulator-windows-64\IMG\right_2026_09_01_11_21_04_045.jpg, 0, 1, 0, 30.20287
C:\Users\eljes\Downloads\simulator-windows-64\IMG\center_2026_09_01_11_21_04_146.jpg, C:\Users\eljes\Downloads\simulator-windows-64\IMG\left_2026_09_01_11_21_04_146.jpg, C:\Users\eljes\Downloads\simulator-windows-64\IMG\right_2026_09_01_11_21_04_146.jpg, 0, 1, 0, 30.19692
C:\Users\eljes\Downloads\simulator-windows-64\IMG\center_2026_09_01_11_21_04_248.jpg, C:\Users\eljes\Downloads\simulator-windows-64\IMG\left_2026_09_01_11_21_04_248.jpg, C:\Users\eljes\Downloads\simulator-windows-64\IMG\right_2026_09_01_11_21_04_248.jpg, -0.2825305, 1, 0, 30.18188
C:\Users\eljes\Downloads\simulator-windows-64\IMG\center_2026_09_01_11_21_04_348.jpg, C:\Users\eljes\Downloads\simulator-windows-64\IMG\left_2026_09_01_11_21_04_348.jpg, C:\Users\eljes\Downloads\simulator-windows-64\IMG\right_2026_09_01_11_21_04_348.jpg, -0.215395, 1, 0, 30.19587
C:\Users\eljes\Downloads\simulator-windows-64\IMG\center_2026_09_01_11_21_04_449.jpg, C:\Users\eljes\Downloads\simulator-windows-64\IMG\left_2026_09_01_11_21_04_449.jpg, C:\Users\eljes\Downloads\simulator-windows-64\IMG\right_2026_09_01_11_21_04_449.jpg, 0, 1, 0, 30.17477
C:\Users\eljes\Downloads\simulator-windows-64\IMG\center_2026_09_01_11_21_04_551.jpg, C:\Users\eljes\Downloads\simulator-windows-64\IMG\left_2026_09_01_11_21_04_551.jpg, C:\Users\eljes\Downloads\simulator-windows-64\IMG\right_2026_09_01_11_21_04_551.jpg, 0, 1, 0, 30.20476
C:\Users\eljes\Downloads\simulator-windows-64\IMG\center_2026_09_01_11_21_04_653.jpg, C:\Users\eljes\Downloads\simulator-windows-64\IMG\left_2026_09_01_11_21_04_653.jpg, C:\Users\eljes\Downloads\simulator-windows-64\IMG\right_2026_09_01_11_21_04_653.jpg, 0.3019551, 1, 0, 30.16411
C:\Users\eljes\Downloads\simulator-windows-64\IMG\center_2026_09_01_11_21_04_755.jpg, C:\Users\eljes\Downloads\simulator-windows-64\IMG\left_2026_09_01_11_21_04_755.jpg, C:\Users\eljes\Downloads\simulator-windows-64\IMG\right_2026_09_01_11_21_04_755.jpg, 0.3624311, 1, 0, 30.1967
C:\Users\eljes\Downloads\simulator-windows-64\IMG\center_2026_09_01_11_21_04_856.jpg, C:\Users\eljes\Downloads\simulator-windows-64\IMG\left_2026_09_01_11_21_04_856.jpg, C:\Users\eljes\Downloads\simulator-windows-64\IMG\right_2026_09_01_11_21_04_856.jpg, 0.007016324, 1, 0, 30.18533
C:\Users\eljes\Downloads\simulator-windows-64\IMG\center_2026_09_01_11_21_04_957.jpg, C:\Users\eljes\Downloads\simulator-windows-64\IMG\left_2026_09_01_11_21_04_957.jpg, C:\Users\eljes\Downloads\simulator-windows-64\IMG\right_2026_09_01_11_21_04_957.jpg, 0, 1, 0, 30.21808
C:\Users\eljes\Downloads\simulator-windows-64\IMG\center_2026_09_01_11_21_05_059.jpg, C:\Users\eljes\Downloads\simulator-windows-64\IMG\left_2026_09_01_11_21_05_059.jpg, C:\Users\eljes\Downloads\simulator-windows-64\IMG\right_2026_09_01_11_21_05_059.jpg, 0, 1, 0, 30.20749
C:\Users\eljes\Downloads\simulator-windows-64\IMG\center_2026_09_01_11_21_05_160.jpg, C:\Users\eljes\Downloads\simulator-windows-64\IMG\left_2026_09_01_11_21_05_160.jpg, C:\Users\eljes\Downloads\simulator-windows-64\IMG\right_2026_09_01_11_21_05_160.jpg, 0, 1, 0, 30.22713
C:\Users\eljes\Downloads\simulator-windows-64\IMG\center_2026_09_01_11_21_05_262.jpg, C:\Users\eljes\Downloads\simulator-windows-64\IMG\left_2026_09_01_11_21_05_262.jpg, C:\Users\eljes\Downloads\simulator-windows-64\IMG\right_2026_09_01_11_21_05_262.jpg, 0.1841907, 1, 0, 30.1982
C:\Users\eljes\Downloads\simulator-windows-64\IMG\center_2026_09_01_11_21_05_362.jpg, C:\Users\eljes\Downloads\simulator-windows-64\IMG\left_2026_09_01_11_21_05_362.jpg, C:\Users\eljes\Downloads\simulator-windows-64\IMG\right_2026_09_01_11_21_05_362.jpg, 0.4833885, 1, 0, 30.16299
C:\Users\eljes\Downloads\simulator-windows-64\IMG\center_2026_09_01_11_21_05_463.jpg, C:\Users\eljes\Downloads\simulator-windows-64\IMG\left_2026_09_01_11_21_05_463.jpg, C:\Users\eljes\Downloads\simulator-windows-64\IMG\right_2026_09_01_11_21_05_463.jpg, 0.2773527, 1, 0, 30.20421
C:\Users\eljes\Downloads\simulator-windows-64\IMG\center_2026_09_01_11_21_05_566.jpg, C:\Users\eljes\Downloads\simulator-windows-64\IMG\left_2026_09_01_11_21_05_566.jpg, C:\Users\eljes\Downloads\simulator-windows-64\IMG\right_2026_09_01_11_21_05_566.jpg, 0, 1, 0, 30.19817
C:\Users\eljes\Downloads\simulator-windows-64\IMG\center_2026_09_01_11_21_05_667.jpg, C:\Users\eljes\Downloads\simulator-windows-64\IMG\left_2026_09_01_11_21_05_667.jpg, C:\Users\eljes\Downloads\simulator-windows-64\IMG\right_2026_09_01_11_21_05_667.jpg, 0, 1, 0, 30.20147
C:\Users\eljes\Downloads\simulator-windows-64\IMG\center_2026_09_01_11_21_05_770.jpg, C:\Users\eljes\Downloads\simulator-windows-64\IMG\left_2026_09_01_11_21_05_770.jpg, C:\Users\eljes\Downloads\simulator-windows-64\IMG\right_2026_09_01_11_21_05_770.jpg, 0, 1, 0, 30.20933
C:\Users\eljes\Downloads\simulator-windows-64\IMG\center_2026_09_01_11_21_05_871.jpg, C:\Users\eljes\Downloads\simulator-windows-64\IMG\left_2026_09_01_11_21_05_871.jpg, C:\Users\eljes\Downloads\simulator-windows-64\IMG\right_2026_09_01_11_21_05_871.jpg, 0, 1, 0, 30.19508
C:\Users\eljes\Downloads\simulator-windows-64\IMG\center_2026_09_01_11_21_05_974.jpg, C:\Users\eljes\Downloads\simulator-windows-64\IMG\left_2026_09_01_11_21_05_974.jpg, C:\Users\eljes\Downloads\simulator-windows-64\IMG\right_2026_09_01_11_21_05_974.jpg, 0, 1, 0, 30.18481
C:\Users\eljes\Downloads\simulator-windows-64\IMG\center_2026_09_01_11_21_06_076.jpg, C:\Users\eljes\Downloads\simulator-windows-64\IMG\left_2026_09_01_11_21_06_076.jpg, C:\Users\eljes\Downloads\simulator-windows-64\IMG\right_2026_09_01_11_21_06_076.jpg, 0, 1, 0, 30.19368
C:\Users\eljes\Downloads\simulator-windows-64\IMG\center_2026_09_01_11_21_06_177.jpg, C:\Users\eljes\Downloads\simulator-windows-64\IMG\left_2026_09_01_11_21_06_177.jpg, C:\Users\eljes\Downloads\simulator-windows-64\IMG\right_2026_09_01_11_21_06_177.jpg, 0, 1, 0, 30.20795
C:\Users\eljes\Downloads\simulator-windows-64\IMG\center_2026_09_01_11_21_06_280.jpg, C:\Users\eljes\Downloads\simulator-windows-64\IMG\left_2026_09_01_11_21_06_280.jpg, C:\Users\eljes\Downloads\simulator-windows-64\IMG\right_2026_09_01_11_21_06_280.jpg, 0, 1, 0, 30.20194
C:\Users\eljes\Downloads\simulator-windows-64\IMG\center_2026_09_01_11_21_06_380.jpg, C:\Users\eljes\Downloads\simulator-windows-64\IMG\left_2026_09_01_11_21_06_380.jpg, C:\Users\eljes\Downloads\simulator-windows-64\IMG\right_2026_09_01_11_21_06_380.jpg, 0, 1, 0, 30.17414
C:\Users\eljes\Downloads\simulator-windows-64\IMG\center_2026_09_01_11_21_06_480.jpg, C:\Users\eljes\Downloads\simulator-windows-64\IMG\left_2026_09_01_11_21_06_480.jpg, C:\Users\eljes\Downloads\simulator-windows-64\IMG\right_2026_09_01_11_21_06_480.jpg, 0, 1, 0, 30.20649
C:\Users\eljes\Downloads\simulator-windows-64\IMG\center_2026_09_01_11_21_06_581.jpg, C:\Users\eljes\Downloads\simulator-windows-64\IMG\left_2026_09_01_11_21_06_581.jpg, C:\Users\eljes\Downloads\simulator-windows-64\IMG\right_2026_09_01_11_21_06_581.jpg, 0, 1, 0, 30.20354
C:\Users\eljes\Downloads\simulator-windows-64\IMG\center_2026_09_01_11_21_06_682.jpg, C:\Users\eljes\Downloads\simulator-windows-64\IMG\left_2026_09_01_11_21_06_682.jpg, C:\Users\eljes\Downloads\simulator-windows-64\IMG\right_2026_09_01_11_21_06_682.jpg, 0, 1, 0, 30.2093
C:\Users\eljes\Downloads\simulator-windows-64\IMG\center_2026_09_01_11_21_06_785.jpg, C:\Users\eljes\Downloads\simulator-windows-64\IMG\left_2026_09_01_11_21_06_785.jpg, C:\Users\eljes\Downloads\simulator-windows-64\IMG\right_2026_09_01_11_21_06_785.jpg, 0, 1, 0, 30.2067
C:\Users\eljes\Downloads\simulator-windows-64\IMG\center_2026_09_01_11_21_06_885.jpg, C:\Users\eljes\Downloads\simulator-windows-64\IMG\left_2026_09_01_11_21_06_885.jpg, C:\Users\eljes\Downloads\simulator-windows-64\IMG\right_2026_09_01_11_21_06_885.jpg, 0, 1, 0, 30.2143
C:\Users\eljes\Downloads\simulator-windows-64\IMG\center_2026_09_01_11_21_06_989.jpg, C:\Users\eljes\Downloads\simulator-windows-64\IMG\left_2026_09_01_11_21_06_989.jpg, C:\Users\eljes\Downloads\simulator-windows-64\IMG\right_2026_09_01_11_21_06_989.jpg, 0, 1, 0, 30.20917
C:\Users\eljes\Downloads\simulator-windows-64\IMG\center_2026_09_01_11_21_07_090.jpg, C:\Users\eljes\Downloads\simulator-windows-64\IMG\left_2026_09_01_11_21_07_090.jpg, C:\Users\eljes\Downloads\simulator-windows-64\IMG\right_2026_09_01_11_21_07_090.jpg, 0, 1, 0, 30.20984
C:\Users\eljes\Downloads\simulator-windows-64\IMG\center_2026_09_01_11_21_07_191.jpg, C:\Users\eljes\Downloads\simulator-windows-64\IMG\left_2026_09_01_11_21_07_191.jpg, C:\Users\eljes\Downloads\simulator-windows-64\IMG\right_2026_09_01_11_21_07_191.jpg, 0, 1, 0, 30.20936
C:\Users\eljes\Downloads\simulator-windows-64\IMG\center_2026_09_01_11_21_07_293.jpg, C:\Users\eljes\Downloads\simulator-windows-64\IMG\left_2026_09_01_11_21_07_293.jpg, C:\Users\eljes\Downloads\simulator-windows-64\IMG\right_2026_09_01_11_21_07_293.jpg, 0, 1, 0, 30.21079
C:\Users\eljes\Downloads\simulator-windows-64\IMG\center_2026_09_01_11_21_07_396.jpg, C:\Users\eljes\Downloads\simulator-windows-64\IMG\left_2026_09_01_11_21_07_396.jpg, C:\Users\eljes\Downloads\simulator-windows-64\IMG\right_2026_09_01_11_21_07_396.jpg, 0, 1, 0, 30.2097
C:\Users\eljes\Downloads\simulator-windows-64\IMG\center_2026_09_01_11_21_07_497.jpg, C:\Users\eljes\Downloads\simulator-windows-64\IMG\left_2026_09_01_11_21_07_497.jpg, C:\Users\eljes\Downloads\simulator-windows-64\IMG\right_2026_09_01_11_21_07_497.jpg, 0, 1, 0, 30.21046
C:\Users\eljes\Downloads\simulator-windows-64\IMG\center_2026_09_01_11_21_07_598.jpg, C:\Users\eljes\Downloads\simulator-windows-64\IMG\left_2026_09_01_11_21_07_598.jpg, C:\Users\eljes\Downloads\simulator-windows-64\IMG\right_2026_09_01_11_21_07_598.jpg, 0, 1, 0, 30.2072
C:\Users\eljes\Downloads\simulator-windows-64\IMG\center_2026_09_01_11_21_07_700.jpg, C:\Users\eljes\Downloads\simulator-windows-64\IMG\left_2026_09_01_11_21_07_700.jpg, C:\Users\eljes\Downloads\simulator-windows-64\IMG\right_2026_09_01_11_21_07_700.jpg, 0, 1, 0, 30.21993
C:\Users\eljes\Downloads\simulator-windows-64\IMG\center_2026_09_01_11_21_07_800.jpg, C:\Users\eljes\Downloads\simulator-windows-64\IMG\left_2026_09_01_11_21_07_800.jpg, C:\Users\eljes\Downloads\simulator-windows-64\IMG\right_2026_09_01_11_21_07_800.jpg, 0, 1, 0, 30.20596
C:\Users\eljes\Downloads\simulator-windows-64\IMG\center_2026_09_01_11_21_07_902.jpg, C:\Users\eljes\Downloads\simulator-windows-64\IMG\left_2026_09_01_11_21_07_902.jpg, C:\Users\eljes\Downloads\simulator-windows-64\IMG\right_2026_09_01_11_21_07_902.jpg, 0, 1, 0, 30.20709
C:\Users\eljes\Downloads\simulator-windows-64\IMG\center_2026_09_01_11_21_08_004.jpg, C:\Users\eljes\Downloads\simulator-windows-64\IMG\left_2026_09_01_11_21_08_004.jpg, C:\Users\eljes\Downloads\simulator-windows-64\IMG\right_2026_09_01_11_21_08_004.jpg, 0, 1, 0, 30.18059
C:\Users\eljes\Downloads\simulator-windows-64\IMG\center_2026_09_01_11_21_08_106.jpg, C:\Users\eljes\Downloads\simulator-windows-64\IMG\left_2026_09_01_11_21_08_106.jpg, C:\Users\eljes\Downloads\simulator-windows-64\IMG\right_2026_09_01_11_21_08_106.jpg, -0.2002566, 1, 0, 30.19037
C:\Users\eljes\Downloads\simulator-windows-64\IMG\center_2026_09_01_11_21_08_209.jpg, C:\Users\eljes\Downloads\simulator-windows-64\IMG\left_2026_09_01_11_21_08_209.jpg, C:\Users\eljes\Downloads\simulator-windows-64\IMG\right_2026_09_01_11_21_08_209.jpg, -0.4979501, 1, 0, 30.14381
C:\Users\eljes\Downloads\simulator-windows-64\IMG\center_2026_09_01_11_21_08_311.jpg, C:\Users\eljes\Downloads\simulator-windows-64\IMG\left_2026_09_01_11_21_08_311.jpg, C:\Users\eljes\Downloads\simulator-windows-64\IMG\right_2026_09_01_11_21_08_311.jpg, -0.1976342, 1, 0, 30.19833
C:\Users\eljes\Downloads\simulator-windows-64\IMG\center_2026_09_01_11_21_08_411.jpg, C:\Users\eljes\Downloads\simulator-windows-64\IMG\left_2026_09_01_11_21_08_411.jpg, C:\Users\eljes\Downloads\simulator-windows-64\IMG\right_2026_09_01_11_21_08_411.jpg, -0.0680739, 1, 0, 30.19934
C:\Users\eljes\Downloads\simulator-windows-64\IMG\center_2026_09_01_11_21_08_512.jpg, C:\Users\eljes\Downloads\simulator-windows-64\IMG\left_2026_09_01_11_21_08_512.jpg, C:\Users\eljes\Downloads\simulator-windows-64\IMG\right_2026_09_01_11_21_08_512.jpg, -0.3734691, 1, 0, 30.18171
C:\Users\eljes\Downloads\simulator-windows-64\IMG\center_2026_09_01_11_21_08_614.jpg, C:\Users\eljes\Downloads\simulator-windows-64\IMG\left_2026_09_01_11_21_08_614.jpg, C:\Users\eljes\Downloads\simulator-windows-64\IMG\right_2026_09_01_11_21_08_614.jpg, -0.3271218, 1, 0, 30.18674
C:\Users\eljes\Downloads\simulator-windows-64\IMG\center_2026_09_01_11_21_08_714.jpg, C:\Users\eljes\Downloads\simulator-windows-64\IMG\left_2026_09_01_11_21_08_714.jpg, C:\Users\eljes\Downloads\simulator-windows-64\IMG\right_2026_09_01_11_21_08_714.jpg, -0.03206546, 1, 0, 30.20958
C:\Users\eljes\Downloads\simulator-windows-64\IMG\center_2026_09_01_11_21_08_815.jpg, C:\Users\eljes\Downloads\simulator-windows-64\IMG\left_2026_09_01_11_21_08_815.jpg, C:\Users\eljes\Downloads\simulator-windows-64\IMG\right_2026_09_01_11_21_08_815.jpg, -0.07870921, 1, 0, 30.20515
C:\Users\eljes\Downloads\simulator-windows-64\IMG\center_2026_09_01_11_21_08_914.jpg, C:\Users\eljes\Downloads\simulator-windows-64\IMG\left_2026_09_01_11_21_08_914.jpg, C:\Users\eljes\Downloads\simulator-windows-64\IMG\right_2026_09_01_11_21_08_914.jpg, -0.3781902, 1, 0, 30.18033
C:\Users\eljes\Downloads\simulator-windows-64\IMG\center_2026_09_01_11_21_09_016.jpg, C:\Users\eljes\Downloads\simulator-windows-64\IMG\left_2026_09_01_11_21_09_016.jpg, C:\Users\eljes\Downloads\simulator-windows-64\IMG\right_2026_09_01_11_21_09_016.jpg, -0.05589837, 1, 0, 30.20723
C:\Users\eljes\Downloads\simulator-windows-64\IMG\center_2026_09_01_11_21_09_117.jpg, C:\Users\eljes\Downloads\simulator-windows-64\IMG\left_2026_09_01_11_21_09_117.jpg, C:\Users\eljes\Downloads\simulator-windows-64\IMG\right_2026_09_01_11_21_09_117.jpg, -0.0318564, 1, 0, 30.20885
C:\Users\eljes\Downloads\simulator-windows-64\IMG\center_2026_09_01_11_21_09_220.jpg, C:\Users\eljes\Downloads\simulator-windows-64\IMG\left_2026_09_01_11_21_09_220.jpg, C:\Users\eljes\Downloads\simulator-windows-64\IMG\right_2026_09_01_11_21_09_220.jpg, -0.3280275, 1, 0, 30.18876
C:\Users\eljes\Downloads\simulator-windows-64\IMG\center_2026_09_01_11_21_09_320.jpg, C:\Users\eljes\Downloads\simulator-windows-64\IMG\left_2026_09_01_11_21_09_320.jpg, C:\Users\eljes\Downloads\simulator-windows-64\IMG\right_2026_09_01_11_21_09_320.jpg, -0.6329222, 1, 0, 30.13654
C:\Users\eljes\Downloads\simulator-windows-64\IMG\center_2026_09_01_11_21_09_421.jpg, C:\Users\eljes\Downloads\simulator-windows-64\IMG\left_2026_09_01_11_21_09_421.jpg, C:\Users\eljes\Downloads\simulator-windows-64\IMG\right_2026_09_01_11_21_09_421.jpg, -0.349038, 1, 0, 30.20296
C:\Users\eljes\Downloads\simulator-windows-64\IMG\center_2026_09_01_11_21_09_523.jpg, C:\Users\eljes\Downloads\simulator-windows-64\IMG\left_2026_09_01_11_21_09_523.jpg, C:\Users\eljes\Downloads\simulator-windows-64\IMG\right_2026_09_01_11_21_09_523.jpg, -0.05306664, 1, 0, 30.15497
C:\Users\eljes\Downloads\simulator-windows-64\IMG\center_2026_09_01_11_21_09_624.jpg, C:\Users\eljes\Downloads\simulator-windows-64\IMG\left_2026_09_01_11_21_09_624.jpg, C:\Users\eljes\Downloads\simulator-windows-64\IMG\right_2026_09_01_11_21_09_624.jpg, -0.3347289, 1, 0, 30.19184
C:\Users\eljes\Downloads\simulator-windows-64\IMG\center_2026_09_01_11_21_09_726.jpg, C:\Users\eljes\Downloads\simulator-windows-64\IMG\left_2026_09_01_11_21_09_726.jpg, C:\Users\eljes\Downloads\simulator-windows-64\IMG\right_2026_09_01_11_21_09_726.jpg, -0.4337505, 1, 0, 30.17466
C:\Users\eljes\Downloads\simulator-windows-64\IMG\center_2026_09_01_11_21_09_829.jpg, C:\Users\eljes\Downloads\simulator-windows-64\IMG\left_2026_09_01_11_21_09_829.jpg, C:\Users\eljes\Downloads\simulator-windows-64\IMG\right_2026_09_01_11_21_09_829.jpg, -0.1342869, 1, 0, 30.21276
C:\Users\eljes\Downloads\simulator-windows-64\IMG\center_2026_09_01_11_21_09_930.jpg, C:\Users\eljes\Downloads\simulator-windows-64\IMG\left_2026_09_01_11_21_09_930.jpg, C:\Users\eljes\Downloads\simulator-windows-64\IMG\right_2026_09_01_11_21_09_930.jpg, 0, 1, 0, 30.20915
C:\Users\eljes\Downloads\simulator-windows-64\IMG\center_2026_09_01_11_21_10_032.jpg, C:\Users\eljes\Downloads\simulator-windows-64\IMG\left_2026_09_01_11_21_10_032.jpg, C:\Users\eljes\Downloads\simulator-windows-64\IMG\right_2026_09_01_11_21_10_032.jpg, 0, 1, 0, 30.21017
C:\Users\eljes\Downloads\simulator-windows-64\IMG\center_2026_09_01_11_21_10_134.jpg, C:\Users\eljes\Downloads\simulator-windows-64\IMG\left_2026_09_01_11_21_10_134.jpg, C:\Users\eljes\Downloads\simulator-windows-64\IMG\right_2026_09_01_11_21_10_134.jpg, 0, 1, 0, 30.2109
C:\Users\eljes\Downloads\simulator-windows-64\IMG\center_2026_09_01_11_21_10_237.jpg, C:\Users\eljes\Downloads\simulator-windows-64\IMG\left_2026_09_01_11_21_10_237.jpg, C:\Users\eljes\Downloads\simulator-windows-64\IMG\right_2026_09_01_11_21_10_237.jpg, 0, 1, 0, 30.2099
C:\Users\eljes\Downloads\simulator-windows-64\IMG\center_2026_09_01_11_21_10_337.jpg, C:\Users\eljes\Downloads\simulator-windows-64\IMG\left_2026_09_01_11_21_10_337.jpg, C:\Users\eljes\Downloads\simulator-windows-64\IMG\right_2026_09_01_11_21_10_337.jpg, 0, 1, 0, 30.21082
C:\Users\eljes\Downloads\simulator-windows-64\IMG\center_2026_09_01_11_21_10_440.jpg, C:\Users\eljes\Downloads\simulator-windows-64\IMG\left_2026_09_01_11_21_10_440.jpg, C:\Users\eljes\Downloads\simulator-windows-64\IMG\right_2026_09_01_11_21_10_440.jpg, 0, 1, 0, 30.21139
C:\Users\eljes\Downloads\simulator-windows-64\IMG\center_2026_09_01_11_21_10_540.jpg, C:\Users\eljes\Downloads\simulator-windows-64\IMG\left_2026_09_01_11_21_10_540.jpg, C:\Users\eljes\Downloads\simulator-windows-64\IMG\right_2026_09_01_11_21_10_540.jpg, 0, 1, 0, 30.21182
C:\Users\eljes\Downloads\simulator-windows-64\IMG\center_2026_09_01_11_21_10_642.jpg, C:\Users\eljes\Downloads\simulator-windows-64\IMG\left_2026_09_01_11_21_10_642.jpg, C:\Users\eljes\Downloads\simulator-windows-64\IMG\right_2026_09_01_11_21_10_642.jpg, 0, 1, 0, 30.21164
C:\Users\eljes\Downloads\simulator-windows-64\IMG\center_2026_09_01_11_21_10_744.jpg, C:\Users\eljes\Downloads\simulator-windows-64\IMG\left_2026_09_01_11_21_10_744.jpg, C:\Users\eljes\Downloads\simulator-windows-64\IMG\right_2026_09_01_11_21_10_744.jpg, 0, 1, 0, 30.21155
C:\Users\eljes\Downloads\simulator-windows-64\IMG\center_2026_09_01_11_21_10_847.jpg, C:\Users\eljes\Downloads\simulator-windows-64\IMG\left_2026_09_01_11_21_10_847.jpg, C:\Users\eljes\Downloads\simulator-windows-64\IMG\right_2026_09_01_11_21_10_847.jpg, 0, 1, 0, 30.21246
C:\Users\eljes\Downloads\simulator-windows-64\IMG\center_2026_09_01_11_21_10_948.jpg, C:\Users\eljes\Downloads\simulator-windows-64\IMG\left_2026_09_01_11_21_10_948.jpg, C:\Users\eljes\Downloads\simulator-windows-64\IMG\right_2026_09_01_11_21_10_948.jpg, 0, 1, 0, 30.21255
C:\Users\eljes\Downloads\simulator-windows-64\IMG\center_2026_09_01_11_21_11_049.jpg, C:\Users\eljes\Downloads\simulator-windows-64\IMG\left_2026_09_01_11_21_11_049.jpg, C:\Users\eljes\Downloads\simulator-windows-64\IMG\right_2026_09_01_11_21_11_049.jpg, 0, 1, 0, 30.21188
C:\Users\eljes\Downloads\simulator-windows-64\IMG\center_2026_09_01_11_21_11_151.jpg, C:\Users\eljes\Downloads\simulator-windows-64\IMG\left_2026_09_01_11_21_11_151.jpg, C:\Users\eljes\Downloads\simulator-windows-64\IMG\right_2026_09_01_11_21_11_151.jpg, 0, 1, 0, 30.21183
C:\Users\eljes\Downloads\simulator-windows-64\IMG\center_2026_09_01_11_21_11_253.jpg, C:\Users\eljes\Downloads\simulator-windows-64\IMG\left_2026_09_01_11_21_11_253.jpg, C:\Users\eljes\Downloads\simulator-windows-64\IMG\right_2026_09_01_11_21_11_253.jpg, 0, 1, 0, 30.21199
C:\Users\eljes\Downloads\simulator-windows-64\IMG\center_2026_09_01_11_21_11_354.jpg, C:\Users\eljes\Downloads\simulator-windows-64\IMG\left_2026_09_01_11_21_11_354.jpg, C:\Users\eljes\Downloads\simulator-windows-64\IMG\right_2026_09_01_11_21_11_354.jpg, 0, 1, 0, 30.21194
C:\Users\eljes\Downloads\simulator-windows-64\IMG\center_2026_09_01_11_21_11_457.jpg, C:\Users\eljes\Downloads\simulator-windows-64\IMG\left_2026_09_01_11_21_11_457.jpg, C:\Users\eljes\Downloads\simulator-windows-64\IMG\right_2026_09_01_11_21_11_457.jpg, 0, 1, 0, 30.21217
C:\Users\eljes\Downloads\simulator-windows-64\IMG\center_2026_09_01_11_21_11_559.jpg, C:\Users\eljes\Downloads\simulator-windows-64\IMG\left_2026_09_01_11_21_11_559.jpg, C:\Users\eljes\Downloads\simulator-windows-64\IMG\right_2026_09_01_11_21_11_559.jpg, 0, 1, 0, 30.21181
C:\Users\eljes\Downloads\simulator-windows-64\IMG\center_2026_09_01_11_21_11_660.jpg, C:\Users\eljes\Downloads\simulator-windows-64\IMG\left_2026_09_01_11_21_11_660.jpg, C:\Users\eljes\Downloads\simulator-windows-64\IMG\right_2026_09_01_11_21_11_660.jpg, 0, 1, 0, 30.21183
C:\Users\eljes\Downloads\simulator-windows-64\IMG\center_2026_09_01_11_21_11_761.jpg, C:\Users\eljes\Downloads\simulator-windows-64\IMG\left_2026_09_01_11_21_11_761.jpg, C:\Users\eljes\Downloads\simulator-windows-64\IMG\right_2026_09_01_11_21_11_761.jpg, 0, 1, 0, 30.2114
C:\Users\eljes\Downloads\simulator-windows-64\IMG\center_2026_09_01_11_21_11_861.jpg, C:\Users\eljes\Downloads\simulator-windows-64\IMG\left_2026_09_01_11_21_11_861.jpg, C:\Users\eljes\Downloads\simulator-windows-64\IMG\right_2026_09_01_11_21_11_861.jpg, 0, 1, 0, 30.21192
C:\Users\eljes\Downloads\simulator-windows-64\IMG\center_2026_09_01_11_21_11_963.jpg, C:\Users\eljes\Downloads\simulator-windows-64\IMG\left_2026_09_01_11_21_11_963.jpg, C:\Users\eljes\Downloads\simulator-windows-64\IMG\right_2026_09_01_11_21_11_963.jpg, 0.2389677, 1, 0, 30.19761
C:\Users\eljes\Downloads\simulator-windows-64\IMG\center_2026_09_01_11_21_12_064.jpg, C:\Users\eljes\Downloads\simulator-windows-64\IMG\left_2026_09_01_11_21_12_064.jpg, C:\Users\eljes\Downloads\simulator-windows-64\IMG\right_2026_09_01_11_21_12_064.jpg, 0.375513, 1, 0, 30.18766
C:\Users\eljes\Downloads\simulator-windows-64\IMG\center_2026_09_01_11_21_12_167.jpg, C:\Users\eljes\Downloads\simulator-windows-64\IMG\left_2026_09_01_11_21_12_167.jpg, C:\Users\eljes\Downloads\simulator-windows-64\IMG\right_2026_09_01_11_21_12_167.jpg, 0.07924193, 1, 0, 30.21203
C:\Users\eljes\Downloads\simulator-windows-64\IMG\center_2026_09_01_11_21_12_268.jpg, C:\Users\eljes\Downloads\simulator-windows-64\IMG\left_2026_09_01_11_21_12_268.jpg, C:\Users\eljes\Downloads\simulator-windows-64\IMG\right_2026_09_01_11_21_12_268.jpg, 0, 1, 0, 30.20958
C:\Users\eljes\Downloads\simulator-windows-64\IMG\center_2026_09_01_11_21_12_368.jpg, C:\Users\eljes\Downloads\simulator-windows-64\IMG\left_2026_09_01_11_21_12_368.jpg, C:\Users\eljes\Downloads\simulator-windows-64\IMG\right_2026_09_01_11_21_12_368.jpg, 0, 1, 0, 30.2104
C:\Users\eljes\Downloads\simulator-windows-64\IMG\center_2026_09_01_11_21_12_469.jpg, C:\Users\eljes\Downloads\simulator-windows-64\IMG\left_2026_09_01_11_21_12_469.jpg, C:\Users\eljes\Downloads\simulator-windows-64\IMG\right_2026_09_01_11_21_12_469.jpg, 0, 1, 0, 30.20854
C:\Users\eljes\Downloads\simulator-windows-64\IMG\center_2026_09_01_11_21_12_569.jpg, C:\Users\eljes\Downloads\simulator-windows-64\IMG\left_2026_09_01_11_21_12_569.jpg, C:\Users\eljes\Downloads\simulator-windows-64\IMG\right_2026_09_01_11_21_12_569.jpg, 0, 1, 0, 30.21295
C:\Users\eljes\Downloads\simulator-windows-64\IMG\center_2026_09_01_11_21_12_670.jpg, C:\Users\eljes\Downloads\simulator-windows-64\IMG\left_2026_09_01_11_21_12_670.jpg, C:\Users\eljes\Downloads\simulator-windows-64\IMG\right_2026_09_01_11_21_12_670.jpg, 0, 1, 0, 30.21236
C:\Users\eljes\Downloads\simulator-windows-64\IMG\center_2026_09_01_11_21_12_771.jpg, C:\Users\eljes\Downloads\simulator-windows-64\IMG\left_2026_09_01_11_21_12_771.jpg, C:\Users\eljes\Downloads\simulator-windows-64\IMG\right_2026_09_01_11_21_12_771.jpg, 0, 1, 0, 30.21122
C:\Users\eljes\Downloads\simulator-windows-64\IMG\center_2026_09_01_11_21_12_872.jpg, C:\Users\eljes\Downloads\simulator-windows-64\IMG\left_2026_09_01_11_21_12_872.jpg, C:\Users\eljes\Downloads\simulator-windows-64\IMG\right_2026_09_01_11_21_12_872.jpg, 0.0202317, 1, 0, 30.20868
C:\Users\eljes\Downloads\simulator-windows-64\IMG\center_2026_09_01_11_21_12_972.jpg, C:\Users\eljes\Downloads\simulator-windows-64\IMG\left_2026_09_01_11_21_12_972.jpg, C:\Users\eljes\Downloads\simulator-windows-64\IMG\right_2026_09_01_11_21_12_972.jpg, 0.3262278, 1, 0, 30.18402
C:\Users\eljes\Downloads\simulator-windows-64\IMG\center_2026_09_01_11_21_13_074.jpg, C:\Users\eljes\Downloads\simulator-windows-64\IMG\left_2026_09_01_11_21_13_074.jpg, C:\Users\eljes\Downloads\simulator-windows-64\IMG\right_2026_09_01_11_21_13_074.jpg, 0.6198824, 1, 0, 30.14263
C:\Users\eljes\Downloads\simulator-windows-64\IMG\center_2026_09_01_11_21_13_177.jpg, C:\Users\eljes\Downloads\simulator-windows-64\IMG\left_2026_09_01_11_21_13_177.jpg, C:\Users\eljes\Downloads\simulator-windows-64\IMG\right_2026_09_01_11_21_13_177.jpg, 0.2977327, 1, 0, 30.2101
C:\Users\eljes\Downloads\simulator-windows-64\IMG\center_2026_09_01_11_21_13_278.jpg, C:\Users\eljes\Downloads\simulator-windows-64\IMG\left_2026_09_01_11_21_13_278.jpg, C:\Users\eljes\Downloads\simulator-windows-64\IMG\right_2026_09_01_11_21_13_278.jpg, 0, 1, 0, 30.19715
C:\Users\eljes\Downloads\simulator-windows-64\IMG\center_2026_09_01_11_21_13_378.jpg, C:\Users\eljes\Downloads\simulator-windows-64\IMG\left_2026_09_01_11_21_13_378.jpg, C:\Users\eljes\Downloads\simulator-windows-64\IMG\right_2026_09_01_11_21_13_378.jpg, 0, 1, 0, 30.20617
C:\Users\eljes\Downloads\simulator-windows-64\IMG\center_2026_09_01_11_21_13_479.jpg, C:\Users\eljes\Downloads\simulator-windows-64\IMG\left_2026_09_01_11_21_13_479.jpg, C:\Users\eljes\Downloads\simulator-windows-64\IMG\right_2026_09_01_11_21_13_479.jpg, 0, 1, 0, 30.20321
C:\Users\eljes\Downloads\simulator-windows-64\IMG\center_2026_09_01_11_21_13_581.jpg, C:\Users\eljes\Downloads\simulator-windows-64\IMG\left_2026_09_01_11_21_13_581.jpg, C:\Users\eljes\Downloads\simulator-windows-64\IMG\right_2026_09_01_11_21_13_581.jpg, 0, 1, 0, 30.20429
C:\Users\eljes\Downloads\simulator-windows-64\IMG\center_2026_09_01_11_21_13_682.jpg, C:\Users\eljes\Downloads\simulator-windows-64\IMG\left_2026_09_01_11_21_13_682.jpg, C:\Users\eljes\Downloads\simulator-windows-64\IMG\right_2026_09_01_11_21_13_682.jpg, 0, 1, 0, 30.1969
C:\Users\eljes\Downloads\simulator-windows-64\IMG\center_2026_09_01_11_21_13_782.jpg, C:\Users\eljes\Downloads\simulator-windows-64\IMG\left_2026_09_01_11_21_13_782.jpg, C:\Users\eljes\Downloads\simulator-windows-64\IMG\right_2026_09_01_11_21_13_782.jpg, 0, 1, 0, 30.19521
C:\Users\eljes\Downloads\simulator-windows-64\IMG\center_2026_09_01_11_21_13_884.jpg, C:\Users\eljes\Downloads\simulator-windows-64\IMG\left_2026_09_01_11_21_13_884.jpg, C:\Users\eljes\Downloads\simulator-windows-64\IMG\right_2026_09_01_11_21_13_884.jpg, 0, 1, 0, 30.19285
C:\Users\eljes\Downloads\simulator-windows-64\IMG\center_2026_09_01_11_21_13_984.jpg, C:\Users\eljes\Downloads\simulator-windows-64\IMG\left_2026_09_01_11_21_13_984.jpg, C:\Users\eljes\Downloads\simulator-windows-64\IMG\right_2026_09_01_11_21_13_984.jpg, 0.09335221, 1, 0, 30.18713
C:\Users\eljes\Downloads\simulator-windows-64\IMG\center_2026_09_01_11_21_14_086.jpg, C:\Users\eljes\Downloads\simulator-windows-64\IMG\left_2026_09_01_11_21_14_086.jpg, C:\Users\eljes\Downloads\simulator-windows-64\IMG\right_2026_09_01_11_21_14_086.jpg, 0.3933241, 1, 0, 30.16356
C:\Users\eljes\Downloads\simulator-windows-64\IMG\center_2026_09_01_11_21_14_187.jpg, C:\Users\eljes\Downloads\simulator-windows-64\IMG\left_2026_09_01_11_21_14_187.jpg, C:\Users\eljes\Downloads\simulator-windows-64\IMG\right_2026_09_01_11_21_14_187.jpg, 0.6963109, 1, 0, 30.1183
C:\Users\eljes\Downloads\simulator-windows-64\IMG\center_2026_09_01_11_21_14_287.jpg, C:\Users\eljes\Downloads\simulator-windows-64\IMG\left_2026_09_01_11_21_14_287.jpg, C:\Users\eljes\Downloads\simulator-windows-64\IMG\right_2026_09_01_11_21_14_287.jpg, 0.450356, 1, 0, 30.19724
C:\Users\eljes\Downloads\simulator-windows-64\IMG\center_2026_09_01_11_21_14_389.jpg, C:\Users\eljes\Downloads\simulator-windows-64\IMG\left_2026_09_01_11_21_14_389.jpg, C:\Users\eljes\Downloads\simulator-windows-64\IMG\right_2026_09_01_11_21_14_389.jpg, 0.1581424, 1, 0, 30.20032
C:\Users\eljes\Downloads\simulator-windows-64\IMG\center_2026_09_01_11_21_14_489.jpg, C:\Users\eljes\Downloads\simulator-windows-64\IMG\left_2026_09_01_11_21_14_489.jpg, C:\Users\eljes\Downloads\simulator-windows-64\IMG\right_2026_09_01_11_21_14_489.jpg, 0, 1, 0, 30.21143
C:\Users\eljes\Downloads\simulator-windows-64\IMG\center_2026_09_01_11_21_14_591.jpg, C:\Users\eljes\Downloads\simulator-windows-64\IMG\left_2026_09_01_11_21_14_591.jpg, C:\Users\eljes\Downloads\simulator-windows-64\IMG\right_2026_09_01_11_21_14_591.jpg, 0, 1, 0, 30.20119
C:\Users\eljes\Downloads\simulator-windows-64\IMG\center_2026_09_01_11_21_14_692.jpg, C:\Users\eljes\Downloads\simulator-windows-64\IMG\left_2026_09_01_11_21_14_692.jpg, C:\Users\eljes\Downloads\simulator-windows-64\IMG\right_2026_09_01_11_21_14_692.jpg, 0, 1, 0, 30.2241
C:\Users\eljes\Downloads\simulator-windows-64\IMG\center_2026_09_01_11_21_14_793.jpg, C:\Users\eljes\Downloads\simulator-windows-64\IMG\left_2026_09_01_11_21_14_793.jpg, C:\Users\eljes\Downloads\simulator-windows-64\IMG\right_2026_09_01_11_21_14_793.jpg, 0, 1, 0, 30.2078
C:\Users\eljes\Downloads\simulator-windows-64\IMG\center_2026_09_01_11_21_14_895.jpg, C:\Users\eljes\Downloads\simulator-windows-64\IMG\left_2026_09_01_11_21_14_895.jpg, C:\Users\eljes\Downloads\simulator-windows-64\IMG\right_2026_09_01_11_21_14_895.jpg, 0.0193155, 1, 0, 30.21843
C:\Users\eljes\Downloads\simulator-windows-64\IMG\center_2026_09_01_11_21_14_997.jpg, C:\Users\eljes\Downloads\simulator-windows-64\IMG\left_2026_09_01_11_21_14_997.jpg, C:\Users\eljes\Downloads\simulator-windows-64\IMG\right_2026_09_01_11_21_14_997.jpg, 0.3229308, 1, 0, 30.18466
C:\Users\eljes\Downloads\simulator-windows-64\IMG\center_2026_09_01_11_21_15_098.jpg, C:\Users\eljes\Downloads\simulator-windows-64\IMG\left_2026_09_01_11_21_15_098.jpg, C:\Users\eljes\Downloads\simulator-windows-64\IMG\right_2026_09_01_11_21_15_098.jpg, 0.2780691, 1, 0, 30.23974
C:\Users\eljes\Downloads\simulator-windows-64\IMG\center_2026_09_01_11_21_15_201.jpg, C:\Users\eljes\Downloads\simulator-windows-64\IMG\left_2026_09_01_11_21_15_201.jpg, C:\Users\eljes\Downloads\simulator-windows-64\IMG\right_2026_09_01_11_21_15_201.jpg, 0, 1, 0, 30.20754
C:\Users\eljes\Downloads\simulator-windows-64\IMG\center_2026_09_01_11_21_15_301.jpg, C:\Users\eljes\Downloads\simulator-windows-64\IMG\left_2026_09_01_11_21_15_301.jpg, C:\Users\eljes\Downloads\simulator-windows-64\IMG\right_2026_09_01_11_21_15_301.jpg, 0, 1, 0, 30.22736
C:\Users\eljes\Downloads\simulator-windows-64\IMG\center_2026_09_01_11_21_15_402.jpg, C:\Users\eljes\Downloads\simulator-windows-64\IMG\left_2026_09_01_11_21_15_402.jpg, C:\Users\eljes\Downloads\simulator-windows-64\IMG\right_2026_09_01_11_21_15_402.jpg, 0.1186182, 1, 0, 30.21672
C:\Users\eljes\Downloads\simulator-windows-64\IMG\center_2026_09_01_11_21_15_504.jpg, C:\Users\eljes\Downloads\simulator-windows-64\IMG\left_2026_09_01_11_21_15_504.jpg, C:\Users\eljes\Downloads\simulator-windows-64\IMG\right_2026_09_01_11_21_15_504.jpg, 0.4088781, 1, 0, 30.21512
C:\Users\eljes\Downloads\simulator-windows-64\IMG\center_2026_09_01_11_21_15_604.jpg, C:\Users\eljes\Downloads\simulator-windows-64\IMG\left_2026_09_01_11_21_15_604.jpg, C:\Users\eljes\Downloads\simulator-windows-64\IMG\right_2026_09_01_11_21_15_604.jpg, 0.2506239, 1, 0, 30.21936
C:\Users\eljes\Downloads\simulator-windows-64\IMG\center_2026_09_01_11_21_15_706.jpg, C:\Users\eljes\Downloads\simulator-windows-64\IMG\left_2026_09_01_11_21_15_706.jpg, C:\Users\eljes\Downloads\simulator-windows-64\IMG\right_2026_09_01_11_21_15_706.jpg, 0, 1, 0, 30.23219
C:\Users\eljes\Downloads\simulator-windows-64\IMG\center_2026_09_01_11_21_15_808.jpg, C:\Users\eljes\Downloads\simulator-windows-64\IMG\left_2026_09_01_11_21_15_808.jpg, C:\Users\eljes\Downloads\simulator-windows-64\IMG\right_2026_09_01_11_21_15_808.jpg, 0, 1, 0, 30.22629
C:\Users\eljes\Downloads\simulator-windows-64\IMG\center_2026_09_01_11_21_15_909.jpg, C:\Users\eljes\Downloads\simulator-windows-64\IMG\left_2026_09_01_11_21_15_909.jpg, C:\Users\eljes\Downloads\simulator-windows-64\IMG\right_2026_09_01_11_21_15_909.jpg, 0.2089251, 1, 0, 30.21999
C:\Users\eljes\Downloads\simulator-windows-64\IMG\center_2026_09_01_11_21_16_011.jpg, C:\Users\eljes\Downloads\simulator-windows-64\IMG\left_2026_09_01_11_21_16_011.jpg, C:\Users\eljes\Downloads\simulator-windows-64\IMG\right_2026_09_01_11_21_16_011.jpg, 0.514895, 1, 0, 30.1734
C:\Users\eljes\Downloads\simulator-windows-64\IMG\center_2026_09_01_11_21_16_112.jpg, C:\Users\eljes\Downloads\simulator-windows-64\IMG\left_2026_09_01_11_21_16_112.jpg, C:\Users\eljes\Downloads\simulator-windows-64\IMG\right_2026_09_01_11_21_16_112.jpg, 0.7662005, 1, 0, 30.15797
C:\Users\eljes\Downloads\simulator-windows-64\IMG\center_2026_09_01_11_21_16_214.jpg, C:\Users\eljes\Downloads\simulator-windows-64\IMG\left_2026_09_01_11_21_16_214.jpg, C:\Users\eljes\Downloads\simulator-windows-64\IMG\right_2026_09_01_11_21_16_214.jpg, 0.4688346, 1, 0, 30.22113
C:\Users\eljes\Downloads\simulator-windows-64\IMG\center_2026_09_01_11_21_16_317.jpg, C:\Users\eljes\Downloads\simulator-windows-64\IMG\left_2026_09_01_11_21_16_317.jpg, C:\Users\eljes\Downloads\simulator-windows-64\IMG\right_2026_09_01_11_21_16_317.jpg, 0.1059678, 1, 0, 30.2161
C:\Users\eljes\Downloads\simulator-windows-64\IMG\center_2026_09_01_11_21_16_420.jpg, C:\Users\eljes\Downloads\simulator-windows-64\IMG\left_2026_09_01_11_21_16_420.jpg, C:\Users\eljes\Downloads\simulator-windows-64\IMG\right_2026_09_01_11_21_16_420.jpg, 0, 1, 0, 30.24208
C:\Users\eljes\Downloads\simulator-windows-64\IMG\center_2026_09_01_11_21_16_520.jpg, C:\Users\eljes\Downloads\simulator-windows-64\IMG\left_2026_09_01_11_21_16_520.jpg, C:\Users\eljes\Downloads\simulator-windows-64\IMG\right_2026_09_01_11_21_16_520.jpg, 0, 1, 0, 30.21818
C:\Users\eljes\Downloads\simulator-windows-64\IMG\center_2026_09_01_11_21_16_622.jpg, C:\Users\eljes\Downloads\simulator-windows-64\IMG\left_2026_09_01_11_21_16_622.jpg, C:\Users\eljes\Downloads\simulator-windows-64\IMG\right_2026_09_01_11_21_16_622.jpg, 0, 1, 0, 30.24305
C:\Users\eljes\Downloads\simulator-windows-64\IMG\center_2026_09_01_11_21_16_723.jpg, C:\Users\eljes\Downloads\simulator-windows-64\IMG\left_2026_09_01_11_21_16_723.jpg, C:\Users\eljes\Downloads\simulator-windows-64\IMG\right_2026_09_01_11_21_16_723.jpg, 0, 1, 0, 30.19836
C:\Users\eljes\Downloads\simulator-windows-64\IMG\center_2026_09_01_11_21_16_826.jpg, C:\Users\eljes\Downloads\simulator-windows-64\IMG\left_2026_09_01_11_21_16_826.jpg, C:\Users\eljes\Downloads\simulator-windows-64\IMG\right_2026_09_01_11_21_16_826.jpg, 0, 1, 0, 30.24024
C:\Users\eljes\Downloads\simulator-windows-64\IMG\center_2026_09_01_11_21_16_927.jpg, C:\Users\eljes\Downloads\simulator-windows-64\IMG\left_2026_09_01_11_21_16_927.jpg, C:\Users\eljes\Downloads\simulator-windows-64\IMG\right_2026_09_01_11_21_16_927.jpg, 0, 1, 0, 30.197
C:\Users\eljes\Downloads\simulator-windows-64\IMG\center_2026_09_01_11_21_17_028.jpg, C:\Users\eljes\Downloads\simulator-windows-64\IMG\left_2026_09_01_11_21_17_028.jpg, C:\Users\eljes\Downloads\simulator-windows-64\IMG\right_2026_09_01_11_21_17_028.jpg, 0, 1, 0, 30.23343
C:\Users\eljes\Downloads\simulator-windows-64\IMG\center_2026_09_01_11_21_17_130.jpg, C:\Users\eljes\Downloads\simulator-windows-64\IMG\left_2026_09_01_11_21_17_130.jpg, C:\Users\eljes\Downloads\simulator-windows-64\IMG\right_2026_09_01_11_21_17_130.jpg, 0, 1, 0, 30.18632
C:\Users\eljes\Downloads\simulator-windows-64\IMG\center_2026_09_01_11_21_17_233.jpg, C:\Users\eljes\Downloads\simulator-windows-64\IMG\left_2026_09_01_11_21_17_233.jpg, C:\Users\eljes\Downloads\simulator-windows-64\IMG\right_2026_09_01_11_21_17_233.jpg, 0, 1, 0, 30.21376
C:\Users\eljes\Downloads\simulator-windows-64\IMG\center_2026_09_01_11_21_17_334.jpg, C:\Users\eljes\Downloads\simulator-windows-64\IMG\left_2026_09_01_11_21_17_334.jpg, C:\Users\eljes\Downloads\simulator-windows-64\IMG\right_2026_09_01_11_21_17_334.jpg, 0, 1, 0, 30.21197
C:\Users\eljes\Downloads\simulator-windows-64\IMG\center_2026_09_01_11_21_17_435.jpg, C:\Users\eljes\Downloads\simulator-windows-64\IMG\left_2026_09_01_11_21_17_435.jpg, C:\Users\eljes\Downloads\simulator-windows-64\IMG\right_2026_09_01_11_21_17_435.jpg, 0, 1, 0, 30.24272
C:\Users\eljes\Downloads\simulator-windows-64\IMG\center_2026_09_01_11_21_17_538.jpg, C:\Users\eljes\Downloads\simulator-windows-64\IMG\left_2026_09_01_11_21_17_538.jpg, C:\Users\eljes\Downloads\simulator-windows-64\IMG\right_2026_09_01_11_21_17_538.jpg, 0.3342201, 1, 0, 30.18098
C:\Users\eljes\Downloads\simulator-windows-64\IMG\center_2026_09_01_11_21_17_639.jpg, C:\Users\eljes\Downloads\simulator-windows-64\IMG\left_2026_09_01_11_21_17_639.jpg, C:\Users\eljes\Downloads\simulator-windows-64\IMG\right_2026_09_01_11_21_17_639.jpg, 0.6294003, 1, 0, 30.19096
C:\Users\eljes\Downloads\simulator-windows-64\IMG\center_2026_09_01_11_21_17_741.jpg, C:\Users\eljes\Downloads\simulator-windows-64\IMG\left_2026_09_01_11_21_17_741.jpg, C:\Users\eljes\Downloads\simulator-windows-64\IMG\right_2026_09_01_11_21_17_741.jpg, 0.6865804, 1, 0, 30.18967
C:\Users\eljes\Downloads\simulator-windows-64\IMG\center_2026_09_01_11_21_17_842.jpg, C:\Users\eljes\Downloads\simulator-windows-64\IMG\left_2026_09_01_11_21_17_842.jpg, C:\Users\eljes\Downloads\simulator-windows-64\IMG\right_2026_09_01_11_21_17_842.jpg, 0.3909196, 1, 0, 30.25793
C:\Users\eljes\Downloads\simulator-windows-64\IMG\center_2026_09_01_11_21_17_946.jpg, C:\Users\eljes\Downloads\simulator-windows-64\IMG\left_2026_09_01_11_21_17_946.jpg, C:\Users\eljes\Downloads\simulator-windows-64\IMG\right_2026_09_01_11_21_17_946.jpg, 0.08422355, 1, 0, 30.24456
C:\Users\eljes\Downloads\simulator-windows-64\IMG\center_2026_09_01_11_21_18_046.jpg, C:\Users\eljes\Downloads\simulator-windows-64\IMG\left_2026_09_01_11_21_18_046.jpg, C:\Users\eljes\Downloads\simulator-windows-64\IMG\right_2026_09_01_11_21_18_046.jpg, 0, 1, 0, 30.23217
C:\Users\eljes\Downloads\simulator-windows-64\IMG\center_2026_09_01_11_21_18_147.jpg, C:\Users\eljes\Downloads\simulator-windows-64\IMG\left_2026_09_01_11_21_18_147.jpg, C:\Users\eljes\Downloads\simulator-windows-64\IMG\right_2026_09_01_11_21_18_147.jpg, 0, 1, 0, 30.242
C:\Users\eljes\Downloads\simulator-windows-64\IMG\center_2026_09_01_11_21_18_249.jpg, C:\Users\eljes\Downloads\simulator-windows-64\IMG\left_2026_09_01_11_21_18_249.jpg, C:\Users\eljes\Downloads\simulator-windows-64\IMG\right_2026_09_01_11_21_18_249.jpg, 0.2396061, 1, 0, 30.24036
C:\Users\eljes\Downloads\simulator-windows-64\IMG\center_2026_09_01_11_21_18_351.jpg, C:\Users\eljes\Downloads\simulator-windows-64\IMG\left_2026_09_01_11_21_18_351.jpg, C:\Users\eljes\Downloads\simulator-windows-64\IMG\right_2026_09_01_11_21_18_351.jpg, 0.5371305, 1, 0, 30.1719
C:\Users\eljes\Downloads\simulator-windows-64\IMG\center_2026_09_01_11_21_18_453.jpg, C:\Users\eljes\Downloads\simulator-windows-64\IMG\left_2026_09_01_11_21_18_453.jpg, C:\Users\eljes\Downloads\simulator-windows-64\IMG\right_2026_09_01_11_21_18_453.jpg, 0.8386527, 1, 0, 30.16531
C:\Users\eljes\Downloads\simulator-windows-64\IMG\center_2026_09_01_11_21_18_555.jpg, C:\Users\eljes\Downloads\simulator-windows-64\IMG\left_2026_09_01_11_21_18_555.jpg, C:\Users\eljes\Downloads\simulator-windows-64\IMG\right_2026_09_01_11_21_18_555.jpg, 0.8903996, 1, 0, 30.15667
C:\Users\eljes\Downloads\simulator-windows-64\IMG\center_2026_09_01_11_21_18_657.jpg, C:\Users\eljes\Downloads\simulator-windows-64\IMG\left_2026_09_01_11_21_18_657.jpg, C:\Users\eljes\Downloads\simulator-windows-64\IMG\right_2026_09_01_11_21_18_657.jpg, 0.5301135, 1, 0, 30.23896
C:\Users\eljes\Downloads\simulator-windows-64\IMG\center_2026_09_01_11_21_18_760.jpg, C:\Users\eljes\Downloads\simulator-windows-64\IMG\left_2026_09_01_11_21_18_760.jpg, C:\Users\eljes\Downloads\simulator-windows-64\IMG\right_2026_09_01_11_21_18_760.jpg, 0.2319221, 1, 0, 30.22618
C:\Users\eljes\Downloads\simulator-windows-64\IMG\center_2026_09_01_11_21_18_861.jpg, C:\Users\eljes\Downloads\simulator-windows-64\IMG\left_2026_09_01_11_21_18_861.jpg, C:\Users\eljes\Downloads\simulator-windows-64\IMG\right_2026_09_01_11_21_18_861.jpg, 0, 1, 0, 30.21095
C:\Users\eljes\Downloads\simulator-windows-64\IMG\center_2026_09_01_11_21_18_963.jpg, C:\Users\eljes\Downloads\simulator-windows-64\IMG\left_2026_09_01_11_21_18_963.jpg, C:\Users\eljes\Downloads\simulator-windows-64\IMG\right_2026_09_01_11_21_18_963.jpg, 0, 1, 0, 12.46105
C:\Users\eljes\Downloads\simulator-windows-64\IMG\center_2026_09_01_11_21_19_064.jpg, C:\Users\eljes\Downloads\simulator-windows-64\IMG\left_2026_09_01_11_21_19_064.jpg, C:\Users\eljes\Downloads\simulator-windows-64\IMG\right_2026_09_01_11_21_19_064.jpg, 0, 1, 0, 10.66576
C:\Users\eljes\Downloads\simulator-windows-64\IMG\center_2026_09_01_11_21_19_166.jpg, C:\Users\eljes\Downloads\simulator-windows-64\IMG\left_2026_09_01_11_21_19_166.jpg, C:\Users\eljes\Downloads\simulator-windows-64\IMG\right_2026_09_01_11_21_19_166.jpg, -0.229965, 1, 0, 8.934183
C:\Users\eljes\Downloads\simulator-windows-64\IMG\center_2026_09_01_11_21_19_267.jpg, C:\Users\eljes\Downloads\simulator-windows-64\IMG\left_2026_09_01_11_21_19_267.jpg, C:\Users\eljes\Downloads\simulator-windows-64\IMG\right_2026_09_01_11_21_19_267.jpg, -0.5288184, 1, 0, 8.331618
C:\Users\eljes\Downloads\simulator-windows-64\IMG\center_2026_09_01_11_21_19_370.jpg, C:\Users\eljes\Downloads\simulator-windows-64\IMG\left_2026_09_01_11_21_19_370.jpg, C:\Users\eljes\Downloads\simulator-windows-64\IMG\right_2026_09_01_11_21_19_370.jpg, -0.8307803, 1, 0, 7.684635
C:\Users\eljes\Downloads\simulator-windows-64\IMG\center_2026_09_01_11_21_19_471.jpg, C:\Users\eljes\Downloads\simulator-windows-64\IMG\left_2026_09_01_11_21_19_471.jpg, C:\Users\eljes\Downloads\simulator-windows-64\IMG\right_2026_09_01_11_21_19_471.jpg, -1, 1, 0, 7.039854
C:\Users\eljes\Downloads\simulator-windows-64\IMG\center_2026_09_01_11_21_19_571.jpg, C:\Users\eljes\Downloads\simulator-windows-64\IMG\left_2026_09_01_11_21_19_571.jpg, C:\Users\eljes\Downloads\simulator-windows-64\IMG\right_2026_09_01_11_21_19_571.jpg, -1, 1, 0, 6.376876
C:\Users\eljes\Downloads\simulator-windows-64\IMG\center_2026_09_01_11_21_19_674.jpg, C:\Users\eljes\Downloads\simulator-windows-64\IMG\left_2026_09_01_11_21_19_674.jpg, C:\Users\eljes\Downloads\simulator-windows-64\IMG\right_2026_09_01_11_21_19_674.jpg, -0.9102229, 1, 0, 5.685557
C:\Users\eljes\Downloads\simulator-windows-64\IMG\center_2026_09_01_11_21_19_775.jpg, C:\Users\eljes\Downloads\simulator-windows-64\IMG\left_2026_09_01_11_21_19_775.jpg, C:\Users\eljes\Downloads\simulator-windows-64\IMG\right_2026_09_01_11_21_19_775.jpg, -0.6093863, 1, 0, 4.989434
C:\Users\eljes\Downloads\simulator-windows-64\IMG\center_2026_09_01_11_21_19_878.jpg, C:\Users\eljes\Downloads\simulator-windows-64\IMG\left_2026_09_01_11_21_19_878.jpg, C:\Users\eljes\Downloads\simulator-windows-64\IMG\right_2026_09_01_11_21_19_878.jpg, -0.2510326, 0, 0.2682513, 3.378858
C:\Users\eljes\Downloads\simulator-windows-64\IMG\center_2026_09_01_11_21_19_979.jpg, C:\Users\eljes\Downloads\simulator-windows-64\IMG\left_2026_09_01_11_21_19_979.jpg, C:\Users\eljes\Downloads\simulator-windows-64\IMG\right_2026_09_01_11_21_19_979.jpg, 0, 0, 0.5742013, 2.260746
C:\Users\eljes\Downloads\simulator-windows-64\IMG\center_2026_09_01_11_21_20_081.jpg, C:\Users\eljes\Downloads\simulator-windows-64\IMG\left_2026_09_01_11_21_20_081.jpg, C:\Users\eljes\Downloads\simulator-windows-64\IMG\right_2026_09_01_11_21_20_081.jpg, 0, 0, 0.8700843, 1.05181
C:\Users\eljes\Downloads\simulator-windows-64\IMG\center_2026_09_01_11_21_20_183.jpg, C:\Users\eljes\Downloads\simulator-windows-64\IMG\left_2026_09_01_11_21_20_183.jpg, C:\Users\eljes\Downloads\simulator-windows-64\IMG\right_2026_09_01_11_21_20_183.jpg, 0, 0, 1, 0.06908935
C:\Users\eljes\Downloads\simulator-windows-64\IMG\center_2026_09_01_11_21_20_284.jpg, C:\Users\eljes\Downloads\simulator-windows-64\IMG\left_2026_09_01_11_21_20_284.jpg, C:\Users\eljes\Downloads\simulator-windows-64\IMG\right_2026_09_01_11_21_20_284.jpg, 0, 0, 1, 0.4198323
C:\Users\eljes\Downloads\simulator-windows-64\IMG\center_2026_09_01_11_21_20_387.jpg, C:\Users\eljes\Downloads\simulator-windows-64\IMG\left_2026_09_01_11_21_20_387.jpg, C:\Users\eljes\Downloads\simulator-windows-64\IMG\right_2026_09_01_11_21_20_387.jpg, 0, 0, 1, 0.7714046
C:\Users\eljes\Downloads\simulator-windows-64\IMG\center_2026_09_01_11_21_20_486.jpg, C:\Users\eljes\Downloads\simulator-windows-64\IMG\left_2026_09_01_11_21_20_486.jpg, C:\Users\eljes\Downloads\simulator-windows-64\IMG\right_2026_09_01_11_21_20_486.jpg, 0, 0, 1, 1.110221
C:\Users\eljes\Downloads\simulator-windows-64\IMG\center_2026_09_01_11_21_20_587.jpg, C:\Users\eljes\Downloads\simulator-windows-64\IMG\left_2026_09_01_11_21_20_587.jpg, C:\Users\eljes\Downloads\simulator-windows-64\IMG\right_2026_09_01_11_21_20_587.jpg, 0, 0, 1, 1.50093
C:\Users\eljes\Downloads\simulator-windows-64\IMG\center_2026_09_01_11_21_20_688.jpg, C:\Users\eljes\Downloads\simulator-windows-64\IMG\left_2026_09_01_11_21_20_688.jpg, C:\Users\eljes\Downloads\simulator-windows-64\IMG\right_2026_09_01_11_21_20_688.jpg, 0, 0, 1, 1.872386
C:\Users\eljes\Downloads\simulator-windows-64\IMG\center_2026_09_01_11_21_20_790.jpg, C:\Users\eljes\Downloads\simulator-windows-64\IMG\left_2026_09_01_11_21_20_790.jpg, C:\Users\eljes\Downloads\simulator-windows-64\IMG\right_2026_09_01_11_21_20_790.jpg, 0, 0, 1, 2.209138
C:\Users\eljes\Downloads\simulator-windows-64\IMG\center_2026_09_01_11_21_20_892.jpg, C:\Users\eljes\Downloads\simulator-windows-64\IMG\left_2026_09_01_11_21_20_892.jpg, C:\Users\eljes\Downloads\simulator-windows-64\IMG\right_2026_09_01_11_21_20_892.jpg, 0, 0, 1, 2.593982
C:\Users\eljes\Downloads\simulator-windows-64\IMG\center_2026_09_01_11_21_20_994.jpg, C:\Users\eljes\Downloads\simulator-windows-64\IMG\left_2026_09_01_11_21_20_994.jpg, C:\Users\eljes\Downloads\simulator-windows-64\IMG\right_2026_09_01_11_21_20_994.jpg, 0, 0, 1, 2.916227
C:\Users\eljes\Downloads\simulator-windows-64\IMG\center_2026_09_01_11_21_21_097.jpg, C:\Users\eljes\Downloads\simulator-windows-64\IMG\left_2026_09_01_11_21_21_097.jpg, C:\Users\eljes\Downloads\simulator-windows-64\IMG\right_2026_09_01_11_21_21_097.jpg, 0, 0, 1, 3.351424
C:\Users\eljes\Downloads\simulator-windows-64\IMG\center_2026_09_01_11_21_21_198.jpg, C:\Users\eljes\Downloads\simulator-windows-64\IMG\left_2026_09_01_11_21_21_198.jpg, C:\Users\eljes\Downloads\simulator-windows-64\IMG\right_2026_09_01_11_21_21_198.jpg, 0, 0, 1, 3.675195
C:\Users\eljes\Downloads\simulator-windows-64\IMG\center_2026_09_01_11_21_21_299.jpg, C:\Users\eljes\Downloads\simulator-windows-64\IMG\left_2026_09_01_11_21_21_299.jpg, C:\Users\eljes\Downloads\simulator-windows-64\IMG\right_2026_09_01_11_21_21_299.jpg, 0, 0, 1, 4.015988
C:\Users\eljes\Downloads\simulator-windows-64\IMG\center_2026_09_01_11_21_21_401.jpg, C:\Users\eljes\Downloads\simulator-windows-64\IMG\left_2026_09_01_11_21_21_401.jpg, C:\Users\eljes\Downloads\simulator-windows-64\IMG\right_2026_09_01_11_21_21_401.jpg, 0, 0, 1, 4.343
C:\Users\eljes\Downloads\simulator-windows-64\IMG\center_2026_09_01_11_21_21_503.jpg, C:\Users\eljes\Downloads\simulator-windows-64\IMG\left_2026_09_01_11_21_21_503.jpg, C:\Users\eljes\Downloads\simulator-windows-64\IMG\right_2026_09_01_11_21_21_503.jpg, 0, 0, 1, 4.665699
C:\Users\eljes\Downloads\simulator-windows-64\IMG\center_2026_09_01_11_21_21_605.jpg, C:\Users\eljes\Downloads\simulator-windows-64\IMG\left_2026_09_01_11_21_21_605.jpg, C:\Users\eljes\Downloads\simulator-windows-64\IMG\right_2026_09_01_11_21_21_605.jpg, 0, 0, 0.7667899, 4.946099
C:\Users\eljes\Downloads\simulator-windows-64\IMG\center_2026_09_01_11_21_21_706.jpg, C:\Users\eljes\Downloads\simulator-windows-64\IMG\left_2026_09_01_11_21_21_706.jpg, C:\Users\eljes\Downloads\simulator-windows-64\IMG\right_2026_09_01_11_21_21_706.jpg, 0, 0, 0.4650768, 5.115793
C:\Users\eljes\Downloads\simulator-windows-64\IMG\center_2026_09_01_11_21_21_806.jpg, C:\Users\eljes\Downloads\simulator-windows-64\IMG\left_2026_09_01_11_21_21_806.jpg, C:\Users\eljes\Downloads\simulator-windows-64\IMG\right_2026_09_01_11_21_21_806.jpg, 0, 0, 0.1648782, 5.175014
C:\Users\eljes\Downloads\simulator-windows-64\IMG\center_2026_09_01_11_21_21_908.jpg, C:\Users\eljes\Downloads\simulator-windows-64\IMG\left_2026_09_01_11_21_21_908.jpg, C:\Users\eljes\Downloads\simulator-windows-64\IMG\right_2026_09_01_11_21_21_908.jpg, 0, 0, 0, 5.138637
C:\Users\eljes\Downloads\simulator-windows-64\IMG\center_2026_09_01_11_21_22_010.jpg, C:\Users\eljes\Downloads\simulator-windows-64\IMG\left_2026_09_01_11_21_22_010.jpg, C:\Users\eljes\Downloads\simulator-windows-64\IMG\right_2026_09_01_11_21_22_010.jpg, 0, 0, 0, 5.08932
C:\Users\eljes\Downloads\simulator-windows-64\IMG\center_2026_09_01_11_21_22_110.jpg, C:\Users\eljes\Downloads\simulator-windows-64\IMG\left_2026_09_01_11_21_22_110.jpg, C:\Users\eljes\Downloads\simulator-windows-64\IMG\right_2026_09_01_11_21_22_110.jpg, -0.0658728, 0, 0, 5.038913
C:\Users\eljes\Downloads\simulator-windows-64\IMG\center_2026_09_01_11_21_22_212.jpg, C:\Users\eljes\Downloads\simulator-windows-64\IMG\left_2026_09_01_11_21_22_212.jpg, C:\Users\eljes\Downloads\simulator-windows-64\IMG\right_2026_09_01_11_21_22_212.jpg, -0.3646797, 0, 0, 4.956984
C:\Users\eljes\Downloads\simulator-windows-64\IMG\center_2026_09_01_11_21_22_312.jpg, C:\Users\eljes\Downloads\simulator-windows-64\IMG\left_2026_09_01_11_21_22_312.jpg, C:\Users\eljes\Downloads\simulator-windows-64\IMG\right_2026_09_01_11_21_22_312.jpg, -0.6651039, 0.0583305, 0, 4.829529
C:\Users\eljes\Downloads\simulator-windows-64\IMG\center_2026_09_01_11_21_22_415.jpg, C:\Users\eljes\Downloads\simulator-windows-64\IMG\left_2026_09_01_11_21_22_415.jpg, C:\Users\eljes\Downloads\simulator-windows-64\IMG\right_2026_09_01_11_21_22_415.jpg, -0.9676529, 0.3608796, 0, 4.403958
C:\Users\eljes\Downloads\simulator-windows-64\IMG\center_2026_09_01_11_21_22_518.jpg, C:\Users\eljes\Downloads\simulator-windows-64\IMG\left_2026_09_01_11_21_22_518.jpg, C:\Users\eljes\Downloads\simulator-windows-64\IMG\right_2026_09_01_11_21_22_518.jpg, -0.9858745, 0.6635948, 0, 3.420225
C:\Users\eljes\Downloads\simulator-windows-64\IMG\center_2026_09_01_11_21_22_620.jpg, C:\Users\eljes\Downloads\simulator-windows-64\IMG\left_2026_09_01_11_21_22_620.jpg, C:\Users\eljes\Downloads\simulator-windows-64\IMG\right_2026_09_01_11_21_22_620.jpg, -0.6904815, 0.3682019, 0, 2.819586
C:\Users\eljes\Downloads\simulator-windows-64\IMG\center_2026_09_01_11_21_22_721.jpg, C:\Users\eljes\Downloads\simulator-windows-64\IMG\left_2026_09_01_11_21_22_721.jpg, C:\Users\eljes\Downloads\simulator-windows-64\IMG\right_2026_09_01_11_21_22_721.jpg, -0.3868803, 0.06460069, 0, 2.594168
C:\Users\eljes\Downloads\simulator-windows-64\IMG\center_2026_09_01_11_21_22_823.jpg, C:\Users\eljes\Downloads\simulator-windows-64\IMG\left_2026_09_01_11_21_22_823.jpg, C:\Users\eljes\Downloads\simulator-windows-64\IMG\right_2026_09_01_11_21_22_823.jpg, -0.09128013, 0, 0, 2.553315
C:\Users\eljes\Downloads\simulator-windows-64\IMG\center_2026_09_01_11_21_22_925.jpg, C:\Users\eljes\Downloads\simulator-windows-64\IMG\left_2026_09_01_11_21_22_925.jpg, C:\Users\eljes\Downloads\simulator-windows-64\IMG\right_2026_09_01_11_21_22_925.jpg, 0, 0, 0, 2.545221
C:\Users\eljes\Downloads\simulator-windows-64\IMG\center_2026_09_01_11_21_23_027.jpg, C:\Users\eljes\Downloads\simulator-windows-64\IMG\left_2026_09_01_11_21_23_027.jpg, C:\Users\eljes\Downloads\simulator-windows-64\IMG\right_2026_09_01_11_21_23_027.jpg, 0, 0, 0, 2.536786
C:\Users\eljes\Downloads\simulator-windows-64\IMG\center_2026_09_01_11_21_23_126.jpg, C:\Users\eljes\Downloads\simulator-windows-64\IMG\left_2026_09_01_11_21_23_126.jpg, C:\Users\eljes\Downloads\simulator-windows-64\IMG\right_2026_09_01_11_21_23_126.jpg, 0, 0, 0, 2.526233
C:\Users\eljes\Downloads\simulator-windows-64\IMG\center_2026_09_01_11_21_23_229.jpg, C:\Users\eljes\Downloads\simulator-windows-64\IMG\left_2026_09_01_11_21_23_229.jpg, C:\Users\eljes\Downloads\simulator-windows-64\IMG\right_2026_09_01_11_21_23_229.jpg, 0, 0, 0, 2.507706
C:\Users\eljes\Downloads\simulator-windows-64\IMG\center_2026_09_01_11_21_23_332.jpg, C:\Users\eljes\Downloads\simulator-windows-64\IMG\left_2026_09_01_11_21_23_332.jpg, C:\Users\eljes\Downloads\simulator-windows-64\IMG\right_2026_09_01_11_21_23_332.jpg, 0, 0.126066, 0, 2.429461
C:\Users\eljes\Downloads\simulator-windows-64\IMG\center_2026_09_01_11_21_23_432.jpg, C:\Users\eljes\Downloads\simulator-windows-64\IMG\left_2026_09_01_11_21_23_432.jpg, C:\Users\eljes\Downloads\simulator-windows-64\IMG\right_2026_09_01_11_21_23_432.jpg, 0, 0.4334219, 0, 2.04185
C:\Users\eljes\Downloads\simulator-windows-64\IMG\center_2026_09_01_11_21_23_533.jpg, C:\Users\eljes\Downloads\simulator-windows-64\IMG\left_2026_09_01_11_21_23_533.jpg, C:\Users\eljes\Downloads\simulator-windows-64\IMG\right_2026_09_01_11_21_23_533.jpg, 0, 0.7338836, 0, 1.352401
C:\Users\eljes\Downloads\simulator-windows-64\IMG\center_2026_09_01_11_21_23_634.jpg, C:\Users\eljes\Downloads\simulator-windows-64\IMG\left_2026_09_01_11_21_23_634.jpg, C:\Users\eljes\Downloads\simulator-windows-64\IMG\right_2026_09_01_11_21_23_634.jpg, 0, 1, 0, 0.2845738
C:\Users\eljes\Downloads\simulator-windows-64\IMG\center_2026_09_01_11_21_23_734.jpg, C:\Users\eljes\Downloads\simulator-windows-64\IMG\left_2026_09_01_11_21_23_734.jpg, C:\Users\eljes\Downloads\simulator-windows-64\IMG\right_2026_09_01_11_21_23_734.jpg, 0, 0.987439, 0, 0.8399958
C:\Users\eljes\Downloads\simulator-windows-64\IMG\center_2026_09_01_11_21_23_837.jpg, C:\Users\eljes\Downloads\simulator-windows-64\IMG\left_2026_09_01_11_21_23_837.jpg, C:\Users\eljes\Downloads\simulator-windows-64\IMG\right_2026_09_01_11_21_23_837.jpg, 0, 0.635925, 0, 1.797936
C:\Users\eljes\Downloads\simulator-windows-64\IMG\center_2026_09_01_11_21_23_937.jpg, C:\Users\eljes\Downloads\simulator-windows-64\IMG\left_2026_09_01_11_21_23_937.jpg, C:\Users\eljes\Downloads\simulator-windows-64\IMG\right_2026_09_01_11_21_23_937.jpg, 0, 0.3352823, 0, 2.233552
C:\Users\eljes\Downloads\simulator-windows-64\IMG\center_2026_09_01_11_21_24_040.jpg, C:\Users\eljes\Downloads\simulator-windows-64\IMG\left_2026_09_01_11_21_24_040.jpg, C:\Users\eljes\Downloads\simulator-windows-64\IMG\right_2026_09_01_11_21_24_040.jpg, 0, 0.03666143, 0, 2.399682
C:\Users\eljes\Downloads\simulator-windows-64\IMG\center_2026_09_01_11_21_24_143.jpg, C:\Users\eljes\Downloads\simulator-windows-64\IMG\left_2026_09_01_11_21_24_143.jpg, C:\Users\eljes\Downloads\simulator-windows-64\IMG\right_2026_09_01_11_21_24_143.jpg, 0, 0, 0, 2.378675
C:\Users\eljes\Downloads\simulator-windows-64\IMG\center_2026_09_01_11_21_24_244.jpg, C:\Users\eljes\Downloads\simulator-windows-64\IMG\left_2026_09_01_11_21_24_244.jpg, C:\Users\eljes\Downloads\simulator-windows-64\IMG\right_2026_09_01_11_21_24_244.jpg, 0, 0, 0, 2.345006
C:\Users\eljes\Downloads\simulator-windows-64\IMG\center_2026_09_01_11_21_24_347.jpg, C:\Users\eljes\Downloads\simulator-windows-64\IMG\left_2026_09_01_11_21_24_347.jpg, C:\Users\eljes\Downloads\simulator-windows-64\IMG\right_2026_09_01_11_21_24_347.jpg, 0, 0, 0, 2.304031
C:\Users\eljes\Downloads\simulator-windows-64\IMG\center_2026_09_01_11_21_24_449.jpg, C:\Users\eljes\Downloads\simulator-windows-64\IMG\left_2026_09_01_11_21_24_449.jpg, C:\Users\eljes\Downloads\simulator-windows-64\IMG\right_2026_09_01_11_21_24_449.jpg, 0, 0, 0, 2.262479
C:\Users\eljes\Downloads\simulator-windows-64\IMG\center_2026_09_01_11_21_24_550.jpg, C:\Users\eljes\Downloads\simulator-windows-64\IMG\left_2026_09_01_11_21_24_550.jpg, C:\Users\eljes\Downloads\simulator-windows-64\IMG\right_2026_09_01_11_21_24_550.jpg, 0, 0, 0, 2.221328
C:\Users\eljes\Downloads\simulator-windows-64\IMG\center_2026_09_01_11_21_24_653.jpg, C:\Users\eljes\Downloads\simulator-windows-64\IMG\left_2026_09_01_11_21_24_653.jpg, C:\Users\eljes\Downloads\simulator-windows-64\IMG\right_2026_09_01_11_21_24_653.jpg, -0.2728386, 0, 0, 2.182607
C:\Users\eljes\Downloads\simulator-windows-64\IMG\center_2026_09_01_11_21_24_754.jpg, C:\Users\eljes\Downloads\simulator-windows-64\IMG\left_2026_09_01_11_21_24_754.jpg, C:\Users\eljes\Downloads\simulator-windows-64\IMG\right_2026_09_01_11_21_24_754.jpg, -0.5709612, 0, 0, 2.144237
C:\Users\eljes\Downloads\simulator-windows-64\IMG\center_2026_09_01_11_21_24_857.jpg, C:\Users\eljes\Downloads\simulator-windows-64\IMG\left_2026_09_01_11_21_24_857.jpg, C:\Users\eljes\Downloads\simulator-windows-64\IMG\right_2026_09_01_11_21_24_857.jpg, -0.931088, 0, 0, 2.096261
C:\Users\eljes\Downloads\simulator-windows-64\IMG\center_2026_09_01_11_21_24_960.jpg, C:\Users\eljes\Downloads\simulator-windows-64\IMG\left_2026_09_01_11_21_24_960.jpg, C:\Users\eljes\Downloads\simulator-windows-64\IMG\right_2026_09_01_11_21_24_960.jpg, -1, 0.2685975, 0, 2.214652
C:\Users\eljes\Downloads\simulator-windows-64\IMG\center_2026_09_01_11_21_25_060.jpg, C:\Users\eljes\Downloads\simulator-windows-64\IMG\left_2026_09_01_11_21_25_060.jpg, C:\Users\eljes\Downloads\simulator-windows-64\IMG\right_2026_09_01_11_21_25_060.jpg, -1, 0.56142, 0, 2.712773
C:\Users\eljes\Downloads\simulator-windows-64\IMG\center_2026_09_01_11_21_25_163.jpg, C:\Users\eljes\Downloads\simulator-windows-64\IMG\left_2026_09_01_11_21_25_163.jpg, C:\Users\eljes\Downloads\simulator-windows-64\IMG\right_2026_09_01_11_21_25_163.jpg, -1, 0.8609939, 0, 3.574322
C:\Users\eljes\Downloads\simulator-windows-64\IMG\center_2026_09_01_11_21_25_265.jpg, C:\Users\eljes\Downloads\simulator-windows-64\IMG\left_2026_09_01_11_21_25_265.jpg, C:\Users\eljes\Downloads\simulator-windows-64\IMG\right_2026_09_01_11_21_25_265.jpg, -1, 1, 0, 4.689346
C:\Users\eljes\Downloads\simulator-windows-64\IMG\center_2026_09_01_11_21_25_365.jpg, C:\Users\eljes\Downloads\simulator-windows-64\IMG\left_2026_09_01_11_21_25_365.jpg, C:\Users\eljes\Downloads\simulator-windows-64\IMG\right_2026_09_01_11_21_25_365.jpg, -1, 1, 0, 5.826251
C:\Users\eljes\Downloads\simulator-windows-64\IMG\center_2026_09_01_11_21_25_467.jpg, C:\Users\eljes\Downloads\simulator-windows-64\IMG\left_2026_09_01_11_21_25_467.jpg, C:\Users\eljes\Downloads\simulator-windows-64\IMG\right_2026_09_01_11_21_25_467.jpg, -1, 1, 0, 6.955706
C:\Users\eljes\Downloads\simulator-windows-64\IMG\center_2026_09_01_11_21_25_568.jpg, C:\Users\eljes\Downloads\simulator-windows-64\IMG\left_2026_09_01_11_21_25_568.jpg, C:\Users\eljes\Downloads\simulator-windows-64\IMG\right_2026_09_01_11_21_25_568.jpg, -1, 1, 0, 8.078791
C:\Users\eljes\Downloads\simulator-windows-64\IMG\center_2026_09_01_11_21_25_670.jpg, C:\Users\eljes\Downloads\simulator-windows-64\IMG\left_2026_09_01_11_21_25_670.jpg, C:\Users\eljes\Downloads\simulator-windows-64\IMG\right_2026_09_01_11_21_25_670.jpg, -1, 1, 0, 9.196436
C:\Users\eljes\Downloads\simulator-windows-64\IMG\center_2026_09_01_11_21_25_771.jpg, C:\Users\eljes\Downloads\simulator-windows-64\IMG\left_2026_09_01_11_21_25_771.jpg, C:\Users\eljes\Downloads\simulator-windows-64\IMG\right_2026_09_01_11_21_25_771.jpg, -1, 1, 0, 10.3094
C:\Users\eljes\Downloads\simulator-windows-64\IMG\center_2026_09_01_11_21_25_874.jpg, C:\Users\eljes\Downloads\simulator-windows-64\IMG\left_2026_09_01_11_21_25_874.jpg, C:\Users\eljes\Downloads\simulator-windows-64\IMG\right_2026_09_01_11_21_25_874.jpg, -1, 1, 0, 11.41816
C:\Users\eljes\Downloads\simulator-windows-64\IMG\center_2026_09_01_11_21_25_975.jpg, C:\Users\eljes\Downloads\simulator-windows-64\IMG\left_2026_09_01_11_21_25_975.jpg, C:\Users\eljes\Downloads\simulator-windows-64\IMG\right_2026_09_01_11_21_25_975.jpg, -1, 1, 0, 12.8147
C:\Users\eljes\Downloads\simulator-windows-64\IMG\center_2026_09_01_11_21_26_077.jpg, C:\Users\eljes\Downloads\simulator-windows-64\IMG\left_2026_09_01_11_21_26_077.jpg, C:\Users\eljes\Downloads\simulator-windows-64\IMG\right_2026_09_01_11_21_26_077.jpg, -1, 1, 0, 13.69316
C:\Users\eljes\Downloads\simulator-windows-64\IMG\center_2026_09_01_11_21_26_178.jpg, C:\Users\eljes\Downloads\simulator-windows-64\IMG\left_2026_09_01_11_21_26_178.jpg, C:\Users\eljes\Downloads\simulator-windows-64\IMG\right_2026_09_01_11_21_26_178.jpg, -1, 1, 0, 5.201906
C:\Users\eljes\Downloads\simulator-windows-64\IMG\center_2026_09_01_11_21_26_280.jpg, C:\Users\eljes\Downloads\simulator-windows-64\IMG\left_2026_09_01_11_21_26_280.jpg, C:\Users\eljes\Downloads\simulator-windows-64\IMG\right_2026_09_01_11_21_26_280.jpg, -1, 1, 0, 4.322851
C:\Users\eljes\Downloads\simulator-windows-64\IMG\center_2026_09_01_11_21_26_380.jpg, C:\Users\eljes\Downloads\simulator-windows-64\IMG\left_2026_09_01_11_21_26_380.jpg, C:\Users\eljes\Downloads\simulator-windows-64\IMG\right_2026_09_01_11_21_26_380.jpg, -1, 1, 0, 3.685642
C:\Users\eljes\Downloads\simulator-windows-64\IMG\center_2026_09_01_11_21_26_481.jpg, C:\Users\eljes\Downloads\simulator-windows-64\IMG\left_2026_09_01_11_21_26_481.jpg, C:\Users\eljes\Downloads\simulator-windows-64\IMG\right_2026_09_01_11_21_26_481.jpg, -1, 1, 0, 3.046905
C:\Users\eljes\Downloads\simulator-windows-64\IMG\center_2026_09_01_11_21_26_583.jpg, C:\Users\eljes\Downloads\simulator-windows-64\IMG\left_2026_09_01_11_21_26_583.jpg, C:\Users\eljes\Downloads\simulator-windows-64\IMG\right_2026_09_01_11_21_26_583.jpg, -1, 1, 0, 2.382317
C:\Users\eljes\Downloads\simulator-windows-64\IMG\center_2026_09_01_11_21_26_685.jpg, C:\Users\eljes\Downloads\simulator-windows-64\IMG\left_2026_09_01_11_21_26_685.jpg, C:\Users\eljes\Downloads\simulator-windows-64\IMG\right_2026_09_01_11_21_26_685.jpg, -0.6958435, 0.7173703, 0, 1.643685
C:\Users\eljes\Downloads\simulator-windows-64\IMG\center_2026_09_01_11_21_26_787.jpg, C:\Users\eljes\Downloads\simulator-windows-64\IMG\left_2026_09_01_11_21_26_787.jpg, C:\Users\eljes\Downloads\simulator-windows-64\IMG\right_2026_09_01_11_21_26_787.jpg, -0.3965866, 0, 0.2354196, 0.749997
C:\Users\eljes\Downloads\simulator-windows-64\IMG\center_2026_09_01_11_21_26_888.jpg, C:\Users\eljes\Downloads\simulator-windows-64\IMG\left_2026_09_01_11_21_26_888.jpg, C:\Users\eljes\Downloads\simulator-windows-64\IMG\right_2026_09_01_11_21_26_888.jpg, -0.09990731, 0, 0.5320988, 0.04316227
C:\Users\eljes\Downloads\simulator-windows-64\IMG\center_2026_09_01_11_21_26_989.jpg, C:\Users\eljes\Downloads\simulator-windows-64\IMG\left_2026_09_01_11_21_26_989.jpg, C:\Users\eljes\Downloads\simulator-windows-64\IMG\right_2026_09_01_11_21_26_989.jpg, 0, 0, 0.8341648, 0.2611056
C:\Users\eljes\Downloads\simulator-windows-64\IMG\center_2026_09_01_11_21_27_089.jpg, C:\Users\eljes\Downloads\simulator-windows-64\IMG\left_2026_09_01_11_21_27_089.jpg, C:\Users\eljes\Downloads\simulator-windows-64\IMG\right_2026_09_01_11_21_27_089.jpg, 0, 0, 1, 0.6060259
C:\Users\eljes\Downloads\simulator-windows-64\IMG\center_2026_09_01_11_21_27_190.jpg, C:\Users\eljes\Downloads\simulator-windows-64\IMG\left_2026_09_01_11_21_27_190.jpg, C:\Users\eljes\Downloads\simulator-windows-64\IMG\right_2026_09_01_11_21_27_190.jpg, 0, 0, 1, 0.9390212
C:\Users\eljes\Downloads\simulator-windows-64\IMG\center_2026_09_01_11_21_27_291.jpg, C:\Users\eljes\Downloads\simulator-windows-64\IMG\left_2026_09_01_11_21_27_291.jpg, C:\Users\eljes\Downloads\simulator-windows-64\IMG\right_2026_09_01_11_21_27_291.jpg, 0, 0, 1, 1.28606
C:\Users\eljes\Downloads\simulator-windows-64\IMG\center_2026_09_01_11_21_27_393.jpg, C:\Users\eljes\Downloads\simulator-windows-64\IMG\left_2026_09_01_11_21_27_393.jpg, C:\Users\eljes\Downloads\simulator-windows-64\IMG\right_2026_09_01_11_21_27_393.jpg, 0, 0, 1, 1.617861
C:\Users\eljes\Downloads\simulator-windows-64\IMG\center_2026_09_01_11_21_27_494.jpg, C:\Users\eljes\Downloads\simulator-windows-64\IMG\left_2026_09_01_11_21_27_494.jpg, C:\Users\eljes\Downloads\simulator-windows-64\IMG\right_2026_09_01_11_21_27_494.jpg, 0, 0, 1, 1.965007
C:\Users\eljes\Downloads\simulator-windows-64\IMG\center_2026_09_01_11_21_27_598.jpg, C:\Users\eljes\Downloads\simulator-windows-64\IMG\left_2026_09_01_11_21_27_598.jpg, C:\Users\eljes\Downloads\simulator-windows-64\IMG\right_2026_09_01_11_21_27_598.jpg, 0, 0, 1, 2.355172
C:\Users\eljes\Downloads\simulator-windows-64\IMG\center_2026_09_01_11_21_27_698.jpg, C:\Users\eljes\Downloads\simulator-windows-64\IMG\left_2026_09_01_11_21_27_698.jpg, C:\Users\eljes\Downloads\simulator-windows-64\IMG\right_2026_09_01_11_21_27_698.jpg, 0.2038011, 0, 1, 2.709577
C:\Users\eljes\Downloads\simulator-windows-64\IMG\center_2026_09_01_11_21_27_800.jpg, C:\Users\eljes\Downloads\simulator-windows-64\IMG\left_2026_09_01_11_21_27_800.jpg, C:\Users\eljes\Downloads\simulator-windows-64\IMG\right_2026_09_01_11_21_27_800.jpg, 0.499476, 0, 1, 3.026413
C:\Users\eljes\Downloads\simulator-windows-64\IMG\center_2026_09_01_11_21_27_903.jpg, C:\Users\eljes\Downloads\simulator-windows-64\IMG\left_2026_09_01_11_21_27_903.jpg, C:\Users\eljes\Downloads\simulator-windows-64\IMG\right_2026_09_01_11_21_27_903.jpg, 0.7833691, 0, 1, 3.310781
C:\Users\eljes\Downloads\simulator-windows-64\IMG\center_2026_09_01_11_21_28_005.jpg, C:\Users\eljes\Downloads\simulator-windows-64\IMG\left_2026_09_01_11_21_28_005.jpg, C:\Users\eljes\Downloads\simulator-windows-64\IMG\right_2026_09_01_11_21_28_005.jpg, 0.4945022, 0, 1, 3.659207
C:\Users\eljes\Downloads\simulator-windows-64\IMG\center_2026_09_01_11_21_28_107.jpg, C:\Users\eljes\Downloads\simulator-windows-64\IMG\left_2026_09_01_11_21_28_107.jpg, C:\Users\eljes\Downloads\simulator-windows-64\IMG\right_2026_09_01_11_21_28_107.jpg, 0.1900181, 0, 1, 3.970741
C:\Users\eljes\Downloads\simulator-windows-64\IMG\center_2026_09_01_11_21_28_209.jpg, C:\Users\eljes\Downloads\simulator-windows-64\IMG\left_2026_09_01_11_21_28_209.jpg, C:\Users\eljes\Downloads\simulator-windows-64\IMG\right_2026_09_01_11_21_28_209.jpg, 0, 0, 1, 4.271019
C:\Users\eljes\Downloads\simulator-windows-64\IMG\center_2026_09_01_11_21_28_309.jpg, C:\Users\eljes\Downloads\simulator-windows-64\IMG\left_2026_09_01_11_21_28_309.jpg, C:\Users\eljes\Downloads\simulator-windows-64\IMG\right_2026_09_01_11_21_28_309.jpg, 0.133581, 0, 1, 4.570091
C:\Users\eljes\Downloads\simulator-windows-64\IMG\center_2026_09_01_11_21_28_411.jpg, C:\Users\eljes\Downloads\simulator-windows-64\IMG\left_2026_09_01_11_21_28_411.jpg, C:\Users\eljes\Downloads\simulator-windows-64\IMG\right_2026_09_01_11_21_28_411.jpg, 0.4388739, 0, 1, 4.852652
C:\Users\eljes\Downloads\simulator-windows-64\IMG\center_2026_09_01_11_21_28_512.jpg, C:\Users\eljes\Downloads\simulator-windows-64\IMG\left_2026_09_01_11_21_28_512.jpg, C:\Users\eljes\Downloads\simulator-windows-64\IMG\right_2026_09_01_11_21_28_512.jpg, 0.7360781, 0, 1, 5.11211
C:\Users\eljes\Downloads\simulator-windows-64\IMG\center_2026_09_01_11_21_28_613.jpg, C:\Users\eljes\Downloads\simulator-windows-64\IMG\left_2026_09_01_11_21_28_613.jpg, C:\Users\eljes\Downloads\simulator-windows-64\IMG\right_2026_09_01_11_21_28_613.jpg, 0.6637205, 0, 1, 5.389888
C:\Users\eljes\Downloads\simulator-windows-64\IMG\center_2026_09_01_11_21_28_715.jpg, C:\Users\eljes\Downloads\simulator-windows-64\IMG\left_2026_09_01_11_21_28_715.jpg, C:\Users\eljes\Downloads\simulator-windows-64\IMG\right_2026_09_01_11_21_28_715.jpg, 0.3652614, 0, 1, 5.694401
C:\Users\eljes\Downloads\simulator-windows-64\IMG\center_2026_09_01_11_21_28_817.jpg, C:\Users\eljes\Downloads\simulator-windows-64\IMG\left_2026_09_01_11_21_28_817.jpg, C:\Users\eljes\Downloads\simulator-windows-64\IMG\right_2026_09_01_11_21_28_817.jpg, 0.004252213, 0, 1, 6.017639
C:\Users\eljes\Downloads\simulator-windows-64\IMG\center_2026_09_01_11_21_28_919.jpg, C:\Users\eljes\Downloads\simulator-windows-64\IMG\left_2026_09_01_11_21_28_919.jpg, C:\Users\eljes\Downloads\simulator-windows-64\IMG\right_2026_09_01_11_21_28_919.jpg, 0, 0, 1, 6.28254
C:\Users\eljes\Downloads\simulator-windows-64\IMG\center_2026_09_01_11_21_29_022.jpg, C:\Users\eljes\Downloads\simulator-windows-64\IMG\left_2026_09_01_11_21_29_022.jpg, C:\Users\eljes\Downloads\simulator-windows-64\IMG\right_2026_09_01_11_21_29_022.jpg, -0.1298136, 0, 1, 6.542804
C:\Users\eljes\Downloads\simulator-windows-64\IMG\center_2026_09_01_11_21_29_123.jpg, C:\Users\eljes\Downloads\simulator-windows-64\IMG\left_2026_09_01_11_21_29_123.jpg, C:\Users\eljes\Downloads\simulator-windows-64\IMG\right_2026_09_01_11_21_29_123.jpg, -0.4247574, 0, 1, 6.75991
C:\Users\eljes\Downloads\simulator-windows-64\IMG\center_2026_09_01_11_21_29_227.jpg, C:\Users\eljes\Downloads\simulator-windows-64\IMG\left_2026_09_01_11_21_29_227.jpg, C:\Users\eljes\Downloads\simulator-windows-64\IMG\right_2026_09_01_11_21_29_227.jpg, -0.7189785, 0, 1, 6.933249
C:\Users\eljes\Downloads\simulator-windows-64\IMG\center_2026_09_01_11_21_29_330.jpg, C:\Users\eljes\Downloads\simulator-windows-64\IMG\left_2026_09_01_11_21_29_330.jpg, C:\Users\eljes\Downloads\simulator-windows-64\IMG\right_2026_09_01_11_21_29_330.jpg, -1, 0.1743873, 0, 6.647092
C:\Users\eljes\Downloads\simulator-windows-64\IMG\center_2026_09_01_11_21_29_432.jpg, C:\Users\eljes\Downloads\simulator-windows-64\IMG\left_2026_09_01_11_21_29_432.jpg, C:\Users\eljes\Downloads\simulator-windows-64\IMG\right_2026_09_01_11_21_29_432.jpg, -1, 0.4743015, 0, 6.073577
C:\Users\eljes\Downloads\simulator-windows-64\IMG\center_2026_09_01_11_21_29_535.jpg, C:\Users\eljes\Downloads\simulator-windows-64\IMG\left_2026_09_01_11_21_29_535.jpg, C:\Users\eljes\Downloads\simulator-windows-64\IMG\right_2026_09_01_11_21_29_535.jpg, -1, 0.6510733, 0, 5.212831
C:\Users\eljes\Downloads\simulator-windows-64\IMG\center_2026_09_01_11_21_29_635.jpg, C:\Users\eljes\Downloads\simulator-windows-64\IMG\left_2026_09_01_11_21_29_635.jpg, C:\Users\eljes\Downloads\simulator-windows-64\IMG\right_2026_09_01_11_21_29_635.jpg, -1, 0.6510733, 0, 4.319014
C:\Users\eljes\Downloads\simulator-windows-64\IMG\center_2026_09_01_11_21_29_738.jpg, C:\Users\eljes\Downloads\simulator-windows-64\IMG\left_2026_09_01_11_21_29_738.jpg, C:\Users\eljes\Downloads\simulator-windows-64\IMG\right_2026_09_01_11_21_29_738.jpg, -1, 0.6510733, 0, 3.279151
C:\Users\eljes\Downloads\simulator-windows-64\IMG\center_2026_09_01_11_21_29_840.jpg, C:\Users\eljes\Downloads\simulator-windows-64\IMG\left_2026_09_01_11_21_29_840.jpg, C:\Users\eljes\Downloads\simulator-windows-64\IMG\right_2026_09_01_11_21_29_840.jpg, -1, 0.6510733, 0, 2.402401
C:\Users\eljes\Downloads\simulator-windows-64\IMG\center_2026_09_01_11_21_29_940.jpg, C:\Users\eljes\Downloads\simulator-windows-64\IMG\left_2026_09_01_11_21_29_940.jpg, C:\Users\eljes\Downloads\simulator-windows-64\IMG\right_2026_09_01_11_21_29_940.jpg, -1, 0.6510733, 0, 1.568019
C:\Users\eljes\Downloads\simulator-windows-64\IMG\center_2026_09_01_11_21_30_042.jpg, C:\Users\eljes\Downloads\simulator-windows-64\IMG\left_2026_09_01_11_21_30_042.jpg, C:\Users\eljes\Downloads\simulator-windows-64\IMG\right_2026_09_01_11_21_30_042.jpg, -1, 0.6510733, 0, 0.8005382
C:\Users\eljes\Downloads\simulator-windows-64\IMG\center_2026_09_01_11_21_30_143.jpg, C:\Users\eljes\Downloads\simulator-windows-64\IMG\left_2026_09_01_11_21_30_143.jpg, C:\Users\eljes\Downloads\simulator-windows-64\IMG\right_2026_09_01_11_21_30_143.jpg, -1, 0.6510733, 0, 0.07313944
C:\Users\eljes\Downloads\simulator-windows-64\IMG\center_2026_09_01_11_21_30_245.jpg, C:\Users\eljes\Downloads\simulator-windows-64\IMG\left_2026_09_01_11_21_30_245.jpg, C:\Users\eljes\Downloads\simulator-windows-64\IMG\right_2026_09_01_11_21_30_245.jpg, -1, 0.6510733, 0, 0.5981796
C:\Users\eljes\Downloads\simulator-windows-64\IMG\center_2026_09_01_11_21_30_346.jpg, C:\Users\eljes\Downloads\simulator-windows-64\IMG\left_2026_09_01_11_21_30_346.jpg, C:\Users\eljes\Downloads\simulator-windows-64\IMG\right_2026_09_01_11_21_30_346.jpg, -1, 0.6510733, 0, 1.224111
C:\Users\eljes\Downloads\simulator-windows-64\IMG\center_2026_09_01_11_21_30_448.jpg, C:\Users\eljes\Downloads\simulator-windows-64\IMG\left_2026_09_01_11_21_30_448.jpg, C:\Users\eljes\Downloads\simulator-windows-64\IMG\right_2026_09_01_11_21_30_448.jpg, -1, 0.7013146, 0, 1.851965
C:\Users\eljes\Downloads\simulator-windows-64\IMG\center_2026_09_01_11_21_30_547.jpg, C:\Users\eljes\Downloads\simulator-windows-64\IMG\left_2026_09_01_11_21_30_547.jpg, C:\Users\eljes\Downloads\simulator-windows-64\IMG\right_2026_09_01_11_21_30_547.jpg, -1, 1, 0, 2.73412
C:\Users\eljes\Downloads\simulator-windows-64\IMG\center_2026_09_01_11_21_30_650.jpg, C:\Users\eljes\Downloads\simulator-windows-64\IMG\left_2026_09_01_11_21_30_650.jpg, C:\Users\eljes\Downloads\simulator-windows-64\IMG\right_2026_09_01_11_21_30_650.jpg, -1, 1, 0, 3.829648
C:\Users\eljes\Downloads\simulator-windows-64\IMG\center_2026_09_01_11_21_30_752.jpg, C:\Users\eljes\Downloads\simulator-windows-64\IMG\left_2026_09_01_11_21_30_752.jpg, C:\Users\eljes\Downloads\simulator-windows-64\IMG\right_2026_09_01_11_21_30_752.jpg, -1, 1, 0, 4.984596
C:\Users\eljes\Downloads\simulator-windows-64\IMG\center_2026_09_01_11_21_30_854.jpg, C:\Users\eljes\Downloads\simulator-windows-64\IMG\left_2026_09_01_11_21_30_854.jpg, C:\Users\eljes\Downloads\simulator-windows-64\IMG\right_2026_09_01_11_21_30_854.jpg, -1, 1, 0, 6.129558
C:\Users\eljes\Downloads\simulator-windows-64\IMG\center_2026_09_01_11_21_30_956.jpg, C:\Users\eljes\Downloads\simulator-windows-64\IMG\left_2026_09_01_11_21_30_956.jpg, C:\Users\eljes\Downloads\simulator-windows-64\IMG\right_2026_09_01_11_21_30_956.jpg, -1, 0, 0.0182589, 7.183418
C:\Users\eljes\Downloads\simulator-windows-64\IMG\center_2026_09_01_11_21_31_058.jpg, C:\Users\eljes\Downloads\simulator-windows-64\IMG\left_2026_09_01_11_21_31_058.jpg, C:\Users\eljes\Downloads\simulator-windows-64\IMG\right_2026_09_01_11_21_31_058.jpg, -0.7661641, 0, 0.3222459, 5.756506
C:\Users\eljes\Downloads\simulator-windows-64\IMG\center_2026_09_01_11_21_31_162.jpg, C:\Users\eljes\Downloads\simulator-windows-64\IMG\left_2026_09_01_11_21_31_162.jpg, C:\Users\eljes\Downloads\simulator-windows-64\IMG\right_2026_09_01_11_21_31_162.jpg, -0.4663907, 0, 0.6220193, 4.67426
C:\Users\eljes\Downloads\simulator-windows-64\IMG\center_2026_09_01_11_21_31_265.jpg, C:\Users\eljes\Downloads\simulator-windows-64\IMG\left_2026_09_01_11_21_31_265.jpg, C:\Users\eljes\Downloads\simulator-windows-64\IMG\right_2026_09_01_11_21_31_265.jpg, -0.7684138, 0, 0.9240425, 4.360143
C:\Users\eljes\Downloads\simulator-windows-64\IMG\center_2026_09_01_11_21_31_366.jpg, C:\Users\eljes\Downloads\simulator-windows-64\IMG\left_2026_09_01_11_21_31_366.jpg, C:\Users\eljes\Downloads\simulator-windows-64\IMG\right_2026_09_01_11_21_31_366.jpg, -1, 0, 1, 3.94776
C:\Users\eljes\Downloads\simulator-windows-64\IMG\center_2026_09_01_11_21_31_466.jpg, C:\Users\eljes\Downloads\simulator-windows-64\IMG\left_2026_09_01_11_21_31_466.jpg, C:\Users\eljes\Downloads\simulator-windows-64\IMG\right_2026_09_01_11_21_31_466.jpg, -1, 0, 1, 3.587606
C:\Users\eljes\Downloads\simulator-windows-64\IMG\center_2026_09_01_11_21_31_567.jpg, C:\Users\eljes\Downloads\simulator-windows-64\IMG\left_2026_09_01_11_21_31_567.jpg, C:\Users\eljes\Downloads\simulator-windows-64\IMG\right_2026_09_01_11_21_31_567.jpg, -1, 0, 1, 3.208901
C:\Users\eljes\Downloads\simulator-windows-64\IMG\center_2026_09_01_11_21_31_667.jpg, C:\Users\eljes\Downloads\simulator-windows-64\IMG\left_2026_09_01_11_21_31_667.jpg, C:\Users\eljes\Downloads\simulator-windows-64\IMG\right_2026_09_01_11_21_31_667.jpg, -1, 0, 1, 2.870621
C:\Users\eljes\Downloads\simulator-windows-64\IMG\center_2026_09_01_11_21_31_769.jpg, C:\Users\eljes\Downloads\simulator-windows-64\IMG\left_2026_09_01_11_21_31_769.jpg, C:\Users\eljes\Downloads\simulator-windows-64\IMG\right_2026_09_01_11_21_31_769.jpg, -0.7345746, 0, 1, 2.546125
C:\Users\eljes\Downloads\simulator-windows-64\IMG\center_2026_09_01_11_21_31_870.jpg, C:\Users\eljes\Downloads\simulator-windows-64\IMG\left_2026_09_01_11_21_31_870.jpg, C:\Users\eljes\Downloads\simulator-windows-64\IMG\right_2026_09_01_11_21_31_870.jpg, -0.4308134, 0, 0.8410969, 2.285942
C:\Users\eljes\Downloads\simulator-windows-64\IMG\center_2026_09_01_11_21_31_970.jpg, C:\Users\eljes\Downloads\simulator-windows-64\IMG\left_2026_09_01_11_21_31_970.jpg, C:\Users\eljes\Downloads\simulator-windows-64\IMG\right_2026_09_01_11_21_31_970.jpg, -0.1284174, 0, 0.6804922, 2.02537
C:\Users\eljes\Downloads\simulator-windows-64\IMG\center_2026_09_01_11_21_32_071.jpg, C:\Users\eljes\Downloads\simulator-windows-64\IMG\left_2026_09_01_11_21_32_071.jpg, C:\Users\eljes\Downloads\simulator-windows-64\IMG\right_2026_09_01_11_21_32_071.jpg, 0, 0, 0.6278889, 1.767536
C:\Users\eljes\Downloads\simulator-windows-64\IMG\center_2026_09_01_11_21_32_171.jpg, C:\Users\eljes\Downloads\simulator-windows-64\IMG\left_2026_09_01_11_21_32_171.jpg, C:\Users\eljes\Downloads\simulator-windows-64\IMG\right_2026_09_01_11_21_32_171.jpg, 0, 0, 0.3238599, 1.652994
C:\Users\eljes\Downloads\simulator-windows-64\IMG\center_2026_09_01_11_21_32_272.jpg, C:\Users\eljes\Downloads\simulator-windows-64\IMG\left_2026_09_01_11_21_32_272.jpg, C:\Users\eljes\Downloads\simulator-windows-64\IMG\right_2026_09_01_11_21_32_272.jpg, 0, 0, 0.02990458, 1.639522
C:\Users\eljes\Downloads\simulator-windows-64\IMG\center_2026_09_01_11_21_32_374.jpg, C:\Users\eljes\Downloads\simulator-windows-64\IMG\left_2026_09_01_11_21_32_374.jpg, C:\Users\eljes\Downloads\simulator-windows-64\IMG\right_2026_09_01_11_21_32_374.jpg, 0, 0, 0, 1.635299
C:\Users\eljes\Downloads\simulator-windows-64\IMG\center_2026_09_01_11_21_32_475.jpg, C:\Users\eljes\Downloads\simulator-windows-64\IMG\left_2026_09_01_11_21_32_475.jpg, C:\Users\eljes\Downloads\simulator-windows-64\IMG\right_2026_09_01_11_21_32_475.jpg, 0, 0, 0, 1.661044
C:\Users\eljes\Downloads\simulator-windows-64\IMG\center_2026_09_01_11_21_32_576.jpg, C:\Users\eljes\Downloads\simulator-windows-64\IMG\left_2026_09_01_11_21_32_576.jpg, C:\Users\eljes\Downloads\simulator-windows-64\IMG\right_2026_09_01_11_21_32_576.jpg, 0, 0, 0, 1.691596
C:\Users\eljes\Downloads\simulator-windows-64\IMG\center_2026_09_01_11_21_32_679.jpg, C:\Users\eljes\Downloads\simulator-windows-64\IMG\left_2026_09_01_11_21_32_679.jpg, C:\Users\eljes\Downloads\simulator-windows-64\IMG\right_2026_09_01_11_21_32_679.jpg, 0, 0, 0.0104943, 1.674517
C:\Users\eljes\Downloads\simulator-windows-64\IMG\center_2026_09_01_11_21_32_781.jpg, C:\Users\eljes\Downloads\simulator-windows-64\IMG\left_2026_09_01_11_21_32_781.jpg, C:\Users\eljes\Downloads\simulator-windows-64\IMG\right_2026_09_01_11_21_32_781.jpg, 0, 0, 0.3079923, 1.696666
C:\Users\eljes\Downloads\simulator-windows-64\IMG\center_2026_09_01_11_21_32_884.jpg, C:\Users\eljes\Downloads\simulator-windows-64\IMG\left_2026_09_01_11_21_32_884.jpg, C:\Users\eljes\Downloads\simulator-windows-64\IMG\right_2026_09_01_11_21_32_884.jpg, 0, 0, 0.5822502, 1.514963
C:\Users\eljes\Downloads\simulator-windows-64\IMG\center_2026_09_01_11_21_32_986.jpg, C:\Users\eljes\Downloads\simulator-windows-64\IMG\left_2026_09_01_11_21_32_986.jpg, C:\Users\eljes\Downloads\simulator-windows-64\IMG\right_2026_09_01_11_21_32_986.jpg, 0, 0, 0.282944, 1.405631
C:\Users\eljes\Downloads\simulator-windows-64\IMG\center_2026_09_01_11_21_33_088.jpg, C:\Users\eljes\Downloads\simulator-windows-64\IMG\left_2026_09_01_11_21_33_088.jpg, C:\Users\eljes\Downloads\simulator-windows-64\IMG\right_2026_09_01_11_21_33_088.jpg, 0, 0, 0, 1.393193
C:\Users\eljes\Downloads\simulator-windows-64\IMG\center_2026_09_01_11_21_33_190.jpg, C:\Users\eljes\Downloads\simulator-windows-64\IMG\left_2026_09_01_11_21_33_190.jpg, C:\Users\eljes\Downloads\simulator-windows-64\IMG\right_2026_09_01_11_21_33_190.jpg, 0, 0, 0, 1.421465
C:\Users\eljes\Downloads\simulator-windows-64\IMG\center_2026_09_01_11_21_33_291.jpg, C:\Users\eljes\Downloads\simulator-windows-64\IMG\left_2026_09_01_11_21_33_291.jpg, C:\Users\eljes\Downloads\simulator-windows-64\IMG\right_2026_09_01_11_21_33_291.jpg, 0, 0, 0, 1.449514
C:\Users\eljes\Downloads\simulator-windows-64\IMG\center_2026_09_01_11_21_33_391.jpg, C:\Users\eljes\Downloads\simulator-windows-64\IMG\left_2026_09_01_11_21_33_391.jpg, C:\Users\eljes\Downloads\simulator-windows-64\IMG\right_2026_09_01_11_21_33_391.jpg, 0, 0, 0, 1.477281
C:\Users\eljes\Downloads\simulator-windows-64\IMG\center_2026_09_01_11_21_33_494.jpg, C:\Users\eljes\Downloads\simulator-windows-64\IMG\left_2026_09_01_11_21_33_494.jpg, C:\Users\eljes\Downloads\simulator-windows-64\IMG\right_2026_09_01_11_21_33_494.jpg, 0, 0, 0, 1.504768
C:\Users\eljes\Downloads\simulator-windows-64\IMG\center_2026_09_01_11_21_33_596.jpg, C:\Users\eljes\Downloads\simulator-windows-64\IMG\left_2026_09_01_11_21_33_596.jpg, C:\Users\eljes\Downloads\simulator-windows-64\IMG\right_2026_09_01_11_21_33_596.jpg, 0, 0, 0.16155, 1.510898
C:\Users\eljes\Downloads\simulator-windows-64\IMG\center_2026_09_01_11_21_33_698.jpg, C:\Users\eljes\Downloads\simulator-windows-64\IMG\left_2026_09_01_11_21_33_698.jpg, C:\Users\eljes\Downloads\simulator-windows-64\IMG\right_2026_09_01_11_21_33_698.jpg, 0, 0, 0.4671566, 1.395254
C:\Users\eljes\Downloads\simulator-windows-64\IMG\center_2026_09_01_11_21_33_800.jpg, C:\Users\eljes\Downloads\simulator-windows-64\IMG\left_2026_09_01_11_21_33_800.jpg, C:\Users\eljes\Downloads\simulator-windows-64\IMG\right_2026_09_01_11_21_33_800.jpg, 0, 0, 0.7624581, 1.204138
C:\Users\eljes\Downloads\simulator-windows-64\IMG\center_2026_09_01_11_21_33_901.jpg, C:\Users\eljes\Downloads\simulator-windows-64\IMG\left_2026_09_01_11_21_33_901.jpg, C:\Users\eljes\Downloads\simulator-windows-64\IMG\right_2026_09_01_11_21_33_901.jpg, 0, 0, 1, 0.9049931
C:\Users\eljes\Downloads\simulator-windows-64\IMG\center_2026_09_01_11_21_34_002.jpg, C:\Users\eljes\Downloads\simulator-windows-64\IMG\left_2026_09_01_11_21_34_002.jpg, C:\Users\eljes\Downloads\simulator-windows-64\IMG\right_2026_09_01_11_21_34_002.jpg, 0, 0, 1, 0.6017149
C:\Users\eljes\Downloads\simulator-windows-64\IMG\center_2026_09_01_11_21_34_105.jpg, C:\Users\eljes\Downloads\simulator-windows-64\IMG\left_2026_09_01_11_21_34_105.jpg, C:\Users\eljes\Downloads\simulator-windows-64\IMG\right_2026_09_01_11_21_34_105.jpg, 0, 0, 1, 0.2962676
C:\Users\eljes\Downloads\simulator-windows-64\IMG\center_2026_09_01_11_21_34_208.jpg, C:\Users\eljes\Downloads\simulator-windows-64\IMG\left_2026_09_01_11_21_34_208.jpg, C:\Users\eljes\Downloads\simulator-windows-64\IMG\right_2026_09_01_11_21_34_208.jpg, 0, 0, 1, 0.07754046
C:\Users\eljes\Downloads\simulator-windows-64\IMG\center_2026_09_01_11_21_34_310.jpg, C:\Users\eljes\Downloads\simulator-windows-64\IMG\left_2026_09_01_11_21_34_310.jpg, C:\Users\eljes\Downloads\simulator-windows-64\IMG\right_2026_09_01_11_21_34_310.jpg, 0, 0, 0.7197672, 0.354555
C:\Users\eljes\Downloads\simulator-windows-64\IMG\center_2026_09_01_11_21_34_410.jpg, C:\Users\eljes\Downloads\simulator-windows-64\IMG\left_2026_09_01_11_21_34_410.jpg, C:\Users\eljes\Downloads\simulator-windows-64\IMG\right_2026_09_01_11_21_34_410.jpg, 0, 0, 0.4206873, 0.4822918
C:\Users\eljes\Downloads\simulator-windows-64\IMG\center_2026_09_01_11_21_34_512.jpg, C:\Users\eljes\Downloads\simulator-windows-64\IMG\left_2026_09_01_11_21_34_512.jpg, C:\Users\eljes\Downloads\simulator-windows-64\IMG\right_2026_09_01_11_21_34_512.jpg, 0, 0, 0.1197045, 0.5188898
C:\Users\eljes\Downloads\simulator-windows-64\IMG\center_2026_09_01_11_21_34_611.jpg, C:\Users\eljes\Downloads\simulator-windows-64\IMG\left_2026_09_01_11_21_34_611.jpg, C:\Users\eljes\Downloads\simulator-windows-64\IMG\right_2026_09_01_11_21_34_611.jpg, 0, 0, 0.0509142, 0.5223086
C:\Users\eljes\Downloads\simulator-windows-64\IMG\center_2026_09_01_11_21_34_714.jpg, C:\Users\eljes\Downloads\simulator-windows-64\IMG\left_2026_09_01_11_21_34_714.jpg, C:\Users\eljes\Downloads\simulator-windows-64\IMG\right_2026_09_01_11_21_34_714.jpg, 0, 0, 0.3459882, 0.5442443
C:\Users\eljes\Downloads\simulator-windows-64\IMG\center_2026_09_01_11_21_34_815.jpg, C:\Users\eljes\Downloads\simulator-windows-64\IMG\left_2026_09_01_11_21_34_815.jpg, C:\Users\eljes\Downloads\simulator-windows-64\IMG\right_2026_09_01_11_21_34_815.jpg, 0, 0, 0.6489171, 0.6879585
C:\Users\eljes\Downloads\simulator-windows-64\IMG\center_2026_09_01_11_21_34_919.jpg, C:\Users\eljes\Downloads\simulator-windows-64\IMG\left_2026_09_01_11_21_34_919.jpg, C:\Users\eljes\Downloads\simulator-windows-64\IMG\right_2026_09_01_11_21_34_919.jpg, 0, 0, 1, 0.9634122
C:\Users\eljes\Downloads\simulator-windows-64\IMG\center_2026_09_01_11_21_35_021.jpg, C:\Users\eljes\Downloads\simulator-windows-64\IMG\left_2026_09_01_11_21_35_021.jpg, C:\Users\eljes\Downloads\simulator-windows-64\IMG\right_2026_09_01_11_21_35_021.jpg, 0, 0, 1, 1.27255
C:\Users\eljes\Downloads\simulator-windows-64\IMG\center_2026_09_01_11_21_35_122.jpg, C:\Users\eljes\Downloads\simulator-windows-64\IMG\left_2026_09_01_11_21_35_122.jpg, C:\Users\eljes\Downloads\simulator-windows-64\IMG\right_2026_09_01_11_21_35_122.jpg, 0, 0, 1, 1.59984
C:\Users\eljes\Downloads\simulator-windows-64\IMG\center_2026_09_01_11_21_35_222.jpg, C:\Users\eljes\Downloads\simulator-windows-64\IMG\left_2026_09_01_11_21_35_222.jpg, C:\Users\eljes\Downloads\simulator-windows-64\IMG\right_2026_09_01_11_21_35_222.jpg, 0, 0, 1, 1.885608
C:\Users\eljes\Downloads\simulator-windows-64\IMG\center_2026_09_01_11_21_35_323.jpg, C:\Users\eljes\Downloads\simulator-windows-64\IMG\left_2026_09_01_11_21_35_323.jpg, C:\Users\eljes\Downloads\simulator-windows-64\IMG\right_2026_09_01_11_21_35_323.jpg, 0, 0, 1, 2.219281
C:\Users\eljes\Downloads\simulator-windows-64\IMG\center_2026_09_01_11_21_35_424.jpg, C:\Users\eljes\Downloads\simulator-windows-64\IMG\left_2026_09_01_11_21_35_424.jpg, C:\Users\eljes\Downloads\simulator-windows-64\IMG\right_2026_09_01_11_21_35_424.jpg, 0, 0, 1, 2.517413
C:\Users\eljes\Downloads\simulator-windows-64\IMG\center_2026_09_01_11_21_35_525.jpg, C:\Users\eljes\Downloads\simulator-windows-64\IMG\left_2026_09_01_11_21_35_525.jpg, C:\Users\eljes\Downloads\simulator-windows-64\IMG\right_2026_09_01_11_21_35_525.jpg, 0, 0, 1, 2.829687
C:\Users\eljes\Downloads\simulator-windows-64\IMG\center_2026_09_01_11_21_35_627.jpg, C:\Users\eljes\Downloads\simulator-windows-64\IMG\left_2026_09_01_11_21_35_627.jpg, C:\Users\eljes\Downloads\simulator-windows-64\IMG\right_2026_09_01_11_21_35_627.jpg, 0, 0, 1, 3.091732
C:\Users\eljes\Downloads\simulator-windows-64\IMG\center_2026_09_01_11_21_35_729.jpg, C:\Users\eljes\Downloads\simulator-windows-64\IMG\left_2026_09_01_11_21_35_729.jpg, C:\Users\eljes\Downloads\simulator-windows-64\IMG\right_2026_09_01_11_21_35_729.jpg, 0, 0, 1, 3.40354
C:\Users\eljes\Downloads\simulator-windows-64\IMG\center_2026_09_01_11_21_35_832.jpg, C:\Users\eljes\Downloads\simulator-windows-64\IMG\left_2026_09_01_11_21_35_832.jpg, C:\Users\eljes\Downloads\simulator-windows-64\IMG\right_2026_09_01_11_21_35_832.jpg, 0, 0, 0.7165599, 3.611847
C:\Users\eljes\Downloads\simulator-windows-64\IMG\center_2026_09_01_11_21_35_931.jpg, C:\Users\eljes\Downloads\simulator-windows-64\IMG\left_2026_09_01_11_21_35_931.jpg, C:\Users\eljes\Downloads\simulator-windows-64\IMG\right_2026_09_01_11_21_35_931.jpg, 0, 0, 0.4126411, 3.743585
C:\Users\eljes\Downloads\simulator-windows-64\IMG\center_2026_09_01_11_21_36_033.jpg, C:\Users\eljes\Downloads\simulator-windows-64\IMG\left_2026_09_01_11_21_36_033.jpg, C:\Users\eljes\Downloads\simulator-windows-64\IMG\right_2026_09_01_11_21_36_033.jpg, 0, 0, 0.1182701, 3.729726
C:\Users\eljes\Downloads\simulator-windows-64\IMG\center_2026_09_01_11_21_36_133.jpg, C:\Users\eljes\Downloads\simulator-windows-64\IMG\left_2026_09_01_11_21_36_133.jpg, C:\Users\eljes\Downloads\simulator-windows-64\IMG\right_2026_09_01_11_21_36_133.jpg, 0, 0, 0, 3.659501
C:\Users\eljes\Downloads\simulator-windows-64\IMG\center_2026_09_01_11_21_36_235.jpg, C:\Users\eljes\Downloads\simulator-windows-64\IMG\left_2026_09_01_11_21_36_235.jpg, C:\Users\eljes\Downloads\simulator-windows-64\IMG\right_2026_09_01_11_21_36_235.jpg, 0, 0, 0, 3.561988
C:\Users\eljes\Downloads\simulator-windows-64\IMG\center_2026_09_01_11_21_36_337.jpg, C:\Users\eljes\Downloads\simulator-windows-64\IMG\left_2026_09_01_11_21_36_337.jpg, C:\Users\eljes\Downloads\simulator-windows-64\IMG\right_2026_09_01_11_21_36_337.jpg, 0, 0, 0, 3.48093
C:\Users\eljes\Downloads\simulator-windows-64\IMG\center_2026_09_01_11_21_36_438.jpg, C:\Users\eljes\Downloads\simulator-windows-64\IMG\left_2026_09_01_11_21_36_438.jpg, C:\Users\eljes\Downloads\simulator-windows-64\IMG\right_2026_09_01_11_21_36_438.jpg, 0, 0, 0, 3.40073
C:\Users\eljes\Downloads\simulator-windows-64\IMG\center_2026_09_01_11_21_36_540.jpg, C:\Users\eljes\Downloads\simulator-windows-64\IMG\left_2026_09_01_11_21_36_540.jpg, C:\Users\eljes\Downloads\simulator-windows-64\IMG\right_2026_09_01_11_21_36_540.jpg, 0, 0, 0, 3.321384
C:\Users\eljes\Downloads\simulator-windows-64\IMG\center_2026_09_01_11_21_36_641.jpg, C:\Users\eljes\Downloads\simulator-windows-64\IMG\left_2026_09_01_11_21_36_641.jpg, C:\Users\eljes\Downloads\simulator-windows-64\IMG\right_2026_09_01_11_21_36_641.jpg, 0, 0, 0, 3.242882
C:\Users\eljes\Downloads\simulator-windows-64\IMG\center_2026_09_01_11_21_36_742.jpg, C:\Users\eljes\Downloads\simulator-windows-64\IMG\left_2026_09_01_11_21_36_742.jpg, C:\Users\eljes\Downloads\simulator-windows-64\IMG\right_2026_09_01_11_21_36_742.jpg, -0.1633662, 0, 0, 3.159594
C:\Users\eljes\Downloads\simulator-windows-64\IMG\center_2026_09_01_11_21_36_844.jpg, C:\Users\eljes\Downloads\simulator-windows-64\IMG\left_2026_09_01_11_21_36_844.jpg, C:\Users\eljes\Downloads\simulator-windows-64\IMG\right_2026_09_01_11_21_36_844.jpg, -0.4629966, 0, 0, 3.054071
C:\Users\eljes\Downloads\simulator-windows-64\IMG\center_2026_09_01_11_21_36_946.jpg, C:\Users\eljes\Downloads\simulator-windows-64\IMG\left_2026_09_01_11_21_36_946.jpg, C:\Users\eljes\Downloads\simulator-windows-64\IMG\right_2026_09_01_11_21_36_946.jpg, -0.7731311, 0, 0, 2.929915
C:\Users\eljes\Downloads\simulator-windows-64\IMG\center_2026_09_01_11_21_37_045.jpg, C:\Users\eljes\Downloads\simulator-windows-64\IMG\left_2026_09_01_11_21_37_045.jpg, C:\Users\eljes\Downloads\simulator-windows-64\IMG\right_2026_09_01_11_21_37_045.jpg, -1, 0, 0, 2.790713
C:\Users\eljes\Downloads\simulator-windows-64\IMG\center_2026_09_01_11_21_37_148.jpg, C:\Users\eljes\Downloads\simulator-windows-64\IMG\left_2026_09_01_11_21_37_148.jpg, C:\Users\eljes\Downloads\simulator-windows-64\IMG\right_2026_09_01_11_21_37_148.jpg, -1, 0, 0, 2.68258
C:\Users\eljes\Downloads\simulator-windows-64\IMG\center_2026_09_01_11_21_37_248.jpg, C:\Users\eljes\Downloads\simulator-windows-64\IMG\left_2026_09_01_11_21_37_248.jpg, C:\Users\eljes\Downloads\simulator-windows-64\IMG\right_2026_09_01_11_21_37_248.jpg, -1, 0, 0, 2.580666
C:\Users\eljes\Downloads\simulator-windows-64\IMG\center_2026_09_01_11_21_37_350.jpg, C:\Users\eljes\Downloads\simulator-windows-64\IMG\left_2026_09_01_11_21_37_350.jpg, C:\Users\eljes\Downloads\simulator-windows-64\IMG\right_2026_09_01_11_21_37_350.jpg, -1, 0, 0, 2.48155
C:\Users\eljes\Downloads\simulator-windows-64\IMG\center_2026_09_01_11_21_37_450.jpg, C:\Users\eljes\Downloads\simulator-windows-64\IMG\left_2026_09_01_11_21_37_450.jpg, C:\Users\eljes\Downloads\simulator-windows-64\IMG\right_2026_09_01_11_21_37_450.jpg, -1, 0, 0, 2.385076
C:\Users\eljes\Downloads\simulator-windows-64\IMG\center_2026_09_01_11_21_37_550.jpg, C:\Users\eljes\Downloads\simulator-windows-64\IMG\left_2026_09_01_11_21_37_550.jpg, C:\Users\eljes\Downloads\simulator-windows-64\IMG\right_2026_09_01_11_21_37_550.jpg, -1, 0, 0, 2.291183
C:\Users\eljes\Downloads\simulator-windows-64\IMG\center_2026_09_01_11_21_37_651.jpg, C:\Users\eljes\Downloads\simulator-windows-64\IMG\left_2026_09_01_11_21_37_651.jpg, C:\Users\eljes\Downloads\simulator-windows-64\IMG\right_2026_09_01_11_21_37_651.jpg, -1, 0, 0, 2.199811
C:\Users\eljes\Downloads\simulator-windows-64\IMG\center_2026_09_01_11_21_37_751.jpg, C:\Users\eljes\Downloads\simulator-windows-64\IMG\left_2026_09_01_11_21_37_751.jpg, C:\Users\eljes\Downloads\simulator-windows-64\IMG\right_2026_09_01_11_21_37_751.jpg, -1, 0, 0, 2.110901
C:\Users\eljes\Downloads\simulator-windows-64\IMG\center_2026_09_01_11_21_37_852.jpg, C:\Users\eljes\Downloads\simulator-windows-64\IMG\left_2026_09_01_11_21_37_852.jpg, C:\Users\eljes\Downloads\simulator-windows-64\IMG\right_2026_09_01_11_21_37_852.jpg, -1, 0.0207096, 0, 2.043002
C:\Users\eljes\Downloads\simulator-windows-64\IMG\center_2026_09_01_11_21_37_954.jpg, C:\Users\eljes\Downloads\simulator-windows-64\IMG\left_2026_09_01_11_21_37_954.jpg, C:\Users\eljes\Downloads\simulator-windows-64\IMG\right_2026_09_01_11_21_37_954.jpg, -1, 0.3254838, 0, 1.706676
C:\Users\eljes\Downloads\simulator-windows-64\IMG\center_2026_09_01_11_21_38_055.jpg, C:\Users\eljes\Downloads\simulator-windows-64\IMG\left_2026_09_01_11_21_38_055.jpg, C:\Users\eljes\Downloads\simulator-windows-64\IMG\right_2026_09_01_11_21_38_055.jpg, -1, 0.6246804, 0, 1.056825
C:\Users\eljes\Downloads\simulator-windows-64\IMG\center_2026_09_01_11_21_38_157.jpg, C:\Users\eljes\Downloads\simulator-windows-64\IMG\left_2026_09_01_11_21_38_157.jpg, C:\Users\eljes\Downloads\simulator-windows-64\IMG\right_2026_09_01_11_21_38_157.jpg, -1, 0.9829233, 0, 0.05656096
C:\Users\eljes\Downloads\simulator-windows-64\IMG\center_2026_09_01_11_21_38_257.jpg, C:\Users\eljes\Downloads\simulator-windows-64\IMG\left_2026_09_01_11_21_38_257.jpg, C:\Users\eljes\Downloads\simulator-windows-64\IMG\right_2026_09_01_11_21_38_257.jpg, -1, 1, 0, 1.090205
C:\Users\eljes\Downloads\simulator-windows-64\IMG\center_2026_09_01_11_21_38_358.jpg, C:\Users\eljes\Downloads\simulator-windows-64\IMG\left_2026_09_01_11_21_38_358.jpg, C:\Users\eljes\Downloads\simulator-windows-64\IMG\right_2026_09_01_11_21_38_358.jpg, -1, 1, 0, 1.978386
C:\Users\eljes\Downloads\simulator-windows-64\IMG\center_2026_09_01_11_21_38_461.jpg, C:\Users\eljes\Downloads\simulator-windows-64\IMG\left_2026_09_01_11_21_38_461.jpg, C:\Users\eljes\Downloads\simulator-windows-64\IMG\right_2026_09_01_11_21_38_461.jpg, -1, 1, 0, 2.943305
C:\Users\eljes\Downloads\simulator-windows-64\IMG\center_2026_09_01_11_21_38_563.jpg, C:\Users\eljes\Downloads\simulator-windows-64\IMG\left_2026_09_01_11_21_38_563.jpg, C:\Users\eljes\Downloads\simulator-windows-64\IMG\right_2026_09_01_11_21_38_563.jpg, -1, 1, 0, 3.991158
C:\Users\eljes\Downloads\simulator-windows-64\IMG\center_2026_09_01_11_21_38_664.jpg, C:\Users\eljes\Downloads\simulator-windows-64\IMG\left_2026_09_01_11_21_38_664.jpg, C:\Users\eljes\Downloads\simulator-windows-64\IMG\right_2026_09_01_11_21_38_664.jpg, -1, 1, 0, 5.135435
C:\Users\eljes\Downloads\simulator-windows-64\IMG\center_2026_09_01_11_21_38_767.jpg, C:\Users\eljes\Downloads\simulator-windows-64\IMG\left_2026_09_01_11_21_38_767.jpg, C:\Users\eljes\Downloads\simulator-windows-64\IMG\right_2026_09_01_11_21_38_767.jpg, -1, 1, 0, 6.294345
C:\Users\eljes\Downloads\simulator-windows-64\IMG\center_2026_09_01_11_21_38_870.jpg, C:\Users\eljes\Downloads\simulator-windows-64\IMG\left_2026_09_01_11_21_38_870.jpg, C:\Users\eljes\Downloads\simulator-windows-64\IMG\right_2026_09_01_11_21_38_870.jpg, -1, 1, 0, 7.444074
C:\Users\eljes\Downloads\simulator-windows-64\IMG\center_2026_09_01_11_21_38_972.jpg, C:\Users\eljes\Downloads\simulator-windows-64\IMG\left_2026_09_01_11_21_38_972.jpg, C:\Users\eljes\Downloads\simulator-windows-64\IMG\right_2026_09_01_11_21_38_972.jpg, -1, 1, 0, 8.585268
C:\Users\eljes\Downloads\simulator-windows-64\IMG\center_2026_09_01_11_21_39_073.jpg, C:\Users\eljes\Downloads\simulator-windows-64\IMG\left_2026_09_01_11_21_39_073.jpg, C:\Users\eljes\Downloads\simulator-windows-64\IMG\right_2026_09_01_11_21_39_073.jpg, -1, 1, 0, 9.718087
C:\Users\eljes\Downloads\simulator-windows-64\IMG\center_2026_09_01_11_21_39_176.jpg, C:\Users\eljes\Downloads\simulator-windows-64\IMG\left_2026_09_01_11_21_39_176.jpg, C:\Users\eljes\Downloads\simulator-windows-64\IMG\right_2026_09_01_11_21_39_176.jpg, -1, 1, 0, 11.06554
C:\Users\eljes\Downloads\simulator-windows-64\IMG\center_2026_09_01_11_21_39_278.jpg, C:\Users\eljes\Downloads\simulator-windows-64\IMG\left_2026_09_01_11_21_39_278.jpg, C:\Users\eljes\Downloads\simulator-windows-64\IMG\right_2026_09_01_11_21_39_278.jpg, -1, 1, 0, 12.03033
C:\Users\eljes\Downloads\simulator-windows-64\IMG\center_2026_09_01_11_21_39_381.jpg, C:\Users\eljes\Downloads\simulator-windows-64\IMG\left_2026_09_01_11_21_39_381.jpg, C:\Users\eljes\Downloads\simulator-windows-64\IMG\right_2026_09_01_11_21_39_381.jpg, -1, 1, 0, 13.37909
C:\Users\eljes\Downloads\simulator-windows-64\IMG\center_2026_09_01_11_21_39_482.jpg, C:\Users\eljes\Downloads\simulator-windows-64\IMG\left_2026_09_01_11_21_39_482.jpg, C:\Users\eljes\Downloads\simulator-windows-64\IMG\right_2026_09_01_11_21_39_482.jpg, -1, 1, 0, 14.25567
C:\Users\eljes\Downloads\simulator-windows-64\IMG\center_2026_09_01_11_21_39_583.jpg, C:\Users\eljes\Downloads\simulator-windows-64\IMG\left_2026_09_01_11_21_39_583.jpg, C:\Users\eljes\Downloads\simulator-windows-64\IMG\right_2026_09_01_11_21_39_583.jpg, -0.7108885, 1, 0, 15.58388
C:\Users\eljes\Downloads\simulator-windows-64\IMG\center_2026_09_01_11_21_39_685.jpg, C:\Users\eljes\Downloads\simulator-windows-64\IMG\left_2026_09_01_11_21_39_685.jpg, C:\Users\eljes\Downloads\simulator-windows-64\IMG\right_2026_09_01_11_21_39_685.jpg, -0.4155411, 1, 0, 16.69945
C:\Users\eljes\Downloads\simulator-windows-64\IMG\center_2026_09_01_11_21_39_785.jpg, C:\Users\eljes\Downloads\simulator-windows-64\IMG\left_2026_09_01_11_21_39_785.jpg, C:\Users\eljes\Downloads\simulator-windows-64\IMG\right_2026_09_01_11_21_39_785.jpg, -0.1159924, 0.8660704, 0, 17.81367
C:\Users\eljes\Downloads\simulator-windows-64\IMG\center_2026_09_01_11_21_39_885.jpg, C:\Users\eljes\Downloads\simulator-windows-64\IMG\left_2026_09_01_11_21_39_885.jpg, C:\Users\eljes\Downloads\simulator-windows-64\IMG\right_2026_09_01_11_21_39_885.jpg, 0, 0.5619439, 0, 18.56967
C:\Users\eljes\Downloads\simulator-windows-64\IMG\center_2026_09_01_11_21_39_988.jpg, C:\Users\eljes\Downloads\simulator-windows-64\IMG\left_2026_09_01_11_21_39_988.jpg, C:\Users\eljes\Downloads\simulator-windows-64\IMG\right_2026_09_01_11_21_39_988.jpg, 0, 0.2632285, 0, 18.89457
C:\Users\eljes\Downloads\simulator-windows-64\IMG\center_2026_09_01_11_21_40_089.jpg, C:\Users\eljes\Downloads\simulator-windows-64\IMG\left_2026_09_01_11_21_40_089.jpg, C:\Users\eljes\Downloads\simulator-windows-64\IMG\right_2026_09_01_11_21_40_089.jpg, 0, 0, 0, 18.93217
C:\Users\eljes\Downloads\simulator-windows-64\IMG\center_2026_09_01_11_21_40_189.jpg, C:\Users\eljes\Downloads\simulator-windows-64\IMG\left_2026_09_01_11_21_40_189.jpg, C:\Users\eljes\Downloads\simulator-windows-64\IMG\right_2026_09_01_11_21_40_189.jpg, 0, 0, 0, 18.78786
C:\Users\eljes\Downloads\simulator-windows-64\IMG\center_2026_09_01_11_21_40_292.jpg, C:\Users\eljes\Downloads\simulator-windows-64\IMG\left_2026_09_01_11_21_40_292.jpg, C:\Users\eljes\Downloads\simulator-windows-64\IMG\right_2026_09_01_11_21_40_292.jpg, 0, 0, 0, 18.65277
C:\Users\eljes\Downloads\simulator-windows-64\IMG\center_2026_09_01_11_21_40_393.jpg, C:\Users\eljes\Downloads\simulator-windows-64\IMG\left_2026_09_01_11_21_40_393.jpg, C:\Users\eljes\Downloads\simulator-windows-64\IMG\right_2026_09_01_11_21_40_393.jpg, 0, 0.0107211, 0, 18.52824
C:\Users\eljes\Downloads\simulator-windows-64\IMG\center_2026_09_01_11_21_40_493.jpg, C:\Users\eljes\Downloads\simulator-windows-64\IMG\left_2026_09_01_11_21_40_493.jpg, C:\Users\eljes\Downloads\simulator-windows-64\IMG\right_2026_09_01_11_21_40_493.jpg, 0, 0.3077991, 0, 18.56819
C:\Users\eljes\Downloads\simulator-windows-64\IMG\center_2026_09_01_11_21_40_594.jpg, C:\Users\eljes\Downloads\simulator-windows-64\IMG\left_2026_09_01_11_21_40_594.jpg, C:\Users\eljes\Downloads\simulator-windows-64\IMG\right_2026_09_01_11_21_40_594.jpg, 0, 0.6072072, 0, 18.99967
C:\Users\eljes\Downloads\simulator-windows-64\IMG\center_2026_09_01_11_21_40_695.jpg, C:\Users\eljes\Downloads\simulator-windows-64\IMG\left_2026_09_01_11_21_40_695.jpg, C:\Users\eljes\Downloads\simulator-windows-64\IMG\right_2026_09_01_11_21_40_695.jpg, 0, 0.3274872, 0, 19.55083
C:\Users\eljes\Downloads\simulator-windows-64\IMG\center_2026_09_01_11_21_40_796.jpg, C:\Users\eljes\Downloads\simulator-windows-64\IMG\left_2026_09_01_11_21_40_796.jpg, C:\Users\eljes\Downloads\simulator-windows-64\IMG\right_2026_09_01_11_21_40_796.jpg, 0, 0.3918077, 0, 19.90347
C:\Users\eljes\Downloads\simulator-windows-64\IMG\center_2026_09_01_11_21_40_896.jpg, C:\Users\eljes\Downloads\simulator-windows-64\IMG\left_2026_09_01_11_21_40_896.jpg, C:\Users\eljes\Downloads\simulator-windows-64\IMG\right_2026_09_01_11_21_40_896.jpg, 0, 0.6309728, 0, 20.33055
C:\Users\eljes\Downloads\simulator-windows-64\IMG\center_2026_09_01_11_21_40_999.jpg, C:\Users\eljes\Downloads\simulator-windows-64\IMG\left_2026_09_01_11_21_40_999.jpg, C:\Users\eljes\Downloads\simulator-windows-64\IMG\right_2026_09_01_11_21_40_999.jpg, 0, 0.9358647, 0, 21.10376
C:\Users\eljes\Downloads\simulator-windows-64\IMG\center_2026_09_01_11_21_41_100.jpg, C:\Users\eljes\Downloads\simulator-windows-64\IMG\left_2026_09_01_11_21_41_100.jpg, C:\Users\eljes\Downloads\simulator-windows-64\IMG\right_2026_09_01_11_21_41_100.jpg, 0, 1, 0, 22.12414
C:\Users\eljes\Downloads\simulator-windows-64\IMG\center_2026_09_01_11_21_41_202.jpg, C:\Users\eljes\Downloads\simulator-windows-64\IMG\left_2026_09_01_11_21_41_202.jpg, C:\Users\eljes\Downloads\simulator-windows-64\IMG\right_2026_09_01_11_21_41_202.jpg, 0, 1, 0, 23.11781
C:\Users\eljes\Downloads\simulator-windows-64\IMG\center_2026_09_01_11_21_41_304.jpg, C:\Users\eljes\Downloads\simulator-windows-64\IMG\left_2026_09_01_11_21_41_304.jpg, C:\Users\eljes\Downloads\simulator-windows-64\IMG\right_2026_09_01_11_21_41_304.jpg, 0, 1, 0, 24.10917
C:\Users\eljes\Downloads\simulator-windows-64\IMG\center_2026_09_01_11_21_41_408.jpg, C:\Users\eljes\Downloads\simulator-windows-64\IMG\left_2026_09_01_11_21_41_408.jpg, C:\Users\eljes\Downloads\simulator-windows-64\IMG\right_2026_09_01_11_21_41_408.jpg, 0, 1, 0, 25.08917
C:\Users\eljes\Downloads\simulator-windows-64\IMG\center_2026_09_01_11_21_41_508.jpg, C:\Users\eljes\Downloads\simulator-windows-64\IMG\left_2026_09_01_11_21_41_508.jpg, C:\Users\eljes\Downloads\simulator-windows-64\IMG\right_2026_09_01_11_21_41_508.jpg, 0, 1, 0, 26.06055
C:\Users\eljes\Downloads\simulator-windows-64\IMG\center_2026_09_01_11_21_41_610.jpg, C:\Users\eljes\Downloads\simulator-windows-64\IMG\left_2026_09_01_11_21_41_610.jpg, C:\Users\eljes\Downloads\simulator-windows-64\IMG\right_2026_09_01_11_21_41_610.jpg, 0, 0.9172714, 0, 27.01077
C:\Users\eljes\Downloads\simulator-windows-64\IMG\center_2026_09_01_11_21_41_711.jpg, C:\Users\eljes\Downloads\simulator-windows-64\IMG\left_2026_09_01_11_21_41_711.jpg, C:\Users\eljes\Downloads\simulator-windows-64\IMG\right_2026_09_01_11_21_41_711.jpg, 0.1802745, 0.6166712, 0, 27.67868
C:\Users\eljes\Downloads\simulator-windows-64\IMG\center_2026_09_01_11_21_41_811.jpg, C:\Users\eljes\Downloads\simulator-windows-64\IMG\left_2026_09_01_11_21_41_811.jpg, C:\Users\eljes\Downloads\simulator-windows-64\IMG\right_2026_09_01_11_21_41_811.jpg, 0.486443, 0.6423394, 0, 27.93232
C:\Users\eljes\Downloads\simulator-windows-64\IMG\center_2026_09_01_11_21_41_913.jpg, C:\Users\eljes\Downloads\simulator-windows-64\IMG\left_2026_09_01_11_21_41_913.jpg, C:\Users\eljes\Downloads\simulator-windows-64\IMG\right_2026_09_01_11_21_41_913.jpg, 0.2694465, 0.9352299, 0, 28.56225
C:\Users\eljes\Downloads\simulator-windows-64\IMG\center_2026_09_01_11_21_42_017.jpg, C:\Users\eljes\Downloads\simulator-windows-64\IMG\left_2026_09_01_11_21_42_017.jpg, C:\Users\eljes\Downloads\simulator-windows-64\IMG\right_2026_09_01_11_21_42_017.jpg, 0, 0.7788697, 0, 29.59287
C:\Users\eljes\Downloads\simulator-windows-64\IMG\center_2026_09_01_11_21_42_116.jpg, C:\Users\eljes\Downloads\simulator-windows-64\IMG\left_2026_09_01_11_21_42_116.jpg, C:\Users\eljes\Downloads\simulator-windows-64\IMG\right_2026_09_01_11_21_42_116.jpg, 0, 0.8530923, 0, 30.14734
C:\Users\eljes\Downloads\simulator-windows-64\IMG\center_2026_09_01_11_21_42_218.jpg, C:\Users\eljes\Downloads\simulator-windows-64\IMG\left_2026_09_01_11_21_42_218.jpg, C:\Users\eljes\Downloads\simulator-windows-64\IMG\right_2026_09_01_11_21_42_218.jpg, 0, 1, 0, 30.18979
C:\Users\eljes\Downloads\simulator-windows-64\IMG\center_2026_09_01_11_21_42_320.jpg, C:\Users\eljes\Downloads\simulator-windows-64\IMG\left_2026_09_01_11_21_42_320.jpg, C:\Users\eljes\Downloads\simulator-windows-64\IMG\right_2026_09_01_11_21_42_320.jpg, 0, 1, 0, 30.20856
C:\Users\eljes\Downloads\simulator-windows-64\IMG\center_2026_09_01_11_21_42_422.jpg, C:\Users\eljes\Downloads\simulator-windows-64\IMG\left_2026_09_01_11_21_42_422.jpg, C:\Users\eljes\Downloads\simulator-windows-64\IMG\right_2026_09_01_11_21_42_422.jpg, 0.0302622, 1, 0, 30.20037
C:\Users\eljes\Downloads\simulator-windows-64\IMG\center_2026_09_01_11_21_42_524.jpg, C:\Users\eljes\Downloads\simulator-windows-64\IMG\left_2026_09_01_11_21_42_524.jpg, C:\Users\eljes\Downloads\simulator-windows-64\IMG\right_2026_09_01_11_21_42_524.jpg, 0.3271877, 1, 0, 30.18213
C:\Users\eljes\Downloads\simulator-windows-64\IMG\center_2026_09_01_11_21_42_624.jpg, C:\Users\eljes\Downloads\simulator-windows-64\IMG\left_2026_09_01_11_21_42_624.jpg, C:\Users\eljes\Downloads\simulator-windows-64\IMG\right_2026_09_01_11_21_42_624.jpg, 0.2114583, 1, 0, 30.20318
C:\Users\eljes\Downloads\simulator-windows-64\IMG\center_2026_09_01_11_21_42_724.jpg, C:\Users\eljes\Downloads\simulator-windows-64\IMG\left_2026_09_01_11_21_42_724.jpg, C:\Users\eljes\Downloads\simulator-windows-64\IMG\right_2026_09_01_11_21_42_724.jpg, 0, 1, 0, 30.21601
C:\Users\eljes\Downloads\simulator-windows-64\IMG\center_2026_09_01_11_21_42_827.jpg, C:\Users\eljes\Downloads\simulator-windows-64\IMG\left_2026_09_01_11_21_42_827.jpg, C:\Users\eljes\Downloads\simulator-windows-64\IMG\right_2026_09_01_11_21_42_827.jpg, 0, 1, 0, 30.20642
C:\Users\eljes\Downloads\simulator-windows-64\IMG\center_2026_09_01_11_21_42_929.jpg, C:\Users\eljes\Downloads\simulator-windows-64\IMG\left_2026_09_01_11_21_42_929.jpg, C:\Users\eljes\Downloads\simulator-windows-64\IMG\right_2026_09_01_11_21_42_929.jpg, 0.0407637, 1, 0, 30.22049
C:\Users\eljes\Downloads\simulator-windows-64\IMG\center_2026_09_01_11_21_43_030.jpg, C:\Users\eljes\Downloads\simulator-windows-64\IMG\left_2026_09_01_11_21_43_030.jpg, C:\Users\eljes\Downloads\simulator-windows-64\IMG\right_2026_09_01_11_21_43_030.jpg, 0.3439578, 1, 0, 30.18866
C:\Users\eljes\Downloads\simulator-windows-64\IMG\center_2026_09_01_11_21_43_133.jpg, C:\Users\eljes\Downloads\simulator-windows-64\IMG\left_2026_09_01_11_21_43_133.jpg, C:\Users\eljes\Downloads\simulator-windows-64\IMG\right_2026_09_01_11_21_43_133.jpg, 0.5444226, 1, 0, 30.18975
C:\Users\eljes\Downloads\simulator-windows-64\IMG\center_2026_09_01_11_21_43_233.jpg, C:\Users\eljes\Downloads\simulator-windows-64\IMG\left_2026_09_01_11_21_43_233.jpg, C:\Users\eljes\Downloads\simulator-windows-64\IMG\right_2026_09_01_11_21_43_233.jpg, 0.2443566, 1, 0, 30.21691
C:\Users\eljes\Downloads\simulator-windows-64\IMG\center_2026_09_01_11_21_43_335.jpg, C:\Users\eljes\Downloads\simulator-windows-64\IMG\left_2026_09_01_11_21_43_335.jpg, C:\Users\eljes\Downloads\simulator-windows-64\IMG\right_2026_09_01_11_21_43_335.jpg, 0, 1, 0, 30.2114
C:\Users\eljes\Downloads\simulator-windows-64\IMG\center_2026_09_01_11_21_43_435.jpg, C:\Users\eljes\Downloads\simulator-windows-64\IMG\left_2026_09_01_11_21_43_435.jpg, C:\Users\eljes\Downloads\simulator-windows-64\IMG\right_2026_09_01_11_21_43_435.jpg, 0, 1, 0, 30.21313
C:\Users\eljes\Downloads\simulator-windows-64\IMG\center_2026_09_01_11_21_43_537.jpg, C:\Users\eljes\Downloads\simulator-windows-64\IMG\left_2026_09_01_11_21_43_537.jpg, C:\Users\eljes\Downloads\simulator-windows-64\IMG\right_2026_09_01_11_21_43_537.jpg, 0.2323032, 1, 0, 30.21262
C:\Users\eljes\Downloads\simulator-windows-64\IMG\center_2026_09_01_11_21_43_640.jpg, C:\Users\eljes\Downloads\simulator-windows-64\IMG\left_2026_09_01_11_21_43_640.jpg, C:\Users\eljes\Downloads\simulator-windows-64\IMG\right_2026_09_01_11_21_43_640.jpg, 0.5302407, 1, 0, 30.16312
C:\Users\eljes\Downloads\simulator-windows-64\IMG\center_2026_09_01_11_21_43_742.jpg, C:\Users\eljes\Downloads\simulator-windows-64\IMG\left_2026_09_01_11_21_43_742.jpg, C:\Users\eljes\Downloads\simulator-windows-64\IMG\right_2026_09_01_11_21_43_742.jpg, 0.4782659, 1, 0, 30.19143
C:\Users\eljes\Downloads\simulator-windows-64\IMG\center_2026_09_01_11_21_43_844.jpg, C:\Users\eljes\Downloads\simulator-windows-64\IMG\left_2026_09_01_11_21_43_844.jpg, C:\Users\eljes\Downloads\simulator-windows-64\IMG\right_2026_09_01_11_21_43_844.jpg, 0.1801479, 1, 0, 30.22955
C:\Users\eljes\Downloads\simulator-windows-64\IMG\center_2026_09_01_11_21_43_944.jpg, C:\Users\eljes\Downloads\simulator-windows-64\IMG\left_2026_09_01_11_21_43_944.jpg, C:\Users\eljes\Downloads\simulator-windows-64\IMG\right_2026_09_01_11_21_43_944.jpg, 0, 1, 0, 30.20895
C:\Users\eljes\Downloads\simulator-windows-64\IMG\center_2026_09_01_11_21_44_046.jpg, C:\Users\eljes\Downloads\simulator-windows-64\IMG\left_2026_09_01_11_21_44_046.jpg, C:\Users\eljes\Downloads\simulator-windows-64\IMG\right_2026_09_01_11_21_44_046.jpg, 0, 1, 0, 30.22309
C:\Users\eljes\Downloads\simulator-windows-64\IMG\center_2026_09_01_11_21_44_146.jpg, C:\Users\eljes\Downloads\simulator-windows-64\IMG\left_2026_09_01_11_21_44_146.jpg, C:\Users\eljes\Downloads\simulator-windows-64\IMG\right_2026_09_01_11_21_44_146.jpg, 0, 1, 0, 30.21024
C:\Users\eljes\Downloads\simulator-windows-64\IMG\center_2026_09_01_11_21_44_248.jpg, C:\Users\eljes\Downloads\simulator-windows-64\IMG\left_2026_09_01_11_21_44_248.jpg, C:\Users\eljes\Downloads\simulator-windows-64\IMG\right_2026_09_01_11_21_44_248.jpg, -0.2101725, 1, 0, 30.214
C:\Users\eljes\Downloads\simulator-windows-64\IMG\center_2026_09_01_11_21_44_351.jpg, C:\Users\eljes\Downloads\simulator-windows-64\IMG\left_2026_09_01_11_21_44_351.jpg, C:\Users\eljes\Downloads\simulator-windows-64\IMG\right_2026_09_01_11_21_44_351.jpg, -0.4432302, 1, 0, 30.18139
C:\Users\eljes\Downloads\simulator-windows-64\IMG\center_2026_09_01_11_21_44_453.jpg, C:\Users\eljes\Downloads\simulator-windows-64\IMG\left_2026_09_01_11_21_44_453.jpg, C:\Users\eljes\Downloads\simulator-windows-64\IMG\right_2026_09_01_11_21_44_453.jpg, -0.1403922, 0.9707509, 0, 30.20235
C:\Users\eljes\Downloads\simulator-windows-64\IMG\center_2026_09_01_11_21_44_554.jpg, C:\Users\eljes\Downloads\simulator-windows-64\IMG\left_2026_09_01_11_21_44_554.jpg, C:\Users\eljes\Downloads\simulator-windows-64\IMG\right_2026_09_01_11_21_44_554.jpg, 0, 1, 0, 30.21781
C:\Users\eljes\Downloads\simulator-windows-64\IMG\center_2026_09_01_11_21_44_658.jpg, C:\Users\eljes\Downloads\simulator-windows-64\IMG\left_2026_09_01_11_21_44_658.jpg, C:\Users\eljes\Downloads\simulator-windows-64\IMG\right_2026_09_01_11_21_44_658.jpg, 0, 1, 0, 30.22375
C:\Users\eljes\Downloads\simulator-windows-64\IMG\center_2026_09_01_11_21_44_759.jpg, C:\Users\eljes\Downloads\simulator-windows-64\IMG\left_2026_09_01_11_21_44_759.jpg, C:\Users\eljes\Downloads\simulator-windows-64\IMG\right_2026_09_01_11_21_44_759.jpg, 0, 1, 0, 30.22366
C:\Users\eljes\Downloads\simulator-windows-64\IMG\center_2026_09_01_11_21_44_859.jpg, C:\Users\eljes\Downloads\simulator-windows-64\IMG\left_2026_09_01_11_21_44_859.jpg, C:\Users\eljes\Downloads\simulator-windows-64\IMG\right_2026_09_01_11_21_44_859.jpg, 0, 1, 0, 30.22794
C:\Users\eljes\Downloads\simulator-windows-64\IMG\center_2026_09_01_11_21_44_961.jpg, C:\Users\eljes\Downloads\simulator-windows-64\IMG\left_2026_09_01_11_21_44_961.jpg, C:\Users\eljes\Downloads\simulator-windows-64\IMG\right_2026_09_01_11_21_44_961.jpg, 0, 1, 0, 30.22138
C:\Users\eljes\Downloads\simulator-windows-64\IMG\center_2026_09_01_11_21_45_064.jpg, C:\Users\eljes\Downloads\simulator-windows-64\IMG\left_2026_09_01_11_21_45_064.jpg, C:\Users\eljes\Downloads\simulator-windows-64\IMG\right_2026_09_01_11_21_45_064.jpg, 0, 1, 0, 30.22757
C:\Users\eljes\Downloads\simulator-windows-64\IMG\center_2026_09_01_11_21_45_167.jpg, C:\Users\eljes\Downloads\simulator-windows-64\IMG\left_2026_09_01_11_21_45_167.jpg, C:\Users\eljes\Downloads\simulator-windows-64\IMG\right_2026_09_01_11_21_45_167.jpg, 0, 1, 0, 30.22544
C:\Users\eljes\Downloads\simulator-windows-64\IMG\center_2026_09_01_11_21_45_267.jpg, C:\Users\eljes\Downloads\simulator-windows-64\IMG\left_2026_09_01_11_21_45_267.jpg, C:\Users\eljes\Downloads\simulator-windows-64\IMG\right_2026_09_01_11_21_45_267.jpg, 0, 1, 0, 30.2242
C:\Users\eljes\Downloads\simulator-windows-64\IMG\center_2026_09_01_11_21_45_367.jpg, C:\Users\eljes\Downloads\simulator-windows-64\IMG\left_2026_09_01_11_21_45_367.jpg, C:\Users\eljes\Downloads\simulator-windows-64\IMG\right_2026_09_01_11_21_45_367.jpg, 0, 1, 0, 30.2235
C:\Users\eljes\Downloads\simulator-windows-64\IMG\center_2026_09_01_11_21_45_469.jpg, C:\Users\eljes\Downloads\simulator-windows-64\IMG\left_2026_09_01_11_21_45_469.jpg, C:\Users\eljes\Downloads\simulator-windows-64\IMG\right_2026_09_01_11_21_45_469.jpg, 0, 1, 0, 30.22347
C:\Users\eljes\Downloads\simulator-windows-64\IMG\center_2026_09_01_11_21_45_570.jpg, C:\Users\eljes\Downloads\simulator-windows-64\IMG\left_2026_09_01_11_21_45_570.jpg, C:\Users\eljes\Downloads\simulator-windows-64\IMG\right_2026_09_01_11_21_45_570.jpg, 0, 1, 0, 30.22387
C:\Users\eljes\Downloads\simulator-windows-64\IMG\center_2026_09_01_11_21_45_671.jpg, C:\Users\eljes\Downloads\simulator-windows-64\IMG\left_2026_09_01_11_21_45_671.jpg, C:\Users\eljes\Downloads\simulator-windows-64\IMG\right_2026_09_01_11_21_45_671.jpg, 0, 1, 0, 30.22407
C:\Users\eljes\Downloads\simulator-windows-64\IMG\center_2026_09_01_11_21_45_774.jpg, C:\Users\eljes\Downloads\simulator-windows-64\IMG\left_2026_09_01_11_21_45_774.jpg, C:\Users\eljes\Downloads\simulator-windows-64\IMG\right_2026_09_01_11_21_45_774.jpg, 0, 1, 0, 30.22117
C:\Users\eljes\Downloads\simulator-windows-64\IMG\center_2026_09_01_11_21_45_874.jpg, C:\Users\eljes\Downloads\simulator-windows-64\IMG\left_2026_09_01_11_21_45_874.jpg, C:\Users\eljes\Downloads\simulator-windows-64\IMG\right_2026_09_01_11_21_45_874.jpg, 0, 1, 0, 30.2226
C:\Users\eljes\Downloads\simulator-windows-64\IMG\center_2026_09_01_11_21_45_974.jpg, C:\Users\eljes\Downloads\simulator-windows-64\IMG\left_2026_09_01_11_21_45_974.jpg, C:\Users\eljes\Downloads\simulator-windows-64\IMG\right_2026_09_01_11_21_45_974.jpg, 0, 1, 0, 30.22213
C:\Users\eljes\Downloads\simulator-windows-64\IMG\center_2026_09_01_11_21_46_075.jpg, C:\Users\eljes\Downloads\simulator-windows-64\IMG\left_2026_09_01_11_21_46_075.jpg, C:\Users\eljes\Downloads\simulator-windows-64\IMG\right_2026_09_01_11_21_46_075.jpg, 0, 1, 0, 30.22335
C:\Users\eljes\Downloads\simulator-windows-64\IMG\center_2026_09_01_11_21_46_176.jpg, C:\Users\eljes\Downloads\simulator-windows-64\IMG\left_2026_09_01_11_21_46_176.jpg, C:\Users\eljes\Downloads\simulator-windows-64\IMG\right_2026_09_01_11_21_46_176.jpg, 0, 1, 0, 30.22221
C:\Users\eljes\Downloads\simulator-windows-64\IMG\center_2026_09_01_11_21_46_277.jpg, C:\Users\eljes\Downloads\simulator-windows-64\IMG\left_2026_09_01_11_21_46_277.jpg, C:\Users\eljes\Downloads\simulator-windows-64\IMG\right_2026_09_01_11_21_46_277.jpg, 0, 1, 0, 30.22117
C:\Users\eljes\Downloads\simulator-windows-64\IMG\center_2026_09_01_11_21_46_379.jpg, C:\Users\eljes\Downloads\simulator-windows-64\IMG\left_2026_09_01_11_21_46_379.jpg, C:\Users\eljes\Downloads\simulator-windows-64\IMG\right_2026_09_01_11_21_46_379.jpg, -0.2474805, 1, 0, 30.18939
C:\Users\eljes\Downloads\simulator-windows-64\IMG\center_2026_09_01_11_21_46_481.jpg, C:\Users\eljes\Downloads\simulator-windows-64\IMG\left_2026_09_01_11_21_46_481.jpg, C:\Users\eljes\Downloads\simulator-windows-64\IMG\right_2026_09_01_11_21_46_481.jpg, -0.3135417, 1, 0, 30.21268
C:\Users\eljes\Downloads\simulator-windows-64\IMG\center_2026_09_01_11_21_46_583.jpg, C:\Users\eljes\Downloads\simulator-windows-64\IMG\left_2026_09_01_11_21_46_583.jpg, C:\Users\eljes\Downloads\simulator-windows-64\IMG\right_2026_09_01_11_21_46_583.jpg, -0.01558983, 1, 0, 30.21536
C:\Users\eljes\Downloads\simulator-windows-64\IMG\center_2026_09_01_11_21_46_686.jpg, C:\Users\eljes\Downloads\simulator-windows-64\IMG\left_2026_09_01_11_21_46_686.jpg, C:\Users\eljes\Downloads\simulator-windows-64\IMG\right_2026_09_01_11_21_46_686.jpg, 0, 1, 0, 30.22383
C:\Users\eljes\Downloads\simulator-windows-64\IMG\center_2026_09_01_11_21_46_786.jpg, C:\Users\eljes\Downloads\simulator-windows-64\IMG\left_2026_09_01_11_21_46_786.jpg, C:\Users\eljes\Downloads\simulator-windows-64\IMG\right_2026_09_01_11_21_46_786.jpg, -0.2786103, 1, 0, 30.20145
C:\Users\eljes\Downloads\simulator-windows-64\IMG\center_2026_09_01_11_21_46_886.jpg, C:\Users\eljes\Downloads\simulator-windows-64\IMG\left_2026_09_01_11_21_46_886.jpg, C:\Users\eljes\Downloads\simulator-windows-64\IMG\right_2026_09_01_11_21_46_886.jpg, -0.3800064, 1, 0, 30.18584
C:\Users\eljes\Downloads\simulator-windows-64\IMG\center_2026_09_01_11_21_46_988.jpg, C:\Users\eljes\Downloads\simulator-windows-64\IMG\left_2026_09_01_11_21_46_988.jpg, C:\Users\eljes\Downloads\simulator-windows-64\IMG\right_2026_09_01_11_21_46_988.jpg, -0.08163478, 1, 0, 30.21908
C:\Users\eljes\Downloads\simulator-windows-64\IMG\center_2026_09_01_11_21_47_089.jpg, C:\Users\eljes\Downloads\simulator-windows-64\IMG\left_2026_09_01_11_21_47_089.jpg, C:\Users\eljes\Downloads\simulator-windows-64\IMG\right_2026_09_01_11_21_47_089.jpg, 0, 1, 0, 30.25144
C:\Users\eljes\Downloads\simulator-windows-64\IMG\center_2026_09_01_11_21_47_191.jpg, C:\Users\eljes\Downloads\simulator-windows-64\IMG\left_2026_09_01_11_21_47_191.jpg, C:\Users\eljes\Downloads\simulator-windows-64\IMG\right_2026_09_01_11_21_47_191.jpg, 0, 1, 0, 30.20729
C:\Users\eljes\Downloads\simulator-windows-64\IMG\center_2026_09_01_11_21_47_292.jpg, C:\Users\eljes\Downloads\simulator-windows-64\IMG\left_2026_09_01_11_21_47_292.jpg, C:\Users\eljes\Downloads\simulator-windows-64\IMG\right_2026_09_01_11_21_47_292.jpg, -0.1637706, 1, 0, 30.18238
C:\Users\eljes\Downloads\simulator-windows-64\IMG\center_2026_09_01_11_21_47_393.jpg, C:\Users\eljes\Downloads\simulator-windows-64\IMG\left_2026_09_01_11_21_47_393.jpg, C:\Users\eljes\Downloads\simulator-windows-64\IMG\right_2026_09_01_11_21_47_393.jpg, -0.4192649, 1, 0, 30.17593
C:\Users\eljes\Downloads\simulator-windows-64\IMG\center_2026_09_01_11_21_47_495.jpg, C:\Users\eljes\Downloads\simulator-windows-64\IMG\left_2026_09_01_11_21_47_495.jpg, C:\Users\eljes\Downloads\simulator-windows-64\IMG\right_2026_09_01_11_21_47_495.jpg, -0.128246, 1, 0, 30.22556
C:\Users\eljes\Downloads\simulator-windows-64\IMG\center_2026_09_01_11_21_47_595.jpg, C:\Users\eljes\Downloads\simulator-windows-64\IMG\left_2026_09_01_11_21_47_595.jpg, C:\Users\eljes\Downloads\simulator-windows-64\IMG\right_2026_09_01_11_21_47_595.jpg, 0, 1, 0, 30.1959
C:\Users\eljes\Downloads\simulator-windows-64\IMG\center_2026_09_01_11_21_47_696.jpg, C:\Users\eljes\Downloads\simulator-windows-64\IMG\left_2026_09_01_11_21_47_696.jpg, C:\Users\eljes\Downloads\simulator-windows-64\IMG\right_2026_09_01_11_21_47_696.jpg, -0.108003, 1, 0, 30.17991
C:\Users\eljes\Downloads\simulator-windows-64\IMG\center_2026_09_01_11_21_47_799.jpg, C:\Users\eljes\Downloads\simulator-windows-64\IMG\left_2026_09_01_11_21_47_799.jpg, C:\Users\eljes\Downloads\simulator-windows-64\IMG\right_2026_09_01_11_21_47_799.jpg, -0.4065665, 1, 0, 30.16587
C:\Users\eljes\Downloads\simulator-windows-64\IMG\center_2026_09_01_11_21_47_900.jpg, C:\Users\eljes\Downloads\simulator-windows-64\IMG\left_2026_09_01_11_21_47_900.jpg, C:\Users\eljes\Downloads\simulator-windows-64\IMG\right_2026_09_01_11_21_47_900.jpg, -0.7116681, 1, 0, 30.13175
C:\Users\eljes\Downloads\simulator-windows-64\IMG\center_2026_09_01_11_21_48_004.jpg, C:\Users\eljes\Downloads\simulator-windows-64\IMG\left_2026_09_01_11_21_48_004.jpg, C:\Users\eljes\Downloads\simulator-windows-64\IMG\right_2026_09_01_11_21_48_004.jpg, -0.5251263, 1, 0, 30.18748
C:\Users\eljes\Downloads\simulator-windows-64\IMG\center_2026_09_01_11_21_48_106.jpg, C:\Users\eljes\Downloads\simulator-windows-64\IMG\left_2026_09_01_11_21_48_106.jpg, C:\Users\eljes\Downloads\simulator-windows-64\IMG\right_2026_09_01_11_21_48_106.jpg, -0.2239248, 1, 0, 30.21131
C:\Users\eljes\Downloads\simulator-windows-64\IMG\center_2026_09_01_11_21_48_207.jpg, C:\Users\eljes\Downloads\simulator-windows-64\IMG\left_2026_09_01_11_21_48_207.jpg, C:\Users\eljes\Downloads\simulator-windows-64\IMG\right_2026_09_01_11_21_48_207.jpg, 0, 1, 0, 30.18085
C:\Users\eljes\Downloads\simulator-windows-64\IMG\center_2026_09_01_11_21_48_309.jpg, C:\Users\eljes\Downloads\simulator-windows-64\IMG\left_2026_09_01_11_21_48_309.jpg, C:\Users\eljes\Downloads\simulator-windows-64\IMG\right_2026_09_01_11_21_48_309.jpg, 0, 1, 0, 30.19063
C:\Users\eljes\Downloads\simulator-windows-64\IMG\center_2026_09_01_11_21_48_412.jpg, C:\Users\eljes\Downloads\simulator-windows-64\IMG\left_2026_09_01_11_21_48_412.jpg, C:\Users\eljes\Downloads\simulator-windows-64\IMG\right_2026_09_01_11_21_48_412.jpg, 0, 1, 0, 30.1947
C:\Users\eljes\Downloads\simulator-windows-64\IMG\center_2026_09_01_11_21_48_513.jpg, C:\Users\eljes\Downloads\simulator-windows-64\IMG\left_2026_09_01_11_21_48_513.jpg, C:\Users\eljes\Downloads\simulator-windows-64\IMG\right_2026_09_01_11_21_48_513.jpg, -0.2826603, 1, 0, 30.177
C:\Users\eljes\Downloads\simulator-windows-64\IMG\center_2026_09_01_11_21_48_613.jpg, C:\Users\eljes\Downloads\simulator-windows-64\IMG\left_2026_09_01_11_21_48_613.jpg, C:\Users\eljes\Downloads\simulator-windows-64\IMG\right_2026_09_01_11_21_48_613.jpg, -0.1506852, 1, 0, 30.19739
C:\Users\eljes\Downloads\simulator-windows-64\IMG\center_2026_09_01_11_21_48_715.jpg, C:\Users\eljes\Downloads\simulator-windows-64\IMG\left_2026_09_01_11_21_48_715.jpg, C:\Users\eljes\Downloads\simulator-windows-64\IMG\right_2026_09_01_11_21_48_715.jpg, 0, 1, 0, 30.19296
C:\Users\eljes\Downloads\simulator-windows-64\IMG\center_2026_09_01_11_21_48_817.jpg, C:\Users\eljes\Downloads\simulator-windows-64\IMG\left_2026_09_01_11_21_48_817.jpg, C:\Users\eljes\Downloads\simulator-windows-64\IMG\right_2026_09_01_11_21_48_817.jpg, -0.08841269, 1, 0, 30.19751
C:\Users\eljes\Downloads\simulator-windows-64\IMG\center_2026_09_01_11_21_48_917.jpg, C:\Users\eljes\Downloads\simulator-windows-64\IMG\left_2026_09_01_11_21_48_917.jpg, C:\Users\eljes\Downloads\simulator-windows-64\IMG\right_2026_09_01_11_21_48_917.jpg, -0.211872, 1, 0, 30.19092
C:\Users\eljes\Downloads\simulator-windows-64\IMG\center_2026_09_01_11_21_49_020.jpg, C:\Users\eljes\Downloads\simulator-windows-64\IMG\left_2026_09_01_11_21_49_020.jpg, C:\Users\eljes\Downloads\simulator-windows-64\IMG\right_2026_09_01_11_21_49_020.jpg, 0, 1, 0, 30.20355
C:\Users\eljes\Downloads\simulator-windows-64\IMG\center_2026_09_01_11_21_49_121.jpg, C:\Users\eljes\Downloads\simulator-windows-64\IMG\left_2026_09_01_11_21_49_121.jpg, C:\Users\eljes\Downloads\simulator-windows-64\IMG\right_2026_09_01_11_21_49_121.jpg, 0, 1, 0, 30.20185
C:\Users\eljes\Downloads\simulator-windows-64\IMG\center_2026_09_01_11_21_49_223.jpg, C:\Users\eljes\Downloads\simulator-windows-64\IMG\left_2026_09_01_11_21_49_223.jpg, C:\Users\eljes\Downloads\simulator-windows-64\IMG\right_2026_09_01_11_21_49_223.jpg, 0, 1, 0, 30.20376
C:\Users\eljes\Downloads\simulator-windows-64\IMG\center_2026_09_01_11_21_49_327.jpg, C:\Users\eljes\Downloads\simulator-windows-64\IMG\left_2026_09_01_11_21_49_327.jpg, C:\Users\eljes\Downloads\simulator-windows-64\IMG\right_2026_09_01_11_21_49_327.jpg, -0.3046812, 1, 0, 30.18264
C:\Users\eljes\Downloads\simulator-windows-64\IMG\center_2026_09_01_11_21_49_430.jpg, C:\Users\eljes\Downloads\simulator-windows-64\IMG\left_2026_09_01_11_21_49_430.jpg, C:\Users\eljes\Downloads\simulator-windows-64\IMG\right_2026_09_01_11_21_49_430.jpg, -0.5812281, 1, 0, 30.15662
C:\Users\eljes\Downloads\simulator-windows-64\IMG\center_2026_09_01_11_21_49_531.jpg, C:\Users\eljes\Downloads\simulator-windows-64\IMG\left_2026_09_01_11_21_49_531.jpg, C:\Users\eljes\Downloads\simulator-windows-64\IMG\right_2026_09_01_11_21_49_531.jpg, -0.2894013, 1, 0, 30.21125
C:\Users\eljes\Downloads\simulator-windows-64\IMG\center_2026_09_01_11_21_49_631.jpg, C:\Users\eljes\Downloads\simulator-windows-64\IMG\left_2026_09_01_11_21_49_631.jpg, C:\Users\eljes\Downloads\simulator-windows-64\IMG\right_2026_09_01_11_21_49_631.jpg, 0, 1, 0, 30.20387
C:\Users\eljes\Downloads\simulator-windows-64\IMG\center_2026_09_01_11_21_49_732.jpg, C:\Users\eljes\Downloads\simulator-windows-64\IMG\left_2026_09_01_11_21_49_732.jpg, C:\Users\eljes\Downloads\simulator-windows-64\IMG\right_2026_09_01_11_21_49_732.jpg, 0, 1, 0, 30.20966
C:\Users\eljes\Downloads\simulator-windows-64\IMG\center_2026_09_01_11_21_49_835.jpg, C:\Users\eljes\Downloads\simulator-windows-64\IMG\left_2026_09_01_11_21_49_835.jpg, C:\Users\eljes\Downloads\simulator-windows-64\IMG\right_2026_09_01_11_21_49_835.jpg, -0.1211535, 1, 0, 30.1938
C:\Users\eljes\Downloads\simulator-windows-64\IMG\center_2026_09_01_11_21_49_936.jpg, C:\Users\eljes\Downloads\simulator-windows-64\IMG\left_2026_09_01_11_21_49_936.jpg, C:\Users\eljes\Downloads\simulator-windows-64\IMG\right_2026_09_01_11_21_49_936.jpg, -0.4198152, 1, 0, 30.16204
C:\Users\eljes\Downloads\simulator-windows-64\IMG\center_2026_09_01_11_21_50_036.jpg, C:\Users\eljes\Downloads\simulator-windows-64\IMG\left_2026_09_01_11_21_50_036.jpg, C:\Users\eljes\Downloads\simulator-windows-64\IMG\right_2026_09_01_11_21_50_036.jpg, -0.7504886, 1, 0, 30.124
C:\Users\eljes\Downloads\simulator-windows-64\IMG\center_2026_09_01_11_21_50_137.jpg, C:\Users\eljes\Downloads\simulator-windows-64\IMG\left_2026_09_01_11_21_50_137.jpg, C:\Users\eljes\Downloads\simulator-windows-64\IMG\right_2026_09_01_11_21_50_137.jpg, -0.4459361, 1, 0, 30.20241
C:\Users\eljes\Downloads\simulator-windows-64\IMG\center_2026_09_01_11_21_50_240.jpg, C:\Users\eljes\Downloads\simulator-windows-64\IMG\left_2026_09_01_11_21_50_240.jpg, C:\Users\eljes\Downloads\simulator-windows-64\IMG\right_2026_09_01_11_21_50_240.jpg, -0.1467644, 1, 0, 30.19448
C:\Users\eljes\Downloads\simulator-windows-64\IMG\center_2026_09_01_11_21_50_341.jpg, C:\Users\eljes\Downloads\simulator-windows-64\IMG\left_2026_09_01_11_21_50_341.jpg, C:\Users\eljes\Downloads\simulator-windows-64\IMG\right_2026_09_01_11_21_50_341.jpg, 0, 1, 0, 30.2021
C:\Users\eljes\Downloads\simulator-windows-64\IMG\center_2026_09_01_11_21_50_444.jpg, C:\Users\eljes\Downloads\simulator-windows-64\IMG\left_2026_09_01_11_21_50_444.jpg, C:\Users\eljes\Downloads\simulator-windows-64\IMG\right_2026_09_01_11_21_50_444.jpg, -0.2025696, 1, 0, 30.17976
C:\Users\eljes\Downloads\simulator-windows-64\IMG\center_2026_09_01_11_21_50_545.jpg, C:\Users\eljes\Downloads\simulator-windows-64\IMG\left_2026_09_01_11_21_50_545.jpg, C:\Users\eljes\Downloads\simulator-windows-64\IMG\right_2026_09_01_11_21_50_545.jpg, 0, 1, 0, 30.20093
C:\Users\eljes\Downloads\simulator-windows-64\IMG\center_2026_09_01_11_21_50_647.jpg, C:\Users\eljes\Downloads\simulator-windows-64\IMG\left_2026_09_01_11_21_50_647.jpg, C:\Users\eljes\Downloads\simulator-windows-64\IMG\right_2026_09_01_11_21_50_647.jpg, 0, 1, 0, 30.21842
C:\Users\eljes\Downloads\simulator-windows-64\IMG\center_2026_09_01_11_21_50_748.jpg, C:\Users\eljes\Downloads\simulator-windows-64\IMG\left_2026_09_01_11_21_50_748.jpg, C:\Users\eljes\Downloads\simulator-windows-64\IMG\right_2026_09_01_11_21_50_748.jpg, -0.2013975, 1, 0, 30.19725
C:\Users\eljes\Downloads\simulator-windows-64\IMG\center_2026_09_01_11_21_50_850.jpg, C:\Users\eljes\Downloads\simulator-windows-64\IMG\left_2026_09_01_11_21_50_850.jpg, C:\Users\eljes\Downloads\simulator-windows-64\IMG\right_2026_09_01_11_21_50_850.jpg, -0.5030499, 1, 0, 30.1421
C:\Users\eljes\Downloads\simulator-windows-64\IMG\center_2026_09_01_11_21_50_951.jpg, C:\Users\eljes\Downloads\simulator-windows-64\IMG\left_2026_09_01_11_21_50_951.jpg, C:\Users\eljes\Downloads\simulator-windows-64\IMG\right_2026_09_01_11_21_50_951.jpg, -0.365054, 1, 0, 30.22018
C:\Users\eljes\Downloads\simulator-windows-64\IMG\center_2026_09_01_11_21_51_053.jpg, C:\Users\eljes\Downloads\simulator-windows-64\IMG\left_2026_09_01_11_21_51_053.jpg, C:\Users\eljes\Downloads\simulator-windows-64\IMG\right_2026_09_01_11_21_51_053.jpg, -0.06144321, 1, 0, 30.24227
C:\Users\eljes\Downloads\simulator-windows-64\IMG\center_2026_09_01_11_21_51_153.jpg, C:\Users\eljes\Downloads\simulator-windows-64\IMG\left_2026_09_01_11_21_51_153.jpg, C:\Users\eljes\Downloads\simulator-windows-64\IMG\right_2026_09_01_11_21_51_153.jpg, -0.2151756, 1, 0, 30.21621
C:\Users\eljes\Downloads\simulator-windows-64\IMG\center_2026_09_01_11_21_51_257.jpg, C:\Users\eljes\Downloads\simulator-windows-64\IMG\left_2026_09_01_11_21_51_257.jpg, C:\Users\eljes\Downloads\simulator-windows-64\IMG\right_2026_09_01_11_21_51_257.jpg, -0.57499, 1, 0, 30.14511
C:\Users\eljes\Downloads\simulator-windows-64\IMG\center_2026_09_01_11_21_51_356.jpg, C:\Users\eljes\Downloads\simulator-windows-64\IMG\left_2026_09_01_11_21_51_356.jpg, C:\Users\eljes\Downloads\simulator-windows-64\IMG\right_2026_09_01_11_21_51_356.jpg, -0.2738997, 1, 0, 30.23001
C:\Users\eljes\Downloads\simulator-windows-64\IMG\center_2026_09_01_11_21_51_457.jpg, C:\Users\eljes\Downloads\simulator-windows-64\IMG\left_2026_09_01_11_21_51_457.jpg, C:\Users\eljes\Downloads\simulator-windows-64\IMG\right_2026_09_01_11_21_51_457.jpg, 0, 1, 0, 30.24911
C:\Users\eljes\Downloads\simulator-windows-64\IMG\center_2026_09_01_11_21_51_559.jpg, C:\Users\eljes\Downloads\simulator-windows-64\IMG\left_2026_09_01_11_21_51_559.jpg, C:\Users\eljes\Downloads\simulator-windows-64\IMG\right_2026_09_01_11_21_51_559.jpg, -0.0457041, 1, 0, 30.21721
C:\Users\eljes\Downloads\simulator-windows-64\IMG\center_2026_09_01_11_21_51_661.jpg, C:\Users\eljes\Downloads\simulator-windows-64\IMG\left_2026_09_01_11_21_51_661.jpg, C:\Users\eljes\Downloads\simulator-windows-64\IMG\right_2026_09_01_11_21_51_661.jpg, -0.3502653, 1, 0, 30.21708
C:\Users\eljes\Downloads\simulator-windows-64\IMG\center_2026_09_01_11_21_51_762.jpg, C:\Users\eljes\Downloads\simulator-windows-64\IMG\left_2026_09_01_11_21_51_762.jpg, C:\Users\eljes\Downloads\simulator-windows-64\IMG\right_2026_09_01_11_21_51_762.jpg, -0.6457847, 1, 0, 30.14631
C:\Users\eljes\Downloads\simulator-windows-64\IMG\center_2026_09_01_11_21_51_865.jpg, C:\Users\eljes\Downloads\simulator-windows-64\IMG\left_2026_09_01_11_21_51_865.jpg, C:\Users\eljes\Downloads\simulator-windows-64\IMG\right_2026_09_01_11_21_51_865.jpg, -0.3786932, 0.8993335, 0, 30.21223
C:\Users\eljes\Downloads\simulator-windows-64\IMG\center_2026_09_01_11_21_51_964.jpg, C:\Users\eljes\Downloads\simulator-windows-64\IMG\left_2026_09_01_11_21_51_964.jpg, C:\Users\eljes\Downloads\simulator-windows-64\IMG\right_2026_09_01_11_21_51_964.jpg, -0.07731861, 0.6754033, 0, 30.13175
C:\Users\eljes\Downloads\simulator-windows-64\IMG\center_2026_09_01_11_21_52_066.jpg, C:\Users\eljes\Downloads\simulator-windows-64\IMG\left_2026_09_01_11_21_52_066.jpg, C:\Users\eljes\Downloads\simulator-windows-64\IMG\right_2026_09_01_11_21_52_066.jpg, 0, 0.9798402, 0, 30.19971
C:\Users\eljes\Downloads\simulator-windows-64\IMG\center_2026_09_01_11_21_52_166.jpg, C:\Users\eljes\Downloads\simulator-windows-64\IMG\left_2026_09_01_11_21_52_166.jpg, C:\Users\eljes\Downloads\simulator-windows-64\IMG\right_2026_09_01_11_21_52_166.jpg, -0.301944, 1, 0, 30.20432
C:\Users\eljes\Downloads\simulator-windows-64\IMG\center_2026_09_01_11_21_52_268.jpg, C:\Users\eljes\Downloads\simulator-windows-64\IMG\left_2026_09_01_11_21_52_268.jpg, C:\Users\eljes\Downloads\simulator-windows-64\IMG\right_2026_09_01_11_21_52_268.jpg, -0.6000972, 1, 0, 30.16772
C:\Users\eljes\Downloads\simulator-windows-64\IMG\center_2026_09_01_11_21_52_369.jpg, C:\Users\eljes\Downloads\simulator-windows-64\IMG\left_2026_09_01_11_21_52_369.jpg, C:\Users\eljes\Downloads\simulator-windows-64\IMG\right_2026_09_01_11_21_52_369.jpg, -0.500978, 1, 0, 30.19518
C:\Users\eljes\Downloads\simulator-windows-64\IMG\center_2026_09_01_11_21_52_470.jpg, C:\Users\eljes\Downloads\simulator-windows-64\IMG\left_2026_09_01_11_21_52_470.jpg, C:\Users\eljes\Downloads\simulator-windows-64\IMG\right_2026_09_01_11_21_52_470.jpg, -0.2099255, 1, 0, 30.21325
C:\Users\eljes\Downloads\simulator-windows-64\IMG\center_2026_09_01_11_21_52_572.jpg, C:\Users\eljes\Downloads\simulator-windows-64\IMG\left_2026_09_01_11_21_52_572.jpg, C:\Users\eljes\Downloads\simulator-windows-64\IMG\right_2026_09_01_11_21_52_572.jpg, 0, 1, 0, 30.15682
C:\Users\eljes\Downloads\simulator-windows-64\IMG\center_2026_09_01_11_21_52_673.jpg, C:\Users\eljes\Downloads\simulator-windows-64\IMG\left_2026_09_01_11_21_52_673.jpg, C:\Users\eljes\Downloads\simulator-windows-64\IMG\right_2026_09_01_11_21_52_673.jpg, -0.183159, 1, 0, 30.20921
C:\Users\eljes\Downloads\simulator-windows-64\IMG\center_2026_09_01_11_21_52_773.jpg, C:\Users\eljes\Downloads\simulator-windows-64\IMG\left_2026_09_01_11_21_52_773.jpg, C:\Users\eljes\Downloads\simulator-windows-64\IMG\right_2026_09_01_11_21_52_773.jpg, -0.4864278, 1, 0, 30.19019
C:\Users\eljes\Downloads\simulator-windows-64\IMG\center_2026_09_01_11_21_52_874.jpg, C:\Users\eljes\Downloads\simulator-windows-64\IMG\left_2026_09_01_11_21_52_874.jpg, C:\Users\eljes\Downloads\simulator-windows-64\IMG\right_2026_09_01_11_21_52_874.jpg, -0.7020737, 1, 0, 30.14642
C:\Users\eljes\Downloads\simulator-windows-64\IMG\center_2026_09_01_11_21_52_974.jpg, C:\Users\eljes\Downloads\simulator-windows-64\IMG\left_2026_09_01_11_21_52_974.jpg, C:\Users\eljes\Downloads\simulator-windows-64\IMG\right_2026_09_01_11_21_52_974.jpg, -0.4082642, 0.8017873, 0, 30.13235
C:\Users\eljes\Downloads\simulator-windows-64\IMG\center_2026_09_01_11_21_53_077.jpg, C:\Users\eljes\Downloads\simulator-windows-64\IMG\left_2026_09_01_11_21_53_077.jpg, C:\Users\eljes\Downloads\simulator-windows-64\IMG\right_2026_09_01_11_21_53_077.jpg, -0.04416705, 1, 0, 30.1998
C:\Users\eljes\Downloads\simulator-windows-64\IMG\center_2026_09_01_11_21_53_177.jpg, C:\Users\eljes\Downloads\simulator-windows-64\IMG\left_2026_09_01_11_21_53_177.jpg, C:\Users\eljes\Downloads\simulator-windows-64\IMG\right_2026_09_01_11_21_53_177.jpg, -0.06489, 1, 0, 30.19705
C:\Users\eljes\Downloads\simulator-windows-64\IMG\center_2026_09_01_11_21_53_279.jpg, C:\Users\eljes\Downloads\simulator-windows-64\IMG\left_2026_09_01_11_21_53_279.jpg, C:\Users\eljes\Downloads\simulator-windows-64\IMG\right_2026_09_01_11_21_53_279.jpg, -0.3609621, 1, 0, 30.17642
C:\Users\eljes\Downloads\simulator-windows-64\IMG\center_2026_09_01_11_21_53_382.jpg, C:\Users\eljes\Downloads\simulator-windows-64\IMG\left_2026_09_01_11_21_53_382.jpg, C:\Users\eljes\Downloads\simulator-windows-64\IMG\right_2026_09_01_11_21_53_382.jpg, -0.2875281, 1, 0, 30.21096
C:\Users\eljes\Downloads\simulator-windows-64\IMG\center_2026_09_01_11_21_53_483.jpg, C:\Users\eljes\Downloads\simulator-windows-64\IMG\left_2026_09_01_11_21_53_483.jpg, C:\Users\eljes\Downloads\simulator-windows-64\IMG\right_2026_09_01_11_21_53_483.jpg, 0, 1, 0, 30.19576
C:\Users\eljes\Downloads\simulator-windows-64\IMG\center_2026_09_01_11_21_53_584.jpg, C:\Users\eljes\Downloads\simulator-windows-64\IMG\left_2026_09_01_11_21_53_584.jpg, C:\Users\eljes\Downloads\simulator-windows-64\IMG\right_2026_09_01_11_21_53_584.jpg, 0, 1, 0, 30.18348
C:\Users\eljes\Downloads\simulator-windows-64\IMG\center_2026_09_01_11_21_53_686.jpg, C:\Users\eljes\Downloads\simulator-windows-64\IMG\left_2026_09_01_11_21_53_686.jpg, C:\Users\eljes\Downloads\simulator-windows-64\IMG\right_2026_09_01_11_21_53_686.jpg, 0, 1, 0, 30.19052
C:\Users\eljes\Downloads\simulator-windows-64\IMG\center_2026_09_01_11_21_53_786.jpg, C:\Users\eljes\Downloads\simulator-windows-64\IMG\left_2026_09_01_11_21_53_786.jpg, C:\Users\eljes\Downloads\simulator-windows-64\IMG\right_2026_09_01_11_21_53_786.jpg, 0, 1, 0, 30.19932
C:\Users\eljes\Downloads\simulator-windows-64\IMG\center_2026_09_01_11_21_53_888.jpg, C:\Users\eljes\Downloads\simulator-windows-64\IMG\left_2026_09_01_11_21_53_888.jpg, C:\Users\eljes\Downloads\simulator-windows-64\IMG\right_2026_09_01_11_21_53_888.jpg, 0, 1, 0, 30.19882
C:\Users\eljes\Downloads\simulator-windows-64\IMG\center_2026_09_01_11_21_53_990.jpg, C:\Users\eljes\Downloads\simulator-windows-64\IMG\left_2026_09_01_11_21_53_990.jpg, C:\Users\eljes\Downloads\simulator-windows-64\IMG\right_2026_09_01_11_21_53_990.jpg, 0, 1, 0, 30.20104
C:\Users\eljes\Downloads\simulator-windows-64\IMG\center_2026_09_01_11_21_54_094.jpg, C:\Users\eljes\Downloads\simulator-windows-64\IMG\left_2026_09_01_11_21_54_094.jpg, C:\Users\eljes\Downloads\simulator-windows-64\IMG\right_2026_09_01_11_21_54_094.jpg, 0, 1, 0, 30.19818
C:\Users\eljes\Downloads\simulator-windows-64\IMG\center_2026_09_01_11_21_54_194.jpg, C:\Users\eljes\Downloads\simulator-windows-64\IMG\left_2026_09_01_11_21_54_194.jpg, C:\Users\eljes\Downloads\simulator-windows-64\IMG\right_2026_09_01_11_21_54_194.jpg, 0, 1, 0, 30.20962
C:\Users\eljes\Downloads\simulator-windows-64\IMG\center_2026_09_01_11_21_54_298.jpg, C:\Users\eljes\Downloads\simulator-windows-64\IMG\left_2026_09_01_11_21_54_298.jpg, C:\Users\eljes\Downloads\simulator-windows-64\IMG\right_2026_09_01_11_21_54_298.jpg, 0, 1, 0, 30.20285
C:\Users\eljes\Downloads\simulator-windows-64\IMG\center_2026_09_01_11_21_54_397.jpg, C:\Users\eljes\Downloads\simulator-windows-64\IMG\left_2026_09_01_11_21_54_397.jpg, C:\Users\eljes\Downloads\simulator-windows-64\IMG\right_2026_09_01_11_21_54_397.jpg, 0, 1, 0, 30.21521
C:\Users\eljes\Downloads\simulator-windows-64\IMG\center_2026_09_01_11_21_54_499.jpg, C:\Users\eljes\Downloads\simulator-windows-64\IMG\left_2026_09_01_11_21_54_499.jpg, C:\Users\eljes\Downloads\simulator-windows-64\IMG\right_2026_09_01_11_21_54_499.jpg, 0, 1, 0, 30.20575
C:\Users\eljes\Downloads\simulator-windows-64\IMG\center_2026_09_01_11_21_54_601.jpg, C:\Users\eljes\Downloads\simulator-windows-64\IMG\left_2026_09_01_11_21_54_601.jpg, C:\Users\eljes\Downloads\simulator-windows-64\IMG\right_2026_09_01_11_21_54_601.jpg, 0, 1, 0, 30.20844
C:\Users\eljes\Downloads\simulator-windows-64\IMG\center_2026_09_01_11_21_54_703.jpg, C:\Users\eljes\Downloads\simulator-windows-64\IMG\left_2026_09_01_11_21_54_703.jpg, C:\Users\eljes\Downloads\simulator-windows-64\IMG\right_2026_09_01_11_21_54_703.jpg, 0, 1, 0, 30.2069
C:\Users\eljes\Downloads\simulator-windows-64\IMG\center_2026_09_01_11_21_54_802.jpg, C:\Users\eljes\Downloads\simulator-windows-64\IMG\left_2026_09_01_11_21_54_802.jpg, C:\Users\eljes\Downloads\simulator-windows-64\IMG\right_2026_09_01_11_21_54_802.jpg, 0, 1, 0, 30.20475
C:\Users\eljes\Downloads\simulator-windows-64\IMG\center_2026_09_01_11_21_54_904.jpg, C:\Users\eljes\Downloads\simulator-windows-64\IMG\left_2026_09_01_11_21_54_904.jpg, C:\Users\eljes\Downloads\simulator-windows-64\IMG\right_2026_09_01_11_21_54_904.jpg, 0, 1, 0, 30.2084
C:\Users\eljes\Downloads\simulator-windows-64\IMG\center_2026_09_01_11_21_55_006.jpg, C:\Users\eljes\Downloads\simulator-windows-64\IMG\left_2026_09_01_11_21_55_006.jpg, C:\Users\eljes\Downloads\simulator-windows-64\IMG\right_2026_09_01_11_21_55_006.jpg, 0, 1, 0, 30.20707
C:\Users\eljes\Downloads\simulator-windows-64\IMG\center_2026_09_01_11_21_55_108.jpg, C:\Users\eljes\Downloads\simulator-windows-64\IMG\left_2026_09_01_11_21_55_108.jpg, C:\Users\eljes\Downloads\simulator-windows-64\IMG\right_2026_09_01_11_21_55_108.jpg, 0, 1, 0, 30.20873
C:\Users\eljes\Downloads\simulator-windows-64\IMG\center_2026_09_01_11_21_55_210.jpg, C:\Users\eljes\Downloads\simulator-windows-64\IMG\left_2026_09_01_11_21_55_210.jpg, C:\Users\eljes\Downloads\simulator-windows-64\IMG\right_2026_09_01_11_21_55_210.jpg, 0, 1, 0, 30.20811
C:\Users\eljes\Downloads\simulator-windows-64\IMG\center_2026_09_01_11_21_55_313.jpg, C:\Users\eljes\Downloads\simulator-windows-64\IMG\left_2026_09_01_11_21_55_313.jpg, C:\Users\eljes\Downloads\simulator-windows-64\IMG\right_2026_09_01_11_21_55_313.jpg, 0, 1, 0, 30.2092
C:\Users\eljes\Downloads\simulator-windows-64\IMG\center_2026_09_01_11_21_55_415.jpg, C:\Users\eljes\Downloads\simulator-windows-64\IMG\left_2026_09_01_11_21_55_415.jpg, C:\Users\eljes\Downloads\simulator-windows-64\IMG\right_2026_09_01_11_21_55_415.jpg, 0, 1, 0, 30.20812
C:\Users\eljes\Downloads\simulator-windows-64\IMG\center_2026_09_01_11_21_55_516.jpg, C:\Users\eljes\Downloads\simulator-windows-64\IMG\left_2026_09_01_11_21_55_516.jpg, C:\Users\eljes\Downloads\simulator-windows-64\IMG\right_2026_09_01_11_21_55_516.jpg, 0, 1, 0, 30.209
C:\Users\eljes\Downloads\simulator-windows-64\IMG\center_2026_09_01_11_21_55_619.jpg, C:\Users\eljes\Downloads\simulator-windows-64\IMG\left_2026_09_01_11_21_55_619.jpg, C:\Users\eljes\Downloads\simulator-windows-64\IMG\right_2026_09_01_11_21_55_619.jpg, 0, 1, 0, 30.20892
C:\Users\eljes\Downloads\simulator-windows-64\IMG\center_2026_09_01_11_21_55_720.jpg, C:\Users\eljes\Downloads\simulator-windows-64\IMG\left_2026_09_01_11_21_55_720.jpg, C:\Users\eljes\Downloads\simulator-windows-64\IMG\right_2026_09_01_11_21_55_720.jpg, 0, 1, 0, 30.21051
C:\Users\eljes\Downloads\simulator-windows-64\IMG\center_2026_09_01_11_21_55_823.jpg, C:\Users\eljes\Downloads\simulator-windows-64\IMG\left_2026_09_01_11_21_55_823.jpg, C:\Users\eljes\Downloads\simulator-windows-64\IMG\right_2026_09_01_11_21_55_823.jpg, 0, 1, 0, 30.20901
C:\Users\eljes\Downloads\simulator-windows-64\IMG\center_2026_09_01_11_21_55_923.jpg, C:\Users\eljes\Downloads\simulator-windows-64\IMG\left_2026_09_01_11_21_55_923.jpg, C:\Users\eljes\Downloads\simulator-windows-64\IMG\right_2026_09_01_11_21_55_923.jpg, 0, 1, 0, 30.20736
C:\Users\eljes\Downloads\simulator-windows-64\IMG\center_2026_09_01_11_21_56_025.jpg, C:\Users\eljes\Downloads\simulator-windows-64\IMG\left_2026_09_01_11_21_56_025.jpg, C:\Users\eljes\Downloads\simulator-windows-64\IMG\right_2026_09_01_11_21_56_025.jpg, -0.1798209, 1, 0, 30.20081
C:\Users\eljes\Downloads\simulator-windows-64\IMG\center_2026_09_01_11_21_56_128.jpg, C:\Users\eljes\Downloads\simulator-windows-64\IMG\left_2026_09_01_11_21_56_128.jpg, C:\Users\eljes\Downloads\simulator-windows-64\IMG\right_2026_09_01_11_21_56_128.jpg, -0.2176311, 1, 0, 30.2023
C:\Users\eljes\Downloads\simulator-windows-64\IMG\center_2026_09_01_11_21_56_230.jpg, C:\Users\eljes\Downloads\simulator-windows-64\IMG\left_2026_09_01_11_21_56_230.jpg, C:\Users\eljes\Downloads\simulator-windows-64\IMG\right_2026_09_01_11_21_56_230.jpg, 0, 1, 0, 30.20737
C:\Users\eljes\Downloads\simulator-windows-64\IMG\center_2026_09_01_11_21_56_334.jpg, C:\Users\eljes\Downloads\simulator-windows-64\IMG\left_2026_09_01_11_21_56_334.jpg, C:\Users\eljes\Downloads\simulator-windows-64\IMG\right_2026_09_01_11_21_56_334.jpg, 0, 1, 0, 30.21051
C:\Users\eljes\Downloads\simulator-windows-64\IMG\center_2026_09_01_11_21_56_434.jpg, C:\Users\eljes\Downloads\simulator-windows-64\IMG\left_2026_09_01_11_21_56_434.jpg, C:\Users\eljes\Downloads\simulator-windows-64\IMG\right_2026_09_01_11_21_56_434.jpg, 0, 1, 0, 30.21062
C:\Users\eljes\Downloads\simulator-windows-64\IMG\center_2026_09_01_11_21_56_537.jpg, C:\Users\eljes\Downloads\simulator-windows-64\IMG\left_2026_09_01_11_21_56_537.jpg, C:\Users\eljes\Downloads\simulator-windows-64\IMG\right_2026_09_01_11_21_56_537.jpg, 0, 1, 0, 30.2102
C:\Users\eljes\Downloads\simulator-windows-64\IMG\center_2026_09_01_11_21_56_638.jpg, C:\Users\eljes\Downloads\simulator-windows-64\IMG\left_2026_09_01_11_21_56_638.jpg, C:\Users\eljes\Downloads\simulator-windows-64\IMG\right_2026_09_01_11_21_56_638.jpg, 0, 1, 0, 30.21096
C:\Users\eljes\Downloads\simulator-windows-64\IMG\center_2026_09_01_11_21_56_740.jpg, C:\Users\eljes\Downloads\simulator-windows-64\IMG\left_2026_09_01_11_21_56_740.jpg, C:\Users\eljes\Downloads\simulator-windows-64\IMG\right_2026_09_01_11_21_56_740.jpg, 0, 1, 0, 30.2095
C:\Users\eljes\Downloads\simulator-windows-64\IMG\center_2026_09_01_11_21_56_843.jpg, C:\Users\eljes\Downloads\simulator-windows-64\IMG\left_2026_09_01_11_21_56_843.jpg, C:\Users\eljes\Downloads\simulator-windows-64\IMG\right_2026_09_01_11_21_56_843.jpg, 0, 1, 0, 30.21117
C:\Users\eljes\Downloads\simulator-windows-64\IMG\center_2026_09_01_11_21_56_945.jpg, C:\Users\eljes\Downloads\simulator-windows-64\IMG\left_2026_09_01_11_21_56_945.jpg, C:\Users\eljes\Downloads\simulator-windows-64\IMG\right_2026_09_01_11_21_56_945.jpg, 0, 1, 0, 30.20977
C:\Users\eljes\Downloads\simulator-windows-64\IMG\center_2026_09_01_11_21_57_047.jpg, C:\Users\eljes\Downloads\simulator-windows-64\IMG\left_2026_09_01_11_21_57_047.jpg, C:\Users\eljes\Downloads\simulator-windows-64\IMG\right_2026_09_01_11_21_57_047.jpg, 0, 1, 0, 30.21131
C:\Users\eljes\Downloads\simulator-windows-64\IMG\center_2026_09_01_11_21_57_150.jpg, C:\Users\eljes\Downloads\simulator-windows-64\IMG\left_2026_09_01_11_21_57_150.jpg, C:\Users\eljes\Downloads\simulator-windows-64\IMG\right_2026_09_01_11_21_57_150.jpg, 0.0573495, 1, 0, 30.20892
C:\Users\eljes\Downloads\simulator-windows-64\IMG\center_2026_09_01_11_21_57_251.jpg, C:\Users\eljes\Downloads\simulator-windows-64\IMG\left_2026_09_01_11_21_57_251.jpg, C:\Users\eljes\Downloads\simulator-windows-64\IMG\right_2026_09_01_11_21_57_251.jpg, 0.3550191, 1, 0, 30.17812
C:\Users\eljes\Downloads\simulator-windows-64\IMG\center_2026_09_01_11_21_57_351.jpg, C:\Users\eljes\Downloads\simulator-windows-64\IMG\left_2026_09_01_11_21_57_351.jpg, C:\Users\eljes\Downloads\simulator-windows-64\IMG\right_2026_09_01_11_21_57_351.jpg, 0.13856, 1, 0, 30.21064
C:\Users\eljes\Downloads\simulator-windows-64\IMG\center_2026_09_01_11_21_57_452.jpg, C:\Users\eljes\Downloads\simulator-windows-64\IMG\left_2026_09_01_11_21_57_452.jpg, C:\Users\eljes\Downloads\simulator-windows-64\IMG\right_2026_09_01_11_21_57_452.jpg, 0, 1, 0, 30.20665
C:\Users\eljes\Downloads\simulator-windows-64\IMG\center_2026_09_01_11_21_57_552.jpg, C:\Users\eljes\Downloads\simulator-windows-64\IMG\left_2026_09_01_11_21_57_552.jpg, C:\Users\eljes\Downloads\simulator-windows-64\IMG\right_2026_09_01_11_21_57_552.jpg, 0, 1, 0, 30.20903
C:\Users\eljes\Downloads\simulator-windows-64\IMG\center_2026_09_01_11_21_57_653.jpg, C:\Users\eljes\Downloads\simulator-windows-64\IMG\left_2026_09_01_11_21_57_653.jpg, C:\Users\eljes\Downloads\simulator-windows-64\IMG\right_2026_09_01_11_21_57_653.jpg, 0, 1, 0, 30.21056
C:\Users\eljes\Downloads\simulator-windows-64\IMG\center_2026_09_01_11_21_57_756.jpg, C:\Users\eljes\Downloads\simulator-windows-64\IMG\left_2026_09_01_11_21_57_756.jpg, C:\Users\eljes\Downloads\simulator-windows-64\IMG\right_2026_09_01_11_21_57_756.jpg, 0.2347671, 1, 0, 30.19562
C:\Users\eljes\Downloads\simulator-windows-64\IMG\center_2026_09_01_11_21_57_858.jpg, C:\Users\eljes\Downloads\simulator-windows-64\IMG\left_2026_09_01_11_21_57_858.jpg, C:\Users\eljes\Downloads\simulator-windows-64\IMG\right_2026_09_01_11_21_57_858.jpg, 0.04961154, 1, 0, 30.21219
C:\Users\eljes\Downloads\simulator-windows-64\IMG\center_2026_09_01_11_21_57_959.jpg, C:\Users\eljes\Downloads\simulator-windows-64\IMG\left_2026_09_01_11_21_57_959.jpg, C:\Users\eljes\Downloads\simulator-windows-64\IMG\right_2026_09_01_11_21_57_959.jpg, 0, 1, 0, 30.21262
C:\Users\eljes\Downloads\simulator-windows-64\IMG\center_2026_09_01_11_21_58_059.jpg, C:\Users\eljes\Downloads\simulator-windows-64\IMG\left_2026_09_01_11_21_58_059.jpg, C:\Users\eljes\Downloads\simulator-windows-64\IMG\right_2026_09_01_11_21_58_059.jpg, 0, 1, 0, 30.20878
C:\Users\eljes\Downloads\simulator-windows-64\IMG\center_2026_09_01_11_21_58_162.jpg, C:\Users\eljes\Downloads\simulator-windows-64\IMG\left_2026_09_01_11_21_58_162.jpg, C:\Users\eljes\Downloads\simulator-windows-64\IMG\right_2026_09_01_11_21_58_162.jpg, 0, 1, 0, 30.21192
C:\Users\eljes\Downloads\simulator-windows-64\IMG\center_2026_09_01_11_21_58_262.jpg, C:\Users\eljes\Downloads\simulator-windows-64\IMG\left_2026_09_01_11_21_58_262.jpg, C:\Users\eljes\Downloads\simulator-windows-64\IMG\right_2026_09_01_11_21_58_262.jpg, 0, 1, 0, 30.20908
C:\Users\eljes\Downloads\simulator-windows-64\IMG\center_2026_09_01_11_21_58_363.jpg, C:\Users\eljes\Downloads\simulator-windows-64\IMG\left_2026_09_01_11_21_58_363.jpg, C:\Users\eljes\Downloads\simulator-windows-64\IMG\right_2026_09_01_11_21_58_363.jpg, 0.1672386, 1, 0, 30.20127
C:\Users\eljes\Downloads\simulator-windows-64\IMG\center_2026_09_01_11_21_58_464.jpg, C:\Users\eljes\Downloads\simulator-windows-64\IMG\left_2026_09_01_11_21_58_464.jpg, C:\Users\eljes\Downloads\simulator-windows-64\IMG\right_2026_09_01_11_21_58_464.jpg, 0.3593408, 1, 0, 30.18192
C:\Users\eljes\Downloads\simulator-windows-64\IMG\center_2026_09_01_11_21_58_565.jpg, C:\Users\eljes\Downloads\simulator-windows-64\IMG\left_2026_09_01_11_21_58_565.jpg, C:\Users\eljes\Downloads\simulator-windows-64\IMG\right_2026_09_01_11_21_58_565.jpg, 0.05837491, 1, 0, 30.20571
C:\Users\eljes\Downloads\simulator-windows-64\IMG\center_2026_09_01_11_21_58_667.jpg, C:\Users\eljes\Downloads\simulator-windows-64\IMG\left_2026_09_01_11_21_58_667.jpg, C:\Users\eljes\Downloads\simulator-windows-64\IMG\right_2026_09_01_11_21_58_667.jpg, 0, 1, 0, 30.20686
C:\Users\eljes\Downloads\simulator-windows-64\IMG\center_2026_09_01_11_21_58_768.jpg, C:\Users\eljes\Downloads\simulator-windows-64\IMG\left_2026_09_01_11_21_58_768.jpg, C:\Users\eljes\Downloads\simulator-windows-64\IMG\right_2026_09_01_11_21_58_768.jpg, 0, 1, 0, 30.21623
C:\Users\eljes\Downloads\simulator-windows-64\IMG\center_2026_09_01_11_21_58_870.jpg, C:\Users\eljes\Downloads\simulator-windows-64\IMG\left_2026_09_01_11_21_58_870.jpg, C:\Users\eljes\Downloads\simulator-windows-64\IMG\right_2026_09_01_11_21_58_870.jpg, 0.1432872, 1, 0, 30.20704
C:\Users\eljes\Downloads\simulator-windows-64\IMG\center_2026_09_01_11_21_58_972.jpg, C:\Users\eljes\Downloads\simulator-windows-64\IMG\left_2026_09_01_11_21_58_972.jpg, C:\Users\eljes\Downloads\simulator-windows-64\IMG\right_2026_09_01_11_21_58_972.jpg, 0.2615118, 1, 0, 30.20036
C:\Users\eljes\Downloads\simulator-windows-64\IMG\center_2026_09_01_11_21_59_073.jpg, C:\Users\eljes\Downloads\simulator-windows-64\IMG\left_2026_09_01_11_21_59_073.jpg, C:\Users\eljes\Downloads\simulator-windows-64\IMG\right_2026_09_01_11_21_59_073.jpg, 0, 1, 0, 30.21
C:\Users\eljes\Downloads\simulator-windows-64\IMG\center_2026_09_01_11_21_59_173.jpg, C:\Users\eljes\Downloads\simulator-windows-64\IMG\left_2026_09_01_11_21_59_173.jpg, C:\Users\eljes\Downloads\simulator-windows-64\IMG\right_2026_09_01_11_21_59_173.jpg, 0, 1, 0, 30.2153
C:\Users\eljes\Downloads\simulator-windows-64\IMG\center_2026_09_01_11_21_59_274.jpg, C:\Users\eljes\Downloads\simulator-windows-64\IMG\left_2026_09_01_11_21_59_274.jpg, C:\Users\eljes\Downloads\simulator-windows-64\IMG\right_2026_09_01_11_21_59_274.jpg, 0.0942792, 1, 0, 30.18983
C:\Users\eljes\Downloads\simulator-windows-64\IMG\center_2026_09_01_11_21_59_376.jpg, C:\Users\eljes\Downloads\simulator-windows-64\IMG\left_2026_09_01_11_21_59_376.jpg, C:\Users\eljes\Downloads\simulator-windows-64\IMG\right_2026_09_01_11_21_59_376.jpg, 0.4483479, 1, 0, 30.18513
C:\Users\eljes\Downloads\simulator-windows-64\IMG\center_2026_09_01_11_21_59_475.jpg, C:\Users\eljes\Downloads\simulator-windows-64\IMG\left_2026_09_01_11_21_59_475.jpg, C:\Users\eljes\Downloads\simulator-windows-64\IMG\right_2026_09_01_11_21_59_475.jpg, 0.683767, 1, 0, 30.11317
C:\Users\eljes\Downloads\simulator-windows-64\IMG\center_2026_09_01_11_21_59_577.jpg, C:\Users\eljes\Downloads\simulator-windows-64\IMG\left_2026_09_01_11_21_59_577.jpg, C:\Users\eljes\Downloads\simulator-windows-64\IMG\right_2026_09_01_11_21_59_577.jpg, 0.3793252, 1, 0, 30.20168
C:\Users\eljes\Downloads\simulator-windows-64\IMG\center_2026_09_01_11_21_59_678.jpg, C:\Users\eljes\Downloads\simulator-windows-64\IMG\left_2026_09_01_11_21_59_678.jpg, C:\Users\eljes\Downloads\simulator-windows-64\IMG\right_2026_09_01_11_21_59_678.jpg, 0.07862979, 1, 0, 30.19242
C:\Users\eljes\Downloads\simulator-windows-64\IMG\center_2026_09_01_11_21_59_778.jpg, C:\Users\eljes\Downloads\simulator-windows-64\IMG\left_2026_09_01_11_21_59_778.jpg, C:\Users\eljes\Downloads\simulator-windows-64\IMG\right_2026_09_01_11_21_59_778.jpg, 0.3749689, 1, 0, 30.17539
C:\Users\eljes\Downloads\simulator-windows-64\IMG\center_2026_09_01_11_21_59_880.jpg, C:\Users\eljes\Downloads\simulator-windows-64\IMG\left_2026_09_01_11_21_59_880.jpg, C:\Users\eljes\Downloads\simulator-windows-64\IMG\right_2026_09_01_11_21_59_880.jpg, 0.6554387, 1, 0, 30.13796
C:\Users\eljes\Downloads\simulator-windows-64\IMG\center_2026_09_01_11_21_59_981.jpg, C:\Users\eljes\Downloads\simulator-windows-64\IMG\left_2026_09_01_11_21_59_981.jpg, C:\Users\eljes\Downloads\simulator-windows-64\IMG\right_2026_09_01_11_21_59_981.jpg, 0.3577558, 1, 0, 30.20825
C:\Users\eljes\Downloads\simulator-windows-64\IMG\center_2026_09_01_11_22_00_082.jpg, C:\Users\eljes\Downloads\simulator-windows-64\IMG\left_2026_09_01_11_22_00_082.jpg, C:\Users\eljes\Downloads\simulator-windows-64\IMG\right_2026_09_01_11_22_00_082.jpg, 0.05565225, 1, 0, 30.16027
C:\Users\eljes\Downloads\simulator-windows-64\IMG\center_2026_09_01_11_22_00_183.jpg, C:\Users\eljes\Downloads\simulator-windows-64\IMG\left_2026_09_01_11_22_00_183.jpg, C:\Users\eljes\Downloads\simulator-windows-64\IMG\right_2026_09_01_11_22_00_183.jpg, 0, 1, 0, 30.21022
C:\Users\eljes\Downloads\simulator-windows-64\IMG\center_2026_09_01_11_22_00_285.jpg, C:\Users\eljes\Downloads\simulator-windows-64\IMG\left_2026_09_01_11_22_00_285.jpg, C:\Users\eljes\Downloads\simulator-windows-64\IMG\right_2026_09_01_11_22_00_285.jpg, 0, 1, 0, 30.20543
C:\Users\eljes\Downloads\simulator-windows-64\IMG\center_2026_09_01_11_22_00_385.jpg, C:\Users\eljes\Downloads\simulator-windows-64\IMG\left_2026_09_01_11_22_00_385.jpg, C:\Users\eljes\Downloads\simulator-windows-64\IMG\right_2026_09_01_11_22_00_385.jpg, 0.2816793, 1, 0, 30.20159
C:\Users\eljes\Downloads\simulator-windows-64\IMG\center_2026_09_01_11_22_00_486.jpg, C:\Users\eljes\Downloads\simulator-windows-64\IMG\left_2026_09_01_11_22_00_486.jpg, C:\Users\eljes\Downloads\simulator-windows-64\IMG\right_2026_09_01_11_22_00_486.jpg, 0.2774393, 1, 0, 30.20524
C:\Users\eljes\Downloads\simulator-windows-64\IMG\center_2026_09_01_11_22_00_586.jpg, C:\Users\eljes\Downloads\simulator-windows-64\IMG\left_2026_09_01_11_22_00_586.jpg, C:\Users\eljes\Downloads\simulator-windows-64\IMG\right_2026_09_01_11_22_00_586.jpg, 0, 1, 0, 30.22869
C:\Users\eljes\Downloads\simulator-windows-64\IMG\center_2026_09_01_11_22_00_689.jpg, C:\Users\eljes\Downloads\simulator-windows-64\IMG\left_2026_09_01_11_22_00_689.jpg, C:\Users\eljes\Downloads\simulator-windows-64\IMG\right_2026_09_01_11_22_00_689.jpg, 0, 1, 0, 30.21562
C:\Users\eljes\Downloads\simulator-windows-64\IMG\center_2026_09_01_11_22_00_790.jpg, C:\Users\eljes\Downloads\simulator-windows-64\IMG\left_2026_09_01_11_22_00_790.jpg, C:\Users\eljes\Downloads\simulator-windows-64\IMG\right_2026_09_01_11_22_00_790.jpg, 0, 1, 0, 30.22544
C:\Users\eljes\Downloads\simulator-windows-64\IMG\center_2026_09_01_11_22_00_892.jpg, C:\Users\eljes\Downloads\simulator-windows-64\IMG\left_2026_09_01_11_22_00_892.jpg, C:\Users\eljes\Downloads\simulator-windows-64\IMG\right_2026_09_01_11_22_00_892.jpg, 0, 1, 0, 30.21824
C:\Users\eljes\Downloads\simulator-windows-64\IMG\center_2026_09_01_11_22_00_993.jpg, C:\Users\eljes\Downloads\simulator-windows-64\IMG\left_2026_09_01_11_22_00_993.jpg, C:\Users\eljes\Downloads\simulator-windows-64\IMG\right_2026_09_01_11_22_00_993.jpg, 0, 1, 0, 30.21422
C:\Users\eljes\Downloads\simulator-windows-64\IMG\center_2026_09_01_11_22_01_095.jpg, C:\Users\eljes\Downloads\simulator-windows-64\IMG\left_2026_09_01_11_22_01_095.jpg, C:\Users\eljes\Downloads\simulator-windows-64\IMG\right_2026_09_01_11_22_01_095.jpg, 0, 1, 0, 30.22006
C:\Users\eljes\Downloads\simulator-windows-64\IMG\center_2026_09_01_11_22_01_195.jpg, C:\Users\eljes\Downloads\simulator-windows-64\IMG\left_2026_09_01_11_22_01_195.jpg, C:\Users\eljes\Downloads\simulator-windows-64\IMG\right_2026_09_01_11_22_01_195.jpg, -0.0296358, 1, 0, 30.21828
C:\Users\eljes\Downloads\simulator-windows-64\IMG\center_2026_09_01_11_22_01_297.jpg, C:\Users\eljes\Downloads\simulator-windows-64\IMG\left_2026_09_01_11_22_01_297.jpg, C:\Users\eljes\Downloads\simulator-windows-64\IMG\right_2026_09_01_11_22_01_297.jpg, -0.3869403, 1, 0, 30.18661
C:\Users\eljes\Downloads\simulator-windows-64\IMG\center_2026_09_01_11_22_01_398.jpg, C:\Users\eljes\Downloads\simulator-windows-64\IMG\left_2026_09_01_11_22_01_398.jpg, C:\Users\eljes\Downloads\simulator-windows-64\IMG\right_2026_09_01_11_22_01_398.jpg, -0.0823659, 1, 0, 30.21974
C:\Users\eljes\Downloads\simulator-windows-64\IMG\center_2026_09_01_11_22_01_500.jpg, C:\Users\eljes\Downloads\simulator-windows-64\IMG\left_2026_09_01_11_22_01_500.jpg, C:\Users\eljes\Downloads\simulator-windows-64\IMG\right_2026_09_01_11_22_01_500.jpg, 0, 1, 0, 30.21915
C:\Users\eljes\Downloads\simulator-windows-64\IMG\center_2026_09_01_11_22_01_600.jpg, C:\Users\eljes\Downloads\simulator-windows-64\IMG\left_2026_09_01_11_22_01_600.jpg, C:\Users\eljes\Downloads\simulator-windows-64\IMG\right_2026_09_01_11_22_01_600.jpg, -0.0586794, 1, 0, 30.21931
C:\Users\eljes\Downloads\simulator-windows-64\IMG\center_2026_09_01_11_22_01_702.jpg, C:\Users\eljes\Downloads\simulator-windows-64\IMG\left_2026_09_01_11_22_01_702.jpg, C:\Users\eljes\Downloads\simulator-windows-64\IMG\right_2026_09_01_11_22_01_702.jpg, -0.3560904, 1, 0, 30.18488
C:\Users\eljes\Downloads\simulator-windows-64\IMG\center_2026_09_01_11_22_01_803.jpg, C:\Users\eljes\Downloads\simulator-windows-64\IMG\left_2026_09_01_11_22_01_803.jpg, C:\Users\eljes\Downloads\simulator-windows-64\IMG\right_2026_09_01_11_22_01_803.jpg, -0.0874911, 1, 0, 30.21828
C:\Users\eljes\Downloads\simulator-windows-64\IMG\center_2026_09_01_11_22_01_905.jpg, C:\Users\eljes\Downloads\simulator-windows-64\IMG\left_2026_09_01_11_22_01_905.jpg, C:\Users\eljes\Downloads\simulator-windows-64\IMG\right_2026_09_01_11_22_01_905.jpg, 0, 1, 0, 30.21289
C:\Users\eljes\Downloads\simulator-windows-64\IMG\center_2026_09_01_11_22_02_005.jpg, C:\Users\eljes\Downloads\simulator-windows-64\IMG\left_2026_09_01_11_22_02_005.jpg, C:\Users\eljes\Downloads\simulator-windows-64\IMG\right_2026_09_01_11_22_02_005.jpg, 0, 1, 0, 30.21505
C:\Users\eljes\Downloads\simulator-windows-64\IMG\center_2026_09_01_11_22_02_107.jpg, C:\Users\eljes\Downloads\simulator-windows-64\IMG\left_2026_09_01_11_22_02_107.jpg, C:\Users\eljes\Downloads\simulator-windows-64\IMG\right_2026_09_01_11_22_02_107.jpg, 0, 1, 0, 30.18538
C:\Users\eljes\Downloads\simulator-windows-64\IMG\center_2026_09_01_11_22_02_209.jpg, C:\Users\eljes\Downloads\simulator-windows-64\IMG\left_2026_09_01_11_22_02_209.jpg, C:\Users\eljes\Downloads\simulator-windows-64\IMG\right_2026_09_01_11_22_02_209.jpg, 0, 1, 0, 30.21018
C:\Users\eljes\Downloads\simulator-windows-64\IMG\center_2026_09_01_11_22_02_310.jpg, C:\Users\eljes\Downloads\simulator-windows-64\IMG\left_2026_09_01_11_22_02_310.jpg, C:\Users\eljes\Downloads\simulator-windows-64\IMG\right_2026_09_01_11_22_02_310.jpg, 0, 1, 0, 30.23078
C:\Users\eljes\Downloads\simulator-windows-64\IMG\center_2026_09_01_11_22_02_412.jpg, C:\Users\eljes\Downloads\simulator-windows-64\IMG\left_2026_09_01_11_22_02_412.jpg, C:\Users\eljes\Downloads\simulator-windows-64\IMG\right_2026_09_01_11_22_02_412.jpg, 0, 1, 0, 30.20474
C:\Users\eljes\Downloads\simulator-windows-64\IMG\center_2026_09_01_11_22_02_514.jpg, C:\Users\eljes\Downloads\simulator-windows-64\IMG\left_2026_09_01_11_22_02_514.jpg, C:\Users\eljes\Downloads\simulator-windows-64\IMG\right_2026_09_01_11_22_02_514.jpg, -0.1424937, 1, 0, 30.20178
C:\Users\eljes\Downloads\simulator-windows-64\IMG\center_2026_09_01_11_22_02_616.jpg, C:\Users\eljes\Downloads\simulator-windows-64\IMG\left_2026_09_01_11_22_02_616.jpg, C:\Users\eljes\Downloads\simulator-windows-64\IMG\right_2026_09_01_11_22_02_616.jpg, -0.249723, 1, 0, 30.18069
C:\Users\eljes\Downloads\simulator-windows-64\IMG\center_2026_09_01_11_22_02_719.jpg, C:\Users\eljes\Downloads\simulator-windows-64\IMG\left_2026_09_01_11_22_02_719.jpg, C:\Users\eljes\Downloads\simulator-windows-64\IMG\right_2026_09_01_11_22_02_719.jpg, -0.2228769, 1, 0, 30.20687
C:\Users\eljes\Downloads\simulator-windows-64\IMG\center_2026_09_01_11_22_02_822.jpg, C:\Users\eljes\Downloads\simulator-windows-64\IMG\left_2026_09_01_11_22_02_822.jpg, C:\Users\eljes\Downloads\simulator-windows-64\IMG\right_2026_09_01_11_22_02_822.jpg, 0, 1, 0, 30.18865
C:\Users\eljes\Downloads\simulator-windows-64\IMG\center_2026_09_01_11_22_02_923.jpg, C:\Users\eljes\Downloads\simulator-windows-64\IMG\left_2026_09_01_11_22_02_923.jpg, C:\Users\eljes\Downloads\simulator-windows-64\IMG\right_2026_09_01_11_22_02_923.jpg, -0.0629136, 1, 0, 30.19552
C:\Users\eljes\Downloads\simulator-windows-64\IMG\center_2026_09_01_11_22_03_023.jpg, C:\Users\eljes\Downloads\simulator-windows-64\IMG\left_2026_09_01_11_22_03_023.jpg, C:\Users\eljes\Downloads\simulator-windows-64\IMG\right_2026_09_01_11_22_03_023.jpg, -0.3575381, 1, 0, 30.2015
C:\Users\eljes\Downloads\simulator-windows-64\IMG\center_2026_09_01_11_22_03_124.jpg, C:\Users\eljes\Downloads\simulator-windows-64\IMG\left_2026_09_01_11_22_03_124.jpg, C:\Users\eljes\Downloads\simulator-windows-64\IMG\right_2026_09_01_11_22_03_124.jpg, -0.6576791, 1, 0, 30.13221
C:\Users\eljes\Downloads\simulator-windows-64\IMG\center_2026_09_01_11_22_03_226.jpg, C:\Users\eljes\Downloads\simulator-windows-64\IMG\left_2026_09_01_11_22_03_226.jpg, C:\Users\eljes\Downloads\simulator-windows-64\IMG\right_2026_09_01_11_22_03_226.jpg, -0.9113772, 1, 0, 30.08578
C:\Users\eljes\Downloads\simulator-windows-64\IMG\center_2026_09_01_11_22_03_328.jpg, C:\Users\eljes\Downloads\simulator-windows-64\IMG\left_2026_09_01_11_22_03_328.jpg, C:\Users\eljes\Downloads\simulator-windows-64\IMG\right_2026_09_01_11_22_03_328.jpg, -0.6096593, 1, 0, 30.3067
C:\Users\eljes\Downloads\simulator-windows-64\IMG\center_2026_09_01_11_22_03_428.jpg, C:\Users\eljes\Downloads\simulator-windows-64\IMG\left_2026_09_01_11_22_03_428.jpg, C:\Users\eljes\Downloads\simulator-windows-64\IMG\right_2026_09_01_11_22_03_428.jpg, -0.3084074, 1, 0, 30.22662
C:\Users\eljes\Downloads\simulator-windows-64\IMG\center_2026_09_01_11_22_03_530.jpg, C:\Users\eljes\Downloads\simulator-windows-64\IMG\left_2026_09_01_11_22_03_530.jpg, C:\Users\eljes\Downloads\simulator-windows-64\IMG\right_2026_09_01_11_22_03_530.jpg, -0.5423843, 1, 0, 30.2053
C:\Users\eljes\Downloads\simulator-windows-64\IMG\center_2026_09_01_11_22_03_632.jpg, C:\Users\eljes\Downloads\simulator-windows-64\IMG\left_2026_09_01_11_22_03_632.jpg, C:\Users\eljes\Downloads\simulator-windows-64\IMG\right_2026_09_01_11_22_03_632.jpg, -0.687231, 1, 0, 30.13805
C:\Users\eljes\Downloads\simulator-windows-64\IMG\center_2026_09_01_11_22_03_734.jpg, C:\Users\eljes\Downloads\simulator-windows-64\IMG\left_2026_09_01_11_22_03_734.jpg, C:\Users\eljes\Downloads\simulator-windows-64\IMG\right_2026_09_01_11_22_03_734.jpg, -0.3847797, 1, 0, 30.33584
C:\Users\eljes\Downloads\simulator-windows-64\IMG\center_2026_09_01_11_22_03_836.jpg, C:\Users\eljes\Downloads\simulator-windows-64\IMG\left_2026_09_01_11_22_03_836.jpg, C:\Users\eljes\Downloads\simulator-windows-64\IMG\right_2026_09_01_11_22_03_836.jpg, -0.02643114, 1, 0, 30.1752
C:\Users\eljes\Downloads\simulator-windows-64\IMG\center_2026_09_01_11_22_03_936.jpg, C:\Users\eljes\Downloads\simulator-windows-64\IMG\left_2026_09_01_11_22_03_936.jpg, C:\Users\eljes\Downloads\simulator-windows-64\IMG\right_2026_09_01_11_22_03_936.jpg, 0, 1, 0, 30.24268
C:\Users\eljes\Downloads\simulator-windows-64\IMG\center_2026_09_01_11_22_04_037.jpg, C:\Users\eljes\Downloads\simulator-windows-64\IMG\left_2026_09_01_11_22_04_037.jpg, C:\Users\eljes\Downloads\simulator-windows-64\IMG\right_2026_09_01_11_22_04_037.jpg, 0, 1, 0, 30.25637
C:\Users\eljes\Downloads\simulator-windows-64\IMG\center_2026_09_01_11_22_04_138.jpg, C:\Users\eljes\Downloads\simulator-windows-64\IMG\left_2026_09_01_11_22_04_138.jpg, C:\Users\eljes\Downloads\simulator-windows-64\IMG\right_2026_09_01_11_22_04_138.jpg, 0, 1, 0, 30.21752
C:\Users\eljes\Downloads\simulator-windows-64\IMG\center_2026_09_01_11_22_04_239.jpg, C:\Users\eljes\Downloads\simulator-windows-64\IMG\left_2026_09_01_11_22_04_239.jpg, C:\Users\eljes\Downloads\simulator-windows-64\IMG\right_2026_09_01_11_22_04_239.jpg, 0, 1, 0, 30.20574
C:\Users\eljes\Downloads\simulator-windows-64\IMG\center_2026_09_01_11_22_04_339.jpg, C:\Users\eljes\Downloads\simulator-windows-64\IMG\left_2026_09_01_11_22_04_339.jpg, C:\Users\eljes\Downloads\simulator-windows-64\IMG\right_2026_09_01_11_22_04_339.jpg, 0, 1, 0, 30.2514
C:\Users\eljes\Downloads\simulator-windows-64\IMG\center_2026_09_01_11_22_04_441.jpg, C:\Users\eljes\Downloads\simulator-windows-64\IMG\left_2026_09_01_11_22_04_441.jpg, C:\Users\eljes\Downloads\simulator-windows-64\IMG\right_2026_09_01_11_22_04_441.jpg, 0, 1, 0, 30.21766
C:\Users\eljes\Downloads\simulator-windows-64\IMG\center_2026_09_01_11_22_04_541.jpg, C:\Users\eljes\Downloads\simulator-windows-64\IMG\left_2026_09_01_11_22_04_541.jpg, C:\Users\eljes\Downloads\simulator-windows-64\IMG\right_2026_09_01_11_22_04_541.jpg, 0, 1, 0, 30.24293
C:\Users\eljes\Downloads\simulator-windows-64\IMG\center_2026_09_01_11_22_04_644.jpg, C:\Users\eljes\Downloads\simulator-windows-64\IMG\left_2026_09_01_11_22_04_644.jpg, C:\Users\eljes\Downloads\simulator-windows-64\IMG\right_2026_09_01_11_22_04_644.jpg, 0, 1, 0, 30.25684
C:\Users\eljes\Downloads\simulator-windows-64\IMG\center_2026_09_01_11_22_04_745.jpg, C:\Users\eljes\Downloads\simulator-windows-64\IMG\left_2026_09_01_11_22_04_745.jpg, C:\Users\eljes\Downloads\simulator-windows-64\IMG\right_2026_09_01_11_22_04_745.jpg, 0, 1, 0, 30.23218
C:\Users\eljes\Downloads\simulator-windows-64\IMG\center_2026_09_01_11_22_04_845.jpg, C:\Users\eljes\Downloads\simulator-windows-64\IMG\left_2026_09_01_11_22_04_845.jpg, C:\Users\eljes\Downloads\simulator-windows-64\IMG\right_2026_09_01_11_22_04_845.jpg, 0, 1, 0, 30.23344
C:\Users\eljes\Downloads\simulator-windows-64\IMG\center_2026_09_01_11_22_04_945.jpg, C:\Users\eljes\Downloads\simulator-windows-64\IMG\left_2026_09_01_11_22_04_945.jpg, C:\Users\eljes\Downloads\simulator-windows-64\IMG\right_2026_09_01_11_22_04_945.jpg, 0, 1, 0, 30.2207
C:\Users\eljes\Downloads\simulator-windows-64\IMG\center_2026_09_01_11_22_05_046.jpg, C:\Users\eljes\Downloads\simulator-windows-64\IMG\left_2026_09_01_11_22_05_046.jpg, C:\Users\eljes\Downloads\simulator-windows-64\IMG\right_2026_09_01_11_22_05_046.jpg, 0, 1, 0, 30.16933
C:\Users\eljes\Downloads\simulator-windows-64\IMG\center_2026_09_01_11_22_05_146.jpg, C:\Users\eljes\Downloads\simulator-windows-64\IMG\left_2026_09_01_11_22_05_146.jpg, C:\Users\eljes\Downloads\simulator-windows-64\IMG\right_2026_09_01_11_22_05_146.jpg, 0, 1, 0, 30.22832
C:\Users\eljes\Downloads\simulator-windows-64\IMG\center_2026_09_01_11_22_05_248.jpg, C:\Users\eljes\Downloads\simulator-windows-64\IMG\left_2026_09_01_11_22_05_248.jpg, C:\Users\eljes\Downloads\simulator-windows-64\IMG\right_2026_09_01_11_22_05_248.jpg, 0, 1, 0, 30.2509
C:\Users\eljes\Downloads\simulator-windows-64\IMG\center_2026_09_01_11_22_05_351.jpg, C:\Users\eljes\Downloads\simulator-windows-64\IMG\left_2026_09_01_11_22_05_351.jpg, C:\Users\eljes\Downloads\simulator-windows-64\IMG\right_2026_09_01_11_22_05_351.jpg, 0.1310598, 1, 0, 30.2089
C:\Users\eljes\Downloads\simulator-windows-64\IMG\center_2026_09_01_11_22_05_451.jpg, C:\Users\eljes\Downloads\simulator-windows-64\IMG\left_2026_09_01_11_22_05_451.jpg, C:\Users\eljes\Downloads\simulator-windows-64\IMG\right_2026_09_01_11_22_05_451.jpg, 0.4339902, 1, 0, 30.17903
C:\Users\eljes\Downloads\simulator-windows-64\IMG\center_2026_09_01_11_22_05_554.jpg, C:\Users\eljes\Downloads\simulator-windows-64\IMG\left_2026_09_01_11_22_05_554.jpg, C:\Users\eljes\Downloads\simulator-windows-64\IMG\right_2026_09_01_11_22_05_554.jpg, 0.7085876, 1, 0, 30.14429
C:\Users\eljes\Downloads\simulator-windows-64\IMG\center_2026_09_01_11_22_05_657.jpg, C:\Users\eljes\Downloads\simulator-windows-64\IMG\left_2026_09_01_11_22_05_657.jpg, C:\Users\eljes\Downloads\simulator-windows-64\IMG\right_2026_09_01_11_22_05_657.jpg, 0.3471805, 1, 0, 30.26249
C:\Users\eljes\Downloads\simulator-windows-64\IMG\center_2026_09_01_11_22_05_758.jpg, C:\Users\eljes\Downloads\simulator-windows-64\IMG\left_2026_09_01_11_22_05_758.jpg, C:\Users\eljes\Downloads\simulator-windows-64\IMG\right_2026_09_01_11_22_05_758.jpg, 0.04943229, 1, 0, 30.17204
C:\Users\eljes\Downloads\simulator-windows-64\IMG\center_2026_09_01_11_22_05_860.jpg, C:\Users\eljes\Downloads\simulator-windows-64\IMG\left_2026_09_01_11_22_05_860.jpg, C:\Users\eljes\Downloads\simulator-windows-64\IMG\right_2026_09_01_11_22_05_860.jpg, 0, 1, 0, 30.19623
C:\Users\eljes\Downloads\simulator-windows-64\IMG\center_2026_09_01_11_22_05_961.jpg, C:\Users\eljes\Downloads\simulator-windows-64\IMG\left_2026_09_01_11_22_05_961.jpg, C:\Users\eljes\Downloads\simulator-windows-64\IMG\right_2026_09_01_11_22_05_961.jpg, 0.2113722, 1, 0, 30.19944
C:\Users\eljes\Downloads\simulator-windows-64\IMG\center_2026_09_01_11_22_06_063.jpg, C:\Users\eljes\Downloads\simulator-windows-64\IMG\left_2026_09_01_11_22_06_063.jpg, C:\Users\eljes\Downloads\simulator-windows-64\IMG\right_2026_09_01_11_22_06_063.jpg, 0.5086915, 1, 0, 30.15957
C:\Users\eljes\Downloads\simulator-windows-64\IMG\center_2026_09_01_11_22_06_163.jpg, C:\Users\eljes\Downloads\simulator-windows-64\IMG\left_2026_09_01_11_22_06_163.jpg, C:\Users\eljes\Downloads\simulator-windows-64\IMG\right_2026_09_01_11_22_06_163.jpg, 0.3997235, 1, 0, 30.16969
C:\Users\eljes\Downloads\simulator-windows-64\IMG\center_2026_09_01_11_22_06_265.jpg, C:\Users\eljes\Downloads\simulator-windows-64\IMG\left_2026_09_01_11_22_06_265.jpg, C:\Users\eljes\Downloads\simulator-windows-64\IMG\right_2026_09_01_11_22_06_265.jpg, 0.09864348, 1, 0, 30.19942
C:\Users\eljes\Downloads\simulator-windows-64\IMG\center_2026_09_01_11_22_06_367.jpg, C:\Users\eljes\Downloads\simulator-windows-64\IMG\left_2026_09_01_11_22_06_367.jpg, C:\Users\eljes\Downloads\simulator-windows-64\IMG\right_2026_09_01_11_22_06_367.jpg, 0, 1, 0, 30.13436
C:\Users\eljes\Downloads\simulator-windows-64\IMG\center_2026_09_01_11_22_06_469.jpg, C:\Users\eljes\Downloads\simulator-windows-64\IMG\left_2026_09_01_11_22_06_469.jpg, C:\Users\eljes\Downloads\simulator-windows-64\IMG\right_2026_09_01_11_22_06_469.jpg, 0, 1, 0, 30.2218
C:\Users\eljes\Downloads\simulator-windows-64\IMG\center_2026_09_01_11_22_06_570.jpg, C:\Users\eljes\Downloads\simulator-windows-64\IMG\left_2026_09_01_11_22_06_570.jpg, C:\Users\eljes\Downloads\simulator-windows-64\IMG\right_2026_09_01_11_22_06_570.jpg, 0, 1, 0, 30.16318
C:\Users\eljes\Downloads\simulator-windows-64\IMG\center_2026_09_01_11_22_06_671.jpg, C:\Users\eljes\Downloads\simulator-windows-64\IMG\left_2026_09_01_11_22_06_671.jpg, C:\Users\eljes\Downloads\simulator-windows-64\IMG\right_2026_09_01_11_22_06_671.jpg, 0, 1, 0, 30.24981
C:\Users\eljes\Downloads\simulator-windows-64\IMG\center_2026_09_01_11_22_06_773.jpg, C:\Users\eljes\Downloads\simulator-windows-64\IMG\left_2026_09_01_11_22_06_773.jpg, C:\Users\eljes\Downloads\simulator-windows-64\IMG\right_2026_09_01_11_22_06_773.jpg, 0, 1, 0, 30.18236
C:\Users\eljes\Downloads\simulator-windows-64\IMG\center_2026_09_01_11_22_06_874.jpg, C:\Users\eljes\Downloads\simulator-windows-64\IMG\left_2026_09_01_11_22_06_874.jpg, C:\Users\eljes\Downloads\simulator-windows-64\IMG\right_2026_09_01_11_22_06_874.jpg, 0, 1, 0, 30.21274
C:\Users\eljes\Downloads\simulator-windows-64\IMG\center_2026_09_01_11_22_06_975.jpg, C:\Users\eljes\Downloads\simulator-windows-64\IMG\left_2026_09_01_11_22_06_975.jpg, C:\Users\eljes\Downloads\simulator-windows-64\IMG\right_2026_09_01_11_22_06_975.jpg, 0, 1, 0, 30.20052
C:\Users\eljes\Downloads\simulator-windows-64\IMG\center_2026_09_01_11_22_07_074.jpg, C:\Users\eljes\Downloads\simulator-windows-64\IMG\left_2026_09_01_11_22_07_074.jpg, C:\Users\eljes\Downloads\simulator-windows-64\IMG\right_2026_09_01_11_22_07_074.jpg, 0, 1, 0, 30.2127
C:\Users\eljes\Downloads\simulator-windows-64\IMG\center_2026_09_01_11_22_07_177.jpg, C:\Users\eljes\Downloads\simulator-windows-64\IMG\left_2026_09_01_11_22_07_177.jpg, C:\Users\eljes\Downloads\simulator-windows-64\IMG\right_2026_09_01_11_22_07_177.jpg, 0, 1, 0, 30.20907
C:\Users\eljes\Downloads\simulator-windows-64\IMG\center_2026_09_01_11_22_07_278.jpg, C:\Users\eljes\Downloads\simulator-windows-64\IMG\left_2026_09_01_11_22_07_278.jpg, C:\Users\eljes\Downloads\simulator-windows-64\IMG\right_2026_09_01_11_22_07_278.jpg, 0, 1, 0, 30.20489
C:\Users\eljes\Downloads\simulator-windows-64\IMG\center_2026_09_01_11_22_07_382.jpg, C:\Users\eljes\Downloads\simulator-windows-64\IMG\left_2026_09_01_11_22_07_382.jpg, C:\Users\eljes\Downloads\simulator-windows-64\IMG\right_2026_09_01_11_22_07_382.jpg, 0, 1, 0, 30.20702
C:\Users\eljes\Downloads\simulator-windows-64\IMG\center_2026_09_01_11_22_07_483.jpg, C:\Users\eljes\Downloads\simulator-windows-64\IMG\left_2026_09_01_11_22_07_483.jpg, C:\Users\eljes\Downloads\simulator-windows-64\IMG\right_2026_09_01_11_22_07_483.jpg, 0, 1, 0, 30.19849
C:\Users\eljes\Downloads\simulator-windows-64\IMG\center_2026_09_01_11_22_07_584.jpg, C:\Users\eljes\Downloads\simulator-windows-64\IMG\left_2026_09_01_11_22_07_584.jpg, C:\Users\eljes\Downloads\simulator-windows-64\IMG\right_2026_09_01_11_22_07_584.jpg, -0.03114, 1, 0, 30.21026
C:\Users\eljes\Downloads\simulator-windows-64\IMG\center_2026_09_01_11_22_07_684.jpg, C:\Users\eljes\Downloads\simulator-windows-64\IMG\left_2026_09_01_11_22_07_684.jpg, C:\Users\eljes\Downloads\simulator-windows-64\IMG\right_2026_09_01_11_22_07_684.jpg, -0.3308609, 1, 0, 30.14763
C:\Users\eljes\Downloads\simulator-windows-64\IMG\center_2026_09_01_11_22_07_787.jpg, C:\Users\eljes\Downloads\simulator-windows-64\IMG\left_2026_09_01_11_22_07_787.jpg, C:\Users\eljes\Downloads\simulator-windows-64\IMG\right_2026_09_01_11_22_07_787.jpg, -0.6290663, 1, 0, 30.14142
C:\Users\eljes\Downloads\simulator-windows-64\IMG\center_2026_09_01_11_22_07_890.jpg, C:\Users\eljes\Downloads\simulator-windows-64\IMG\left_2026_09_01_11_22_07_890.jpg, C:\Users\eljes\Downloads\simulator-windows-64\IMG\right_2026_09_01_11_22_07_890.jpg, -0.3887235, 1, 0, 30.20302
C:\Users\eljes\Downloads\simulator-windows-64\IMG\center_2026_09_01_11_22_07_990.jpg, C:\Users\eljes\Downloads\simulator-windows-64\IMG\left_2026_09_01_11_22_07_990.jpg, C:\Users\eljes\Downloads\simulator-windows-64\IMG\right_2026_09_01_11_22_07_990.jpg, -0.09507298, 1, 0, 30.22093
C:\Users\eljes\Downloads\simulator-windows-64\IMG\center_2026_09_01_11_22_08_091.jpg, C:\Users\eljes\Downloads\simulator-windows-64\IMG\left_2026_09_01_11_22_08_091.jpg, C:\Users\eljes\Downloads\simulator-windows-64\IMG\right_2026_09_01_11_22_08_091.jpg, -0.1721109, 1, 0, 30.10051
C:\Users\eljes\Downloads\simulator-windows-64\IMG\center_2026_09_01_11_22_08_192.jpg, C:\Users\eljes\Downloads\simulator-windows-64\IMG\left_2026_09_01_11_22_08_192.jpg, C:\Users\eljes\Downloads\simulator-windows-64\IMG\right_2026_09_01_11_22_08_192.jpg, -0.474396, 1, 0, 30.22076
C:\Users\eljes\Downloads\simulator-windows-64\IMG\center_2026_09_01_11_22_08_292.jpg, C:\Users\eljes\Downloads\simulator-windows-64\IMG\left_2026_09_01_11_22_08_292.jpg, C:\Users\eljes\Downloads\simulator-windows-64\IMG\right_2026_09_01_11_22_08_292.jpg, -0.4436536, 1, 0, 30.23642
C:\Users\eljes\Downloads\simulator-windows-64\IMG\center_2026_09_01_11_22_08_395.jpg, C:\Users\eljes\Downloads\simulator-windows-64\IMG\left_2026_09_01_11_22_08_395.jpg, C:\Users\eljes\Downloads\simulator-windows-64\IMG\right_2026_09_01_11_22_08_395.jpg, -0.1459315, 1, 0, 30.19034
C:\Users\eljes\Downloads\simulator-windows-64\IMG\center_2026_09_01_11_22_08_496.jpg, C:\Users\eljes\Downloads\simulator-windows-64\IMG\left_2026_09_01_11_22_08_496.jpg, C:\Users\eljes\Downloads\simulator-windows-64\IMG\right_2026_09_01_11_22_08_496.jpg, -0.0739554, 1, 0, 30.20442
C:\Users\eljes\Downloads\simulator-windows-64\IMG\center_2026_09_01_11_22_08_598.jpg, C:\Users\eljes\Downloads\simulator-windows-64\IMG\left_2026_09_01_11_22_08_598.jpg, C:\Users\eljes\Downloads\simulator-windows-64\IMG\right_2026_09_01_11_22_08_598.jpg, -0.3762242, 1, 0, 30.17249
C:\Users\eljes\Downloads\simulator-windows-64\IMG\center_2026_09_01_11_22_08_699.jpg, C:\Users\eljes\Downloads\simulator-windows-64\IMG\left_2026_09_01_11_22_08_699.jpg, C:\Users\eljes\Downloads\simulator-windows-64\IMG\right_2026_09_01_11_22_08_699.jpg, -0.5838749, 1, 0, 30.13463
C:\Users\eljes\Downloads\simulator-windows-64\IMG\center_2026_09_01_11_22_08_801.jpg, C:\Users\eljes\Downloads\simulator-windows-64\IMG\left_2026_09_01_11_22_08_801.jpg, C:\Users\eljes\Downloads\simulator-windows-64\IMG\right_2026_09_01_11_22_08_801.jpg, -0.2800604, 1, 0, 30.19579
C:\Users\eljes\Downloads\simulator-windows-64\IMG\center_2026_09_01_11_22_08_901.jpg, C:\Users\eljes\Downloads\simulator-windows-64\IMG\left_2026_09_01_11_22_08_901.jpg, C:\Users\eljes\Downloads\simulator-windows-64\IMG\right_2026_09_01_11_22_08_901.jpg, 0, 1, 0, 30.18793
C:\Users\eljes\Downloads\simulator-windows-64\IMG\center_2026_09_01_11_22_09_002.jpg, C:\Users\eljes\Downloads\simulator-windows-64\IMG\left_2026_09_01_11_22_09_002.jpg, C:\Users\eljes\Downloads\simulator-windows-64\IMG\right_2026_09_01_11_22_09_002.jpg, -0.152766, 1, 0, 30.1937
C:\Users\eljes\Downloads\simulator-windows-64\IMG\center_2026_09_01_11_22_09_104.jpg, C:\Users\eljes\Downloads\simulator-windows-64\IMG\left_2026_09_01_11_22_09_104.jpg, C:\Users\eljes\Downloads\simulator-windows-64\IMG\right_2026_09_01_11_22_09_104.jpg, -0.4478631, 1, 0, 30.15418
C:\Users\eljes\Downloads\simulator-windows-64\IMG\center_2026_09_01_11_22_09_205.jpg, C:\Users\eljes\Downloads\simulator-windows-64\IMG\left_2026_09_01_11_22_09_205.jpg, C:\Users\eljes\Downloads\simulator-windows-64\IMG\right_2026_09_01_11_22_09_205.jpg, -0.416169, 1, 0, 30.18626
C:\Users\eljes\Downloads\simulator-windows-64\IMG\center_2026_09_01_11_22_09_306.jpg, C:\Users\eljes\Downloads\simulator-windows-64\IMG\left_2026_09_01_11_22_09_306.jpg, C:\Users\eljes\Downloads\simulator-windows-64\IMG\right_2026_09_01_11_22_09_306.jpg, -0.1159506, 1, 0, 30.19745
C:\Users\eljes\Downloads\simulator-windows-64\IMG\center_2026_09_01_11_22_09_408.jpg, C:\Users\eljes\Downloads\simulator-windows-64\IMG\left_2026_09_01_11_22_09_408.jpg, C:\Users\eljes\Downloads\simulator-windows-64\IMG\right_2026_09_01_11_22_09_408.jpg, 0, 1, 0, 30.19575
C:\Users\eljes\Downloads\simulator-windows-64\IMG\center_2026_09_01_11_22_09_509.jpg, C:\Users\eljes\Downloads\simulator-windows-64\IMG\left_2026_09_01_11_22_09_509.jpg, C:\Users\eljes\Downloads\simulator-windows-64\IMG\right_2026_09_01_11_22_09_509.jpg, -0.1725867, 1, 0, 30.19623
C:\Users\eljes\Downloads\simulator-windows-64\IMG\center_2026_09_01_11_22_09_612.jpg, C:\Users\eljes\Downloads\simulator-windows-64\IMG\left_2026_09_01_11_22_09_612.jpg, C:\Users\eljes\Downloads\simulator-windows-64\IMG\right_2026_09_01_11_22_09_612.jpg, -0.4720746, 1, 0, 30.1615
C:\Users\eljes\Downloads\simulator-windows-64\IMG\center_2026_09_01_11_22_09_714.jpg, C:\Users\eljes\Downloads\simulator-windows-64\IMG\left_2026_09_01_11_22_09_714.jpg, C:\Users\eljes\Downloads\simulator-windows-64\IMG\right_2026_09_01_11_22_09_714.jpg, -0.5042436, 1, 0, 30.16792
C:\Users\eljes\Downloads\simulator-windows-64\IMG\center_2026_09_01_11_22_09_815.jpg, C:\Users\eljes\Downloads\simulator-windows-64\IMG\left_2026_09_01_11_22_09_815.jpg, C:\Users\eljes\Downloads\simulator-windows-64\IMG\right_2026_09_01_11_22_09_815.jpg, -0.2031107, 1, 0, 30.20808
C:\Users\eljes\Downloads\simulator-windows-64\IMG\center_2026_09_01_11_22_09_918.jpg, C:\Users\eljes\Downloads\simulator-windows-64\IMG\left_2026_09_01_11_22_09_918.jpg, C:\Users\eljes\Downloads\simulator-windows-64\IMG\right_2026_09_01_11_22_09_918.jpg, 0, 1, 0, 30.20315
C:\Users\eljes\Downloads\simulator-windows-64\IMG\center_2026_09_01_11_22_10_018.jpg, C:\Users\eljes\Downloads\simulator-windows-64\IMG\left_2026_09_01_11_22_10_018.jpg, C:\Users\eljes\Downloads\simulator-windows-64\IMG\right_2026_09_01_11_22_10_018.jpg, -0.2521707, 1, 0, 30.19562
C:\Users\eljes\Downloads\simulator-windows-64\IMG\center_2026_09_01_11_22_10_120.jpg, C:\Users\eljes\Downloads\simulator-windows-64\IMG\left_2026_09_01_11_22_10_120.jpg, C:\Users\eljes\Downloads\simulator-windows-64\IMG\right_2026_09_01_11_22_10_120.jpg, -0.5540978, 1, 0, 30.14272
C:\Users\eljes\Downloads\simulator-windows-64\IMG\center_2026_09_01_11_22_10_222.jpg, C:\Users\eljes\Downloads\simulator-windows-64\IMG\left_2026_09_01_11_22_10_222.jpg, C:\Users\eljes\Downloads\simulator-windows-64\IMG\right_2026_09_01_11_22_10_222.jpg, -0.4124855, 1, 0, 30.20249
C:\Users\eljes\Downloads\simulator-windows-64\IMG\center_2026_09_01_11_22_10_324.jpg, C:\Users\eljes\Downloads\simulator-windows-64\IMG\left_2026_09_01_11_22_10_324.jpg, C:\Users\eljes\Downloads\simulator-windows-64\IMG\right_2026_09_01_11_22_10_324.jpg, -0.1124943, 1, 0, 30.21153
C:\Users\eljes\Downloads\simulator-windows-64\IMG\center_2026_09_01_11_22_10_424.jpg, C:\Users\eljes\Downloads\simulator-windows-64\IMG\left_2026_09_01_11_22_10_424.jpg, C:\Users\eljes\Downloads\simulator-windows-64\IMG\right_2026_09_01_11_22_10_424.jpg, 0, 1, 0, 30.20504
C:\Users\eljes\Downloads\simulator-windows-64\IMG\center_2026_09_01_11_22_10_524.jpg, C:\Users\eljes\Downloads\simulator-windows-64\IMG\left_2026_09_01_11_22_10_524.jpg, C:\Users\eljes\Downloads\simulator-windows-64\IMG\right_2026_09_01_11_22_10_524.jpg, 0, 1, 0, 30.20206
C:\Users\eljes\Downloads\simulator-windows-64\IMG\center_2026_09_01_11_22_10_627.jpg, C:\Users\eljes\Downloads\simulator-windows-64\IMG\left_2026_09_01_11_22_10_627.jpg, C:\Users\eljes\Downloads\simulator-windows-64\IMG\right_2026_09_01_11_22_10_627.jpg, 0, 1, 0, 30.21385
C:\Users\eljes\Downloads\simulator-windows-64\IMG\center_2026_09_01_11_22_10_728.jpg, C:\Users\eljes\Downloads\simulator-windows-64\IMG\left_2026_09_01_11_22_10_728.jpg, C:\Users\eljes\Downloads\simulator-windows-64\IMG\right_2026_09_01_11_22_10_728.jpg, 0, 1, 0, 30.21003
C:\Users\eljes\Downloads\simulator-windows-64\IMG\center_2026_09_01_11_22_10_829.jpg, C:\Users\eljes\Downloads\simulator-windows-64\IMG\left_2026_09_01_11_22_10_829.jpg, C:\Users\eljes\Downloads\simulator-windows-64\IMG\right_2026_09_01_11_22_10_829.jpg, -0.268428, 1, 0, 30.19077
C:\Users\eljes\Downloads\simulator-windows-64\IMG\center_2026_09_01_11_22_10_931.jpg, C:\Users\eljes\Downloads\simulator-windows-64\IMG\left_2026_09_01_11_22_10_931.jpg, C:\Users\eljes\Downloads\simulator-windows-64\IMG\right_2026_09_01_11_22_10_931.jpg, -0.5710566, 1, 0, 30.15712
C:\Users\eljes\Downloads\simulator-windows-64\IMG\center_2026_09_01_11_22_11_031.jpg, C:\Users\eljes\Downloads\simulator-windows-64\IMG\left_2026_09_01_11_22_11_031.jpg, C:\Users\eljes\Downloads\simulator-windows-64\IMG\right_2026_09_01_11_22_11_031.jpg, -0.8695919, 1, 0, 30.11156
C:\Users\eljes\Downloads\simulator-windows-64\IMG\center_2026_09_01_11_22_11_132.jpg, C:\Users\eljes\Downloads\simulator-windows-64\IMG\left_2026_09_01_11_22_11_132.jpg, C:\Users\eljes\Downloads\simulator-windows-64\IMG\right_2026_09_01_11_22_11_132.jpg, -1, 1, 0, 30.13022
C:\Users\eljes\Downloads\simulator-windows-64\IMG\center_2026_09_01_11_22_11_233.jpg, C:\Users\eljes\Downloads\simulator-windows-64\IMG\left_2026_09_01_11_22_11_233.jpg, C:\Users\eljes\Downloads\simulator-windows-64\IMG\right_2026_09_01_11_22_11_233.jpg, -0.7368794, 1, 0, 30.21515
C:\Users\eljes\Downloads\simulator-windows-64\IMG\center_2026_09_01_11_22_11_337.jpg, C:\Users\eljes\Downloads\simulator-windows-64\IMG\left_2026_09_01_11_22_11_337.jpg, C:\Users\eljes\Downloads\simulator-windows-64\IMG\right_2026_09_01_11_22_11_337.jpg, -0.3845357, 1, 0, 30.2458
C:\Users\eljes\Downloads\simulator-windows-64\IMG\center_2026_09_01_11_22_11_440.jpg, C:\Users\eljes\Downloads\simulator-windows-64\IMG\left_2026_09_01_11_22_11_440.jpg, C:\Users\eljes\Downloads\simulator-windows-64\IMG\right_2026_09_01_11_22_11_440.jpg, -0.08632576, 1, 0, 30.22164
C:\Users\eljes\Downloads\simulator-windows-64\IMG\center_2026_09_01_11_22_11_543.jpg, C:\Users\eljes\Downloads\simulator-windows-64\IMG\left_2026_09_01_11_22_11_543.jpg, C:\Users\eljes\Downloads\simulator-windows-64\IMG\right_2026_09_01_11_22_11_543.jpg, 0, 1, 0, 30.25038
C:\Users\eljes\Downloads\simulator-windows-64\IMG\center_2026_09_01_11_22_11_643.jpg, C:\Users\eljes\Downloads\simulator-windows-64\IMG\left_2026_09_01_11_22_11_643.jpg, C:\Users\eljes\Downloads\simulator-windows-64\IMG\right_2026_09_01_11_22_11_643.jpg, 0, 1, 0, 30.18698
C:\Users\eljes\Downloads\simulator-windows-64\IMG\center_2026_09_01_11_22_11_747.jpg, C:\Users\eljes\Downloads\simulator-windows-64\IMG\left_2026_09_01_11_22_11_747.jpg, C:\Users\eljes\Downloads\simulator-windows-64\IMG\right_2026_09_01_11_22_11_747.jpg, 0, 1, 0, 30.16929
C:\Users\eljes\Downloads\simulator-windows-64\IMG\center_2026_09_01_11_22_11_849.jpg, C:\Users\eljes\Downloads\simulator-windows-64\IMG\left_2026_09_01_11_22_11_849.jpg, C:\Users\eljes\Downloads\simulator-windows-64\IMG\right_2026_09_01_11_22_11_849.jpg, 0, 1, 0, 30.21669
C:\Users\eljes\Downloads\simulator-windows-64\IMG\center_2026_09_01_11_22_11_951.jpg, C:\Users\eljes\Downloads\simulator-windows-64\IMG\left_2026_09_01_11_22_11_951.jpg, C:\Users\eljes\Downloads\simulator-windows-64\IMG\right_2026_09_01_11_22_11_951.jpg, 0, 1, 0, 30.19495
C:\Users\eljes\Downloads\simulator-windows-64\IMG\center_2026_09_01_11_22_12_051.jpg, C:\Users\eljes\Downloads\simulator-windows-64\IMG\left_2026_09_01_11_22_12_051.jpg, C:\Users\eljes\Downloads\simulator-windows-64\IMG\right_2026_09_01_11_22_12_051.jpg, -0.2561376, 1, 0, 30.19192
C:\Users\eljes\Downloads\simulator-windows-64\IMG\center_2026_09_01_11_22_12_152.jpg, C:\Users\eljes\Downloads\simulator-windows-64\IMG\left_2026_09_01_11_22_12_152.jpg, C:\Users\eljes\Downloads\simulator-windows-64\IMG\right_2026_09_01_11_22_12_152.jpg, -0.5630562, 1, 0, 30.13565
C:\Users\eljes\Downloads\simulator-windows-64\IMG\center_2026_09_01_11_22_12_255.jpg, C:\Users\eljes\Downloads\simulator-windows-64\IMG\left_2026_09_01_11_22_12_255.jpg, C:\Users\eljes\Downloads\simulator-windows-64\IMG\right_2026_09_01_11_22_12_255.jpg, -0.86124, 1, 0, 30.12038
C:\Users\eljes\Downloads\simulator-windows-64\IMG\center_2026_09_01_11_22_12_355.jpg, C:\Users\eljes\Downloads\simulator-windows-64\IMG\left_2026_09_01_11_22_12_355.jpg, C:\Users\eljes\Downloads\simulator-windows-64\IMG\right_2026_09_01_11_22_12_355.jpg, -0.9854299, 1, 0, 30.11608
C:\Users\eljes\Downloads\simulator-windows-64\IMG\center_2026_09_01_11_22_12_458.jpg, C:\Users\eljes\Downloads\simulator-windows-64\IMG\left_2026_09_01_11_22_12_458.jpg, C:\Users\eljes\Downloads\simulator-windows-64\IMG\right_2026_09_01_11_22_12_458.jpg, -0.6331105, 1, 0, 30.21276
C:\Users\eljes\Downloads\simulator-windows-64\IMG\center_2026_09_01_11_22_12_558.jpg, C:\Users\eljes\Downloads\simulator-windows-64\IMG\left_2026_09_01_11_22_12_558.jpg, C:\Users\eljes\Downloads\simulator-windows-64\IMG\right_2026_09_01_11_22_12_558.jpg, -0.332341, 1, 0, 30.22344
C:\Users\eljes\Downloads\simulator-windows-64\IMG\center_2026_09_01_11_22_12_660.jpg, C:\Users\eljes\Downloads\simulator-windows-64\IMG\left_2026_09_01_11_22_12_660.jpg, C:\Users\eljes\Downloads\simulator-windows-64\IMG\right_2026_09_01_11_22_12_660.jpg, -0.03547027, 1, 0, 30.19504
C:\Users\eljes\Downloads\simulator-windows-64\IMG\center_2026_09_01_11_22_12_761.jpg, C:\Users\eljes\Downloads\simulator-windows-64\IMG\left_2026_09_01_11_22_12_761.jpg, C:\Users\eljes\Downloads\simulator-windows-64\IMG\right_2026_09_01_11_22_12_761.jpg, 0, 1, 0, 30.19265
C:\Users\eljes\Downloads\simulator-windows-64\IMG\center_2026_09_01_11_22_12_861.jpg, C:\Users\eljes\Downloads\simulator-windows-64\IMG\left_2026_09_01_11_22_12_861.jpg, C:\Users\eljes\Downloads\simulator-windows-64\IMG\right_2026_09_01_11_22_12_861.jpg, 0, 1, 0, 30.19786
C:\Users\eljes\Downloads\simulator-windows-64\IMG\center_2026_09_01_11_22_12_962.jpg, C:\Users\eljes\Downloads\simulator-windows-64\IMG\left_2026_09_01_11_22_12_962.jpg, C:\Users\eljes\Downloads\simulator-windows-64\IMG\right_2026_09_01_11_22_12_962.jpg, 0, 1, 0, 30.19355
C:\Users\eljes\Downloads\simulator-windows-64\IMG\center_2026_09_01_11_22_13_065.jpg, C:\Users\eljes\Downloads\simulator-windows-64\IMG\left_2026_09_01_11_22_13_065.jpg, C:\Users\eljes\Downloads\simulator-windows-64\IMG\right_2026_09_01_11_22_13_065.jpg, 0, 1, 0, 30.19658
C:\Users\eljes\Downloads\simulator-windows-64\IMG\center_2026_09_01_11_22_13_169.jpg, C:\Users\eljes\Downloads\simulator-windows-64\IMG\left_2026_09_01_11_22_13_169.jpg, C:\Users\eljes\Downloads\simulator-windows-64\IMG\right_2026_09_01_11_22_13_169.jpg, -0.2906721, 1, 0, 30.16967
C:\Users\eljes\Downloads\simulator-windows-64\IMG\center_2026_09_01_11_22_13_271.jpg, C:\Users\eljes\Downloads\simulator-windows-64\IMG\left_2026_09_01_11_22_13_271.jpg, C:\Users\eljes\Downloads\simulator-windows-64\IMG\right_2026_09_01_11_22_13_271.jpg, -0.5882691, 1, 0, 30.13566
C:\Users\eljes\Downloads\simulator-windows-64\IMG\center_2026_09_01_11_22_13_374.jpg, C:\Users\eljes\Downloads\simulator-windows-64\IMG\left_2026_09_01_11_22_13_374.jpg, C:\Users\eljes\Downloads\simulator-windows-64\IMG\right_2026_09_01_11_22_13_374.jpg, -0.3463429, 1, 0, 30.19187
C:\Users\eljes\Downloads\simulator-windows-64\IMG\center_2026_09_01_11_22_13_475.jpg, C:\Users\eljes\Downloads\simulator-windows-64\IMG\left_2026_09_01_11_22_13_475.jpg, C:\Users\eljes\Downloads\simulator-windows-64\IMG\right_2026_09_01_11_22_13_475.jpg, -0.04738446, 1, 0, 30.19267
C:\Users\eljes\Downloads\simulator-windows-64\IMG\center_2026_09_01_11_22_13_575.jpg, C:\Users\eljes\Downloads\simulator-windows-64\IMG\left_2026_09_01_11_22_13_575.jpg, C:\Users\eljes\Downloads\simulator-windows-64\IMG\right_2026_09_01_11_22_13_575.jpg, 0, 1, 0, 30.1899
C:\Users\eljes\Downloads\simulator-windows-64\IMG\center_2026_09_01_11_22_13_676.jpg, C:\Users\eljes\Downloads\simulator-windows-64\IMG\left_2026_09_01_11_22_13_676.jpg, C:\Users\eljes\Downloads\simulator-windows-64\IMG\right_2026_09_01_11_22_13_676.jpg, 0, 1, 0, 30.19156
C:\Users\eljes\Downloads\simulator-windows-64\IMG\center_2026_09_01_11_22_13_779.jpg, C:\Users\eljes\Downloads\simulator-windows-64\IMG\left_2026_09_01_11_22_13_779.jpg, C:\Users\eljes\Downloads\simulator-windows-64\IMG\right_2026_09_01_11_22_13_779.jpg, 0, 1, 0, 30.19726
C:\Users\eljes\Downloads\simulator-windows-64\IMG\center_2026_09_01_11_22_13_878.jpg, C:\Users\eljes\Downloads\simulator-windows-64\IMG\left_2026_09_01_11_22_13_878.jpg, C:\Users\eljes\Downloads\simulator-windows-64\IMG\right_2026_09_01_11_22_13_878.jpg, 0, 1, 0, 30.19488
C:\Users\eljes\Downloads\simulator-windows-64\IMG\center_2026_09_01_11_22_13_980.jpg, C:\Users\eljes\Downloads\simulator-windows-64\IMG\left_2026_09_01_11_22_13_980.jpg, C:\Users\eljes\Downloads\simulator-windows-64\IMG\right_2026_09_01_11_22_13_980.jpg, 0, 1, 0, 30.20215
C:\Users\eljes\Downloads\simulator-windows-64\IMG\center_2026_09_01_11_22_14_083.jpg, C:\Users\eljes\Downloads\simulator-windows-64\IMG\left_2026_09_01_11_22_14_083.jpg, C:\Users\eljes\Downloads\simulator-windows-64\IMG\right_2026_09_01_11_22_14_083.jpg, 0, 1, 0, 30.19729
C:\Users\eljes\Downloads\simulator-windows-64\IMG\center_2026_09_01_11_22_14_186.jpg, C:\Users\eljes\Downloads\simulator-windows-64\IMG\left_2026_09_01_11_22_14_186.jpg, C:\Users\eljes\Downloads\simulator-windows-64\IMG\right_2026_09_01_11_22_14_186.jpg, 0, 1, 0, 30.20451
C:\Users\eljes\Downloads\simulator-windows-64\IMG\center_2026_09_01_11_22_14_286.jpg, C:\Users\eljes\Downloads\simulator-windows-64\IMG\left_2026_09_01_11_22_14_286.jpg, C:\Users\eljes\Downloads\simulator-windows-64\IMG\right_2026_09_01_11_22_14_286.jpg, 0, 1, 0, 30.20813
C:\Users\eljes\Downloads\simulator-windows-64\IMG\center_2026_09_01_11_22_14_387.jpg, C:\Users\eljes\Downloads\simulator-windows-64\IMG\left_2026_09_01_11_22_14_387.jpg, C:\Users\eljes\Downloads\simulator-windows-64\IMG\right_2026_09_01_11_22_14_387.jpg, 0, 1, 0, 30.16796
C:\Users\eljes\Downloads\simulator-windows-64\IMG\center_2026_09_01_11_22_14_490.jpg, C:\Users\eljes\Downloads\simulator-windows-64\IMG\left_2026_09_01_11_22_14_490.jpg, C:\Users\eljes\Downloads\simulator-windows-64\IMG\right_2026_09_01_11_22_14_490.jpg, 0, 1, 0, 30.21549
C:\Users\eljes\Downloads\simulator-windows-64\IMG\center_2026_09_01_11_22_14_590.jpg, C:\Users\eljes\Downloads\simulator-windows-64\IMG\left_2026_09_01_11_22_14_590.jpg, C:\Users\eljes\Downloads\simulator-windows-64\IMG\right_2026_09_01_11_22_14_590.jpg, 0, 1, 0, 30.20793
C:\Users\eljes\Downloads\simulator-windows-64\IMG\center_2026_09_01_11_22_14_692.jpg, C:\Users\eljes\Downloads\simulator-windows-64\IMG\left_2026_09_01_11_22_14_692.jpg, C:\Users\eljes\Downloads\simulator-windows-64\IMG\right_2026_09_01_11_22_14_692.jpg, 0, 1, 0, 30.21626
C:\Users\eljes\Downloads\simulator-windows-64\IMG\center_2026_09_01_11_22_14_794.jpg, C:\Users\eljes\Downloads\simulator-windows-64\IMG\left_2026_09_01_11_22_14_794.jpg, C:\Users\eljes\Downloads\simulator-windows-64\IMG\right_2026_09_01_11_22_14_794.jpg, 0, 1, 0, 30.21385
C:\Users\eljes\Downloads\simulator-windows-64\IMG\center_2026_09_01_11_22_14_895.jpg, C:\Users\eljes\Downloads\simulator-windows-64\IMG\left_2026_09_01_11_22_14_895.jpg, C:\Users\eljes\Downloads\simulator-windows-64\IMG\right_2026_09_01_11_22_14_895.jpg, 0, 0.904036, 0, 30.20675
C:\Users\eljes\Downloads\simulator-windows-64\IMG\center_2026_09_01_11_22_14_998.jpg, C:\Users\eljes\Downloads\simulator-windows-64\IMG\left_2026_09_01_11_22_14_998.jpg, C:\Users\eljes\Downloads\simulator-windows-64\IMG\right_2026_09_01_11_22_14_998.jpg, 0, 0, 0.0753384, 29.72085
C:\Users\eljes\Downloads\simulator-windows-64\IMG\center_2026_09_01_11_22_15_101.jpg, C:\Users\eljes\Downloads\simulator-windows-64\IMG\left_2026_09_01_11_22_15_101.jpg, C:\Users\eljes\Downloads\simulator-windows-64\IMG\right_2026_09_01_11_22_15_101.jpg, 0, 0, 0.3710832, 27.89595
C:\Users\eljes\Downloads\simulator-windows-64\IMG\center_2026_09_01_11_22_15_203.jpg, C:\Users\eljes\Downloads\simulator-windows-64\IMG\left_2026_09_01_11_22_15_203.jpg, C:\Users\eljes\Downloads\simulator-windows-64\IMG\right_2026_09_01_11_22_15_203.jpg, 0, 0, 0.669887, 26.27774
C:\Users\eljes\Downloads\simulator-windows-64\IMG\center_2026_09_01_11_22_15_305.jpg, C:\Users\eljes\Downloads\simulator-windows-64\IMG\left_2026_09_01_11_22_15_305.jpg, C:\Users\eljes\Downloads\simulator-windows-64\IMG\right_2026_09_01_11_22_15_305.jpg, 0, 0, 0.972805, 24.69248
C:\Users\eljes\Downloads\simulator-windows-64\IMG\center_2026_09_01_11_22_15_404.jpg, C:\Users\eljes\Downloads\simulator-windows-64\IMG\left_2026_09_01_11_22_15_404.jpg, C:\Users\eljes\Downloads\simulator-windows-64\IMG\right_2026_09_01_11_22_15_404.jpg, 0, 0, 1, 23.12696
C:\Users\eljes\Downloads\simulator-windows-64\IMG\center_2026_09_01_11_22_15_509.jpg, C:\Users\eljes\Downloads\simulator-windows-64\IMG\left_2026_09_01_11_22_15_509.jpg, C:\Users\eljes\Downloads\simulator-windows-64\IMG\right_2026_09_01_11_22_15_509.jpg, 0, 0, 1, 21.57782
C:\Users\eljes\Downloads\simulator-windows-64\IMG\center_2026_09_01_11_22_15_610.jpg, C:\Users\eljes\Downloads\simulator-windows-64\IMG\left_2026_09_01_11_22_15_610.jpg, C:\Users\eljes\Downloads\simulator-windows-64\IMG\right_2026_09_01_11_22_15_610.jpg, 0, 0, 1, 20.03395
C:\Users\eljes\Downloads\simulator-windows-64\IMG\center_2026_09_01_11_22_15_712.jpg, C:\Users\eljes\Downloads\simulator-windows-64\IMG\left_2026_09_01_11_22_15_712.jpg, C:\Users\eljes\Downloads\simulator-windows-64\IMG\right_2026_09_01_11_22_15_712.jpg, 0, 0, 1, 18.51151
C:\Users\eljes\Downloads\simulator-windows-64\IMG\center_2026_09_01_11_22_15_812.jpg, C:\Users\eljes\Downloads\simulator-windows-64\IMG\left_2026_09_01_11_22_15_812.jpg, C:\Users\eljes\Downloads\simulator-windows-64\IMG\right_2026_09_01_11_22_15_812.jpg, 0, 0, 1, 17.02507
C:\Users\eljes\Downloads\simulator-windows-64\IMG\center_2026_09_01_11_22_15_914.jpg, C:\Users\eljes\Downloads\simulator-windows-64\IMG\left_2026_09_01_11_22_15_914.jpg, C:\Users\eljes\Downloads\simulator-windows-64\IMG\right_2026_09_01_11_22_15_914.jpg, 0, 0, 1, 15.56135
C:\Users\eljes\Downloads\simulator-windows-64\IMG\center_2026_09_01_11_22_16_017.jpg, C:\Users\eljes\Downloads\simulator-windows-64\IMG\left_2026_09_01_11_22_16_017.jpg, C:\Users\eljes\Downloads\simulator-windows-64\IMG\right_2026_09_01_11_22_16_017.jpg, 0, 0, 1, 13.81049
C:\Users\eljes\Downloads\simulator-windows-64\IMG\center_2026_09_01_11_22_16_120.jpg, C:\Users\eljes\Downloads\simulator-windows-64\IMG\left_2026_09_01_11_22_16_120.jpg, C:\Users\eljes\Downloads\simulator-windows-64\IMG\right_2026_09_01_11_22_16_120.jpg, 0, 0, 1, 12.38617
C:\Users\eljes\Downloads\simulator-windows-64\IMG\center_2026_09_01_11_22_16_221.jpg, C:\Users\eljes\Downloads\simulator-windows-64\IMG\left_2026_09_01_11_22_16_221.jpg, C:\Users\eljes\Downloads\simulator-windows-64\IMG\right_2026_09_01_11_22_16_221.jpg, 0, 0, 1, 10.98286
C:\Users\eljes\Downloads\simulator-windows-64\IMG\center_2026_09_01_11_22_16_323.jpg, C:\Users\eljes\Downloads\simulator-windows-64\IMG\left_2026_09_01_11_22_16_323.jpg, C:\Users\eljes\Downloads\simulator-windows-64\IMG\right_2026_09_01_11_22_16_323.jpg, 0, 0, 1, 9.604755
C:\Users\eljes\Downloads\simulator-windows-64\IMG\center_2026_09_01_11_22_16_424.jpg, C:\Users\eljes\Downloads\simulator-windows-64\IMG\left_2026_09_01_11_22_16_424.jpg, C:\Users\eljes\Downloads\simulator-windows-64\IMG\right_2026_09_01_11_22_16_424.jpg, 0, 0, 1, 8.23054
C:\Users\eljes\Downloads\simulator-windows-64\IMG\center_2026_09_01_11_22_16_526.jpg, C:\Users\eljes\Downloads\simulator-windows-64\IMG\left_2026_09_01_11_22_16_526.jpg, C:\Users\eljes\Downloads\simulator-windows-64\IMG\right_2026_09_01_11_22_16_526.jpg, 0, 0, 1, 6.885005
C:\Users\eljes\Downloads\simulator-windows-64\IMG\center_2026_09_01_11_22_16_630.jpg, C:\Users\eljes\Downloads\simulator-windows-64\IMG\left_2026_09_01_11_22_16_630.jpg, C:\Users\eljes\Downloads\simulator-windows-64\IMG\right_2026_09_01_11_22_16_630.jpg, 0, 0, 1, 5.52697
C:\Users\eljes\Downloads\simulator-windows-64\IMG\center_2026_09_01_11_22_16_733.jpg, C:\Users\eljes\Downloads\simulator-windows-64\IMG\left_2026_09_01_11_22_16_733.jpg, C:\Users\eljes\Downloads\simulator-windows-64\IMG\right_2026_09_01_11_22_16_733.jpg, 0, 0, 1, 4.624631
C:\Users\eljes\Downloads\simulator-windows-64\IMG\center_2026_09_01_11_22_16_835.jpg, C:\Users\eljes\Downloads\simulator-windows-64\IMG\left_2026_09_01_11_22_16_835.jpg, C:\Users\eljes\Downloads\simulator-windows-64\IMG\right_2026_09_01_11_22_16_835.jpg, 0, 0, 0.9629499, 4.258317
C:\Users\eljes\Downloads\simulator-windows-64\IMG\center_2026_09_01_11_22_16_936.jpg, C:\Users\eljes\Downloads\simulator-windows-64\IMG\left_2026_09_01_11_22_16_936.jpg, C:\Users\eljes\Downloads\simulator-windows-64\IMG\right_2026_09_01_11_22_16_936.jpg, 0, 0, 0.6619269, 4.033579
C:\Users\eljes\Downloads\simulator-windows-64\IMG\center_2026_09_01_11_22_17_036.jpg, C:\Users\eljes\Downloads\simulator-windows-64\IMG\left_2026_09_01_11_22_17_036.jpg, C:\Users\eljes\Downloads\simulator-windows-64\IMG\right_2026_09_01_11_22_17_036.jpg, 0, 0, 0.3613643, 3.921354
C:\Users\eljes\Downloads\simulator-windows-64\IMG\center_2026_09_01_11_22_17_137.jpg, C:\Users\eljes\Downloads\simulator-windows-64\IMG\left_2026_09_01_11_22_17_137.jpg, C:\Users\eljes\Downloads\simulator-windows-64\IMG\right_2026_09_01_11_22_17_137.jpg, 0, 0, 0.05685293, 3.919668
C:\Users\eljes\Downloads\simulator-windows-64\IMG\center_2026_09_01_11_22_17_240.jpg, C:\Users\eljes\Downloads\simulator-windows-64\IMG\left_2026_09_01_11_22_17_240.jpg, C:\Users\eljes\Downloads\simulator-windows-64\IMG\right_2026_09_01_11_22_17_240.jpg, 0, 0.2568246, 0, 4.145712
C:\Users\eljes\Downloads\simulator-windows-64\IMG\center_2026_09_01_11_22_17_340.jpg, C:\Users\eljes\Downloads\simulator-windows-64\IMG\left_2026_09_01_11_22_17_340.jpg, C:\Users\eljes\Downloads\simulator-windows-64\IMG\right_2026_09_01_11_22_17_340.jpg, 0, 0.5595502, 0, 4.729591
C:\Users\eljes\Downloads\simulator-windows-64\IMG\center_2026_09_01_11_22_17_440.jpg, C:\Users\eljes\Downloads\simulator-windows-64\IMG\left_2026_09_01_11_22_17_440.jpg, C:\Users\eljes\Downloads\simulator-windows-64\IMG\right_2026_09_01_11_22_17_440.jpg, 0, 0.8606533, 0, 5.669006
C:\Users\eljes\Downloads\simulator-windows-64\IMG\center_2026_09_01_11_22_17_543.jpg, C:\Users\eljes\Downloads\simulator-windows-64\IMG\left_2026_09_01_11_22_17_543.jpg, C:\Users\eljes\Downloads\simulator-windows-64\IMG\right_2026_09_01_11_22_17_543.jpg, 0, 1, 0, 6.892457
C:\Users\eljes\Downloads\simulator-windows-64\IMG\center_2026_09_01_11_22_17_645.jpg, C:\Users\eljes\Downloads\simulator-windows-64\IMG\left_2026_09_01_11_22_17_645.jpg, C:\Users\eljes\Downloads\simulator-windows-64\IMG\right_2026_09_01_11_22_17_645.jpg, 0, 1, 0, 8.134776
C:\Users\eljes\Downloads\simulator-windows-64\IMG\center_2026_09_01_11_22_17_745.jpg, C:\Users\eljes\Downloads\simulator-windows-64\IMG\left_2026_09_01_11_22_17_745.jpg, C:\Users\eljes\Downloads\simulator-windows-64\IMG\right_2026_09_01_11_22_17_745.jpg, 0, 1, 0, 9.365149
C:\Users\eljes\Downloads\simulator-windows-64\IMG\center_2026_09_01_11_22_17_844.jpg, C:\Users\eljes\Downloads\simulator-windows-64\IMG\left_2026_09_01_11_22_17_844.jpg, C:\Users\eljes\Downloads\simulator-windows-64\IMG\right_2026_09_01_11_22_17_844.jpg, 0, 1, 0, 10.57344
C:\Users\eljes\Downloads\simulator-windows-64\IMG\center_2026_09_01_11_22_17_945.jpg, C:\Users\eljes\Downloads\simulator-windows-64\IMG\left_2026_09_01_11_22_17_945.jpg, C:\Users\eljes\Downloads\simulator-windows-64\IMG\right_2026_09_01_11_22_17_945.jpg, 0, 1, 0, 11.602
C:\Users\eljes\Downloads\simulator-windows-64\IMG\center_2026_09_01_11_22_18_046.jpg, C:\Users\eljes\Downloads\simulator-windows-64\IMG\left_2026_09_01_11_22_18_046.jpg, C:\Users\eljes\Downloads\simulator-windows-64\IMG\right_2026_09_01_11_22_18_046.jpg, 0, 1, 0, 12.88904
C:\Users\eljes\Downloads\simulator-windows-64\IMG\center_2026_09_01_11_22_18_147.jpg, C:\Users\eljes\Downloads\simulator-windows-64\IMG\left_2026_09_01_11_22_18_147.jpg, C:\Users\eljes\Downloads\simulator-windows-64\IMG\right_2026_09_01_11_22_18_147.jpg, 0, 1, 0, 14.15038
C:\Users\eljes\Downloads\simulator-windows-64\IMG\center_2026_09_01_11_22_18_249.jpg, C:\Users\eljes\Downloads\simulator-windows-64\IMG\left_2026_09_01_11_22_18_249.jpg, C:\Users\eljes\Downloads\simulator-windows-64\IMG\right_2026_09_01_11_22_18_249.jpg, 0, 1, 0, 4.665227
C:\Users\eljes\Downloads\simulator-windows-64\IMG\center_2026_09_01_11_22_18_350.jpg, C:\Users\eljes\Downloads\simulator-windows-64\IMG\left_2026_09_01_11_22_18_350.jpg, C:\Users\eljes\Downloads\simulator-windows-64\IMG\right_2026_09_01_11_22_18_350.jpg, 0, 1, 0, 0.550433
C:\Users\eljes\Downloads\simulator-windows-64\IMG\center_2026_09_01_11_22_18_452.jpg, C:\Users\eljes\Downloads\simulator-windows-64\IMG\left_2026_09_01_11_22_18_452.jpg, C:\Users\eljes\Downloads\simulator-windows-64\IMG\right_2026_09_01_11_22_18_452.jpg, 0, 1, 0, 0.1986231
C:\Users\eljes\Downloads\simulator-windows-64\IMG\center_2026_09_01_11_22_18_553.jpg, C:\Users\eljes\Downloads\simulator-windows-64\IMG\left_2026_09_01_11_22_18_553.jpg, C:\Users\eljes\Downloads\simulator-windows-64\IMG\right_2026_09_01_11_22_18_553.jpg, 0, 1, 0, 0.1228878
C:\Users\eljes\Downloads\simulator-windows-64\IMG\center_2026_09_01_11_22_18_657.jpg, C:\Users\eljes\Downloads\simulator-windows-64\IMG\left_2026_09_01_11_22_18_657.jpg, C:\Users\eljes\Downloads\simulator-windows-64\IMG\right_2026_09_01_11_22_18_657.jpg, 0, 0.7530094, 0, 0.08129603
C:\Users\eljes\Downloads\simulator-windows-64\IMG\center_2026_09_01_11_22_18_757.jpg, C:\Users\eljes\Downloads\simulator-windows-64\IMG\left_2026_09_01_11_22_18_757.jpg, C:\Users\eljes\Downloads\simulator-windows-64\IMG\right_2026_09_01_11_22_18_757.jpg, 0, 0.4522052, 0, 0.0501948
C:\Users\eljes\Downloads\simulator-windows-64\IMG\center_2026_09_01_11_22_18_859.jpg, C:\Users\eljes\Downloads\simulator-windows-64\IMG\left_2026_09_01_11_22_18_859.jpg, C:\Users\eljes\Downloads\simulator-windows-64\IMG\right_2026_09_01_11_22_18_859.jpg, 0, 0.1467698, 0, 0.04829956
C:\Users\eljes\Downloads\simulator-windows-64\IMG\center_2026_09_01_11_22_18_960.jpg, C:\Users\eljes\Downloads\simulator-windows-64\IMG\left_2026_09_01_11_22_18_960.jpg, C:\Users\eljes\Downloads\simulator-windows-64\IMG\right_2026_09_01_11_22_18_960.jpg, 0, 0, 0.0773553, 0.04696435
C:\Users\eljes\Downloads\simulator-windows-64\IMG\center_2026_09_01_11_22_19_062.jpg, C:\Users\eljes\Downloads\simulator-windows-64\IMG\left_2026_09_01_11_22_19_062.jpg, C:\Users\eljes\Downloads\simulator-windows-64\IMG\right_2026_09_01_11_22_19_062.jpg, 0, 0, 0.379281, 0.04036538
C:\Users\eljes\Downloads\simulator-windows-64\IMG\center_2026_09_01_11_22_19_163.jpg, C:\Users\eljes\Downloads\simulator-windows-64\IMG\left_2026_09_01_11_22_19_163.jpg, C:\Users\eljes\Downloads\simulator-windows-64\IMG\right_2026_09_01_11_22_19_163.jpg, 0, 0, 0.6743468, 0.1061651
C:\Users\eljes\Downloads\simulator-windows-64\IMG\center_2026_09_01_11_22_19_264.jpg, C:\Users\eljes\Downloads\simulator-windows-64\IMG\left_2026_09_01_11_22_19_264.jpg, C:\Users\eljes\Downloads\simulator-windows-64\IMG\right_2026_09_01_11_22_19_264.jpg, 0, 0, 0.9748347, 0.3531791
C:\Users\eljes\Downloads\simulator-windows-64\IMG\center_2026_09_01_11_22_19_367.jpg, C:\Users\eljes\Downloads\simulator-windows-64\IMG\left_2026_09_01_11_22_19_367.jpg, C:\Users\eljes\Downloads\simulator-windows-64\IMG\right_2026_09_01_11_22_19_367.jpg, 0, 0, 1, 0.6305867
C:\Users\eljes\Downloads\simulator-windows-64\IMG\center_2026_09_01_11_22_19_470.jpg, C:\Users\eljes\Downloads\simulator-windows-64\IMG\left_2026_09_01_11_22_19_470.jpg, C:\Users\eljes\Downloads\simulator-windows-64\IMG\right_2026_09_01_11_22_19_470.jpg, 0, 0, 1, 0.8882294
C:\Users\eljes\Downloads\simulator-windows-64\IMG\center_2026_09_01_11_22_19_572.jpg, C:\Users\eljes\Downloads\simulator-windows-64\IMG\left_2026_09_01_11_22_19_572.jpg, C:\Users\eljes\Downloads\simulator-windows-64\IMG\right_2026_09_01_11_22_19_572.jpg, 0, 0, 1, 1.160985
C:\Users\eljes\Downloads\simulator-windows-64\IMG\center_2026_09_01_11_22_19_674.jpg, C:\Users\eljes\Downloads\simulator-windows-64\IMG\left_2026_09_01_11_22_19_674.jpg, C:\Users\eljes\Downloads\simulator-windows-64\IMG\right_2026_09_01_11_22_19_674.jpg, 0, 0, 1, 1.410653
C:\Users\eljes\Downloads\simulator-windows-64\IMG\center_2026_09_01_11_22_19_775.jpg, C:\Users\eljes\Downloads\simulator-windows-64\IMG\left_2026_09_01_11_22_19_775.jpg, C:\Users\eljes\Downloads\simulator-windows-64\IMG\right_2026_09_01_11_22_19_775.jpg, 0, 0, 1, 1.656277
C:\Users\eljes\Downloads\simulator-windows-64\IMG\center_2026_09_01_11_22_19_876.jpg, C:\Users\eljes\Downloads\simulator-windows-64\IMG\left_2026_09_01_11_22_19_876.jpg, C:\Users\eljes\Downloads\simulator-windows-64\IMG\right_2026_09_01_11_22_19_876.jpg, 0, 0, 1, 1.946584
C:\Users\eljes\Downloads\simulator-windows-64\IMG\center_2026_09_01_11_22_19_978.jpg, C:\Users\eljes\Downloads\simulator-windows-64\IMG\left_2026_09_01_11_22_19_978.jpg, C:\Users\eljes\Downloads\simulator-windows-64\IMG\right_2026_09_01_11_22_19_978.jpg, 0, 0, 1, 2.200731
C:\Users\eljes\Downloads\simulator-windows-64\IMG\center_2026_09_01_11_22_20_079.jpg, C:\Users\eljes\Downloads\simulator-windows-64\IMG\left_2026_09_01_11_22_20_079.jpg, C:\Users\eljes\Downloads\simulator-windows-64\IMG\right_2026_09_01_11_22_20_079.jpg, 0, 0, 1, 2.461454
C:\Users\eljes\Downloads\simulator-windows-64\IMG\center_2026_09_01_11_22_20_184.jpg, C:\Users\eljes\Downloads\simulator-windows-64\IMG\left_2026_09_01_11_22_20_184.jpg, C:\Users\eljes\Downloads\simulator-windows-64\IMG\right_2026_09_01_11_22_20_184.jpg, 0, 0, 1, 2.712093
C:\Users\eljes\Downloads\simulator-windows-64\IMG\center_2026_09_01_11_22_20_284.jpg, C:\Users\eljes\Downloads\simulator-windows-64\IMG\left_2026_09_01_11_22_20_284.jpg, C:\Users\eljes\Downloads\simulator-windows-64\IMG\right_2026_09_01_11_22_20_284.jpg, 0, 0, 1, 2.954687
C:\Users\eljes\Downloads\simulator-windows-64\IMG\center_2026_09_01_11_22_20_384.jpg, C:\Users\eljes\Downloads\simulator-windows-64\IMG\left_2026_09_01_11_22_20_384.jpg, C:\Users\eljes\Downloads\simulator-windows-64\IMG\right_2026_09_01_11_22_20_384.jpg, 0, 0, 1, 3.216808
C:\Users\eljes\Downloads\simulator-windows-64\IMG\center_2026_09_01_11_22_20_487.jpg, C:\Users\eljes\Downloads\simulator-windows-64\IMG\left_2026_09_01_11_22_20_487.jpg, C:\Users\eljes\Downloads\simulator-windows-64\IMG\right_2026_09_01_11_22_20_487.jpg, 0, 0, 1, 3.439208
C:\Users\eljes\Downloads\simulator-windows-64\IMG\center_2026_09_01_11_22_20_589.jpg, C:\Users\eljes\Downloads\simulator-windows-64\IMG\left_2026_09_01_11_22_20_589.jpg, C:\Users\eljes\Downloads\simulator-windows-64\IMG\right_2026_09_01_11_22_20_589.jpg, 0, 0, 1, 3.692201
C:\Users\eljes\Downloads\simulator-windows-64\IMG\center_2026_09_01_11_22_20_691.jpg, C:\Users\eljes\Downloads\simulator-windows-64\IMG\left_2026_09_01_11_22_20_691.jpg, C:\Users\eljes\Downloads\simulator-windows-64\IMG\right_2026_09_01_11_22_20_691.jpg, 0, 0, 1, 3.917726
C:\Users\eljes\Downloads\simulator-windows-64\IMG\center_2026_09_01_11_22_20_794.jpg, C:\Users\eljes\Downloads\simulator-windows-64\IMG\left_2026_09_01_11_22_20_794.jpg, C:\Users\eljes\Downloads\simulator-windows-64\IMG\right_2026_09_01_11_22_20_794.jpg, 0, 0, 1, 4.148959
C:\Users\eljes\Downloads\simulator-windows-64\IMG\center_2026_09_01_11_22_20_896.jpg, C:\Users\eljes\Downloads\simulator-windows-64\IMG\left_2026_09_01_11_22_20_896.jpg, C:\Users\eljes\Downloads\simulator-windows-64\IMG\right_2026_09_01_11_22_20_896.jpg, 0, 0, 1, 4.421577
C:\Users\eljes\Downloads\simulator-windows-64\IMG\center_2026_09_01_11_22_20_998.jpg, C:\Users\eljes\Downloads\simulator-windows-64\IMG\left_2026_09_01_11_22_20_998.jpg, C:\Users\eljes\Downloads\simulator-windows-64\IMG\right_2026_09_01_11_22_20_998.jpg, 0, 0, 1, 4.646234
C:\Users\eljes\Downloads\simulator-windows-64\IMG\center_2026_09_01_11_22_21_099.jpg, C:\Users\eljes\Downloads\simulator-windows-64\IMG\left_2026_09_01_11_22_21_099.jpg, C:\Users\eljes\Downloads\simulator-windows-64\IMG\right_2026_09_01_11_22_21_099.jpg, 0, 0, 1, 4.868593
C:\Users\eljes\Downloads\simulator-windows-64\IMG\center_2026_09_01_11_22_21_201.jpg, C:\Users\eljes\Downloads\simulator-windows-64\IMG\left_2026_09_01_11_22_21_201.jpg, C:\Users\eljes\Downloads\simulator-windows-64\IMG\right_2026_09_01_11_22_21_201.jpg, 0, 0, 1, 5.078834
C:\Users\eljes\Downloads\simulator-windows-64\IMG\center_2026_09_01_11_22_21_301.jpg, C:\Users\eljes\Downloads\simulator-windows-64\IMG\left_2026_09_01_11_22_21_301.jpg, C:\Users\eljes\Downloads\simulator-windows-64\IMG\right_2026_09_01_11_22_21_301.jpg, 0, 0, 1, 5.283004
C:\Users\eljes\Downloads\simulator-windows-64\IMG\center_2026_09_01_11_22_21_403.jpg, C:\Users\eljes\Downloads\simulator-windows-64\IMG\left_2026_09_01_11_22_21_403.jpg, C:\Users\eljes\Downloads\simulator-windows-64\IMG\right_2026_09_01_11_22_21_403.jpg, 0, 0, 1, 5.485182
C:\Users\eljes\Downloads\simulator-windows-64\IMG\center_2026_09_01_11_22_21_504.jpg, C:\Users\eljes\Downloads\simulator-windows-64\IMG\left_2026_09_01_11_22_21_504.jpg, C:\Users\eljes\Downloads\simulator-windows-64\IMG\right_2026_09_01_11_22_21_504.jpg, 0, 0, 1, 5.685352
C:\Users\eljes\Downloads\simulator-windows-64\IMG\center_2026_09_01_11_22_21_606.jpg, C:\Users\eljes\Downloads\simulator-windows-64\IMG\left_2026_09_01_11_22_21_606.jpg, C:\Users\eljes\Downloads\simulator-windows-64\IMG\right_2026_09_01_11_22_21_606.jpg, 0, 0, 1, 5.883428
C:\Users\eljes\Downloads\simulator-windows-64\IMG\center_2026_09_01_11_22_21_708.jpg, C:\Users\eljes\Downloads\simulator-windows-64\IMG\left_2026_09_01_11_22_21_708.jpg, C:\Users\eljes\Downloads\simulator-windows-64\IMG\right_2026_09_01_11_22_21_708.jpg, 0, 0, 1, 6.07948
C:\Users\eljes\Downloads\simulator-windows-64\IMG\center_2026_09_01_11_22_21_810.jpg, C:\Users\eljes\Downloads\simulator-windows-64\IMG\left_2026_09_01_11_22_21_810.jpg, C:\Users\eljes\Downloads\simulator-windows-64\IMG\right_2026_09_01_11_22_21_810.jpg, 0, 0, 1, 6.273496
C:\Users\eljes\Downloads\simulator-windows-64\IMG\center_2026_09_01_11_22_21_911.jpg, C:\Users\eljes\Downloads\simulator-windows-64\IMG\left_2026_09_01_11_22_21_911.jpg, C:\Users\eljes\Downloads\simulator-windows-64\IMG\right_2026_09_01_11_22_21_911.jpg, 0, 0, 1, 6.465556
C:\Users\eljes\Downloads\simulator-windows-64\IMG\center_2026_09_01_11_22_22_014.jpg, C:\Users\eljes\Downloads\simulator-windows-64\IMG\left_2026_09_01_11_22_22_014.jpg, C:\Users\eljes\Downloads\simulator-windows-64\IMG\right_2026_09_01_11_22_22_014.jpg, 0, 0, 1, 6.65565
C:\Users\eljes\Downloads\simulator-windows-64\IMG\center_2026_09_01_11_22_22_115.jpg, C:\Users\eljes\Downloads\simulator-windows-64\IMG\left_2026_09_01_11_22_22_115.jpg, C:\Users\eljes\Downloads\simulator-windows-64\IMG\right_2026_09_01_11_22_22_115.jpg, 0, 0, 1, 6.843784
C:\Users\eljes\Downloads\simulator-windows-64\IMG\center_2026_09_01_11_22_22_217.jpg, C:\Users\eljes\Downloads\simulator-windows-64\IMG\left_2026_09_01_11_22_22_217.jpg, C:\Users\eljes\Downloads\simulator-windows-64\IMG\right_2026_09_01_11_22_22_217.jpg, 0, 0, 1, 7.061999
C:\Users\eljes\Downloads\simulator-windows-64\IMG\center_2026_09_01_11_22_22_318.jpg, C:\Users\eljes\Downloads\simulator-windows-64\IMG\left_2026_09_01_11_22_22_318.jpg, C:\Users\eljes\Downloads\simulator-windows-64\IMG\right_2026_09_01_11_22_22_318.jpg, 0, 0, 1, 7.228454
C:\Users\eljes\Downloads\simulator-windows-64\IMG\center_2026_09_01_11_22_22_419.jpg, C:\Users\eljes\Downloads\simulator-windows-64\IMG\left_2026_09_01_11_22_22_419.jpg, C:\Users\eljes\Downloads\simulator-windows-64\IMG\right_2026_09_01_11_22_22_419.jpg, 0, 0, 1, 7.393293
C:\Users\eljes\Downloads\simulator-windows-64\IMG\center_2026_09_01_11_22_22_520.jpg, C:\Users\eljes\Downloads\simulator-windows-64\IMG\left_2026_09_01_11_22_22_520.jpg, C:\Users\eljes\Downloads\simulator-windows-64\IMG\right_2026_09_01_11_22_22_520.jpg, 0, 0, 1, 7.556452
C:\Users\eljes\Downloads\simulator-windows-64\IMG\center_2026_09_01_11_22_22_622.jpg, C:\Users\eljes\Downloads\simulator-windows-64\IMG\left_2026_09_01_11_22_22_622.jpg, C:\Users\eljes\Downloads\simulator-windows-64\IMG\right_2026_09_01_11_22_22_622.jpg, 0, 0, 1, 7.717921
C:\Users\eljes\Downloads\simulator-windows-64\IMG\center_2026_09_01_11_22_22_724.jpg, C:\Users\eljes\Downloads\simulator-windows-64\IMG\left_2026_09_01_11_22_22_724.jpg, C:\Users\eljes\Downloads\simulator-windows-64\IMG\right_2026_09_01_11_22_22_724.jpg, 0, 0, 1, 7.877665
C:\Users\eljes\Downloads\simulator-windows-64\IMG\center_2026_09_01_11_22_22_825.jpg, C:\Users\eljes\Downloads\simulator-windows-64\IMG\left_2026_09_01_11_22_22_825.jpg, C:\Users\eljes\Downloads\simulator-windows-64\IMG\right_2026_09_01_11_22_22_825.jpg, 0, 0, 1, 8.035678
C:\Users\eljes\Downloads\simulator-windows-64\IMG\center_2026_09_01_11_22_22_928.jpg, C:\Users\eljes\Downloads\simulator-windows-64\IMG\left_2026_09_01_11_22_22_928.jpg, C:\Users\eljes\Downloads\simulator-windows-64\IMG\right_2026_09_01_11_22_22_928.jpg, 0, 0, 1, 8.19197
C:\Users\eljes\Downloads\simulator-windows-64\IMG\center_2026_09_01_11_22_23_029.jpg, C:\Users\eljes\Downloads\simulator-windows-64\IMG\left_2026_09_01_11_22_23_029.jpg, C:\Users\eljes\Downloads\simulator-windows-64\IMG\right_2026_09_01_11_22_23_029.jpg, 0, 0, 1, 8.346584
C:\Users\eljes\Downloads\simulator-windows-64\IMG\center_2026_09_01_11_22_23_131.jpg, C:\Users\eljes\Downloads\simulator-windows-64\IMG\left_2026_09_01_11_22_23_131.jpg, C:\Users\eljes\Downloads\simulator-windows-64\IMG\right_2026_09_01_11_22_23_131.jpg, 0, 0, 0.9881665, 8.497832
C:\Users\eljes\Downloads\simulator-windows-64\IMG\center_2026_09_01_11_22_23_234.jpg, C:\Users\eljes\Downloads\simulator-windows-64\IMG\left_2026_09_01_11_22_23_234.jpg, C:\Users\eljes\Downloads\simulator-windows-64\IMG\right_2026_09_01_11_22_23_234.jpg, 0, 0, 0.682902, 8.579243
C:\Users\eljes\Downloads\simulator-windows-64\IMG\center_2026_09_01_11_22_23_333.jpg, C:\Users\eljes\Downloads\simulator-windows-64\IMG\left_2026_09_01_11_22_23_333.jpg, C:\Users\eljes\Downloads\simulator-windows-64\IMG\right_2026_09_01_11_22_23_333.jpg, 0, 0, 0.3807744, 8.550453
C:\Users\eljes\Downloads\simulator-windows-64\IMG\center_2026_09_01_11_22_23_437.jpg, C:\Users\eljes\Downloads\simulator-windows-64\IMG\left_2026_09_01_11_22_23_437.jpg, C:\Users\eljes\Downloads\simulator-windows-64\IMG\right_2026_09_01_11_22_23_437.jpg, 0, 0, 0.02715574, 8.372551
C:\Users\eljes\Downloads\simulator-windows-64\IMG\center_2026_09_01_11_22_23_539.jpg, C:\Users\eljes\Downloads\simulator-windows-64\IMG\left_2026_09_01_11_22_23_539.jpg, C:\Users\eljes\Downloads\simulator-windows-64\IMG\right_2026_09_01_11_22_23_539.jpg, 0, 0, 0, 8.157775
C:\Users\eljes\Downloads\simulator-windows-64\IMG\center_2026_09_01_11_22_23_639.jpg, C:\Users\eljes\Downloads\simulator-windows-64\IMG\left_2026_09_01_11_22_23_639.jpg, C:\Users\eljes\Downloads\simulator-windows-64\IMG\right_2026_09_01_11_22_23_639.jpg, 0, 0, 0, 7.944722
C:\Users\eljes\Downloads\simulator-windows-64\IMG\center_2026_09_01_11_22_23_741.jpg, C:\Users\eljes\Downloads\simulator-windows-64\IMG\left_2026_09_01_11_22_23_741.jpg, C:\Users\eljes\Downloads\simulator-windows-64\IMG\right_2026_09_01_11_22_23_741.jpg, 0, 0, 0, 7.734028
C:\Users\eljes\Downloads\simulator-windows-64\IMG\center_2026_09_01_11_22_23_843.jpg, C:\Users\eljes\Downloads\simulator-windows-64\IMG\left_2026_09_01_11_22_23_843.jpg, C:\Users\eljes\Downloads\simulator-windows-64\IMG\right_2026_09_01_11_22_23_843.jpg, 0, 0, 0, 7.525644
C:\Users\eljes\Downloads\simulator-windows-64\IMG\center_2026_09_01_11_22_23_944.jpg, C:\Users\eljes\Downloads\simulator-windows-64\IMG\left_2026_09_01_11_22_23_944.jpg, C:\Users\eljes\Downloads\simulator-windows-64\IMG\right_2026_09_01_11_22_23_944.jpg, 0, 0, 0, 7.31634
C:\Users\eljes\Downloads\simulator-windows-64\IMG\center_2026_09_01_11_22_24_045.jpg, C:\Users\eljes\Downloads\simulator-windows-64\IMG\left_2026_09_01_11_22_24_045.jpg, C:\Users\eljes\Downloads\simulator-windows-64\IMG\right_2026_09_01_11_22_24_045.jpg, 0, 0, 0, 7.107295
C:\Users\eljes\Downloads\simulator-windows-64\IMG\center_2026_09_01_11_22_24_148.jpg, C:\Users\eljes\Downloads\simulator-windows-64\IMG\left_2026_09_01_11_22_24_148.jpg, C:\Users\eljes\Downloads\simulator-windows-64\IMG\right_2026_09_01_11_22_24_148.jpg, 0, 0, 0, 6.900514
C:\Users\eljes\Downloads\simulator-windows-64\IMG\center_2026_09_01_11_22_24_251.jpg, C:\Users\eljes\Downloads\simulator-windows-64\IMG\left_2026_09_01_11_22_24_251.jpg, C:\Users\eljes\Downloads\simulator-windows-64\IMG\right_2026_09_01_11_22_24_251.jpg, 0, 0, 0, 6.695929
C:\Users\eljes\Downloads\simulator-windows-64\IMG\center_2026_09_01_11_22_24_354.jpg, C:\Users\eljes\Downloads\simulator-windows-64\IMG\left_2026_09_01_11_22_24_354.jpg, C:\Users\eljes\Downloads\simulator-windows-64\IMG\right_2026_09_01_11_22_24_354.jpg, 0, 0, 0, 6.493523
C:\Users\eljes\Downloads\simulator-windows-64\IMG\center_2026_09_01_11_22_24_457.jpg, C:\Users\eljes\Downloads\simulator-windows-64\IMG\left_2026_09_01_11_22_24_457.jpg, C:\Users\eljes\Downloads\simulator-windows-64\IMG\right_2026_09_01_11_22_24_457.jpg, 0, 0, 0, 6.253479
C:\Users\eljes\Downloads\simulator-windows-64\IMG\center_2026_09_01_11_22_24_559.jpg, C:\Users\eljes\Downloads\simulator-windows-64\IMG\left_2026_09_01_11_22_24_559.jpg, C:\Users\eljes\Downloads\simulator-windows-64\IMG\right_2026_09_01_11_22_24_559.jpg, 0, 0, 0, 6.055789
C:\Users\eljes\Downloads\simulator-windows-64\IMG\center_2026_09_01_11_22_24_660.jpg, C:\Users\eljes\Downloads\simulator-windows-64\IMG\left_2026_09_01_11_22_24_660.jpg, C:\Users\eljes\Downloads\simulator-windows-64\IMG\right_2026_09_01_11_22_24_660.jpg, 0, 0, 0, 5.860264
C:\Users\eljes\Downloads\simulator-windows-64\IMG\center_2026_09_01_11_22_24_762.jpg, C:\Users\eljes\Downloads\simulator-windows-64\IMG\left_2026_09_01_11_22_24_762.jpg, C:\Users\eljes\Downloads\simulator-windows-64\IMG\right_2026_09_01_11_22_24_762.jpg, 0, 0, 0, 5.666862
C:\Users\eljes\Downloads\simulator-windows-64\IMG\center_2026_09_01_11_22_24_864.jpg, C:\Users\eljes\Downloads\simulator-windows-64\IMG\left_2026_09_01_11_22_24_864.jpg, C:\Users\eljes\Downloads\simulator-windows-64\IMG\right_2026_09_01_11_22_24_864.jpg, 0, 0, 0, 5.475522
C:\Users\eljes\Downloads\simulator-windows-64\IMG\center_2026_09_01_11_22_24_966.jpg, C:\Users\eljes\Downloads\simulator-windows-64\IMG\left_2026_09_01_11_22_24_966.jpg, C:\Users\eljes\Downloads\simulator-windows-64\IMG\right_2026_09_01_11_22_24_966.jpg, 0, 0, 0, 5.286221
C:\Users\eljes\Downloads\simulator-windows-64\IMG\center_2026_09_01_11_22_25_068.jpg, C:\Users\eljes\Downloads\simulator-windows-64\IMG\left_2026_09_01_11_22_25_068.jpg, C:\Users\eljes\Downloads\simulator-windows-64\IMG\right_2026_09_01_11_22_25_068.jpg, 0, 0, 0, 5.101264
C:\Users\eljes\Downloads\simulator-windows-64\IMG\center_2026_09_01_11_22_25_170.jpg, C:\Users\eljes\Downloads\simulator-windows-64\IMG\left_2026_09_01_11_22_25_170.jpg, C:\Users\eljes\Downloads\simulator-windows-64\IMG\right_2026_09_01_11_22_25_170.jpg, 0, 0, 0, 4.918924
C:\Users\eljes\Downloads\simulator-windows-64\IMG\center_2026_09_01_11_22_25_272.jpg, C:\Users\eljes\Downloads\simulator-windows-64\IMG\left_2026_09_01_11_22_25_272.jpg, C:\Users\eljes\Downloads\simulator-windows-64\IMG\right_2026_09_01_11_22_25_272.jpg, 0, 0, 0, 4.738517
C:\Users\eljes\Downloads\simulator-windows-64\IMG\center_2026_09_01_11_22_25_374.jpg, C:\Users\eljes\Downloads\simulator-windows-64\IMG\left_2026_09_01_11_22_25_374.jpg, C:\Users\eljes\Downloads\simulator-windows-64\IMG\right_2026_09_01_11_22_25_374.jpg, 0, 0, 0, 4.560021
C:\Users\eljes\Downloads\simulator-windows-64\IMG\center_2026_09_01_11_22_25_478.jpg, C:\Users\eljes\Downloads\simulator-windows-64\IMG\left_2026_09_01_11_22_25_478.jpg, C:\Users\eljes\Downloads\simulator-windows-64\IMG\right_2026_09_01_11_22_25_478.jpg, 0, 0, 0, 4.348322
C:\Users\eljes\Downloads\simulator-windows-64\IMG\center_2026_09_01_11_22_25_581.jpg, C:\Users\eljes\Downloads\simulator-windows-64\IMG\left_2026_09_01_11_22_25_581.jpg, C:\Users\eljes\Downloads\simulator-windows-64\IMG\right_2026_09_01_11_22_25_581.jpg, 0, 0, 0, 4.173964
C:\Users\eljes\Downloads\simulator-windows-64\IMG\center_2026_09_01_11_22_25_683.jpg, C:\Users\eljes\Downloads\simulator-windows-64\IMG\left_2026_09_01_11_22_25_683.jpg, C:\Users\eljes\Downloads\simulator-windows-64\IMG\right_2026_09_01_11_22_25_683.jpg, 0, 0, 0, 4.001458
C:\Users\eljes\Downloads\simulator-windows-64\IMG\center_2026_09_01_11_22_25_784.jpg, C:\Users\eljes\Downloads\simulator-windows-64\IMG\left_2026_09_01_11_22_25_784.jpg, C:\Users\eljes\Downloads\simulator-windows-64\IMG\right_2026_09_01_11_22_25_784.jpg, 0, 0, 0, 3.830782
C:\Users\eljes\Downloads\simulator-windows-64\IMG\center_2026_09_01_11_22_25_888.jpg, C:\Users\eljes\Downloads\simulator-windows-64\IMG\left_2026_09_01_11_22_25_888.jpg, C:\Users\eljes\Downloads\simulator-windows-64\IMG\right_2026_09_01_11_22_25_888.jpg, 0, 0, 0, 3.661923
C:\Users\eljes\Downloads\simulator-windows-64\IMG\center_2026_09_01_11_22_25_989.jpg, C:\Users\eljes\Downloads\simulator-windows-64\IMG\left_2026_09_01_11_22_25_989.jpg, C:\Users\eljes\Downloads\simulator-windows-64\IMG\right_2026_09_01_11_22_25_989.jpg, 0, 0, 0, 3.494858
C:\Users\eljes\Downloads\simulator-windows-64\IMG\center_2026_09_01_11_22_26_090.jpg, C:\Users\eljes\Downloads\simulator-windows-64\IMG\left_2026_09_01_11_22_26_090.jpg, C:\Users\eljes\Downloads\simulator-windows-64\IMG\right_2026_09_01_11_22_26_090.jpg, 0, 0, 0, 3.329571
C:\Users\eljes\Downloads\simulator-windows-64\IMG\center_2026_09_01_11_22_26_191.jpg, C:\Users\eljes\Downloads\simulator-windows-64\IMG\left_2026_09_01_11_22_26_191.jpg, C:\Users\eljes\Downloads\simulator-windows-64\IMG\right_2026_09_01_11_22_26_191.jpg, 0, 0, 0, 3.166162
C:\Users\eljes\Downloads\simulator-windows-64\IMG\center_2026_09_01_11_22_26_293.jpg, C:\Users\eljes\Downloads\simulator-windows-64\IMG\left_2026_09_01_11_22_26_293.jpg, C:\Users\eljes\Downloads\simulator-windows-64\IMG\right_2026_09_01_11_22_26_293.jpg, 0, 0, 0, 3.004569
C:\Users\eljes\Downloads\simulator-windows-64\IMG\center_2026_09_01_11_22_26_396.jpg, C:\Users\eljes\Downloads\simulator-windows-64\IMG\left_2026_09_01_11_22_26_396.jpg, C:\Users\eljes\Downloads\simulator-windows-64\IMG\right_2026_09_01_11_22_26_396.jpg, 0, 0, 0, 2.844697
C:\Users\eljes\Downloads\simulator-windows-64\IMG\center_2026_09_01_11_22_26_497.jpg, C:\Users\eljes\Downloads\simulator-windows-64\IMG\left_2026_09_01_11_22_26_497.jpg, C:\Users\eljes\Downloads\simulator-windows-64\IMG\right_2026_09_01_11_22_26_497.jpg, 0, 0, 0, 2.655097
C:\Users\eljes\Downloads\simulator-windows-64\IMG\center_2026_09_01_11_22_26_598.jpg, C:\Users\eljes\Downloads\simulator-windows-64\IMG\left_2026_09_01_11_22_26_598.jpg, C:\Users\eljes\Downloads\simulator-windows-64\IMG\right_2026_09_01_11_22_26_598.jpg, 0, 0, 0, 2.498947
