IMG/center_2026_08_30_19_24_06_727.jpg,IMG/left_2026_08_30_19_24_06_727.jpg,IMG/right_2026_08_30_19_24_06_727.jpg,0,0,0,7.790991E-05
IMG/center_2026_08_30_19_24_06_830.jpg,IMG/left_2026_08_30_19_24_06_830.jpg,IMG/right_2026_08_30_19_24_06_830.jpg,0,0,0,7.895595E-05
IMG/center_2026_08_30_19_24_06_932.jpg,IMG/left_2026_08_30_19_24_06_932.jpg,IMG/right_2026_08_30_19_24_06_932.jpg,0,0,0,7.791785E-05
IMG/center_2026_08_30_19_24_07_038.jpg,IMG/left_2026_08_30_19_24_07_038.jpg,IMG/right_2026_08_30_19_24_07_038.jpg,0,0,0,7.793857E-05
IMG/center_2026_08_30_19_24_07_138.jpg,IMG/left_2026_08_30_19_24_07_138.jpg,IMG/right_2026_08_30_19_24_07_138.jpg,0,0,0,7.81741E-05
IMG/center_2026_08_30_19_24_07_238.jpg,IMG/left_2026_08_30_19_24_07_238.jpg,IMG/right_2026_08_30_19_24_07_238.jpg,0,0,0,7.837004E-05
IMG/center_2026_08_30_19_24_07_342.jpg,IMG/left_2026_08_30_19_24_07_342.jpg,IMG/right_2026_08_30_19_24_07_342.jpg,0,0,0,7.83373E-05
IMG/center_2026_08_30_19_24_07_446.jpg,IMG/left_2026_08_30_19_24_07_446.jpg,IMG/right_2026_08_30_19_24_07_446.jpg,0,0,0,7.7963E-05
IMG/center_2026_08_30_19_24_07_549.jpg,IMG/left_2026_08_30_19_24_07_549.jpg,IMG/right_2026_08_30_19_24_07_549.jpg,0,0,0,7.799762E-05
IMG/center_2026_08_30_19_24_07_652.jpg,IMG/left_2026_08_30_19_24_07_652.jpg,IMG/right_2026_08_30_19_24_07_652.jpg,0,0,0,7.809667E-05
IMG/center_2026_08_30_19_24_07_752.jpg,IMG/left_2026_08_30_19_24_07_752.jpg,IMG/right_2026_08_30_19_24_07_752.jpg,0,0,0,7.969719E-05
IMG/center_2026_08_30_19_24_07_852.jpg,IMG/left_2026_08_30_19_24_07_852.jpg,IMG/right_2026_08_30_19_24_07_852.jpg,0,0,0,7.836665E-05
IMG/center_2026_08_30_19_24_07_953.jpg,IMG/left_2026_08_30_19_24_07_953.jpg,IMG/right_2026_08_30_19_24_07_953.jpg,0,0,0,7.849811E-05
IMG/center_2026_08_30_19_24_08_055.jpg,IMG/left_2026_08_30_19_24_08_055.jpg,IMG/right_2026_08_30_19_24_08_055.jpg,0,0,0,7.786514E-05
IMG/center_2026_08_30_19_24_08_158.jpg,IMG/left_2026_08_30_19_24_08_158.jpg,IMG/right_2026_08_30_19_24_08_158.jpg,0,0,0,8.043848E-05
IMG/center_2026_08_30_19_24_08_259.jpg,IMG/left_2026_08_30_19_24_08_259.jpg,IMG/right_2026_08_30_19_24_08_259.jpg,0,0,0,7.812677E-05
IMG/center_2026_08_30_19_24_08_361.jpg,IMG/left_2026_08_30_19_24_08_361.jpg,IMG/right_2026_08_30_19_24_08_361.jpg,0,0,0,7.817706E-05
IMG/center_2026_08_30_19_24_08_462.jpg,IMG/left_2026_08_30_19_24_08_462.jpg,IMG/right_2026_08_30_19_24_08_462.jpg,0,0,0,7.809743E-05
IMG/center_2026_08_30_19_24_08_562.jpg,IMG/left_2026_08_30_19_24_08_562.jpg,IMG/right_2026_08_30_19_24_08_562.jpg,0,0,0,7.799209E-05
IMG/center_2026_08_30_19_24_08_666.jpg,IMG/left_2026_08_30_19_24_08_666.jpg,IMG/right_2026_08_30_19_24_08_666.jpg,-0.106029,0.106029,0,0.06072003
IMG/center_2026_08_30_19_24_08_768.jpg,IMG/left_2026_08_30_19_24_08_768.jpg,IMG/right_2026_08_30_19_24_08_768.jpg,-0.4100438,0.4100438,0,0.3586587
IMG/center_2026_08_30_19_24_08_873.jpg,IMG/left_2026_08_30_19_24_08_873.jpg,IMG/right_2026_08_30_19_24_08_873.jpg,-0.7677256,0.7677256,0,1.171025
IMG/center_2026_08_30_19_24_08_976.jpg,IMG/left_2026_08_30_19_24_08_976.jpg,IMG/right_2026_08_30_19_24_08_976.jpg,-0.5455207,1,0,2.252709
IMG/center_2026_08_30_19_24_09_080.jpg,IMG/left_2026_08_30_19_24_09_080.jpg,IMG/right_2026_08_30_19_24_09_080.jpg,-0.2397504,1,0,3.433948
IMG/center_2026_08_30_19_24_09_182.jpg,IMG/left_2026_08_30_19_24_09_182.jpg,IMG/right_2026_08_30_19_24_09_182.jpg,-0.5328178,1,0,4.584927
IMG/center_2026_08_30_19_24_09_287.jpg,IMG/left_2026_08_30_19_24_09_287.jpg,IMG/right_2026_08_30_19_24_09_287.jpg,-0.6859287,1,0,5.691286
IMG/center_2026_08_30_19_24_09_389.jpg,IMG/left_2026_08_30_19_24_09_389.jpg,IMG/right_2026_08_30_19_24_09_389.jpg,-0.3855118,1,0,6.849607
IMG/center_2026_08_30_19_24_09_495.jpg,IMG/left_2026_08_30_19_24_09_495.jpg,IMG/right_2026_08_30_19_24_09_495.jpg,-0.4580067,1,0,8.202139
IMG/center_2026_08_30_19_24_09_598.jpg,IMG/left_2026_08_30_19_24_09_598.jpg,IMG/right_2026_08_30_19_24_09_598.jpg,-0.1629474,1,0,9.331925
IMG/center_2026_08_30_19_24_09_699.jpg,IMG/left_2026_08_30_19_24_09_699.jpg,IMG/right_2026_08_30_19_24_09_699.jpg,0,1,0,10.43583
IMG/center_2026_08_30_19_24_09_801.jpg,IMG/left_2026_08_30_19_24_09_801.jpg,IMG/right_2026_08_30_19_24_09_801.jpg,-0.2032269,1,0,11.62819
IMG/center_2026_08_30_19_24_09_904.jpg,IMG/left_2026_08_30_19_24_09_904.jpg,IMG/right_2026_08_30_19_24_09_904.jpg,-0.1961532,1,0,12.38469
IMG/center_2026_08_30_19_24_10_008.jpg,IMG/left_2026_08_30_19_24_10_008.jpg,IMG/right_2026_08_30_19_24_10_008.jpg,-0.2202876,1,0,13.79449
IMG/center_2026_08_30_19_24_10_110.jpg,IMG/left_2026_08_30_19_24_10_110.jpg,IMG/right_2026_08_30_19_24_10_110.jpg,-0.2000595,1,0,14.64149
IMG/center_2026_08_30_19_24_10_213.jpg,IMG/left_2026_08_30_19_24_10_213.jpg,IMG/right_2026_08_30_19_24_10_213.jpg,0,1,0,15.82571
IMG/center_2026_08_30_19_24_10_314.jpg,IMG/left_2026_08_30_19_24_10_314.jpg,IMG/right_2026_08_30_19_24_10_314.jpg,-0.052665,1,0,17.13227
IMG/center_2026_08_30_19_24_10_418.jpg,IMG/left_2026_08_30_19_24_10_418.jpg,IMG/right_2026_08_30_19_24_10_418.jpg,-0.3491691,1,0,17.92237
IMG/center_2026_08_30_19_24_10_519.jpg,IMG/left_2026_08_30_19_24_10_519.jpg,IMG/right_2026_08_30_19_24_10_519.jpg,-0.07790939,1,0,19.10634
IMG/center_2026_08_30_19_24_10_620.jpg,IMG/left_2026_08_30_19_24_10_620.jpg,IMG/right_2026_08_30_19_24_10_620.jpg,-0.2274234,1,0,19.98793
IMG/center_2026_08_30_19_24_10_721.jpg,IMG/left_2026_08_30_19_24_10_721.jpg,IMG/right_2026_08_30_19_24_10_721.jpg,-0.1459395,1,0,21.06195
IMG/center_2026_08_30_19_24_10_827.jpg,IMG/left_2026_08_30_19_24_10_827.jpg,IMG/right_2026_08_30_19_24_10_827.jpg,-0.03351,1,0,21.99301
IMG/center_2026_08_30_19_24_10_930.jpg,IMG/left_2026_08_30_19_24_10_930.jpg,IMG/right_2026_08_30_19_24_10_930.jpg,-0.2887671,1,0,22.98435
IMG/center_2026_08_30_19_24_11_034.jpg,IMG/left_2026_08_30_19_24_11_034.jpg,IMG/right_2026_08_30_19_24_11_034.jpg,0,1,0,24.14311
IMG/center_2026_08_30_19_24_11_138.jpg,IMG/left_2026_08_30_19_24_11_138.jpg,IMG/right_2026_08_30_19_24_11_138.jpg,-0.2950416,1,0,25.07885
IMG/center_2026_08_30_19_24_11_239.jpg,IMG/left_2026_08_30_19_24_11_239.jpg,IMG/right_2026_08_30_19_24_11_239.jpg,-0.2446404,1,0,25.96191
IMG/center_2026_08_30_19_24_11_340.jpg,IMG/left_2026_08_30_19_24_11_340.jpg,IMG/right_2026_08_30_19_24_11_340.jpg,-0.0351423,1,0,26.90577
IMG/center_2026_08_30_19_24_11_445.jpg,IMG/left_2026_08_30_19_24_11_445.jpg,IMG/right_2026_08_30_19_24_11_445.jpg,0,1,0,27.84424
IMG/center_2026_08_30_19_24_11_545.jpg,IMG/left_2026_08_30_19_24_11_545.jpg,IMG/right_2026_08_30_19_24_11_545.jpg,0,1,0,28.76972
IMG/center_2026_08_30_19_24_11_647.jpg,IMG/left_2026_08_30_19_24_11_647.jpg,IMG/right_2026_08_30_19_24_11_647.jpg,0,1,0,29.68833
IMG/center_2026_08_30_19_24_11_749.jpg,IMG/left_2026_08_30_19_24_11_749.jpg,IMG/right_2026_08_30_19_24_11_749.jpg,-0.0968034,1,0,30.18788
IMG/center_2026_08_30_19_24_11_851.jpg,IMG/left_2026_08_30_19_24_11_851.jpg,IMG/right_2026_08_30_19_24_11_851.jpg,-0.4409079,1,0,30.15079
IMG/center_2026_08_30_19_24_11_953.jpg,IMG/left_2026_08_30_19_24_11_953.jpg,IMG/right_2026_08_30_19_24_11_953.jpg,-0.251446,1,0,30.19047
IMG/center_2026_08_30_19_24_12_055.jpg,IMG/left_2026_08_30_19_24_12_055.jpg,IMG/right_2026_08_30_19_24_12_055.jpg,0,1,0,30.18597
IMG/center_2026_08_30_19_24_12_160.jpg,IMG/left_2026_08_30_19_24_12_160.jpg,IMG/right_2026_08_30_19_24_12_160.jpg,0,1,0,30.19018
IMG/center_2026_08_30_19_24_12_261.jpg,IMG/left_2026_08_30_19_24_12_261.jpg,IMG/right_2026_08_30_19_24_12_261.jpg,0,1,0,30.19004
IMG/center_2026_08_30_19_24_12_371.jpg,IMG/left_2026_08_30_19_24_12_371.jpg,IMG/right_2026_08_30_19_24_12_371.jpg,0,1,0,30.19016
IMG/center_2026_08_30_19_24_12_478.jpg,IMG/left_2026_08_30_19_24_12_478.jpg,IMG/right_2026_08_30_19_24_12_478.jpg,-0.3113469,1,0,30.16847
IMG/center_2026_08_30_19_24_12_582.jpg,IMG/left_2026_08_30_19_24_12_582.jpg,IMG/right_2026_08_30_19_24_12_582.jpg,-0.0145458,1,0,30.18935
IMG/center_2026_08_30_19_24_12_683.jpg,IMG/left_2026_08_30_19_24_12_683.jpg,IMG/right_2026_08_30_19_24_12_683.jpg,0,1,0,30.19029
IMG/center_2026_08_30_19_24_12_785.jpg,IMG/left_2026_08_30_19_24_12_785.jpg,IMG/right_2026_08_30_19_24_12_785.jpg,0,1,0,30.1902
IMG/center_2026_08_30_19_24_12_888.jpg,IMG/left_2026_08_30_19_24_12_888.jpg,IMG/right_2026_08_30_19_24_12_888.jpg,0,1,0,30.19017
IMG/center_2026_08_30_19_24_12_989.jpg,IMG/left_2026_08_30_19_24_12_989.jpg,IMG/right_2026_08_30_19_24_12_989.jpg,0,1,0,30.19014
IMG/center_2026_08_30_19_24_13_092.jpg,IMG/left_2026_08_30_19_24_13_092.jpg,IMG/right_2026_08_30_19_24_13_092.jpg,-0.1702914,1,0,30.18204
IMG/center_2026_08_30_19_24_13_198.jpg,IMG/left_2026_08_30_19_24_13_198.jpg,IMG/right_2026_08_30_19_24_13_198.jpg,0,1,0,30.19062
IMG/center_2026_08_30_19_24_13_301.jpg,IMG/left_2026_08_30_19_24_13_301.jpg,IMG/right_2026_08_30_19_24_13_301.jpg,0,1,0,30.19036
IMG/center_2026_08_30_19_24_13_404.jpg,IMG/left_2026_08_30_19_24_13_404.jpg,IMG/right_2026_08_30_19_24_13_404.jpg,-0.037887,1,0,30.19081
IMG/center_2026_08_30_19_24_13_509.jpg,IMG/left_2026_08_30_19_24_13_509.jpg,IMG/right_2026_08_30_19_24_13_509.jpg,-0.3524205,1,0,30.16096
IMG/center_2026_08_30_19_24_13_615.jpg,IMG/left_2026_08_30_19_24_13_615.jpg,IMG/right_2026_08_30_19_24_13_615.jpg,-0.07112395,1,0,30.19133
IMG/center_2026_08_30_19_24_13_718.jpg,IMG/left_2026_08_30_19_24_13_718.jpg,IMG/right_2026_08_30_19_24_13_718.jpg,0,1,0,30.18954
IMG/center_2026_08_30_19_24_13_820.jpg,IMG/left_2026_08_30_19_24_13_820.jpg,IMG/right_2026_08_30_19_24_13_820.jpg,0,1,0,30.19006
IMG/center_2026_08_30_19_24_13_920.jpg,IMG/left_2026_08_30_19_24_13_920.jpg,IMG/right_2026_08_30_19_24_13_920.jpg,0,1,0,30.19002
IMG/center_2026_08_30_19_24_14_027.jpg,IMG/left_2026_08_30_19_24_14_027.jpg,IMG/right_2026_08_30_19_24_14_027.jpg,0,1,0,30.19065
IMG/center_2026_08_30_19_24_14_133.jpg,IMG/left_2026_08_30_19_24_14_133.jpg,IMG/right_2026_08_30_19_24_14_133.jpg,-0.3376766,1,0,30.16302
IMG/center_2026_08_30_19_24_14_234.jpg,IMG/left_2026_08_30_19_24_14_234.jpg,IMG/right_2026_08_30_19_24_14_234.jpg,-0.03318721,1,0,30.19089
IMG/center_2026_08_30_19_24_14_335.jpg,IMG/left_2026_08_30_19_24_14_335.jpg,IMG/right_2026_08_30_19_24_14_335.jpg,0,1,0,30.19007
IMG/center_2026_08_30_19_24_14_437.jpg,IMG/left_2026_08_30_19_24_14_437.jpg,IMG/right_2026_08_30_19_24_14_437.jpg,0,1,0,30.19028
IMG/center_2026_08_30_19_24_14_540.jpg,IMG/left_2026_08_30_19_24_14_540.jpg,IMG/right_2026_08_30_19_24_14_540.jpg,0,1,0,30.19034
IMG/center_2026_08_30_19_24_14_646.jpg,IMG/left_2026_08_30_19_24_14_646.jpg,IMG/right_2026_08_30_19_24_14_646.jpg,-0.2762895,1,0,30.17112
IMG/center_2026_08_30_19_24_14_748.jpg,IMG/left_2026_08_30_19_24_14_748.jpg,IMG/right_2026_08_30_19_24_14_748.jpg,0,1,0,30.1895
IMG/center_2026_08_30_19_24_14_850.jpg,IMG/left_2026_08_30_19_24_14_850.jpg,IMG/right_2026_08_30_19_24_14_850.jpg,0,1,0,30.19069
IMG/center_2026_08_30_19_24_14_952.jpg,IMG/left_2026_08_30_19_24_14_952.jpg,IMG/right_2026_08_30_19_24_14_952.jpg,0,1,0,30.19046
IMG/center_2026_08_30_19_24_15_056.jpg,IMG/left_2026_08_30_19_24_15_056.jpg,IMG/right_2026_08_30_19_24_15_056.jpg,-0.2069586,1,0,30.17958
IMG/center_2026_08_30_19_24_15_157.jpg,IMG/left_2026_08_30_19_24_15_157.jpg,IMG/right_2026_08_30_19_24_15_157.jpg,-0.03785878,1,0,30.19086
IMG/center_2026_08_30_19_24_15_261.jpg,IMG/left_2026_08_30_19_24_15_261.jpg,IMG/right_2026_08_30_19_24_15_261.jpg,0,1,0,30.18989
IMG/center_2026_08_30_19_24_15_369.jpg,IMG/left_2026_08_30_19_24_15_369.jpg,IMG/right_2026_08_30_19_24_15_369.jpg,0,1,0,30.19028
IMG/center_2026_08_30_19_24_15_474.jpg,IMG/left_2026_08_30_19_24_15_474.jpg,IMG/right_2026_08_30_19_24_15_474.jpg,0,1,0,30.19029
IMG/center_2026_08_30_19_24_15_575.jpg,IMG/left_2026_08_30_19_24_15_575.jpg,IMG/right_2026_08_30_19_24_15_575.jpg,-0.1789266,1,0,30.18204
IMG/center_2026_08_30_19_24_15_680.jpg,IMG/left_2026_08_30_19_24_15_680.jpg,IMG/right_2026_08_30_19_24_15_680.jpg,-0.2979018,1,0,30.17709
IMG/center_2026_08_30_19_24_15_781.jpg,IMG/left_2026_08_30_19_24_15_781.jpg,IMG/right_2026_08_30_19_24_15_781.jpg,0,1,0,30.18855
IMG/center_2026_08_30_19_24_15_883.jpg,IMG/left_2026_08_30_19_24_15_883.jpg,IMG/right_2026_08_30_19_24_15_883.jpg,0,1,0,30.1899
IMG/center_2026_08_30_19_24_15_987.jpg,IMG/left_2026_08_30_19_24_15_987.jpg,IMG/right_2026_08_30_19_24_15_987.jpg,0,1,0,30.19027
IMG/center_2026_08_30_19_24_16_091.jpg,IMG/left_2026_08_30_19_24_16_091.jpg,IMG/right_2026_08_30_19_24_16_091.jpg,0,1,0,30.19029
IMG/center_2026_08_30_19_24_16_198.jpg,IMG/left_2026_08_30_19_24_16_198.jpg,IMG/right_2026_08_30_19_24_16_198.jpg,-0.0672534,1,0,30.18927
IMG/center_2026_08_30_19_24_16_304.jpg,IMG/left_2026_08_30_19_24_16_304.jpg,IMG/right_2026_08_30_19_24_16_304.jpg,-0.3190104,1,0,30.1664
IMG/center_2026_08_30_19_24_16_406.jpg,IMG/left_2026_08_30_19_24_16_406.jpg,IMG/right_2026_08_30_19_24_16_406.jpg,-0.01494746,1,0,30.18977
IMG/center_2026_08_30_19_24_16_508.jpg,IMG/left_2026_08_30_19_24_16_508.jpg,IMG/right_2026_08_30_19_24_16_508.jpg,0,1,0,30.18994
IMG/center_2026_08_30_19_24_16_610.jpg,IMG/left_2026_08_30_19_24_16_610.jpg,IMG/right_2026_08_30_19_24_16_610.jpg,0,1,0,30.19025
IMG/center_2026_08_30_19_24_16_713.jpg,IMG/left_2026_08_30_19_24_16_713.jpg,IMG/right_2026_08_30_19_24_16_713.jpg,0,1,0,30.19021
IMG/center_2026_08_30_19_24_16_814.jpg,IMG/left_2026_08_30_19_24_16_814.jpg,IMG/right_2026_08_30_19_24_16_814.jpg,0,1,0,30.19028
IMG/center_2026_08_30_19_24_16_921.jpg,IMG/left_2026_08_30_19_24_16_921.jpg,IMG/right_2026_08_30_19_24_16_921.jpg,-0.1636788,1,0,30.18291
IMG/center_2026_08_30_19_24_17_025.jpg,IMG/left_2026_08_30_19_24_17_025.jpg,IMG/right_2026_08_30_19_24_17_025.jpg,-0.03248249,1,0,30.19073
IMG/center_2026_08_30_19_24_17_128.jpg,IMG/left_2026_08_30_19_24_17_128.jpg,IMG/right_2026_08_30_19_24_17_128.jpg,0,1,0,30.19011
IMG/center_2026_08_30_19_24_17_228.jpg,IMG/left_2026_08_30_19_24_17_228.jpg,IMG/right_2026_08_30_19_24_17_228.jpg,0,1,0,30.19027
IMG/center_2026_08_30_19_24_17_332.jpg,IMG/left_2026_08_30_19_24_17_332.jpg,IMG/right_2026_08_30_19_24_17_332.jpg,0,1,0,30.1903
IMG/center_2026_08_30_19_24_17_438.jpg,IMG/left_2026_08_30_19_24_17_438.jpg,IMG/right_2026_08_30_19_24_17_438.jpg,-0.316137,1,0,30.16578
IMG/center_2026_08_30_19_24_17_539.jpg,IMG/left_2026_08_30_19_24_17_539.jpg,IMG/right_2026_08_30_19_24_17_539.jpg,-0.01148374,1,0,30.18981
IMG/center_2026_08_30_19_24_17_644.jpg,IMG/left_2026_08_30_19_24_17_644.jpg,IMG/right_2026_08_30_19_24_17_644.jpg,0,1,0,30.19016
IMG/center_2026_08_30_19_24_17_758.jpg,IMG/left_2026_08_30_19_24_17_758.jpg,IMG/right_2026_08_30_19_24_17_758.jpg,0,1,0,30.19028
IMG/center_2026_08_30_19_24_17_860.jpg,IMG/left_2026_08_30_19_24_17_860.jpg,IMG/right_2026_08_30_19_24_17_860.jpg,0,1,0,30.19059
IMG/center_2026_08_30_19_24_17_961.jpg,IMG/left_2026_08_30_19_24_17_961.jpg,IMG/right_2026_08_30_19_24_17_961.jpg,-0.06273361,1,0,30.18944
IMG/center_2026_08_30_19_24_18_062.jpg,IMG/left_2026_08_30_19_24_18_062.jpg,IMG/right_2026_08_30_19_24_18_062.jpg,-0.3634323,1,0,30.15976
IMG/center_2026_08_30_19_24_18_166.jpg,IMG/left_2026_08_30_19_24_18_166.jpg,IMG/right_2026_08_30_19_24_18_166.jpg,-0.1932993,1,0,30.19085
IMG/center_2026_08_30_19_24_18_268.jpg,IMG/left_2026_08_30_19_24_18_268.jpg,IMG/right_2026_08_30_19_24_18_268.jpg,0,1,0,30.18793
IMG/center_2026_08_30_19_24_18_368.jpg,IMG/left_2026_08_30_19_24_18_368.jpg,IMG/right_2026_08_30_19_24_18_368.jpg,0,1,0,30.19004
IMG/center_2026_08_30_19_24_18_474.jpg,IMG/left_2026_08_30_19_24_18_474.jpg,IMG/right_2026_08_30_19_24_18_474.jpg,0,1,0,30.1903
IMG/center_2026_08_30_19_24_18_575.jpg,IMG/left_2026_08_30_19_24_18_575.jpg,IMG/right_2026_08_30_19_24_18_575.jpg,0,1,0,30.19029
IMG/center_2026_08_30_19_24_18_676.jpg,IMG/left_2026_08_30_19_24_18_676.jpg,IMG/right_2026_08_30_19_24_18_676.jpg,0,1,0,30.18982
IMG/center_2026_08_30_19_24_18_781.jpg,IMG/left_2026_08_30_19_24_18_781.jpg,IMG/right_2026_08_30_19_24_18_781.jpg,-0.1248288,1,0,30.186
IMG/center_2026_08_30_19_24_18_888.jpg,IMG/left_2026_08_30_19_24_18_888.jpg,IMG/right_2026_08_30_19_24_18_888.jpg,-0.3721083,1,0,30.16046
IMG/center_2026_08_30_19_24_18_995.jpg,IMG/left_2026_08_30_19_24_18_995.jpg,IMG/right_2026_08_30_19_24_18_995.jpg,-0.004588194,1,0,30.18888
IMG/center_2026_08_30_19_24_19_101.jpg,IMG/left_2026_08_30_19_24_19_101.jpg,IMG/right_2026_08_30_19_24_19_101.jpg,0,1,0,30.18988
IMG/center_2026_08_30_19_24_19_206.jpg,IMG/left_2026_08_30_19_24_19_206.jpg,IMG/right_2026_08_30_19_24_19_206.jpg,0,1,0,30.19024
IMG/center_2026_08_30_19_24_19_311.jpg,IMG/left_2026_08_30_19_24_19_311.jpg,IMG/right_2026_08_30_19_24_19_311.jpg,0,1,0,30.19028
IMG/center_2026_08_30_19_24_19_414.jpg,IMG/left_2026_08_30_19_24_19_414.jpg,IMG/right_2026_08_30_19_24_19_414.jpg,0,1,0,30.1903
IMG/center_2026_08_30_19_24_19_524.jpg,IMG/left_2026_08_30_19_24_19_524.jpg,IMG/right_2026_08_30_19_24_19_524.jpg,0,1,0,30.1903
IMG/center_2026_08_30_19_24_19_629.jpg,IMG/left_2026_08_30_19_24_19_629.jpg,IMG/right_2026_08_30_19_24_19_629.jpg,0,1,0,30.19029
IMG/center_2026_08_30_19_24_19_730.jpg,IMG/left_2026_08_30_19_24_19_730.jpg,IMG/right_2026_08_30_19_24_19_730.jpg,0,1,0,30.19043
IMG/center_2026_08_30_19_24_19_831.jpg,IMG/left_2026_08_30_19_24_19_831.jpg,IMG/right_2026_08_30_19_24_19_831.jpg,0,1,0,30.1903
IMG/center_2026_08_30_19_24_19_937.jpg,IMG/left_2026_08_30_19_24_19_937.jpg,IMG/right_2026_08_30_19_24_19_937.jpg,-0.1617054,1,0,30.18364
IMG/center_2026_08_30_19_24_20_039.jpg,IMG/left_2026_08_30_19_24_20_039.jpg,IMG/right_2026_08_30_19_24_20_039.jpg,-0.1604751,1,0,30.18853
IMG/center_2026_08_30_19_24_20_142.jpg,IMG/left_2026_08_30_19_24_20_142.jpg,IMG/right_2026_08_30_19_24_20_142.jpg,0,1,0,30.18958
IMG/center_2026_08_30_19_24_20_241.jpg,IMG/left_2026_08_30_19_24_20_241.jpg,IMG/right_2026_08_30_19_24_20_241.jpg,0,1,0,30.19018
IMG/center_2026_08_30_19_24_20_345.jpg,IMG/left_2026_08_30_19_24_20_345.jpg,IMG/right_2026_08_30_19_24_20_345.jpg,0,1,0,30.19028
IMG/center_2026_08_30_19_24_20_447.jpg,IMG/left_2026_08_30_19_24_20_447.jpg,IMG/right_2026_08_30_19_24_20_447.jpg,0,1,0,30.1903
IMG/center_2026_08_30_19_24_20_551.jpg,IMG/left_2026_08_30_19_24_20_551.jpg,IMG/right_2026_08_30_19_24_20_551.jpg,0,1,0,30.19032
IMG/center_2026_08_30_19_24_20_656.jpg,IMG/left_2026_08_30_19_24_20_656.jpg,IMG/right_2026_08_30_19_24_20_656.jpg,0,1,0,30.19031
IMG/center_2026_08_30_19_24_20_763.jpg,IMG/left_2026_08_30_19_24_20_763.jpg,IMG/right_2026_08_30_19_24_20_763.jpg,-0.1752987,1,0,30.18189
IMG/center_2026_08_30_19_24_20_864.jpg,IMG/left_2026_08_30_19_24_20_864.jpg,IMG/right_2026_08_30_19_24_20_864.jpg,-0.1406181,1,0,30.18909
IMG/center_2026_08_30_19_24_20_970.jpg,IMG/left_2026_08_30_19_24_20_970.jpg,IMG/right_2026_08_30_19_24_20_970.jpg,0,1,0,30.18964
IMG/center_2026_08_30_19_24_21_075.jpg,IMG/left_2026_08_30_19_24_21_075.jpg,IMG/right_2026_08_30_19_24_21_075.jpg,0,1,0,30.19009
IMG/center_2026_08_30_19_24_21_180.jpg,IMG/left_2026_08_30_19_24_21_180.jpg,IMG/right_2026_08_30_19_24_21_180.jpg,0,1,0,30.1903
IMG/center_2026_08_30_19_24_21_286.jpg,IMG/left_2026_08_30_19_24_21_286.jpg,IMG/right_2026_08_30_19_24_21_286.jpg,0,1,0,30.19031
IMG/center_2026_08_30_19_24_21_391.jpg,IMG/left_2026_08_30_19_24_21_391.jpg,IMG/right_2026_08_30_19_24_21_391.jpg,0,1,0,30.1903
IMG/center_2026_08_30_19_24_21_497.jpg,IMG/left_2026_08_30_19_24_21_497.jpg,IMG/right_2026_08_30_19_24_21_497.jpg,-0.1702533,1,0,30.18265
IMG/center_2026_08_30_19_24_21_604.jpg,IMG/left_2026_08_30_19_24_21_604.jpg,IMG/right_2026_08_30_19_24_21_604.jpg,-0.1168782,1,0,30.19004
IMG/center_2026_08_30_19_24_21_710.jpg,IMG/left_2026_08_30_19_24_21_710.jpg,IMG/right_2026_08_30_19_24_21_710.jpg,0,1,0,30.18983
IMG/center_2026_08_30_19_24_21_814.jpg,IMG/left_2026_08_30_19_24_21_814.jpg,IMG/right_2026_08_30_19_24_21_814.jpg,0,1,0,30.19029
IMG/center_2026_08_30_19_24_21_917.jpg,IMG/left_2026_08_30_19_24_21_917.jpg,IMG/right_2026_08_30_19_24_21_917.jpg,0,1,0,30.19032
IMG/center_2026_08_30_19_24_22_020.jpg,IMG/left_2026_08_30_19_24_22_020.jpg,IMG/right_2026_08_30_19_24_22_020.jpg,0,1,0,30.19007
IMG/center_2026_08_30_19_24_22_123.jpg,IMG/left_2026_08_30_19_24_22_123.jpg,IMG/right_2026_08_30_19_24_22_123.jpg,0,1,0,30.19029
IMG/center_2026_08_30_19_24_22_228.jpg,IMG/left_2026_08_30_19_24_22_228.jpg,IMG/right_2026_08_30_19_24_22_228.jpg,0,1,0,30.19025
IMG/center_2026_08_30_19_24_22_329.jpg,IMG/left_2026_08_30_19_24_22_329.jpg,IMG/right_2026_08_30_19_24_22_329.jpg,0,1,0,30.19032
IMG/center_2026_08_30_19_24_22_434.jpg,IMG/left_2026_08_30_19_24_22_434.jpg,IMG/right_2026_08_30_19_24_22_434.jpg,0,1,0,30.19028
IMG/center_2026_08_30_19_24_22_540.jpg,IMG/left_2026_08_30_19_24_22_540.jpg,IMG/right_2026_08_30_19_24_22_540.jpg,-0.1303911,1,0,30.18578
IMG/center_2026_08_30_19_24_22_646.jpg,IMG/left_2026_08_30_19_24_22_646.jpg,IMG/right_2026_08_30_19_24_22_646.jpg,0,1,0,30.19025
IMG/center_2026_08_30_19_24_22_750.jpg,IMG/left_2026_08_30_19_24_22_750.jpg,IMG/right_2026_08_30_19_24_22_750.jpg,0,1,0,30.1903
IMG/center_2026_08_30_19_24_22_852.jpg,IMG/left_2026_08_30_19_24_22_852.jpg,IMG/right_2026_08_30_19_24_22_852.jpg,0,1,0,30.19029
IMG/center_2026_08_30_19_24_22_957.jpg,IMG/left_2026_08_30_19_24_22_957.jpg,IMG/right_2026_08_30_19_24_22_957.jpg,0,1,0,30.1903
IMG/center_2026_08_30_19_24_23_062.jpg,IMG/left_2026_08_30_19_24_23_062.jpg,IMG/right_2026_08_30_19_24_23_062.jpg,0,1,0,30.19029
IMG/center_2026_08_30_19_24_23_168.jpg,IMG/left_2026_08_30_19_24_23_168.jpg,IMG/right_2026_08_30_19_24_23_168.jpg,-0.0940158,1,0,30.18799
IMG/center_2026_08_30_19_24_23_272.jpg,IMG/left_2026_08_30_19_24_23_272.jpg,IMG/right_2026_08_30_19_24_23_272.jpg,0,1,0,30.18991
IMG/center_2026_08_30_19_24_23_374.jpg,IMG/left_2026_08_30_19_24_23_374.jpg,IMG/right_2026_08_30_19_24_23_374.jpg,0,1,0,30.19025
IMG/center_2026_08_30_19_24_23_478.jpg,IMG/left_2026_08_30_19_24_23_478.jpg,IMG/right_2026_08_30_19_24_23_478.jpg,0,1,0,30.19029
IMG/center_2026_08_30_19_24_23_578.jpg,IMG/left_2026_08_30_19_24_23_578.jpg,IMG/right_2026_08_30_19_24_23_578.jpg,0,1,0,30.1903
IMG/center_2026_08_30_19_24_23_685.jpg,IMG/left_2026_08_30_19_24_23_685.jpg,IMG/right_2026_08_30_19_24_23_685.jpg,-0.282576,1,0,30.17057
IMG/center_2026_08_30_19_24_23_790.jpg,IMG/left_2026_08_30_19_24_23_790.jpg,IMG/right_2026_08_30_19_24_23_790.jpg,0,1,0,30.18942
IMG/center_2026_08_30_19_24_23_896.jpg,IMG/left_2026_08_30_19_24_23_896.jpg,IMG/right_2026_08_30_19_24_23_896.jpg,0,1,0,30.19019
IMG/center_2026_08_30_19_24_24_001.jpg,IMG/left_2026_08_30_19_24_24_001.jpg,IMG/right_2026_08_30_19_24_24_001.jpg,0,1,0,30.19029
IMG/center_2026_08_30_19_24_24_104.jpg,IMG/left_2026_08_30_19_24_24_104.jpg,IMG/right_2026_08_30_19_24_24_104.jpg,0,1,0,30.19029
IMG/center_2026_08_30_19_24_24_210.jpg,IMG/left_2026_08_30_19_24_24_210.jpg,IMG/right_2026_08_30_19_24_24_210.jpg,0,1,0,30.1903
IMG/center_2026_08_30_19_24_24_317.jpg,IMG/left_2026_08_30_19_24_24_317.jpg,IMG/right_2026_08_30_19_24_24_317.jpg,0,1,0,30.1903
IMG/center_2026_08_30_19_24_24_421.jpg,IMG/left_2026_08_30_19_24_24_421.jpg,IMG/right_2026_08_30_19_24_24_421.jpg,-0.2427723,1,0,30.1745
IMG/center_2026_08_30_19_24_24_526.jpg,IMG/left_2026_08_30_19_24_24_526.jpg,IMG/right_2026_08_30_19_24_24_526.jpg,0,1,0,30.18977
IMG/center_2026_08_30_19_24_24_626.jpg,IMG/left_2026_08_30_19_24_24_626.jpg,IMG/right_2026_08_30_19_24_24_626.jpg,0,1,0,30.19013
IMG/center_2026_08_30_19_24_24_729.jpg,IMG/left_2026_08_30_19_24_24_729.jpg,IMG/right_2026_08_30_19_24_24_729.jpg,0,1,0,30.19032
IMG/center_2026_08_30_19_24_24_831.jpg,IMG/left_2026_08_30_19_24_24_831.jpg,IMG/right_2026_08_30_19_24_24_831.jpg,0,1,0,30.19031
IMG/center_2026_08_30_19_24_24_935.jpg,IMG/left_2026_08_30_19_24_24_935.jpg,IMG/right_2026_08_30_19_24_24_935.jpg,0,1,0,30.19031
IMG/center_2026_08_30_19_24_25_035.jpg,IMG/left_2026_08_30_19_24_25_035.jpg,IMG/right_2026_08_30_19_24_25_035.jpg,0,1,0,30.19031
IMG/center_2026_08_30_19_24_25_136.jpg,IMG/left_2026_08_30_19_24_25_136.jpg,IMG/right_2026_08_30_19_24_25_136.jpg,0,1,0,30.19029
IMG/center_2026_08_30_19_24_25_242.jpg,IMG/left_2026_08_30_19_24_25_242.jpg,IMG/right_2026_08_30_19_24_25_242.jpg,0,1,0,30.19031
IMG/center_2026_08_30_19_24_25_346.jpg,IMG/left_2026_08_30_19_24_25_346.jpg,IMG/right_2026_08_30_19_24_25_346.jpg,-0.0275406,1,0,30.19012
IMG/center_2026_08_30_19_24_25_451.jpg,IMG/left_2026_08_30_19_24_25_451.jpg,IMG/right_2026_08_30_19_24_25_451.jpg,-0.1758555,1,0,30.18356
IMG/center_2026_08_30_19_24_25_556.jpg,IMG/left_2026_08_30_19_24_25_556.jpg,IMG/right_2026_08_30_19_24_25_556.jpg,0,1,0,30.18992
IMG/center_2026_08_30_19_24_25_662.jpg,IMG/left_2026_08_30_19_24_25_662.jpg,IMG/right_2026_08_30_19_24_25_662.jpg,0,1,0,30.19023
IMG/center_2026_08_30_19_24_25_765.jpg,IMG/left_2026_08_30_19_24_25_765.jpg,IMG/right_2026_08_30_19_24_25_765.jpg,0,1,0,30.19032
IMG/center_2026_08_30_19_24_25_870.jpg,IMG/left_2026_08_30_19_24_25_870.jpg,IMG/right_2026_08_30_19_24_25_870.jpg,0,1,0,30.19031
IMG/center_2026_08_30_19_24_25_972.jpg,IMG/left_2026_08_30_19_24_25_972.jpg,IMG/right_2026_08_30_19_24_25_972.jpg,0,1,0,30.19034
IMG/center_2026_08_30_19_24_26_077.jpg,IMG/left_2026_08_30_19_24_26_077.jpg,IMG/right_2026_08_30_19_24_26_077.jpg,0,1,0,30.19031
IMG/center_2026_08_30_19_24_26_180.jpg,IMG/left_2026_08_30_19_24_26_180.jpg,IMG/right_2026_08_30_19_24_26_180.jpg,0,1,0,30.19029
IMG/center_2026_08_30_19_24_26_284.jpg,IMG/left_2026_08_30_19_24_26_284.jpg,IMG/right_2026_08_30_19_24_26_284.jpg,-0.246399,1,0,30.17522
IMG/center_2026_08_30_19_24_26_387.jpg,IMG/left_2026_08_30_19_24_26_387.jpg,IMG/right_2026_08_30_19_24_26_387.jpg,0,1,0,30.18925
IMG/center_2026_08_30_19_24_26_495.jpg,IMG/left_2026_08_30_19_24_26_495.jpg,IMG/right_2026_08_30_19_24_26_495.jpg,0,1,0,30.19021
IMG/center_2026_08_30_19_24_26_596.jpg,IMG/left_2026_08_30_19_24_26_596.jpg,IMG/right_2026_08_30_19_24_26_596.jpg,0,1,0,30.1903
IMG/center_2026_08_30_19_24_26_697.jpg,IMG/left_2026_08_30_19_24_26_697.jpg,IMG/right_2026_08_30_19_24_26_697.jpg,0,1,0,30.19029
IMG/center_2026_08_30_19_24_26_799.jpg,IMG/left_2026_08_30_19_24_26_799.jpg,IMG/right_2026_08_30_19_24_26_799.jpg,0,1,0,30.1903
IMG/center_2026_08_30_19_24_26_901.jpg,IMG/left_2026_08_30_19_24_26_901.jpg,IMG/right_2026_08_30_19_24_26_901.jpg,0,1,0,30.1903
IMG/center_2026_08_30_19_24_27_000.jpg,IMG/left_2026_08_30_19_24_27_000.jpg,IMG/right_2026_08_30_19_24_27_000.jpg,0,1,0,30.1903
IMG/center_2026_08_30_19_24_27_103.jpg,IMG/left_2026_08_30_19_24_27_103.jpg,IMG/right_2026_08_30_19_24_27_103.jpg,0,1,0,30.19032
IMG/center_2026_08_30_19_24_27_206.jpg,IMG/left_2026_08_30_19_24_27_206.jpg,IMG/right_2026_08_30_19_24_27_206.jpg,0,1,0,30.1903
IMG/center_2026_08_30_19_24_27_310.jpg,IMG/left_2026_08_30_19_24_27_310.jpg,IMG/right_2026_08_30_19_24_27_310.jpg,0,1,0,30.1903
IMG/center_2026_08_30_19_24_27_416.jpg,IMG/left_2026_08_30_19_24_27_416.jpg,IMG/right_2026_08_30_19_24_27_416.jpg,0,1,0,30.1903
IMG/center_2026_08_30_19_24_27_519.jpg,IMG/left_2026_08_30_19_24_27_519.jpg,IMG/right_2026_08_30_19_24_27_519.jpg,0,1,0,30.19029
IMG/center_2026_08_30_19_24_27_626.jpg,IMG/left_2026_08_30_19_24_27_626.jpg,IMG/right_2026_08_30_19_24_27_626.jpg,0,1,0,30.19031
IMG/center_2026_08_30_19_24_27_731.jpg,IMG/left_2026_08_30_19_24_27_731.jpg,IMG/right_2026_08_30_19_24_27_731.jpg,0,1,0,30.1903
IMG/center_2026_08_30_19_24_27_836.jpg,IMG/left_2026_08_30_19_24_27_836.jpg,IMG/right_2026_08_30_19_24_27_836.jpg,0,1,0,30.1903
IMG/center_2026_08_30_19_24_27_938.jpg,IMG/left_2026_08_30_19_24_27_938.jpg,IMG/right_2026_08_30_19_24_27_938.jpg,0,1,0,30.1903
IMG/center_2026_08_30_19_24_28_038.jpg,IMG/left_2026_08_30_19_24_28_038.jpg,IMG/right_2026_08_30_19_24_28_038.jpg,0,1,0,30.19031
IMG/center_2026_08_30_19_24_28_140.jpg,IMG/left_2026_08_30_19_24_28_140.jpg,IMG/right_2026_08_30_19_24_28_140.jpg,0,1,0,30.1903
IMG/center_2026_08_30_19_24_28_245.jpg,IMG/left_2026_08_30_19_24_28_245.jpg,IMG/right_2026_08_30_19_24_28_245.jpg,0,1,0,30.19029
IMG/center_2026_08_30_19_24_28_352.jpg,IMG/left_2026_08_30_19_24_28_352.jpg,IMG/right_2026_08_30_19_24_28_352.jpg,0,1,0,30.1903
IMG/center_2026_08_30_19_24_28_459.jpg,IMG/left_2026_08_30_19_24_28_459.jpg,IMG/right_2026_08_30_19_24_28_459.jpg,0,1,0,30.19022
IMG/center_2026_08_30_19_24_28_564.jpg,IMG/left_2026_08_30_19_24_28_564.jpg,IMG/right_2026_08_30_19_24_28_564.jpg,0,1,0,30.19028
IMG/center_2026_08_30_19_24_28_670.jpg,IMG/left_2026_08_30_19_24_28_670.jpg,IMG/right_2026_08_30_19_24_28_670.jpg,0,1,0,30.19029
IMG/center_2026_08_30_19_24_28_774.jpg,IMG/left_2026_08_30_19_24_28_774.jpg,IMG/right_2026_08_30_19_24_28_774.jpg,0,1,0,30.19029
IMG/center_2026_08_30_19_24_28_874.jpg,IMG/left_2026_08_30_19_24_28_874.jpg,IMG/right_2026_08_30_19_24_28_874.jpg,0,1,0,30.19029
IMG/center_2026_08_30_19_24_28_975.jpg,IMG/left_2026_08_30_19_24_28_975.jpg,IMG/right_2026_08_30_19_24_28_975.jpg,0,1,0,30.19029
IMG/center_2026_08_30_19_24_29_075.jpg,IMG/left_2026_08_30_19_24_29_075.jpg,IMG/right_2026_08_30_19_24_29_075.jpg,0,1,0,30.19031
IMG/center_2026_08_30_19_24_29_182.jpg,IMG/left_2026_08_30_19_24_29_182.jpg,IMG/right_2026_08_30_19_24_29_182.jpg,-0.1512936,1,0,30.18406
IMG/center_2026_08_30_19_24_29_284.jpg,IMG/left_2026_08_30_19_24_29_284.jpg,IMG/right_2026_08_30_19_24_29_284.jpg,-0.2213072,1,0,30.1844
IMG/center_2026_08_30_19_24_29_386.jpg,IMG/left_2026_08_30_19_24_29_386.jpg,IMG/right_2026_08_30_19_24_29_386.jpg,0,1,0,30.18847
IMG/center_2026_08_30_19_24_29_496.jpg,IMG/left_2026_08_30_19_24_29_496.jpg,IMG/right_2026_08_30_19_24_29_496.jpg,0,1,0,30.19016
IMG/center_2026_08_30_19_24_29_603.jpg,IMG/left_2026_08_30_19_24_29_603.jpg,IMG/right_2026_08_30_19_24_29_603.jpg,0,1,0,30.19028
IMG/center_2026_08_30_19_24_29_708.jpg,IMG/left_2026_08_30_19_24_29_708.jpg,IMG/right_2026_08_30_19_24_29_708.jpg,0,1,0,30.1903
IMG/center_2026_08_30_19_24_29_818.jpg,IMG/left_2026_08_30_19_24_29_818.jpg,IMG/right_2026_08_30_19_24_29_818.jpg,0,1,0,30.19031
IMG/center_2026_08_30_19_24_29_918.jpg,IMG/left_2026_08_30_19_24_29_918.jpg,IMG/right_2026_08_30_19_24_29_918.jpg,0,1,0,30.19031
IMG/center_2026_08_30_19_24_30_022.jpg,IMG/left_2026_08_30_19_24_30_022.jpg,IMG/right_2026_08_30_19_24_30_022.jpg,0,1,0,30.19029
IMG/center_2026_08_30_19_24_30_129.jpg,IMG/left_2026_08_30_19_24_30_129.jpg,IMG/right_2026_08_30_19_24_30_129.jpg,0,1,0,30.19031
IMG/center_2026_08_30_19_24_30_236.jpg,IMG/left_2026_08_30_19_24_30_236.jpg,IMG/right_2026_08_30_19_24_30_236.jpg,0,1,0,30.1903
IMG/center_2026_08_30_19_24_30_339.jpg,IMG/left_2026_08_30_19_24_30_339.jpg,IMG/right_2026_08_30_19_24_30_339.jpg,0,1,0,30.19029
IMG/center_2026_08_30_19_24_30_446.jpg,IMG/left_2026_08_30_19_24_30_446.jpg,IMG/right_2026_08_30_19_24_30_446.jpg,0,1,0,30.1903
IMG/center_2026_08_30_19_24_30_554.jpg,IMG/left_2026_08_30_19_24_30_554.jpg,IMG/right_2026_08_30_19_24_30_554.jpg,0,1,0,30.19029
IMG/center_2026_08_30_19_24_30_659.jpg,IMG/left_2026_08_30_19_24_30_659.jpg,IMG/right_2026_08_30_19_24_30_659.jpg,0,1,0,30.19029
IMG/center_2026_08_30_19_24_30_767.jpg,IMG/left_2026_08_30_19_24_30_767.jpg,IMG/right_2026_08_30_19_24_30_767.jpg,0,1,0,30.1903
IMG/center_2026_08_30_19_24_30_873.jpg,IMG/left_2026_08_30_19_24_30_873.jpg,IMG/right_2026_08_30_19_24_30_873.jpg,0,1,0,30.1903
IMG/center_2026_08_30_19_24_30_975.jpg,IMG/left_2026_08_30_19_24_30_975.jpg,IMG/right_2026_08_30_19_24_30_975.jpg,0,1,0,30.19031
IMG/center_2026_08_30_19_24_31_079.jpg,IMG/left_2026_08_30_19_24_31_079.jpg,IMG/right_2026_08_30_19_24_31_079.jpg,-0.225447,1,0,30.17704
IMG/center_2026_08_30_19_24_31_180.jpg,IMG/left_2026_08_30_19_24_31_180.jpg,IMG/right_2026_08_30_19_24_31_180.jpg,0,1,0,30.18965
IMG/center_2026_08_30_19_24_31_286.jpg,IMG/left_2026_08_30_19_24_31_286.jpg,IMG/right_2026_08_30_19_24_31_286.jpg,0,1,0,30.19013
IMG/center_2026_08_30_19_24_31_389.jpg,IMG/left_2026_08_30_19_24_31_389.jpg,IMG/right_2026_08_30_19_24_31_389.jpg,0,1,0,30.19028
IMG/center_2026_08_30_19_24_31_496.jpg,IMG/left_2026_08_30_19_24_31_496.jpg,IMG/right_2026_08_30_19_24_31_496.jpg,0,1,0,30.19028
IMG/center_2026_08_30_19_24_31_600.jpg,IMG/left_2026_08_30_19_24_31_600.jpg,IMG/right_2026_08_30_19_24_31_600.jpg,0,1,0,30.1903
IMG/center_2026_08_30_19_24_31_701.jpg,IMG/left_2026_08_30_19_24_31_701.jpg,IMG/right_2026_08_30_19_24_31_701.jpg,0,1,0,30.1903
IMG/center_2026_08_30_19_24_31_807.jpg,IMG/left_2026_08_30_19_24_31_807.jpg,IMG/right_2026_08_30_19_24_31_807.jpg,0,1,0,30.1903
IMG/center_2026_08_30_19_24_31_911.jpg,IMG/left_2026_08_30_19_24_31_911.jpg,IMG/right_2026_08_30_19_24_31_911.jpg,0,1,0,30.19031
IMG/center_2026_08_30_19_24_32_018.jpg,IMG/left_2026_08_30_19_24_32_018.jpg,IMG/right_2026_08_30_19_24_32_018.jpg,0,1,0,30.1903
IMG/center_2026_08_30_19_24_32_119.jpg,IMG/left_2026_08_30_19_24_32_119.jpg,IMG/right_2026_08_30_19_24_32_119.jpg,0,1,0,30.19029
IMG/center_2026_08_30_19_24_32_223.jpg,IMG/left_2026_08_30_19_24_32_223.jpg,IMG/right_2026_08_30_19_24_32_223.jpg,0,1,0,30.1903
IMG/center_2026_08_30_19_24_32_330.jpg,IMG/left_2026_08_30_19_24_32_330.jpg,IMG/right_2026_08_30_19_24_32_330.jpg,0,1,0,30.1903
IMG/center_2026_08_30_19_24_32_432.jpg,IMG/left_2026_08_30_19_24_32_432.jpg,IMG/right_2026_08_30_19_24_32_432.jpg,0,1,0,30.19031
IMG/center_2026_08_30_19_24_32_541.jpg,IMG/left_2026_08_30_19_24_32_541.jpg,IMG/right_2026_08_30_19_24_32_541.jpg,0,1,0,30.1903
IMG/center_2026_08_30_19_24_32_647.jpg,IMG/left_2026_08_30_19_24_32_647.jpg,IMG/right_2026_08_30_19_24_32_647.jpg,-0.1841067,1,0,30.18106
IMG/center_2026_08_30_19_24_32_749.jpg,IMG/left_2026_08_30_19_24_32_749.jpg,IMG/right_2026_08_30_19_24_32_749.jpg,-0.1073409,1,0,30.19059
IMG/center_2026_08_30_19_24_32_852.jpg,IMG/left_2026_08_30_19_24_32_852.jpg,IMG/right_2026_08_30_19_24_32_852.jpg,0,1,0,30.18993
IMG/center_2026_08_30_19_24_32_952.jpg,IMG/left_2026_08_30_19_24_32_952.jpg,IMG/right_2026_08_30_19_24_32_952.jpg,0,1,0,30.19025
IMG/center_2026_08_30_19_24_33_060.jpg,IMG/left_2026_08_30_19_24_33_060.jpg,IMG/right_2026_08_30_19_24_33_060.jpg,0,1,0,30.19029
IMG/center_2026_08_30_19_24_33_167.jpg,IMG/left_2026_08_30_19_24_33_167.jpg,IMG/right_2026_08_30_19_24_33_167.jpg,0,1,0,30.19028
IMG/center_2026_08_30_19_24_33_274.jpg,IMG/left_2026_08_30_19_24_33_274.jpg,IMG/right_2026_08_30_19_24_33_274.jpg,0,1,0,30.19031
IMG/center_2026_08_30_19_24_33_374.jpg,IMG/left_2026_08_30_19_24_33_374.jpg,IMG/right_2026_08_30_19_24_33_374.jpg,0,1,0,30.19029
IMG/center_2026_08_30_19_24_33_476.jpg,IMG/left_2026_08_30_19_24_33_476.jpg,IMG/right_2026_08_30_19_24_33_476.jpg,0,1,0,30.19032
IMG/center_2026_08_30_19_24_33_583.jpg,IMG/left_2026_08_30_19_24_33_583.jpg,IMG/right_2026_08_30_19_24_33_583.jpg,0,1,0,30.19029
IMG/center_2026_08_30_19_24_33_691.jpg,IMG/left_2026_08_30_19_24_33_691.jpg,IMG/right_2026_08_30_19_24_33_691.jpg,0,1,0,30.19029
IMG/center_2026_08_30_19_24_33_798.jpg,IMG/left_2026_08_30_19_24_33_798.jpg,IMG/right_2026_08_30_19_24_33_798.jpg,0,1,0,30.19029
IMG/center_2026_08_30_19_24_33_902.jpg,IMG/left_2026_08_30_19_24_33_902.jpg,IMG/right_2026_08_30_19_24_33_902.jpg,0,1,0,30.19033
IMG/center_2026_08_30_19_24_34_008.jpg,IMG/left_2026_08_30_19_24_34_008.jpg,IMG/right_2026_08_30_19_24_34_008.jpg,0,1,0,30.19029
IMG/center_2026_08_30_19_24_34_115.jpg,IMG/left_2026_08_30_19_24_34_115.jpg,IMG/right_2026_08_30_19_24_34_115.jpg,0,1,0,30.19032
IMG/center_2026_08_30_19_24_34_218.jpg,IMG/left_2026_08_30_19_24_34_218.jpg,IMG/right_2026_08_30_19_24_34_218.jpg,0,1,0,30.19029
IMG/center_2026_08_30_19_24_34_321.jpg,IMG/left_2026_08_30_19_24_34_321.jpg,IMG/right_2026_08_30_19_24_34_321.jpg,0,1,0,30.1903
IMG/center_2026_08_30_19_24_34_425.jpg,IMG/left_2026_08_30_19_24_34_425.jpg,IMG/right_2026_08_30_19_24_34_425.jpg,0,1,0,30.19031
IMG/center_2026_08_30_19_24_34_531.jpg,IMG/left_2026_08_30_19_24_34_531.jpg,IMG/right_2026_08_30_19_24_34_531.jpg,0,1,0,30.1903
IMG/center_2026_08_30_19_24_34_633.jpg,IMG/left_2026_08_30_19_24_34_633.jpg,IMG/right_2026_08_30_19_24_34_633.jpg,0,1,0,30.19028
IMG/center_2026_08_30_19_24_34_736.jpg,IMG/left_2026_08_30_19_24_34_736.jpg,IMG/right_2026_08_30_19_24_34_736.jpg,0,1,0,30.1903
IMG/center_2026_08_30_19_24_34_838.jpg,IMG/left_2026_08_30_19_24_34_838.jpg,IMG/right_2026_08_30_19_24_34_838.jpg,0,1,0,30.19027
IMG/center_2026_08_30_19_24_34_942.jpg,IMG/left_2026_08_30_19_24_34_942.jpg,IMG/right_2026_08_30_19_24_34_942.jpg,0,1,0,30.19029
IMG/center_2026_08_30_19_24_35_047.jpg,IMG/left_2026_08_30_19_24_35_047.jpg,IMG/right_2026_08_30_19_24_35_047.jpg,0,1,0,30.1903
IMG/center_2026_08_30_19_24_35_151.jpg,IMG/left_2026_08_30_19_24_35_151.jpg,IMG/right_2026_08_30_19_24_35_151.jpg,0,1,0,30.19029
IMG/center_2026_08_30_19_24_35_259.jpg,IMG/left_2026_08_30_19_24_35_259.jpg,IMG/right_2026_08_30_19_24_35_259.jpg,-0.133671,1,0,30.18836
IMG/center_2026_08_30_19_24_35_359.jpg,IMG/left_2026_08_30_19_24_35_359.jpg,IMG/right_2026_08_30_19_24_35_359.jpg,0,1,0,30.18988
IMG/center_2026_08_30_19_24_35_467.jpg,IMG/left_2026_08_30_19_24_35_467.jpg,IMG/right_2026_08_30_19_24_35_467.jpg,0,1,0,30.19043
IMG/center_2026_08_30_19_24_35_577.jpg,IMG/left_2026_08_30_19_24_35_577.jpg,IMG/right_2026_08_30_19_24_35_577.jpg,0,1,0,30.19028
IMG/center_2026_08_30_19_24_35_680.jpg,IMG/left_2026_08_30_19_24_35_680.jpg,IMG/right_2026_08_30_19_24_35_680.jpg,0,1,0,30.19043
IMG/center_2026_08_30_19_24_35_787.jpg,IMG/left_2026_08_30_19_24_35_787.jpg,IMG/right_2026_08_30_19_24_35_787.jpg,0,1,0,30.19032
IMG/center_2026_08_30_19_24_35_890.jpg,IMG/left_2026_08_30_19_24_35_890.jpg,IMG/right_2026_08_30_19_24_35_890.jpg,0,1,0,30.19029
IMG/center_2026_08_30_19_24_35_997.jpg,IMG/left_2026_08_30_19_24_35_997.jpg,IMG/right_2026_08_30_19_24_35_997.jpg,0,1,0,30.19031
IMG/center_2026_08_30_19_24_36_100.jpg,IMG/left_2026_08_30_19_24_36_100.jpg,IMG/right_2026_08_30_19_24_36_100.jpg,0,1,0,30.1903
IMG/center_2026_08_30_19_24_36_200.jpg,IMG/left_2026_08_30_19_24_36_200.jpg,IMG/right_2026_08_30_19_24_36_200.jpg,0,1,0,30.19025
IMG/center_2026_08_30_19_24_36_303.jpg,IMG/left_2026_08_30_19_24_36_303.jpg,IMG/right_2026_08_30_19_24_36_303.jpg,0,1,0,30.19032
IMG/center_2026_08_30_19_24_36_407.jpg,IMG/left_2026_08_30_19_24_36_407.jpg,IMG/right_2026_08_30_19_24_36_407.jpg,0,1,0,30.1903
IMG/center_2026_08_30_19_24_36_511.jpg,IMG/left_2026_08_30_19_24_36_511.jpg,IMG/right_2026_08_30_19_24_36_511.jpg,0,1,0,30.1903
IMG/center_2026_08_30_19_24_36_612.jpg,IMG/left_2026_08_30_19_24_36_612.jpg,IMG/right_2026_08_30_19_24_36_612.jpg,0,1,0,30.19028
IMG/center_2026_08_30_19_24_36_713.jpg,IMG/left_2026_08_30_19_24_36_713.jpg,IMG/right_2026_08_30_19_24_36_713.jpg,0,1,0,30.19029
IMG/center_2026_08_30_19_24_36_813.jpg,IMG/left_2026_08_30_19_24_36_813.jpg,IMG/right_2026_08_30_19_24_36_813.jpg,0,1,0,30.1902
IMG/center_2026_08_30_19_24_36_919.jpg,IMG/left_2026_08_30_19_24_36_919.jpg,IMG/right_2026_08_30_19_24_36_919.jpg,0,1,0,30.19031
IMG/center_2026_08_30_19_24_37_028.jpg,IMG/left_2026_08_30_19_24_37_028.jpg,IMG/right_2026_08_30_19_24_37_028.jpg,-0.1324092,1,0,30.1856
IMG/center_2026_08_30_19_24_37_132.jpg,IMG/left_2026_08_30_19_24_37_132.jpg,IMG/right_2026_08_30_19_24_37_132.jpg,-0.1019718,1,0,30.19013
IMG/center_2026_08_30_19_24_37_237.jpg,IMG/left_2026_08_30_19_24_37_237.jpg,IMG/right_2026_08_30_19_24_37_237.jpg,0,1,0,30.18985
IMG/center_2026_08_30_19_24_37_349.jpg,IMG/left_2026_08_30_19_24_37_349.jpg,IMG/right_2026_08_30_19_24_37_349.jpg,0,1,0,30.19025
IMG/center_2026_08_30_19_24_37_454.jpg,IMG/left_2026_08_30_19_24_37_454.jpg,IMG/right_2026_08_30_19_24_37_454.jpg,0,1,0,30.19028
IMG/center_2026_08_30_19_24_37_560.jpg,IMG/left_2026_08_30_19_24_37_560.jpg,IMG/right_2026_08_30_19_24_37_560.jpg,0,1,0,30.19031
IMG/center_2026_08_30_19_24_37_664.jpg,IMG/left_2026_08_30_19_24_37_664.jpg,IMG/right_2026_08_30_19_24_37_664.jpg,0,1,0,30.19031
IMG/center_2026_08_30_19_24_37_764.jpg,IMG/left_2026_08_30_19_24_37_764.jpg,IMG/right_2026_08_30_19_24_37_764.jpg,0,1,0,30.19034
IMG/center_2026_08_30_19_24_37_872.jpg,IMG/left_2026_08_30_19_24_37_872.jpg,IMG/right_2026_08_30_19_24_37_872.jpg,0,1,0,30.19029
IMG/center_2026_08_30_19_24_37_976.jpg,IMG/left_2026_08_30_19_24_37_976.jpg,IMG/right_2026_08_30_19_24_37_976.jpg,0,1,0,30.19033
IMG/center_2026_08_30_19_24_38_080.jpg,IMG/left_2026_08_30_19_24_38_080.jpg,IMG/right_2026_08_30_19_24_38_080.jpg,0,1,0,30.19029
IMG/center_2026_08_30_19_24_38_187.jpg,IMG/left_2026_08_30_19_24_38_187.jpg,IMG/right_2026_08_30_19_24_38_187.jpg,-0.1941747,1,0,30.18058
IMG/center_2026_08_30_19_24_38_291.jpg,IMG/left_2026_08_30_19_24_38_291.jpg,IMG/right_2026_08_30_19_24_38_291.jpg,0,1,0,30.1898
IMG/center_2026_08_30_19_24_38_395.jpg,IMG/left_2026_08_30_19_24_38_395.jpg,IMG/right_2026_08_30_19_24_38_395.jpg,0,1,0,30.19048
IMG/center_2026_08_30_19_24_38_503.jpg,IMG/left_2026_08_30_19_24_38_503.jpg,IMG/right_2026_08_30_19_24_38_503.jpg,0,1,0,30.19029
IMG/center_2026_08_30_19_24_38_609.jpg,IMG/left_2026_08_30_19_24_38_609.jpg,IMG/right_2026_08_30_19_24_38_609.jpg,0,1,0,30.1903
IMG/center_2026_08_30_19_24_38_717.jpg,IMG/left_2026_08_30_19_24_38_717.jpg,IMG/right_2026_08_30_19_24_38_717.jpg,0,1,0,30.1903
IMG/center_2026_08_30_19_24_38_821.jpg,IMG/left_2026_08_30_19_24_38_821.jpg,IMG/right_2026_08_30_19_24_38_821.jpg,-0.1923411,1,0,30.18008
IMG/center_2026_08_30_19_24_38_927.jpg,IMG/left_2026_08_30_19_24_38_927.jpg,IMG/right_2026_08_30_19_24_38_927.jpg,-0.1022685,1,0,30.19061
IMG/center_2026_08_30_19_24_39_031.jpg,IMG/left_2026_08_30_19_24_39_031.jpg,IMG/right_2026_08_30_19_24_39_031.jpg,0,1,0,30.18996
IMG/center_2026_08_30_19_24_39_137.jpg,IMG/left_2026_08_30_19_24_39_137.jpg,IMG/right_2026_08_30_19_24_39_137.jpg,0,1,0,30.19026
IMG/center_2026_08_30_19_24_39_238.jpg,IMG/left_2026_08_30_19_24_39_238.jpg,IMG/right_2026_08_30_19_24_39_238.jpg,0,1,0,30.19031
IMG/center_2026_08_30_19_24_39_345.jpg,IMG/left_2026_08_30_19_24_39_345.jpg,IMG/right_2026_08_30_19_24_39_345.jpg,0,1,0,30.19029
IMG/center_2026_08_30_19_24_39_447.jpg,IMG/left_2026_08_30_19_24_39_447.jpg,IMG/right_2026_08_30_19_24_39_447.jpg,0,1,0,30.19029
IMG/center_2026_08_30_19_24_39_551.jpg,IMG/left_2026_08_30_19_24_39_551.jpg,IMG/right_2026_08_30_19_24_39_551.jpg,0,1,0,30.19028
IMG/center_2026_08_30_19_24_39_653.jpg,IMG/left_2026_08_30_19_24_39_653.jpg,IMG/right_2026_08_30_19_24_39_653.jpg,0,1,0,30.19029
IMG/center_2026_08_30_19_24_39_753.jpg,IMG/left_2026_08_30_19_24_39_753.jpg,IMG/right_2026_08_30_19_24_39_753.jpg,0,1,0,30.19028
IMG/center_2026_08_30_19_24_39_855.jpg,IMG/left_2026_08_30_19_24_39_855.jpg,IMG/right_2026_08_30_19_24_39_855.jpg,0,1,0,30.19025
IMG/center_2026_08_30_19_24_39_959.jpg,IMG/left_2026_08_30_19_24_39_959.jpg,IMG/right_2026_08_30_19_24_39_959.jpg,0,1,0,30.19034
IMG/center_2026_08_30_19_24_40_065.jpg,IMG/left_2026_08_30_19_24_40_065.jpg,IMG/right_2026_08_30_19_24_40_065.jpg,0,1,0,30.19031
IMG/center_2026_08_30_19_24_40_172.jpg,IMG/left_2026_08_30_19_24_40_172.jpg,IMG/right_2026_08_30_19_24_40_172.jpg,0,1,0,30.19029
IMG/center_2026_08_30_19_24_40_273.jpg,IMG/left_2026_08_30_19_24_40_273.jpg,IMG/right_2026_08_30_19_24_40_273.jpg,0,1,0,30.19025
IMG/center_2026_08_30_19_24_40_379.jpg,IMG/left_2026_08_30_19_24_40_379.jpg,IMG/right_2026_08_30_19_24_40_379.jpg,0,1,0,30.19029
IMG/center_2026_08_30_19_24_40_479.jpg,IMG/left_2026_08_30_19_24_40_479.jpg,IMG/right_2026_08_30_19_24_40_479.jpg,0,1,0,30.19023
IMG/center_2026_08_30_19_24_40_580.jpg,IMG/left_2026_08_30_19_24_40_580.jpg,IMG/right_2026_08_30_19_24_40_580.jpg,0,1,0,30.19028
IMG/center_2026_08_30_19_24_40_686.jpg,IMG/left_2026_08_30_19_24_40_686.jpg,IMG/right_2026_08_30_19_24_40_686.jpg,0,1,0,30.19027
IMG/center_2026_08_30_19_24_40_793.jpg,IMG/left_2026_08_30_19_24_40_793.jpg,IMG/right_2026_08_30_19_24_40_793.jpg,0,1,0,30.19054
IMG/center_2026_08_30_19_24_40_903.jpg,IMG/left_2026_08_30_19_24_40_903.jpg,IMG/right_2026_08_30_19_24_40_903.jpg,0,1,0,30.19023
IMG/center_2026_08_30_19_24_41_007.jpg,IMG/left_2026_08_30_19_24_41_007.jpg,IMG/right_2026_08_30_19_24_41_007.jpg,0,1,0,30.19061
IMG/center_2026_08_30_19_24_41_114.jpg,IMG/left_2026_08_30_19_24_41_114.jpg,IMG/right_2026_08_30_19_24_41_114.jpg,0,1,0,30.19014
IMG/center_2026_08_30_19_24_41_219.jpg,IMG/left_2026_08_30_19_24_41_219.jpg,IMG/right_2026_08_30_19_24_41_219.jpg,-0.0712167,1,0,30.18901
IMG/center_2026_08_30_19_24_41_324.jpg,IMG/left_2026_08_30_19_24_41_324.jpg,IMG/right_2026_08_30_19_24_41_324.jpg,-0.2582628,1,0,30.17411
IMG/center_2026_08_30_19_24_41_427.jpg,IMG/left_2026_08_30_19_24_41_427.jpg,IMG/right_2026_08_30_19_24_41_427.jpg,0,1,0,30.18869
IMG/center_2026_08_30_19_24_41_529.jpg,IMG/left_2026_08_30_19_24_41_529.jpg,IMG/right_2026_08_30_19_24_41_529.jpg,0,1,0,30.19008
IMG/center_2026_08_30_19_24_41_632.jpg,IMG/left_2026_08_30_19_24_41_632.jpg,IMG/right_2026_08_30_19_24_41_632.jpg,0,1,0,30.19028
IMG/center_2026_08_30_19_24_41_738.jpg,IMG/left_2026_08_30_19_24_41_738.jpg,IMG/right_2026_08_30_19_24_41_738.jpg,0,1,0,30.19029
IMG/center_2026_08_30_19_24_41_843.jpg,IMG/left_2026_08_30_19_24_41_843.jpg,IMG/right_2026_08_30_19_24_41_843.jpg,0,1,0,30.19027
IMG/center_2026_08_30_19_24_41_945.jpg,IMG/left_2026_08_30_19_24_41_945.jpg,IMG/right_2026_08_30_19_24_41_945.jpg,0,1,0,30.19034
IMG/center_2026_08_30_19_24_42_055.jpg,IMG/left_2026_08_30_19_24_42_055.jpg,IMG/right_2026_08_30_19_24_42_055.jpg,0,1,0,30.1903
IMG/center_2026_08_30_19_24_42_161.jpg,IMG/left_2026_08_30_19_24_42_161.jpg,IMG/right_2026_08_30_19_24_42_161.jpg,-0.2101674,1,0,30.17809
IMG/center_2026_08_30_19_24_42_262.jpg,IMG/left_2026_08_30_19_24_42_262.jpg,IMG/right_2026_08_30_19_24_42_262.jpg,-0.04238103,1,0,30.19069
IMG/center_2026_08_30_19_24_42_368.jpg,IMG/left_2026_08_30_19_24_42_368.jpg,IMG/right_2026_08_30_19_24_42_368.jpg,0,1,0,30.19003
IMG/center_2026_08_30_19_24_42_470.jpg,IMG/left_2026_08_30_19_24_42_470.jpg,IMG/right_2026_08_30_19_24_42_470.jpg,0,1,0,30.19025
IMG/center_2026_08_30_19_24_42_576.jpg,IMG/left_2026_08_30_19_24_42_576.jpg,IMG/right_2026_08_30_19_24_42_576.jpg,0,1,0,30.19028
IMG/center_2026_08_30_19_24_42_682.jpg,IMG/left_2026_08_30_19_24_42_682.jpg,IMG/right_2026_08_30_19_24_42_682.jpg,0,1,0,30.19034
IMG/center_2026_08_30_19_24_42_787.jpg,IMG/left_2026_08_30_19_24_42_787.jpg,IMG/right_2026_08_30_19_24_42_787.jpg,0,1,0,30.19022
IMG/center_2026_08_30_19_24_42_893.jpg,IMG/left_2026_08_30_19_24_42_893.jpg,IMG/right_2026_08_30_19_24_42_893.jpg,0,1,0,30.19029
IMG/center_2026_08_30_19_24_42_996.jpg,IMG/left_2026_08_30_19_24_42_996.jpg,IMG/right_2026_08_30_19_24_42_996.jpg,0,1,0,30.19012
IMG/center_2026_08_30_19_24_43_097.jpg,IMG/left_2026_08_30_19_24_43_097.jpg,IMG/right_2026_08_30_19_24_43_097.jpg,0,1,0,30.19033
IMG/center_2026_08_30_19_24_43_203.jpg,IMG/left_2026_08_30_19_24_43_203.jpg,IMG/right_2026_08_30_19_24_43_203.jpg,0,1,0,30.19044
IMG/center_2026_08_30_19_24_43_310.jpg,IMG/left_2026_08_30_19_24_43_310.jpg,IMG/right_2026_08_30_19_24_43_310.jpg,0,1,0,30.19025
IMG/center_2026_08_30_19_24_43_418.jpg,IMG/left_2026_08_30_19_24_43_418.jpg,IMG/right_2026_08_30_19_24_43_418.jpg,0,1,0,30.19048
IMG/center_2026_08_30_19_24_43_523.jpg,IMG/left_2026_08_30_19_24_43_523.jpg,IMG/right_2026_08_30_19_24_43_523.jpg,0,1,0,30.19024
IMG/center_2026_08_30_19_24_43_632.jpg,IMG/left_2026_08_30_19_24_43_632.jpg,IMG/right_2026_08_30_19_24_43_632.jpg,-0.0630387,1,0,30.18915
IMG/center_2026_08_30_19_24_43_735.jpg,IMG/left_2026_08_30_19_24_43_735.jpg,IMG/right_2026_08_30_19_24_43_735.jpg,-0.1065162,1,0,30.18922
IMG/center_2026_08_30_19_24_43_837.jpg,IMG/left_2026_08_30_19_24_43_837.jpg,IMG/right_2026_08_30_19_24_43_837.jpg,0,1,0,30.19001
IMG/center_2026_08_30_19_24_43_939.jpg,IMG/left_2026_08_30_19_24_43_939.jpg,IMG/right_2026_08_30_19_24_43_939.jpg,0,1,0,30.19023
IMG/center_2026_08_30_19_24_44_046.jpg,IMG/left_2026_08_30_19_24_44_046.jpg,IMG/right_2026_08_30_19_24_44_046.jpg,0,1,0,30.19034
IMG/center_2026_08_30_19_24_44_150.jpg,IMG/left_2026_08_30_19_24_44_150.jpg,IMG/right_2026_08_30_19_24_44_150.jpg,0,1,0,30.19028
IMG/center_2026_08_30_19_24_44_257.jpg,IMG/left_2026_08_30_19_24_44_257.jpg,IMG/right_2026_08_30_19_24_44_257.jpg,-0.1525671,1,0,30.18409
IMG/center_2026_08_30_19_24_44_361.jpg,IMG/left_2026_08_30_19_24_44_361.jpg,IMG/right_2026_08_30_19_24_44_361.jpg,-0.1816602,1,0,30.1867
IMG/center_2026_08_30_19_24_44_468.jpg,IMG/left_2026_08_30_19_24_44_468.jpg,IMG/right_2026_08_30_19_24_44_468.jpg,0,1,0,30.18993
IMG/center_2026_08_30_19_24_44_570.jpg,IMG/left_2026_08_30_19_24_44_570.jpg,IMG/right_2026_08_30_19_24_44_570.jpg,0,1,0,30.19015
IMG/center_2026_08_30_19_24_44_674.jpg,IMG/left_2026_08_30_19_24_44_674.jpg,IMG/right_2026_08_30_19_24_44_674.jpg,0,1,0,30.19032
IMG/center_2026_08_30_19_24_44_779.jpg,IMG/left_2026_08_30_19_24_44_779.jpg,IMG/right_2026_08_30_19_24_44_779.jpg,0,1,0,30.1903
IMG/center_2026_08_30_19_24_44_886.jpg,IMG/left_2026_08_30_19_24_44_886.jpg,IMG/right_2026_08_30_19_24_44_886.jpg,-0.242928,1,0,30.17534
IMG/center_2026_08_30_19_24_44_989.jpg,IMG/left_2026_08_30_19_24_44_989.jpg,IMG/right_2026_08_30_19_24_44_989.jpg,0,1,0,30.18955
IMG/center_2026_08_30_19_24_45_091.jpg,IMG/left_2026_08_30_19_24_45_091.jpg,IMG/right_2026_08_30_19_24_45_091.jpg,0,1,0,30.1902
IMG/center_2026_08_30_19_24_45_196.jpg,IMG/left_2026_08_30_19_24_45_196.jpg,IMG/right_2026_08_30_19_24_45_196.jpg,0,1,0,30.1903
IMG/center_2026_08_30_19_24_45_299.jpg,IMG/left_2026_08_30_19_24_45_299.jpg,IMG/right_2026_08_30_19_24_45_299.jpg,0,1,0,30.19037
IMG/center_2026_08_30_19_24_45_404.jpg,IMG/left_2026_08_30_19_24_45_404.jpg,IMG/right_2026_08_30_19_24_45_404.jpg,0,1,0,30.19029
IMG/center_2026_08_30_19_24_45_511.jpg,IMG/left_2026_08_30_19_24_45_511.jpg,IMG/right_2026_08_30_19_24_45_511.jpg,-0.2095482,1,0,30.17938
IMG/center_2026_08_30_19_24_45_620.jpg,IMG/left_2026_08_30_19_24_45_620.jpg,IMG/right_2026_08_30_19_24_45_620.jpg,-0.1384032,1,0,30.19047
IMG/center_2026_08_30_19_24_45_724.jpg,IMG/left_2026_08_30_19_24_45_724.jpg,IMG/right_2026_08_30_19_24_45_724.jpg,0,1,0,30.18941
IMG/center_2026_08_30_19_24_45_825.jpg,IMG/left_2026_08_30_19_24_45_825.jpg,IMG/right_2026_08_30_19_24_45_825.jpg,0,1,0,30.19018
IMG/center_2026_08_30_19_24_45_932.jpg,IMG/left_2026_08_30_19_24_45_932.jpg,IMG/right_2026_08_30_19_24_45_932.jpg,0,1,0,30.19026
IMG/center_2026_08_30_19_24_46_034.jpg,IMG/left_2026_08_30_19_24_46_034.jpg,IMG/right_2026_08_30_19_24_46_034.jpg,0,1,0,30.19033
IMG/center_2026_08_30_19_24_46_136.jpg,IMG/left_2026_08_30_19_24_46_136.jpg,IMG/right_2026_08_30_19_24_46_136.jpg,0,1,0,30.1903
IMG/center_2026_08_30_19_24_46_237.jpg,IMG/left_2026_08_30_19_24_46_237.jpg,IMG/right_2026_08_30_19_24_46_237.jpg,-0.0292263,1,0,30.18983
IMG/center_2026_08_30_19_24_46_339.jpg,IMG/left_2026_08_30_19_24_46_339.jpg,IMG/right_2026_08_30_19_24_46_339.jpg,-0.2335968,1,0,30.17743
IMG/center_2026_08_30_19_24_46_440.jpg,IMG/left_2026_08_30_19_24_46_440.jpg,IMG/right_2026_08_30_19_24_46_440.jpg,0,1,0,30.18927
IMG/center_2026_08_30_19_24_46_543.jpg,IMG/left_2026_08_30_19_24_46_543.jpg,IMG/right_2026_08_30_19_24_46_543.jpg,0,1,0,30.19016
IMG/center_2026_08_30_19_24_46_649.jpg,IMG/left_2026_08_30_19_24_46_649.jpg,IMG/right_2026_08_30_19_24_46_649.jpg,0,1,0,30.19028
IMG/center_2026_08_30_19_24_46_753.jpg,IMG/left_2026_08_30_19_24_46_753.jpg,IMG/right_2026_08_30_19_24_46_753.jpg,0,1,0,30.19031
IMG/center_2026_08_30_19_24_46_859.jpg,IMG/left_2026_08_30_19_24_46_859.jpg,IMG/right_2026_08_30_19_24_46_859.jpg,-0.3183648,1,0,30.16522
IMG/center_2026_08_30_19_24_46_961.jpg,IMG/left_2026_08_30_19_24_46_961.jpg,IMG/right_2026_08_30_19_24_46_961.jpg,-0.02907719,1,0,30.19029
IMG/center_2026_08_30_19_24_47_063.jpg,IMG/left_2026_08_30_19_24_47_063.jpg,IMG/right_2026_08_30_19_24_47_063.jpg,0,1,0,30.18996
IMG/center_2026_08_30_19_24_47_171.jpg,IMG/left_2026_08_30_19_24_47_171.jpg,IMG/right_2026_08_30_19_24_47_171.jpg,0,1,0,30.18903
IMG/center_2026_08_30_19_24_47_273.jpg,IMG/left_2026_08_30_19_24_47_273.jpg,IMG/right_2026_08_30_19_24_47_273.jpg,0,1,0,30.19075
IMG/center_2026_08_30_19_24_47_373.jpg,IMG/left_2026_08_30_19_24_47_373.jpg,IMG/right_2026_08_30_19_24_47_373.jpg,0,1,0,30.18965
IMG/center_2026_08_30_19_24_47_480.jpg,IMG/left_2026_08_30_19_24_47_480.jpg,IMG/right_2026_08_30_19_24_47_480.jpg,-0.1073991,1,0,30.18739
IMG/center_2026_08_30_19_24_47_581.jpg,IMG/left_2026_08_30_19_24_47_581.jpg,IMG/right_2026_08_30_19_24_47_581.jpg,-0.1187001,1,0,30.18976
IMG/center_2026_08_30_19_24_47_682.jpg,IMG/left_2026_08_30_19_24_47_682.jpg,IMG/right_2026_08_30_19_24_47_682.jpg,0,1,0,30.18985
IMG/center_2026_08_30_19_24_47_788.jpg,IMG/left_2026_08_30_19_24_47_788.jpg,IMG/right_2026_08_30_19_24_47_788.jpg,0,1,0,30.19024
IMG/center_2026_08_30_19_24_47_890.jpg,IMG/left_2026_08_30_19_24_47_890.jpg,IMG/right_2026_08_30_19_24_47_890.jpg,0,1,0,30.19031
IMG/center_2026_08_30_19_24_47_993.jpg,IMG/left_2026_08_30_19_24_47_993.jpg,IMG/right_2026_08_30_19_24_47_993.jpg,-0.2245758,1,0,30.17764
IMG/center_2026_08_30_19_24_48_098.jpg,IMG/left_2026_08_30_19_24_48_098.jpg,IMG/right_2026_08_30_19_24_48_098.jpg,-0.07107509,1,0,30.19099
IMG/center_2026_08_30_19_24_48_199.jpg,IMG/left_2026_08_30_19_24_48_199.jpg,IMG/right_2026_08_30_19_24_48_199.jpg,0,1,0,30.18957
IMG/center_2026_08_30_19_24_48_301.jpg,IMG/left_2026_08_30_19_24_48_301.jpg,IMG/right_2026_08_30_19_24_48_301.jpg,0,1,0,30.19023
IMG/center_2026_08_30_19_24_48_406.jpg,IMG/left_2026_08_30_19_24_48_406.jpg,IMG/right_2026_08_30_19_24_48_406.jpg,-0.0386748,1,0,30.19004
IMG/center_2026_08_30_19_24_48_508.jpg,IMG/left_2026_08_30_19_24_48_508.jpg,IMG/right_2026_08_30_19_24_48_508.jpg,-0.3409575,1,0,30.16396
IMG/center_2026_08_30_19_24_48_615.jpg,IMG/left_2026_08_30_19_24_48_615.jpg,IMG/right_2026_08_30_19_24_48_615.jpg,0,1,0,30.18896
IMG/center_2026_08_30_19_24_48_720.jpg,IMG/left_2026_08_30_19_24_48_720.jpg,IMG/right_2026_08_30_19_24_48_720.jpg,0,1,0,30.19003
IMG/center_2026_08_30_19_24_48_825.jpg,IMG/left_2026_08_30_19_24_48_825.jpg,IMG/right_2026_08_30_19_24_48_825.jpg,0,1,0,30.19009
IMG/center_2026_08_30_19_24_48_930.jpg,IMG/left_2026_08_30_19_24_48_930.jpg,IMG/right_2026_08_30_19_24_48_930.jpg,-0.2152965,1,0,30.17871
IMG/center_2026_08_30_19_24_49_034.jpg,IMG/left_2026_08_30_19_24_49_034.jpg,IMG/right_2026_08_30_19_24_49_034.jpg,-0.1750062,1,0,30.18984
IMG/center_2026_08_30_19_24_49_135.jpg,IMG/left_2026_08_30_19_24_49_135.jpg,IMG/right_2026_08_30_19_24_49_135.jpg,0,1,0,30.18917
IMG/center_2026_08_30_19_24_49_240.jpg,IMG/left_2026_08_30_19_24_49_240.jpg,IMG/right_2026_08_30_19_24_49_240.jpg,0,1,0,30.19016
IMG/center_2026_08_30_19_24_49_344.jpg,IMG/left_2026_08_30_19_24_49_344.jpg,IMG/right_2026_08_30_19_24_49_344.jpg,-0.0171054,1,0,30.19032
IMG/center_2026_08_30_19_24_49_447.jpg,IMG/left_2026_08_30_19_24_49_447.jpg,IMG/right_2026_08_30_19_24_49_447.jpg,-0.330375,1,0,30.16533
IMG/center_2026_08_30_19_24_49_548.jpg,IMG/left_2026_08_30_19_24_49_548.jpg,IMG/right_2026_08_30_19_24_49_548.jpg,-0.2699568,1,0,30.18696
IMG/center_2026_08_30_19_24_49_650.jpg,IMG/left_2026_08_30_19_24_49_650.jpg,IMG/right_2026_08_30_19_24_49_650.jpg,0,1,0,30.18749
IMG/center_2026_08_30_19_24_49_756.jpg,IMG/left_2026_08_30_19_24_49_756.jpg,IMG/right_2026_08_30_19_24_49_756.jpg,0,1,0,30.1901
IMG/center_2026_08_30_19_24_49_859.jpg,IMG/left_2026_08_30_19_24_49_859.jpg,IMG/right_2026_08_30_19_24_49_859.jpg,0,1,0,30.19026
IMG/center_2026_08_30_19_24_49_963.jpg,IMG/left_2026_08_30_19_24_49_963.jpg,IMG/right_2026_08_30_19_24_49_963.jpg,-0.2786427,1,0,30.17214
IMG/center_2026_08_30_19_24_50_069.jpg,IMG/left_2026_08_30_19_24_50_069.jpg,IMG/right_2026_08_30_19_24_50_069.jpg,-0.1236187,1,0,30.19161
IMG/center_2026_08_30_19_24_50_173.jpg,IMG/left_2026_08_30_19_24_50_173.jpg,IMG/right_2026_08_30_19_24_50_173.jpg,0,1,0,30.19023
IMG/center_2026_08_30_19_24_50_275.jpg,IMG/left_2026_08_30_19_24_50_275.jpg,IMG/right_2026_08_30_19_24_50_275.jpg,0,1,0,30.19068
IMG/center_2026_08_30_19_24_50_381.jpg,IMG/left_2026_08_30_19_24_50_381.jpg,IMG/right_2026_08_30_19_24_50_381.jpg,0,1,0,30.19089
IMG/center_2026_08_30_19_24_50_484.jpg,IMG/left_2026_08_30_19_24_50_484.jpg,IMG/right_2026_08_30_19_24_50_484.jpg,-0.1046049,1,0,30.18836
IMG/center_2026_08_30_19_24_50_589.jpg,IMG/left_2026_08_30_19_24_50_589.jpg,IMG/right_2026_08_30_19_24_50_589.jpg,-0.3302478,1,0,30.16615
IMG/center_2026_08_30_19_24_50_697.jpg,IMG/left_2026_08_30_19_24_50_697.jpg,IMG/right_2026_08_30_19_24_50_697.jpg,0,1,0,30.1888
IMG/center_2026_08_30_19_24_50_797.jpg,IMG/left_2026_08_30_19_24_50_797.jpg,IMG/right_2026_08_30_19_24_50_797.jpg,0,1,0,30.18985
IMG/center_2026_08_30_19_24_50_897.jpg,IMG/left_2026_08_30_19_24_50_897.jpg,IMG/right_2026_08_30_19_24_50_897.jpg,0,1,0,30.19088
IMG/center_2026_08_30_19_24_51_003.jpg,IMG/left_2026_08_30_19_24_51_003.jpg,IMG/right_2026_08_30_19_24_51_003.jpg,-0.1082421,1,0,30.18777
IMG/center_2026_08_30_19_24_51_107.jpg,IMG/left_2026_08_30_19_24_51_107.jpg,IMG/right_2026_08_30_19_24_51_107.jpg,-0.3671859,1,0,30.15832
IMG/center_2026_08_30_19_24_51_209.jpg,IMG/left_2026_08_30_19_24_51_209.jpg,IMG/right_2026_08_30_19_24_51_209.jpg,-0.06994199,1,0,30.1915
IMG/center_2026_08_30_19_24_51_314.jpg,IMG/left_2026_08_30_19_24_51_314.jpg,IMG/right_2026_08_30_19_24_51_314.jpg,0,1,0,30.18986
IMG/center_2026_08_30_19_24_51_417.jpg,IMG/left_2026_08_30_19_24_51_417.jpg,IMG/right_2026_08_30_19_24_51_417.jpg,0,1,0,30.19017
IMG/center_2026_08_30_19_24_51_522.jpg,IMG/left_2026_08_30_19_24_51_522.jpg,IMG/right_2026_08_30_19_24_51_522.jpg,-0.0179637,1,0,30.19021
IMG/center_2026_08_30_19_24_51_627.jpg,IMG/left_2026_08_30_19_24_51_627.jpg,IMG/right_2026_08_30_19_24_51_627.jpg,-0.3145626,1,0,30.1671
IMG/center_2026_08_30_19_24_51_728.jpg,IMG/left_2026_08_30_19_24_51_728.jpg,IMG/right_2026_08_30_19_24_51_728.jpg,-0.1765659,1,0,30.19037
IMG/center_2026_08_30_19_24_51_829.jpg,IMG/left_2026_08_30_19_24_51_829.jpg,IMG/right_2026_08_30_19_24_51_829.jpg,0,1,0,30.18944
IMG/center_2026_08_30_19_24_51_929.jpg,IMG/left_2026_08_30_19_24_51_929.jpg,IMG/right_2026_08_30_19_24_51_929.jpg,0,1,0,30.19012
IMG/center_2026_08_30_19_24_52_030.jpg,IMG/left_2026_08_30_19_24_52_030.jpg,IMG/right_2026_08_30_19_24_52_030.jpg,-0.0747747,1,0,30.18945
IMG/center_2026_08_30_19_24_52_133.jpg,IMG/left_2026_08_30_19_24_52_133.jpg,IMG/right_2026_08_30_19_24_52_133.jpg,-0.2840517,1,0,30.17672
IMG/center_2026_08_30_19_24_52_235.jpg,IMG/left_2026_08_30_19_24_52_235.jpg,IMG/right_2026_08_30_19_24_52_235.jpg,0,1,0,30.18873
IMG/center_2026_08_30_19_24_52_338.jpg,IMG/left_2026_08_30_19_24_52_338.jpg,IMG/right_2026_08_30_19_24_52_338.jpg,0,1,0,30.19045
IMG/center_2026_08_30_19_24_52_438.jpg,IMG/left_2026_08_30_19_24_52_438.jpg,IMG/right_2026_08_30_19_24_52_438.jpg,0,1,0,30.19113
IMG/center_2026_08_30_19_24_52_544.jpg,IMG/left_2026_08_30_19_24_52_544.jpg,IMG/right_2026_08_30_19_24_52_544.jpg,-0.2793846,1,0,30.17203
IMG/center_2026_08_30_19_24_52_644.jpg,IMG/left_2026_08_30_19_24_52_644.jpg,IMG/right_2026_08_30_19_24_52_644.jpg,-0.05528074,1,0,30.19092
IMG/center_2026_08_30_19_24_52_745.jpg,IMG/left_2026_08_30_19_24_52_745.jpg,IMG/right_2026_08_30_19_24_52_745.jpg,0,1,0,30.19012
IMG/center_2026_08_30_19_24_52_846.jpg,IMG/left_2026_08_30_19_24_52_846.jpg,IMG/right_2026_08_30_19_24_52_846.jpg,0,1,0,30.19
IMG/center_2026_08_30_19_24_52_946.jpg,IMG/left_2026_08_30_19_24_52_946.jpg,IMG/right_2026_08_30_19_24_52_946.jpg,-0.09558091,1,0,30.18956
IMG/center_2026_08_30_19_24_53_049.jpg,IMG/left_2026_08_30_19_24_53_049.jpg,IMG/right_2026_08_30_19_24_53_049.jpg,-0.1328139,1,0,30.18901
IMG/center_2026_08_30_19_24_53_148.jpg,IMG/left_2026_08_30_19_24_53_148.jpg,IMG/right_2026_08_30_19_24_53_148.jpg,0,1,0,30.19029
IMG/center_2026_08_30_19_24_53_252.jpg,IMG/left_2026_08_30_19_24_53_252.jpg,IMG/right_2026_08_30_19_24_53_252.jpg,0,1,0,30.19017
IMG/center_2026_08_30_19_24_53_361.jpg,IMG/left_2026_08_30_19_24_53_361.jpg,IMG/right_2026_08_30_19_24_53_361.jpg,-0.1139412,1,0,30.18746
IMG/center_2026_08_30_19_24_53_465.jpg,IMG/left_2026_08_30_19_24_53_465.jpg,IMG/right_2026_08_30_19_24_53_465.jpg,-0.2033301,1,0,30.18421
IMG/center_2026_08_30_19_24_53_570.jpg,IMG/left_2026_08_30_19_24_53_570.jpg,IMG/right_2026_08_30_19_24_53_570.jpg,0,1,0,30.1892
IMG/center_2026_08_30_19_24_53_671.jpg,IMG/left_2026_08_30_19_24_53_671.jpg,IMG/right_2026_08_30_19_24_53_671.jpg,0,1,0,30.19019
IMG/center_2026_08_30_19_24_53_774.jpg,IMG/left_2026_08_30_19_24_53_774.jpg,IMG/right_2026_08_30_19_24_53_774.jpg,0,1,0,30.19026
IMG/center_2026_08_30_19_24_53_880.jpg,IMG/left_2026_08_30_19_24_53_880.jpg,IMG/right_2026_08_30_19_24_53_880.jpg,-0.2140683,1,0,30.17877
IMG/center_2026_08_30_19_24_53_987.jpg,IMG/left_2026_08_30_19_24_53_987.jpg,IMG/right_2026_08_30_19_24_53_987.jpg,0,1,0,30.18949
IMG/center_2026_08_30_19_24_54_091.jpg,IMG/left_2026_08_30_19_24_54_091.jpg,IMG/right_2026_08_30_19_24_54_091.jpg,0,1,0,30.19025
IMG/center_2026_08_30_19_24_54_197.jpg,IMG/left_2026_08_30_19_24_54_197.jpg,IMG/right_2026_08_30_19_24_54_197.jpg,0,1,0,30.19029
IMG/center_2026_08_30_19_24_54_298.jpg,IMG/left_2026_08_30_19_24_54_298.jpg,IMG/right_2026_08_30_19_24_54_298.jpg,-0.2054682,1,0,30.17953
IMG/center_2026_08_30_19_24_54_399.jpg,IMG/left_2026_08_30_19_24_54_399.jpg,IMG/right_2026_08_30_19_24_54_399.jpg,-0.07012048,1,0,30.19091
IMG/center_2026_08_30_19_24_54_500.jpg,IMG/left_2026_08_30_19_24_54_500.jpg,IMG/right_2026_08_30_19_24_54_500.jpg,0,1,0,30.19005
IMG/center_2026_08_30_19_24_54_603.jpg,IMG/left_2026_08_30_19_24_54_603.jpg,IMG/right_2026_08_30_19_24_54_603.jpg,0,1,0,30.19026
IMG/center_2026_08_30_19_24_54_707.jpg,IMG/left_2026_08_30_19_24_54_707.jpg,IMG/right_2026_08_30_19_24_54_707.jpg,-0.2902203,1,0,30.17078
IMG/center_2026_08_30_19_24_54_808.jpg,IMG/left_2026_08_30_19_24_54_808.jpg,IMG/right_2026_08_30_19_24_54_808.jpg,0,1,0,30.1894
IMG/center_2026_08_30_19_24_54_913.jpg,IMG/left_2026_08_30_19_24_54_913.jpg,IMG/right_2026_08_30_19_24_54_913.jpg,0,1,0,30.19017
IMG/center_2026_08_30_19_24_55_015.jpg,IMG/left_2026_08_30_19_24_55_015.jpg,IMG/right_2026_08_30_19_24_55_015.jpg,0,1,0,30.19037
IMG/center_2026_08_30_19_24_55_120.jpg,IMG/left_2026_08_30_19_24_55_120.jpg,IMG/right_2026_08_30_19_24_55_120.jpg,-0.0288132,1,0,30.19014
IMG/center_2026_08_30_19_24_55_221.jpg,IMG/left_2026_08_30_19_24_55_221.jpg,IMG/right_2026_08_30_19_24_55_221.jpg,-0.2232324,1,0,30.17657
IMG/center_2026_08_30_19_24_55_326.jpg,IMG/left_2026_08_30_19_24_55_326.jpg,IMG/right_2026_08_30_19_24_55_326.jpg,0,1,0,30.18944
IMG/center_2026_08_30_19_24_55_426.jpg,IMG/left_2026_08_30_19_24_55_426.jpg,IMG/right_2026_08_30_19_24_55_426.jpg,0,1,0,30.1902
IMG/center_2026_08_30_19_24_55_528.jpg,IMG/left_2026_08_30_19_24_55_528.jpg,IMG/right_2026_08_30_19_24_55_528.jpg,0,1,0,30.19029
IMG/center_2026_08_30_19_24_55_632.jpg,IMG/left_2026_08_30_19_24_55_632.jpg,IMG/right_2026_08_30_19_24_55_632.jpg,-0.2327214,1,0,30.17763
IMG/center_2026_08_30_19_24_55_734.jpg,IMG/left_2026_08_30_19_24_55_734.jpg,IMG/right_2026_08_30_19_24_55_734.jpg,0,1,0,30.18917
IMG/center_2026_08_30_19_24_55_839.jpg,IMG/left_2026_08_30_19_24_55_839.jpg,IMG/right_2026_08_30_19_24_55_839.jpg,0,1,0,30.19023
IMG/center_2026_08_30_19_24_55_942.jpg,IMG/left_2026_08_30_19_24_55_942.jpg,IMG/right_2026_08_30_19_24_55_942.jpg,0,1,0,30.19028
IMG/center_2026_08_30_19_24_56_046.jpg,IMG/left_2026_08_30_19_24_56_046.jpg,IMG/right_2026_08_30_19_24_56_046.jpg,0,1,0,30.19029
IMG/center_2026_08_30_19_24_56_151.jpg,IMG/left_2026_08_30_19_24_56_151.jpg,IMG/right_2026_08_30_19_24_56_151.jpg,0,1,0,30.1903
IMG/center_2026_08_30_19_24_56_252.jpg,IMG/left_2026_08_30_19_24_56_252.jpg,IMG/right_2026_08_30_19_24_56_252.jpg,0,1,0,30.19028
IMG/center_2026_08_30_19_24_56_352.jpg,IMG/left_2026_08_30_19_24_56_352.jpg,IMG/right_2026_08_30_19_24_56_352.jpg,0,1,0,30.1903
IMG/center_2026_08_30_19_24_56_456.jpg,IMG/left_2026_08_30_19_24_56_456.jpg,IMG/right_2026_08_30_19_24_56_456.jpg,0,1,0,30.19029
IMG/center_2026_08_30_19_24_56_561.jpg,IMG/left_2026_08_30_19_24_56_561.jpg,IMG/right_2026_08_30_19_24_56_561.jpg,0,1,0,30.19041
IMG/center_2026_08_30_19_24_56_666.jpg,IMG/left_2026_08_30_19_24_56_666.jpg,IMG/right_2026_08_30_19_24_56_666.jpg,0,1,0,30.19031
IMG/center_2026_08_30_19_24_56_767.jpg,IMG/left_2026_08_30_19_24_56_767.jpg,IMG/right_2026_08_30_19_24_56_767.jpg,0,1,0,30.19034
IMG/center_2026_08_30_19_24_56_872.jpg,IMG/left_2026_08_30_19_24_56_872.jpg,IMG/right_2026_08_30_19_24_56_872.jpg,-0.1026072,1,0,30.18753
IMG/center_2026_08_30_19_24_56_974.jpg,IMG/left_2026_08_30_19_24_56_974.jpg,IMG/right_2026_08_30_19_24_56_974.jpg,-0.1239645,1,0,30.18909
IMG/center_2026_08_30_19_24_57_077.jpg,IMG/left_2026_08_30_19_24_57_077.jpg,IMG/right_2026_08_30_19_24_57_077.jpg,0,1,0,30.18983
IMG/center_2026_08_30_19_24_57_178.jpg,IMG/left_2026_08_30_19_24_57_178.jpg,IMG/right_2026_08_30_19_24_57_178.jpg,0,1,0,30.19024
IMG/center_2026_08_30_19_24_57_282.jpg,IMG/left_2026_08_30_19_24_57_282.jpg,IMG/right_2026_08_30_19_24_57_282.jpg,0,1,0,30.19027
IMG/center_2026_08_30_19_24_57_384.jpg,IMG/left_2026_08_30_19_24_57_384.jpg,IMG/right_2026_08_30_19_24_57_384.jpg,0,1,0,30.19042
IMG/center_2026_08_30_19_24_57_486.jpg,IMG/left_2026_08_30_19_24_57_486.jpg,IMG/right_2026_08_30_19_24_57_486.jpg,0,1,0,30.19027
IMG/center_2026_08_30_19_24_57_587.jpg,IMG/left_2026_08_30_19_24_57_587.jpg,IMG/right_2026_08_30_19_24_57_587.jpg,0,1,0,30.1903
IMG/center_2026_08_30_19_24_57_690.jpg,IMG/left_2026_08_30_19_24_57_690.jpg,IMG/right_2026_08_30_19_24_57_690.jpg,0,1,0,30.19034
IMG/center_2026_08_30_19_24_57_792.jpg,IMG/left_2026_08_30_19_24_57_792.jpg,IMG/right_2026_08_30_19_24_57_792.jpg,-0.1219476,1,0,30.18645
IMG/center_2026_08_30_19_24_57_897.jpg,IMG/left_2026_08_30_19_24_57_897.jpg,IMG/right_2026_08_30_19_24_57_897.jpg,0,1,0,30.19014
IMG/center_2026_08_30_19_24_57_999.jpg,IMG/left_2026_08_30_19_24_57_999.jpg,IMG/right_2026_08_30_19_24_57_999.jpg,0,1,0,30.19025
IMG/center_2026_08_30_19_24_58_105.jpg,IMG/left_2026_08_30_19_24_58_105.jpg,IMG/right_2026_08_30_19_24_58_105.jpg,0,1,0,30.19031
IMG/center_2026_08_30_19_24_58_205.jpg,IMG/left_2026_08_30_19_24_58_205.jpg,IMG/right_2026_08_30_19_24_58_205.jpg,0,1,0,30.19031
IMG/center_2026_08_30_19_24_58_309.jpg,IMG/left_2026_08_30_19_24_58_309.jpg,IMG/right_2026_08_30_19_24_58_309.jpg,-0.1923801,1,0,30.18061
IMG/center_2026_08_30_19_24_58_413.jpg,IMG/left_2026_08_30_19_24_58_413.jpg,IMG/right_2026_08_30_19_24_58_413.jpg,0,1,0,30.18997
IMG/center_2026_08_30_19_24_58_517.jpg,IMG/left_2026_08_30_19_24_58_517.jpg,IMG/right_2026_08_30_19_24_58_517.jpg,0,1,0,30.19026
IMG/center_2026_08_30_19_24_58_618.jpg,IMG/left_2026_08_30_19_24_58_618.jpg,IMG/right_2026_08_30_19_24_58_618.jpg,0,1,0,30.19029
IMG/center_2026_08_30_19_24_58_724.jpg,IMG/left_2026_08_30_19_24_58_724.jpg,IMG/right_2026_08_30_19_24_58_724.jpg,0,1,0,30.1903
IMG/center_2026_08_30_19_24_58_827.jpg,IMG/left_2026_08_30_19_24_58_827.jpg,IMG/right_2026_08_30_19_24_58_827.jpg,0,1,0,30.19032
IMG/center_2026_08_30_19_24_58_929.jpg,IMG/left_2026_08_30_19_24_58_929.jpg,IMG/right_2026_08_30_19_24_58_929.jpg,0,1,0,30.19033
IMG/center_2026_08_30_19_24_59_035.jpg,IMG/left_2026_08_30_19_24_59_035.jpg,IMG/right_2026_08_30_19_24_59_035.jpg,-0.0178215,1,0,30.19024
IMG/center_2026_08_30_19_24_59_139.jpg,IMG/left_2026_08_30_19_24_59_139.jpg,IMG/right_2026_08_30_19_24_59_139.jpg,-0.2350635,1,0,30.17614
IMG/center_2026_08_30_19_24_59_242.jpg,IMG/left_2026_08_30_19_24_59_242.jpg,IMG/right_2026_08_30_19_24_59_242.jpg,0,1,0,30.18918
IMG/center_2026_08_30_19_24_59_344.jpg,IMG/left_2026_08_30_19_24_59_344.jpg,IMG/right_2026_08_30_19_24_59_344.jpg,0,1,0,30.19006
IMG/center_2026_08_30_19_24_59_448.jpg,IMG/left_2026_08_30_19_24_59_448.jpg,IMG/right_2026_08_30_19_24_59_448.jpg,0,1,0,30.19032
IMG/center_2026_08_30_19_24_59_553.jpg,IMG/left_2026_08_30_19_24_59_553.jpg,IMG/right_2026_08_30_19_24_59_553.jpg,0,1,0,30.19029
IMG/center_2026_08_30_19_24_59_654.jpg,IMG/left_2026_08_30_19_24_59_654.jpg,IMG/right_2026_08_30_19_24_59_654.jpg,0,1,0,30.19029
IMG/center_2026_08_30_19_24_59_757.jpg,IMG/left_2026_08_30_19_24_59_757.jpg,IMG/right_2026_08_30_19_24_59_757.jpg,0,1,0,30.1903
IMG/center_2026_08_30_19_24_59_864.jpg,IMG/left_2026_08_30_19_24_59_864.jpg,IMG/right_2026_08_30_19_24_59_864.jpg,0,1,0,30.19032
IMG/center_2026_08_30_19_24_59_964.jpg,IMG/left_2026_08_30_19_24_59_964.jpg,IMG/right_2026_08_30_19_24_59_964.jpg,-0.2048226,1,0,30.17904
IMG/center_2026_08_30_19_25_00_068.jpg,IMG/left_2026_08_30_19_25_00_068.jpg,IMG/right_2026_08_30_19_25_00_068.jpg,0,1,0,30.18983
IMG/center_2026_08_30_19_25_00_169.jpg,IMG/left_2026_08_30_19_25_00_169.jpg,IMG/right_2026_08_30_19_25_00_169.jpg,0,1,0,30.19017
IMG/center_2026_08_30_19_25_00_275.jpg,IMG/left_2026_08_30_19_25_00_275.jpg,IMG/right_2026_08_30_19_25_00_275.jpg,0,1,0,30.19031
IMG/center_2026_08_30_19_25_00_381.jpg,IMG/left_2026_08_30_19_25_00_381.jpg,IMG/right_2026_08_30_19_25_00_381.jpg,-0.2250867,1,0,30.17754
IMG/center_2026_08_30_19_25_00_487.jpg,IMG/left_2026_08_30_19_25_00_487.jpg,IMG/right_2026_08_30_19_25_00_487.jpg,0,1,0,30.18983
IMG/center_2026_08_30_19_25_00_591.jpg,IMG/left_2026_08_30_19_25_00_591.jpg,IMG/right_2026_08_30_19_25_00_591.jpg,0,1,0,30.19055
IMG/center_2026_08_30_19_25_00_695.jpg,IMG/left_2026_08_30_19_25_00_695.jpg,IMG/right_2026_08_30_19_25_00_695.jpg,0,1,0,30.07493
IMG/center_2026_08_30_19_25_00_798.jpg,IMG/left_2026_08_30_19_25_00_798.jpg,IMG/right_2026_08_30_19_25_00_798.jpg,0,1,0,30.2542
IMG/center_2026_08_30_19_25_00_903.jpg,IMG/left_2026_08_30_19_25_00_903.jpg,IMG/right_2026_08_30_19_25_00_903.jpg,0,1,0,30.1836
IMG/center_2026_08_30_19_25_01_004.jpg,IMG/left_2026_08_30_19_25_01_004.jpg,IMG/right_2026_08_30_19_25_01_004.jpg,0,1,0,30.16466
IMG/center_2026_08_30_19_25_01_108.jpg,IMG/left_2026_08_30_19_25_01_108.jpg,IMG/right_2026_08_30_19_25_01_108.jpg,0,1,0,30.1883
IMG/center_2026_08_30_19_25_01_210.jpg,IMG/left_2026_08_30_19_25_01_210.jpg,IMG/right_2026_08_30_19_25_01_210.jpg,0,1,0,30.1898
IMG/center_2026_08_30_19_25_01_315.jpg,IMG/left_2026_08_30_19_25_01_315.jpg,IMG/right_2026_08_30_19_25_01_315.jpg,0,1,0,30.19003
IMG/center_2026_08_30_19_25_01_420.jpg,IMG/left_2026_08_30_19_25_01_420.jpg,IMG/right_2026_08_30_19_25_01_420.jpg,0,1,0,30.18999
IMG/center_2026_08_30_19_25_01_525.jpg,IMG/left_2026_08_30_19_25_01_525.jpg,IMG/right_2026_08_30_19_25_01_525.jpg,0,1,0,30.18996
IMG/center_2026_08_30_19_25_01_630.jpg,IMG/left_2026_08_30_19_25_01_630.jpg,IMG/right_2026_08_30_19_25_01_630.jpg,0,1,0,30.18996
IMG/center_2026_08_30_19_25_01_730.jpg,IMG/left_2026_08_30_19_25_01_730.jpg,IMG/right_2026_08_30_19_25_01_730.jpg,0,1,0,30.18993
IMG/center_2026_08_30_19_25_01_834.jpg,IMG/left_2026_08_30_19_25_01_834.jpg,IMG/right_2026_08_30_19_25_01_834.jpg,0.1575726,1,0,30.18305
IMG/center_2026_08_30_19_25_01_936.jpg,IMG/left_2026_08_30_19_25_01_936.jpg,IMG/right_2026_08_30_19_25_01_936.jpg,0,1,0,30.18948
IMG/center_2026_08_30_19_25_02_041.jpg,IMG/left_2026_08_30_19_25_02_041.jpg,IMG/right_2026_08_30_19_25_02_041.jpg,0,1,0,30.18986
IMG/center_2026_08_30_19_25_02_141.jpg,IMG/left_2026_08_30_19_25_02_141.jpg,IMG/right_2026_08_30_19_25_02_141.jpg,0,1,0,30.1899
IMG/center_2026_08_30_19_25_02_251.jpg,IMG/left_2026_08_30_19_25_02_251.jpg,IMG/right_2026_08_30_19_25_02_251.jpg,0,1,0,30.18991
IMG/center_2026_08_30_19_25_02_355.jpg,IMG/left_2026_08_30_19_25_02_355.jpg,IMG/right_2026_08_30_19_25_02_355.jpg,0,1,0,30.18991
IMG/center_2026_08_30_19_25_02_460.jpg,IMG/left_2026_08_30_19_25_02_460.jpg,IMG/right_2026_08_30_19_25_02_460.jpg,0,1,0,30.18988
IMG/center_2026_08_30_19_25_02_565.jpg,IMG/left_2026_08_30_19_25_02_565.jpg,IMG/right_2026_08_30_19_25_02_565.jpg,0,1,0,30.18992
IMG/center_2026_08_30_19_25_02_665.jpg,IMG/left_2026_08_30_19_25_02_665.jpg,IMG/right_2026_08_30_19_25_02_665.jpg,0,1,0,30.18989
IMG/center_2026_08_30_19_25_02_772.jpg,IMG/left_2026_08_30_19_25_02_772.jpg,IMG/right_2026_08_30_19_25_02_772.jpg,0,1,0,30.18991
IMG/center_2026_08_30_19_25_02_875.jpg,IMG/left_2026_08_30_19_25_02_875.jpg,IMG/right_2026_08_30_19_25_02_875.jpg,0,1,0,30.18988
IMG/center_2026_08_30_19_25_02_979.jpg,IMG/left_2026_08_30_19_25_02_979.jpg,IMG/right_2026_08_30_19_25_02_979.jpg,0,1,0,30.18992
IMG/center_2026_08_30_19_25_03_080.jpg,IMG/left_2026_08_30_19_25_03_080.jpg,IMG/right_2026_08_30_19_25_03_080.jpg,0,1,0,30.18994
IMG/center_2026_08_30_19_25_03_185.jpg,IMG/left_2026_08_30_19_25_03_185.jpg,IMG/right_2026_08_30_19_25_03_185.jpg,0,1,0,30.18992
IMG/center_2026_08_30_19_25_03_290.jpg,IMG/left_2026_08_30_19_25_03_290.jpg,IMG/right_2026_08_30_19_25_03_290.jpg,0,1,0,30.18992
IMG/center_2026_08_30_19_25_03_392.jpg,IMG/left_2026_08_30_19_25_03_392.jpg,IMG/right_2026_08_30_19_25_03_392.jpg,0,1,0,30.18989
IMG/center_2026_08_30_19_25_03_498.jpg,IMG/left_2026_08_30_19_25_03_498.jpg,IMG/right_2026_08_30_19_25_03_498.jpg,-0.0465852,1,0,30.18942
IMG/center_2026_08_30_19_25_03_599.jpg,IMG/left_2026_08_30_19_25_03_599.jpg,IMG/right_2026_08_30_19_25_03_599.jpg,-0.0296841,1,0,30.1901
IMG/center_2026_08_30_19_25_03_699.jpg,IMG/left_2026_08_30_19_25_03_699.jpg,IMG/right_2026_08_30_19_25_03_699.jpg,0,1,0,30.18982
IMG/center_2026_08_30_19_25_03_803.jpg,IMG/left_2026_08_30_19_25_03_803.jpg,IMG/right_2026_08_30_19_25_03_803.jpg,0,1,0,30.18989
IMG/center_2026_08_30_19_25_03_910.jpg,IMG/left_2026_08_30_19_25_03_910.jpg,IMG/right_2026_08_30_19_25_03_910.jpg,0,1,0,30.18995
IMG/center_2026_08_30_19_25_04_014.jpg,IMG/left_2026_08_30_19_25_04_014.jpg,IMG/right_2026_08_30_19_25_04_014.jpg,0,1,0,30.18994
IMG/center_2026_08_30_19_25_04_115.jpg,IMG/left_2026_08_30_19_25_04_115.jpg,IMG/right_2026_08_30_19_25_04_115.jpg,0,1,0,30.18995
IMG/center_2026_08_30_19_25_04_219.jpg,IMG/left_2026_08_30_19_25_04_219.jpg,IMG/right_2026_08_30_19_25_04_219.jpg,0,1,0,30.18995
IMG/center_2026_08_30_19_25_04_321.jpg,IMG/left_2026_08_30_19_25_04_321.jpg,IMG/right_2026_08_30_19_25_04_321.jpg,0,1,0,30.18993
IMG/center_2026_08_30_19_25_04_423.jpg,IMG/left_2026_08_30_19_25_04_423.jpg,IMG/right_2026_08_30_19_25_04_423.jpg,0,1,0,30.18993
IMG/center_2026_08_30_19_25_04_526.jpg,IMG/left_2026_08_30_19_25_04_526.jpg,IMG/right_2026_08_30_19_25_04_526.jpg,0,1,0,30.18996
IMG/center_2026_08_30_19_25_04_627.jpg,IMG/left_2026_08_30_19_25_04_627.jpg,IMG/right_2026_08_30_19_25_04_627.jpg,0,1,0,30.18996
IMG/center_2026_08_30_19_25_04_732.jpg,IMG/left_2026_08_30_19_25_04_732.jpg,IMG/right_2026_08_30_19_25_04_732.jpg,0,1,0,30.18995
IMG/center_2026_08_30_19_25_04_835.jpg,IMG/left_2026_08_30_19_25_04_835.jpg,IMG/right_2026_08_30_19_25_04_835.jpg,0,1,0,30.18994
IMG/center_2026_08_30_19_25_04_940.jpg,IMG/left_2026_08_30_19_25_04_940.jpg,IMG/right_2026_08_30_19_25_04_940.jpg,0,1,0,30.18992
IMG/center_2026_08_30_19_25_05_043.jpg,IMG/left_2026_08_30_19_25_05_043.jpg,IMG/right_2026_08_30_19_25_05_043.jpg,0,1,0,30.18994
IMG/center_2026_08_30_19_25_05_143.jpg,IMG/left_2026_08_30_19_25_05_143.jpg,IMG/right_2026_08_30_19_25_05_143.jpg,0,1,0,30.18996
IMG/center_2026_08_30_19_25_05_248.jpg,IMG/left_2026_08_30_19_25_05_248.jpg,IMG/right_2026_08_30_19_25_05_248.jpg,0,1,0,30.18995
IMG/center_2026_08_30_19_25_05_348.jpg,IMG/left_2026_08_30_19_25_05_348.jpg,IMG/right_2026_08_30_19_25_05_348.jpg,0,1,0,30.18995
IMG/center_2026_08_30_19_25_05_453.jpg,IMG/left_2026_08_30_19_25_05_453.jpg,IMG/right_2026_08_30_19_25_05_453.jpg,0,1,0,30.18993
IMG/center_2026_08_30_19_25_05_555.jpg,IMG/left_2026_08_30_19_25_05_555.jpg,IMG/right_2026_08_30_19_25_05_555.jpg,0,1,0,30.18993
IMG/center_2026_08_30_19_25_05_661.jpg,IMG/left_2026_08_30_19_25_05_661.jpg,IMG/right_2026_08_30_19_25_05_661.jpg,0,1,0,30.18996
IMG/center_2026_08_30_19_25_05_765.jpg,IMG/left_2026_08_30_19_25_05_765.jpg,IMG/right_2026_08_30_19_25_05_765.jpg,0,1,0,30.18995
IMG/center_2026_08_30_19_25_05_872.jpg,IMG/left_2026_08_30_19_25_05_872.jpg,IMG/right_2026_08_30_19_25_05_872.jpg,0,1,0,30.18993
IMG/center_2026_08_30_19_25_05_976.jpg,IMG/left_2026_08_30_19_25_05_976.jpg,IMG/right_2026_08_30_19_25_05_976.jpg,0,1,0,30.18996
IMG/center_2026_08_30_19_25_06_081.jpg,IMG/left_2026_08_30_19_25_06_081.jpg,IMG/right_2026_08_30_19_25_06_081.jpg,0,1,0,30.18996
IMG/center_2026_08_30_19_25_06_186.jpg,IMG/left_2026_08_30_19_25_06_186.jpg,IMG/right_2026_08_30_19_25_06_186.jpg,0,1,0,30.18995
IMG/center_2026_08_30_19_25_06_289.jpg,IMG/left_2026_08_30_19_25_06_289.jpg,IMG/right_2026_08_30_19_25_06_289.jpg,0,1,0,30.18994
IMG/center_2026_08_30_19_25_06_395.jpg,IMG/left_2026_08_30_19_25_06_395.jpg,IMG/right_2026_08_30_19_25_06_395.jpg,0,1,0,30.18995
IMG/center_2026_08_30_19_25_06_495.jpg,IMG/left_2026_08_30_19_25_06_495.jpg,IMG/right_2026_08_30_19_25_06_495.jpg,0,1,0,30.18997
IMG/center_2026_08_30_19_25_06_596.jpg,IMG/left_2026_08_30_19_25_06_596.jpg,IMG/right_2026_08_30_19_25_06_596.jpg,0,1,0,30.18995
IMG/center_2026_08_30_19_25_06_701.jpg,IMG/left_2026_08_30_19_25_06_701.jpg,IMG/right_2026_08_30_19_25_06_701.jpg,0,1,0,30.18994
IMG/center_2026_08_30_19_25_06_807.jpg,IMG/left_2026_08_30_19_25_06_807.jpg,IMG/right_2026_08_30_19_25_06_807.jpg,0,1,0,30.18991
IMG/center_2026_08_30_19_25_06_908.jpg,IMG/left_2026_08_30_19_25_06_908.jpg,IMG/right_2026_08_30_19_25_06_908.jpg,0,1,0,30.18993
IMG/center_2026_08_30_19_25_07_016.jpg,IMG/left_2026_08_30_19_25_07_016.jpg,IMG/right_2026_08_30_19_25_07_016.jpg,0,1,0,30.18993
IMG/center_2026_08_30_19_25_07_122.jpg,IMG/left_2026_08_30_19_25_07_122.jpg,IMG/right_2026_08_30_19_25_07_122.jpg,0,1,0,30.18995
IMG/center_2026_08_30_19_25_07_223.jpg,IMG/left_2026_08_30_19_25_07_223.jpg,IMG/right_2026_08_30_19_25_07_223.jpg,0,1,0,30.18992
IMG/center_2026_08_30_19_25_07_322.jpg,IMG/left_2026_08_30_19_25_07_322.jpg,IMG/right_2026_08_30_19_25_07_322.jpg,0,1,0,30.18995
IMG/center_2026_08_30_19_25_07_429.jpg,IMG/left_2026_08_30_19_25_07_429.jpg,IMG/right_2026_08_30_19_25_07_429.jpg,0,1,0,30.18993
IMG/center_2026_08_30_19_25_07_532.jpg,IMG/left_2026_08_30_19_25_07_532.jpg,IMG/right_2026_08_30_19_25_07_532.jpg,0,1,0,30.18995
IMG/center_2026_08_30_19_25_07_637.jpg,IMG/left_2026_08_30_19_25_07_637.jpg,IMG/right_2026_08_30_19_25_07_637.jpg,0,1,0,30.18994
IMG/center_2026_08_30_19_25_07_742.jpg,IMG/left_2026_08_30_19_25_07_742.jpg,IMG/right_2026_08_30_19_25_07_742.jpg,0,1,0,30.18995
IMG/center_2026_08_30_19_25_07_845.jpg,IMG/left_2026_08_30_19_25_07_845.jpg,IMG/right_2026_08_30_19_25_07_845.jpg,0,1,0,30.18996
IMG/center_2026_08_30_19_25_07_951.jpg,IMG/left_2026_08_30_19_25_07_951.jpg,IMG/right_2026_08_30_19_25_07_951.jpg,0,1,0,30.18994
IMG/center_2026_08_30_19_25_08_058.jpg,IMG/left_2026_08_30_19_25_08_058.jpg,IMG/right_2026_08_30_19_25_08_058.jpg,-0.074157,1,0,30.18867
IMG/center_2026_08_30_19_25_08_159.jpg,IMG/left_2026_08_30_19_25_08_159.jpg,IMG/right_2026_08_30_19_25_08_159.jpg,-0.08992711,1,0,30.18929
IMG/center_2026_08_30_19_25_08_260.jpg,IMG/left_2026_08_30_19_25_08_260.jpg,IMG/right_2026_08_30_19_25_08_260.jpg,0,1,0,30.18972
IMG/center_2026_08_30_19_25_08_366.jpg,IMG/left_2026_08_30_19_25_08_366.jpg,IMG/right_2026_08_30_19_25_08_366.jpg,0,1,0,30.18998
IMG/center_2026_08_30_19_25_08_467.jpg,IMG/left_2026_08_30_19_25_08_467.jpg,IMG/right_2026_08_30_19_25_08_467.jpg,0,1,0,30.19
IMG/center_2026_08_30_19_25_08_568.jpg,IMG/left_2026_08_30_19_25_08_568.jpg,IMG/right_2026_08_30_19_25_08_568.jpg,0,1,0,30.19
IMG/center_2026_08_30_19_25_08_675.jpg,IMG/left_2026_08_30_19_25_08_675.jpg,IMG/right_2026_08_30_19_25_08_675.jpg,0,1,0,30.18999
IMG/center_2026_08_30_19_25_08_775.jpg,IMG/left_2026_08_30_19_25_08_775.jpg,IMG/right_2026_08_30_19_25_08_775.jpg,0,1,0,30.0631
IMG/center_2026_08_30_19_25_08_881.jpg,IMG/left_2026_08_30_19_25_08_881.jpg,IMG/right_2026_08_30_19_25_08_881.jpg,0,1,0,30.13786
IMG/center_2026_08_30_19_25_08_987.jpg,IMG/left_2026_08_30_19_25_08_987.jpg,IMG/right_2026_08_30_19_25_08_987.jpg,-0.0677508,1,0,30.06511
IMG/center_2026_08_30_19_25_09_088.jpg,IMG/left_2026_08_30_19_25_09_088.jpg,IMG/right_2026_08_30_19_25_09_088.jpg,-0.271284,1,0,29.91422
IMG/center_2026_08_30_19_25_09_188.jpg,IMG/left_2026_08_30_19_25_09_188.jpg,IMG/right_2026_08_30_19_25_09_188.jpg,0,1,0,30.18827
IMG/center_2026_08_30_19_25_09_290.jpg,IMG/left_2026_08_30_19_25_09_290.jpg,IMG/right_2026_08_30_19_25_09_290.jpg,0,1,0,30.19004
IMG/center_2026_08_30_19_25_09_397.jpg,IMG/left_2026_08_30_19_25_09_397.jpg,IMG/right_2026_08_30_19_25_09_397.jpg,0,1,0,30.19059
IMG/center_2026_08_30_19_25_09_499.jpg,IMG/left_2026_08_30_19_25_09_499.jpg,IMG/right_2026_08_30_19_25_09_499.jpg,0,1,0,30.19042
IMG/center_2026_08_30_19_25_09_604.jpg,IMG/left_2026_08_30_19_25_09_604.jpg,IMG/right_2026_08_30_19_25_09_604.jpg,0,1,0,30.19031
IMG/center_2026_08_30_19_25_09_711.jpg,IMG/left_2026_08_30_19_25_09_711.jpg,IMG/right_2026_08_30_19_25_09_711.jpg,0,1,0,30.19031
IMG/center_2026_08_30_19_25_09_815.jpg,IMG/left_2026_08_30_19_25_09_815.jpg,IMG/right_2026_08_30_19_25_09_815.jpg,0,1,0,30.19031
IMG/center_2026_08_30_19_25_09_919.jpg,IMG/left_2026_08_30_19_25_09_919.jpg,IMG/right_2026_08_30_19_25_09_919.jpg,0,1,0,30.19028
IMG/center_2026_08_30_19_25_10_022.jpg,IMG/left_2026_08_30_19_25_10_022.jpg,IMG/right_2026_08_30_19_25_10_022.jpg,0,1,0,30.19026
IMG/center_2026_08_30_19_25_10_129.jpg,IMG/left_2026_08_30_19_25_10_129.jpg,IMG/right_2026_08_30_19_25_10_129.jpg,-0.07726561,1,0,30.18885
IMG/center_2026_08_30_19_25_10_230.jpg,IMG/left_2026_08_30_19_25_10_230.jpg,IMG/right_2026_08_30_19_25_10_230.jpg,-0.0591504,1,0,30.19062
IMG/center_2026_08_30_19_25_10_336.jpg,IMG/left_2026_08_30_19_25_10_336.jpg,IMG/right_2026_08_30_19_25_10_336.jpg,0,1,0,30.19018
IMG/center_2026_08_30_19_25_10_440.jpg,IMG/left_2026_08_30_19_25_10_440.jpg,IMG/right_2026_08_30_19_25_10_440.jpg,0,1,0,30.1903
IMG/center_2026_08_30_19_25_10_543.jpg,IMG/left_2026_08_30_19_25_10_543.jpg,IMG/right_2026_08_30_19_25_10_543.jpg,0,1,0,30.19031
IMG/center_2026_08_30_19_25_10_645.jpg,IMG/left_2026_08_30_19_25_10_645.jpg,IMG/right_2026_08_30_19_25_10_645.jpg,0,1,0,30.19021
IMG/center_2026_08_30_19_25_10_747.jpg,IMG/left_2026_08_30_19_25_10_747.jpg,IMG/right_2026_08_30_19_25_10_747.jpg,0,1,0,30.19031
IMG/center_2026_08_30_19_25_10_848.jpg,IMG/left_2026_08_30_19_25_10_848.jpg,IMG/right_2026_08_30_19_25_10_848.jpg,-0.1086711,1,0,30.18703
IMG/center_2026_08_30_19_25_10_954.jpg,IMG/left_2026_08_30_19_25_10_954.jpg,IMG/right_2026_08_30_19_25_10_954.jpg,-0.2493852,1,0,30.18271
IMG/center_2026_08_30_19_25_11_061.jpg,IMG/left_2026_08_30_19_25_11_061.jpg,IMG/right_2026_08_30_19_25_11_061.jpg,0,1,0,30.18886
IMG/center_2026_08_30_19_25_11_165.jpg,IMG/left_2026_08_30_19_25_11_165.jpg,IMG/right_2026_08_30_19_25_11_165.jpg,0,1,0,30.18962
IMG/center_2026_08_30_19_25_11_276.jpg,IMG/left_2026_08_30_19_25_11_276.jpg,IMG/right_2026_08_30_19_25_11_276.jpg,0,1,0,30.19012
IMG/center_2026_08_30_19_25_11_373.jpg,IMG/left_2026_08_30_19_25_11_373.jpg,IMG/right_2026_08_30_19_25_11_373.jpg,0,1,0,30.19013
IMG/center_2026_08_30_19_25_11_477.jpg,IMG/left_2026_08_30_19_25_11_477.jpg,IMG/right_2026_08_30_19_25_11_477.jpg,0,1,0,30.19038
IMG/center_2026_08_30_19_25_11_581.jpg,IMG/left_2026_08_30_19_25_11_581.jpg,IMG/right_2026_08_30_19_25_11_581.jpg,-0.2941914,1,0,30.16797
IMG/center_2026_08_30_19_25_11_687.jpg,IMG/left_2026_08_30_19_25_11_687.jpg,IMG/right_2026_08_30_19_25_11_687.jpg,-0.04285168,1,0,30.19058
IMG/center_2026_08_30_19_25_11_795.jpg,IMG/left_2026_08_30_19_25_11_795.jpg,IMG/right_2026_08_30_19_25_11_795.jpg,0,1,0,30.19007
IMG/center_2026_08_30_19_25_11_899.jpg,IMG/left_2026_08_30_19_25_11_899.jpg,IMG/right_2026_08_30_19_25_11_899.jpg,0,1,0,30.18974
IMG/center_2026_08_30_19_25_12_002.jpg,IMG/left_2026_08_30_19_25_12_002.jpg,IMG/right_2026_08_30_19_25_12_002.jpg,0,1,0,30.19041
IMG/center_2026_08_30_19_25_12_105.jpg,IMG/left_2026_08_30_19_25_12_105.jpg,IMG/right_2026_08_30_19_25_12_105.jpg,-0.2060859,1,0,30.17871
IMG/center_2026_08_30_19_25_12_208.jpg,IMG/left_2026_08_30_19_25_12_208.jpg,IMG/right_2026_08_30_19_25_12_208.jpg,-0.2358665,1,0,30.1854
IMG/center_2026_08_30_19_25_12_315.jpg,IMG/left_2026_08_30_19_25_12_315.jpg,IMG/right_2026_08_30_19_25_12_315.jpg,0,1,0,30.18882
IMG/center_2026_08_30_19_25_12_416.jpg,IMG/left_2026_08_30_19_25_12_416.jpg,IMG/right_2026_08_30_19_25_12_416.jpg,0,1,0,30.19043
IMG/center_2026_08_30_19_25_12_519.jpg,IMG/left_2026_08_30_19_25_12_519.jpg,IMG/right_2026_08_30_19_25_12_519.jpg,0,1,0,30.19023
IMG/center_2026_08_30_19_25_12_623.jpg,IMG/left_2026_08_30_19_25_12_623.jpg,IMG/right_2026_08_30_19_25_12_623.jpg,-0.1216083,1,0,30.18695
IMG/center_2026_08_30_19_25_12_724.jpg,IMG/left_2026_08_30_19_25_12_724.jpg,IMG/right_2026_08_30_19_25_12_724.jpg,-0.4223628,1,0,30.15273
IMG/center_2026_08_30_19_25_12_826.jpg,IMG/left_2026_08_30_19_25_12_826.jpg,IMG/right_2026_08_30_19_25_12_826.jpg,-0.1359183,1,0,30.19227
IMG/center_2026_08_30_19_25_12_927.jpg,IMG/left_2026_08_30_19_25_12_927.jpg,IMG/right_2026_08_30_19_25_12_927.jpg,0,1,0,30.19006
IMG/center_2026_08_30_19_25_13_032.jpg,IMG/left_2026_08_30_19_25_13_032.jpg,IMG/right_2026_08_30_19_25_13_032.jpg,0,1,0,30.1905
IMG/center_2026_08_30_19_25_13_133.jpg,IMG/left_2026_08_30_19_25_13_133.jpg,IMG/right_2026_08_30_19_25_13_133.jpg,-0.3021156,1,0,30.16983
IMG/center_2026_08_30_19_25_13_238.jpg,IMG/left_2026_08_30_19_25_13_238.jpg,IMG/right_2026_08_30_19_25_13_238.jpg,-0.5185521,1,0,30.14458
IMG/center_2026_08_30_19_25_13_346.jpg,IMG/left_2026_08_30_19_25_13_346.jpg,IMG/right_2026_08_30_19_25_13_346.jpg,-0.2191716,1,0,30.19459
IMG/center_2026_08_30_19_25_13_453.jpg,IMG/left_2026_08_30_19_25_13_453.jpg,IMG/right_2026_08_30_19_25_13_453.jpg,0,1,0,30.18615
IMG/center_2026_08_30_19_25_13_565.jpg,IMG/left_2026_08_30_19_25_13_565.jpg,IMG/right_2026_08_30_19_25_13_565.jpg,-0.1628532,1,0,30.18651
IMG/center_2026_08_30_19_25_13_670.jpg,IMG/left_2026_08_30_19_25_13_670.jpg,IMG/right_2026_08_30_19_25_13_670.jpg,-0.4698975,1,0,30.14961
IMG/center_2026_08_30_19_25_13_776.jpg,IMG/left_2026_08_30_19_25_13_776.jpg,IMG/right_2026_08_30_19_25_13_776.jpg,-0.1527126,1,0,30.19178
IMG/center_2026_08_30_19_25_13_880.jpg,IMG/left_2026_08_30_19_25_13_880.jpg,IMG/right_2026_08_30_19_25_13_880.jpg,0,1,0,30.18895
IMG/center_2026_08_30_19_25_13_986.jpg,IMG/left_2026_08_30_19_25_13_986.jpg,IMG/right_2026_08_30_19_25_13_986.jpg,-0.206094,1,0,30.18403
IMG/center_2026_08_30_19_25_14_094.jpg,IMG/left_2026_08_30_19_25_14_094.jpg,IMG/right_2026_08_30_19_25_14_094.jpg,-0.5551878,1,0,30.13821
IMG/center_2026_08_30_19_25_14_199.jpg,IMG/left_2026_08_30_19_25_14_199.jpg,IMG/right_2026_08_30_19_25_14_199.jpg,-0.2379999,1,0,30.19469
IMG/center_2026_08_30_19_25_14_307.jpg,IMG/left_2026_08_30_19_25_14_307.jpg,IMG/right_2026_08_30_19_25_14_307.jpg,-0.0516651,1,0,30.18863
IMG/center_2026_08_30_19_25_14_408.jpg,IMG/left_2026_08_30_19_25_14_408.jpg,IMG/right_2026_08_30_19_25_14_408.jpg,-0.3296991,1,0,30.17721
IMG/center_2026_08_30_19_25_14_516.jpg,IMG/left_2026_08_30_19_25_14_516.jpg,IMG/right_2026_08_30_19_25_14_516.jpg,-0.2643909,1,0,30.19107
IMG/center_2026_08_30_19_25_14_617.jpg,IMG/left_2026_08_30_19_25_14_617.jpg,IMG/right_2026_08_30_19_25_14_617.jpg,0,1,0,30.18593
IMG/center_2026_08_30_19_25_14_726.jpg,IMG/left_2026_08_30_19_25_14_726.jpg,IMG/right_2026_08_30_19_25_14_726.jpg,-0.06408,1,0,30.19054
IMG/center_2026_08_30_19_25_14_834.jpg,IMG/left_2026_08_30_19_25_14_834.jpg,IMG/right_2026_08_30_19_25_14_834.jpg,-0.4266978,1,0,30.15659
IMG/center_2026_08_30_19_25_14_934.jpg,IMG/left_2026_08_30_19_25_14_934.jpg,IMG/right_2026_08_30_19_25_14_934.jpg,-0.2679399,1,0,30.1907
IMG/center_2026_08_30_19_25_15_036.jpg,IMG/left_2026_08_30_19_25_15_036.jpg,IMG/right_2026_08_30_19_25_15_036.jpg,0,1,0,30.18836
IMG/center_2026_08_30_19_25_15_137.jpg,IMG/left_2026_08_30_19_25_15_137.jpg,IMG/right_2026_08_30_19_25_15_137.jpg,-0.1583316,1,0,30.18805
IMG/center_2026_08_30_19_25_15_246.jpg,IMG/left_2026_08_30_19_25_15_246.jpg,IMG/right_2026_08_30_19_25_15_246.jpg,-0.289665,1,0,30.17886
IMG/center_2026_08_30_19_25_15_352.jpg,IMG/left_2026_08_30_19_25_15_352.jpg,IMG/right_2026_08_30_19_25_15_352.jpg,0,1,0,30.18887
IMG/center_2026_08_30_19_25_15_458.jpg,IMG/left_2026_08_30_19_25_15_458.jpg,IMG/right_2026_08_30_19_25_15_458.jpg,0,1,0,30.19017
IMG/center_2026_08_30_19_25_15_565.jpg,IMG/left_2026_08_30_19_25_15_565.jpg,IMG/right_2026_08_30_19_25_15_565.jpg,-0.2481675,1,0,30.1769
IMG/center_2026_08_30_19_25_15_671.jpg,IMG/left_2026_08_30_19_25_15_671.jpg,IMG/right_2026_08_30_19_25_15_671.jpg,-0.2979138,1,0,30.18261
IMG/center_2026_08_30_19_25_15_780.jpg,IMG/left_2026_08_30_19_25_15_780.jpg,IMG/right_2026_08_30_19_25_15_780.jpg,0,1,0,30.18768
IMG/center_2026_08_30_19_25_15_886.jpg,IMG/left_2026_08_30_19_25_15_886.jpg,IMG/right_2026_08_30_19_25_15_886.jpg,0,1,0,30.19004
IMG/center_2026_08_30_19_25_15_990.jpg,IMG/left_2026_08_30_19_25_15_990.jpg,IMG/right_2026_08_30_19_25_15_990.jpg,0,1,0,30.19029
IMG/center_2026_08_30_19_25_16_090.jpg,IMG/left_2026_08_30_19_25_16_090.jpg,IMG/right_2026_08_30_19_25_16_090.jpg,-0.1428204,1,0,30.18532
IMG/center_2026_08_30_19_25_16_199.jpg,IMG/left_2026_08_30_19_25_16_199.jpg,IMG/right_2026_08_30_19_25_16_199.jpg,-0.4122414,1,0,30.15887
IMG/center_2026_08_30_19_25_16_299.jpg,IMG/left_2026_08_30_19_25_16_299.jpg,IMG/right_2026_08_30_19_25_16_299.jpg,-0.1102173,1,0,30.19264
IMG/center_2026_08_30_19_25_16_404.jpg,IMG/left_2026_08_30_19_25_16_404.jpg,IMG/right_2026_08_30_19_25_16_404.jpg,0,1,0,30.18899
IMG/center_2026_08_30_19_25_16_515.jpg,IMG/left_2026_08_30_19_25_16_515.jpg,IMG/right_2026_08_30_19_25_16_515.jpg,0,1,0,30.19032
IMG/center_2026_08_30_19_25_16_617.jpg,IMG/left_2026_08_30_19_25_16_617.jpg,IMG/right_2026_08_30_19_25_16_617.jpg,0,1,0,30.19028
IMG/center_2026_08_30_19_25_16_720.jpg,IMG/left_2026_08_30_19_25_16_720.jpg,IMG/right_2026_08_30_19_25_16_720.jpg,0,1,0,30.1903
IMG/center_2026_08_30_19_25_16_827.jpg,IMG/left_2026_08_30_19_25_16_827.jpg,IMG/right_2026_08_30_19_25_16_827.jpg,0,1,0,30.1903
IMG/center_2026_08_30_19_25_16_930.jpg,IMG/left_2026_08_30_19_25_16_930.jpg,IMG/right_2026_08_30_19_25_16_930.jpg,0,1,0,30.19031
IMG/center_2026_08_30_19_25_17_035.jpg,IMG/left_2026_08_30_19_25_17_035.jpg,IMG/right_2026_08_30_19_25_17_035.jpg,0,1,0,30.19034
IMG/center_2026_08_30_19_25_17_136.jpg,IMG/left_2026_08_30_19_25_17_136.jpg,IMG/right_2026_08_30_19_25_17_136.jpg,0,1,0,30.19031
IMG/center_2026_08_30_19_25_17_240.jpg,IMG/left_2026_08_30_19_25_17_240.jpg,IMG/right_2026_08_30_19_25_17_240.jpg,-0.2940552,1,0,30.16829
IMG/center_2026_08_30_19_25_17_341.jpg,IMG/left_2026_08_30_19_25_17_341.jpg,IMG/right_2026_08_30_19_25_17_341.jpg,0,1,0,30.18923
IMG/center_2026_08_30_19_25_17_444.jpg,IMG/left_2026_08_30_19_25_17_444.jpg,IMG/right_2026_08_30_19_25_17_444.jpg,0,1,0,30.19005
IMG/center_2026_08_30_19_25_17_551.jpg,IMG/left_2026_08_30_19_25_17_551.jpg,IMG/right_2026_08_30_19_25_17_551.jpg,0,1,0,30.19029
IMG/center_2026_08_30_19_25_17_656.jpg,IMG/left_2026_08_30_19_25_17_656.jpg,IMG/right_2026_08_30_19_25_17_656.jpg,0,1,0,30.19029
IMG/center_2026_08_30_19_25_17_763.jpg,IMG/left_2026_08_30_19_25_17_763.jpg,IMG/right_2026_08_30_19_25_17_763.jpg,0,1,0,30.19031
IMG/center_2026_08_30_19_25_17_868.jpg,IMG/left_2026_08_30_19_25_17_868.jpg,IMG/right_2026_08_30_19_25_17_868.jpg,0,1,0,30.19029
IMG/center_2026_08_30_19_25_17_975.jpg,IMG/left_2026_08_30_19_25_17_975.jpg,IMG/right_2026_08_30_19_25_17_975.jpg,0,1,0,30.19031
IMG/center_2026_08_30_19_25_18_082.jpg,IMG/left_2026_08_30_19_25_18_082.jpg,IMG/right_2026_08_30_19_25_18_082.jpg,0,1,0,30.19032
IMG/center_2026_08_30_19_25_18_187.jpg,IMG/left_2026_08_30_19_25_18_187.jpg,IMG/right_2026_08_30_19_25_18_187.jpg,0,1,0,30.19036
IMG/center_2026_08_30_19_25_18_288.jpg,IMG/left_2026_08_30_19_25_18_288.jpg,IMG/right_2026_08_30_19_25_18_288.jpg,0,1,0,30.19031
IMG/center_2026_08_30_19_25_18_390.jpg,IMG/left_2026_08_30_19_25_18_390.jpg,IMG/right_2026_08_30_19_25_18_390.jpg,0,1,0,30.19035
IMG/center_2026_08_30_19_25_18_497.jpg,IMG/left_2026_08_30_19_25_18_497.jpg,IMG/right_2026_08_30_19_25_18_497.jpg,0,1,0,30.19029
IMG/center_2026_08_30_19_25_18_600.jpg,IMG/left_2026_08_30_19_25_18_600.jpg,IMG/right_2026_08_30_19_25_18_600.jpg,0,1,0,30.19029
IMG/center_2026_08_30_19_25_18_702.jpg,IMG/left_2026_08_30_19_25_18_702.jpg,IMG/right_2026_08_30_19_25_18_702.jpg,0,1,0,30.19034
IMG/center_2026_08_30_19_25_18_808.jpg,IMG/left_2026_08_30_19_25_18_808.jpg,IMG/right_2026_08_30_19_25_18_808.jpg,0,1,0,30.19029
IMG/center_2026_08_30_19_25_18_911.jpg,IMG/left_2026_08_30_19_25_18_911.jpg,IMG/right_2026_08_30_19_25_18_911.jpg,0,1,0,30.19029
IMG/center_2026_08_30_19_25_19_020.jpg,IMG/left_2026_08_30_19_25_19_020.jpg,IMG/right_2026_08_30_19_25_19_020.jpg,0,1,0,30.19029
IMG/center_2026_08_30_19_25_19_122.jpg,IMG/left_2026_08_30_19_25_19_122.jpg,IMG/right_2026_08_30_19_25_19_122.jpg,0,1,0,30.19031
IMG/center_2026_08_30_19_25_19_227.jpg,IMG/left_2026_08_30_19_25_19_227.jpg,IMG/right_2026_08_30_19_25_19_227.jpg,0,1,0,30.1903
IMG/center_2026_08_30_19_25_19_329.jpg,IMG/left_2026_08_30_19_25_19_329.jpg,IMG/right_2026_08_30_19_25_19_329.jpg,0,1,0,30.1903
IMG/center_2026_08_30_19_25_19_432.jpg,IMG/left_2026_08_30_19_25_19_432.jpg,IMG/right_2026_08_30_19_25_19_432.jpg,0,1,0,30.19029
IMG/center_2026_08_30_19_25_19_534.jpg,IMG/left_2026_08_30_19_25_19_534.jpg,IMG/right_2026_08_30_19_25_19_534.jpg,0,1,0,30.1903
IMG/center_2026_08_30_19_25_19_639.jpg,IMG/left_2026_08_30_19_25_19_639.jpg,IMG/right_2026_08_30_19_25_19_639.jpg,0,1,0,30.19032
IMG/center_2026_08_30_19_25_19_742.jpg,IMG/left_2026_08_30_19_25_19_742.jpg,IMG/right_2026_08_30_19_25_19_742.jpg,0,1,0,30.19028
IMG/center_2026_08_30_19_25_19_844.jpg,IMG/left_2026_08_30_19_25_19_844.jpg,IMG/right_2026_08_30_19_25_19_844.jpg,0,1,0,30.19031
IMG/center_2026_08_30_19_25_19_948.jpg,IMG/left_2026_08_30_19_25_19_948.jpg,IMG/right_2026_08_30_19_25_19_948.jpg,0,1,0,30.19029
IMG/center_2026_08_30_19_25_20_053.jpg,IMG/left_2026_08_30_19_25_20_053.jpg,IMG/right_2026_08_30_19_25_20_053.jpg,0,1,0,30.1903
IMG/center_2026_08_30_19_25_20_155.jpg,IMG/left_2026_08_30_19_25_20_155.jpg,IMG/right_2026_08_30_19_25_20_155.jpg,0,1,0,30.19031
IMG/center_2026_08_30_19_25_20_258.jpg,IMG/left_2026_08_30_19_25_20_258.jpg,IMG/right_2026_08_30_19_25_20_258.jpg,0,1,0,30.1903
IMG/center_2026_08_30_19_25_20_362.jpg,IMG/left_2026_08_30_19_25_20_362.jpg,IMG/right_2026_08_30_19_25_20_362.jpg,0,1,0,30.1903
IMG/center_2026_08_30_19_25_20_465.jpg,IMG/left_2026_08_30_19_25_20_465.jpg,IMG/right_2026_08_30_19_25_20_465.jpg,0,1,0,30.1903
IMG/center_2026_08_30_19_25_20_571.jpg,IMG/left_2026_08_30_19_25_20_571.jpg,IMG/right_2026_08_30_19_25_20_571.jpg,0,1,0,30.19029
IMG/center_2026_08_30_19_25_20_678.jpg,IMG/left_2026_08_30_19_25_20_678.jpg,IMG/right_2026_08_30_19_25_20_678.jpg,0,1,0,30.1903
IMG/center_2026_08_30_19_25_20_782.jpg,IMG/left_2026_08_30_19_25_20_782.jpg,IMG/right_2026_08_30_19_25_20_782.jpg,0,1,0,30.1903
IMG/center_2026_08_30_19_25_20_883.jpg,IMG/left_2026_08_30_19_25_20_883.jpg,IMG/right_2026_08_30_19_25_20_883.jpg,0,1,0,30.1903
IMG/center_2026_08_30_19_25_20_989.jpg,IMG/left_2026_08_30_19_25_20_989.jpg,IMG/right_2026_08_30_19_25_20_989.jpg,0,1,0,30.19028
IMG/center_2026_08_30_19_25_21_094.jpg,IMG/left_2026_08_30_19_25_21_094.jpg,IMG/right_2026_08_30_19_25_21_094.jpg,0,1,0,30.19031
IMG/center_2026_08_30_19_25_21_195.jpg,IMG/left_2026_08_30_19_25_21_195.jpg,IMG/right_2026_08_30_19_25_21_195.jpg,0,1,0,30.19037
IMG/center_2026_08_30_19_25_21_300.jpg,IMG/left_2026_08_30_19_25_21_300.jpg,IMG/right_2026_08_30_19_25_21_300.jpg,0,1,0,30.19027
IMG/center_2026_08_30_19_25_21_407.jpg,IMG/left_2026_08_30_19_25_21_407.jpg,IMG/right_2026_08_30_19_25_21_407.jpg,0,1,0,30.1903
IMG/center_2026_08_30_19_25_21_510.jpg,IMG/left_2026_08_30_19_25_21_510.jpg,IMG/right_2026_08_30_19_25_21_510.jpg,0,1,0,30.1903
IMG/center_2026_08_30_19_25_21_612.jpg,IMG/left_2026_08_30_19_25_21_612.jpg,IMG/right_2026_08_30_19_25_21_612.jpg,0.1660434,1,0,30.183
IMG/center_2026_08_30_19_25_21_719.jpg,IMG/left_2026_08_30_19_25_21_719.jpg,IMG/right_2026_08_30_19_25_21_719.jpg,0.4870152,1,0,30.14225
IMG/center_2026_08_30_19_25_21_823.jpg,IMG/left_2026_08_30_19_25_21_823.jpg,IMG/right_2026_08_30_19_25_21_823.jpg,0.1959564,1,0,30.1919
IMG/center_2026_08_30_19_25_21_928.jpg,IMG/left_2026_08_30_19_25_21_928.jpg,IMG/right_2026_08_30_19_25_21_928.jpg,0,1,0,30.18721
IMG/center_2026_08_30_19_25_22_033.jpg,IMG/left_2026_08_30_19_25_22_033.jpg,IMG/right_2026_08_30_19_25_22_033.jpg,0,1,0,30.18983
IMG/center_2026_08_30_19_25_22_139.jpg,IMG/left_2026_08_30_19_25_22_139.jpg,IMG/right_2026_08_30_19_25_22_139.jpg,0,1,0,30.19014
IMG/center_2026_08_30_19_25_22_243.jpg,IMG/left_2026_08_30_19_25_22_243.jpg,IMG/right_2026_08_30_19_25_22_243.jpg,0,1,0,30.19013
IMG/center_2026_08_30_19_25_22_348.jpg,IMG/left_2026_08_30_19_25_22_348.jpg,IMG/right_2026_08_30_19_25_22_348.jpg,0,1,0,30.1906
IMG/center_2026_08_30_19_25_22_454.jpg,IMG/left_2026_08_30_19_25_22_454.jpg,IMG/right_2026_08_30_19_25_22_454.jpg,0.3183027,1,0,30.16516
IMG/center_2026_08_30_19_25_22_556.jpg,IMG/left_2026_08_30_19_25_22_556.jpg,IMG/right_2026_08_30_19_25_22_556.jpg,0.3535362,1,0,30.17563
IMG/center_2026_08_30_19_25_22_658.jpg,IMG/left_2026_08_30_19_25_22_658.jpg,IMG/right_2026_08_30_19_25_22_658.jpg,0.06611815,1,0,30.19069
IMG/center_2026_08_30_19_25_22_761.jpg,IMG/left_2026_08_30_19_25_22_761.jpg,IMG/right_2026_08_30_19_25_22_761.jpg,0,1,0,30.18914
IMG/center_2026_08_30_19_25_22_865.jpg,IMG/left_2026_08_30_19_25_22_865.jpg,IMG/right_2026_08_30_19_25_22_865.jpg,0,1,0,30.19023
IMG/center_2026_08_30_19_25_22_969.jpg,IMG/left_2026_08_30_19_25_22_969.jpg,IMG/right_2026_08_30_19_25_22_969.jpg,0,1,0,30.19004
IMG/center_2026_08_30_19_25_23_071.jpg,IMG/left_2026_08_30_19_25_23_071.jpg,IMG/right_2026_08_30_19_25_23_071.jpg,0.0514356,1,0,30.19015
IMG/center_2026_08_30_19_25_23_172.jpg,IMG/left_2026_08_30_19_25_23_172.jpg,IMG/right_2026_08_30_19_25_23_172.jpg,0.411064,1,0,30.15326
IMG/center_2026_08_30_19_25_23_278.jpg,IMG/left_2026_08_30_19_25_23_278.jpg,IMG/right_2026_08_30_19_25_23_278.jpg,0.2102568,1,0,30.1915
IMG/center_2026_08_30_19_25_23_381.jpg,IMG/left_2026_08_30_19_25_23_381.jpg,IMG/right_2026_08_30_19_25_23_381.jpg,0,1,0,30.18761
IMG/center_2026_08_30_19_25_23_480.jpg,IMG/left_2026_08_30_19_25_23_480.jpg,IMG/right_2026_08_30_19_25_23_480.jpg,0.2203683,1,0,30.18372
IMG/center_2026_08_30_19_25_23_586.jpg,IMG/left_2026_08_30_19_25_23_586.jpg,IMG/right_2026_08_30_19_25_23_586.jpg,0.5208067,1,0,30.14318
IMG/center_2026_08_30_19_25_23_691.jpg,IMG/left_2026_08_30_19_25_23_691.jpg,IMG/right_2026_08_30_19_25_23_691.jpg,0.4132336,1,0,30.18256
IMG/center_2026_08_30_19_25_23_792.jpg,IMG/left_2026_08_30_19_25_23_792.jpg,IMG/right_2026_08_30_19_25_23_792.jpg,0.07299455,1,0,30.19324
IMG/center_2026_08_30_19_25_23_894.jpg,IMG/left_2026_08_30_19_25_23_894.jpg,IMG/right_2026_08_30_19_25_23_894.jpg,0,1,0,30.19001
IMG/center_2026_08_30_19_25_23_997.jpg,IMG/left_2026_08_30_19_25_23_997.jpg,IMG/right_2026_08_30_19_25_23_997.jpg,0.3060075,1,0,30.16844
IMG/center_2026_08_30_19_25_24_101.jpg,IMG/left_2026_08_30_19_25_24_101.jpg,IMG/right_2026_08_30_19_25_24_101.jpg,0.4076943,1,0,30.17216
IMG/center_2026_08_30_19_25_24_201.jpg,IMG/left_2026_08_30_19_25_24_201.jpg,IMG/right_2026_08_30_19_25_24_201.jpg,0.1081737,1,0,30.19238
IMG/center_2026_08_30_19_25_24_307.jpg,IMG/left_2026_08_30_19_25_24_307.jpg,IMG/right_2026_08_30_19_25_24_307.jpg,0,1,0,30.1893
IMG/center_2026_08_30_19_25_24_408.jpg,IMG/left_2026_08_30_19_25_24_408.jpg,IMG/right_2026_08_30_19_25_24_408.jpg,0.2557122,1,0,30.18114
IMG/center_2026_08_30_19_25_24_509.jpg,IMG/left_2026_08_30_19_25_24_509.jpg,IMG/right_2026_08_30_19_25_24_509.jpg,0.561156,1,0,30.13861
IMG/center_2026_08_30_19_25_24_613.jpg,IMG/left_2026_08_30_19_25_24_613.jpg,IMG/right_2026_08_30_19_25_24_613.jpg,0.5792424,1,0,30.16968
IMG/center_2026_08_30_19_25_24_719.jpg,IMG/left_2026_08_30_19_25_24_719.jpg,IMG/right_2026_08_30_19_25_24_719.jpg,0.2653236,1,0,30.19907
IMG/center_2026_08_30_19_25_24_827.jpg,IMG/left_2026_08_30_19_25_24_827.jpg,IMG/right_2026_08_30_19_25_24_827.jpg,0,1,0,30.18369
IMG/center_2026_08_30_19_25_24_928.jpg,IMG/left_2026_08_30_19_25_24_928.jpg,IMG/right_2026_08_30_19_25_24_928.jpg,0,1,0,30.18966
IMG/center_2026_08_30_19_25_25_034.jpg,IMG/left_2026_08_30_19_25_25_034.jpg,IMG/right_2026_08_30_19_25_25_034.jpg,0,1,0,30.1907
IMG/center_2026_08_30_19_25_25_142.jpg,IMG/left_2026_08_30_19_25_25_142.jpg,IMG/right_2026_08_30_19_25_25_142.jpg,0.0780267,1,0,30.18917
IMG/center_2026_08_30_19_25_25_253.jpg,IMG/left_2026_08_30_19_25_25_253.jpg,IMG/right_2026_08_30_19_25_25_253.jpg,0.4368816,1,0,30.15176
IMG/center_2026_08_30_19_25_25_356.jpg,IMG/left_2026_08_30_19_25_25_356.jpg,IMG/right_2026_08_30_19_25_25_356.jpg,0.1279548,1,0,30.1925
IMG/center_2026_08_30_19_25_25_464.jpg,IMG/left_2026_08_30_19_25_25_464.jpg,IMG/right_2026_08_30_19_25_25_464.jpg,0,1,0,30.18907
IMG/center_2026_08_30_19_25_25_570.jpg,IMG/left_2026_08_30_19_25_25_570.jpg,IMG/right_2026_08_30_19_25_25_570.jpg,0,1,0,30.19015
IMG/center_2026_08_30_19_25_25_677.jpg,IMG/left_2026_08_30_19_25_25_677.jpg,IMG/right_2026_08_30_19_25_25_677.jpg,0.3221439,1,0,30.16806
IMG/center_2026_08_30_19_25_25_784.jpg,IMG/left_2026_08_30_19_25_25_784.jpg,IMG/right_2026_08_30_19_25_25_784.jpg,0.02463749,1,0,30.1901
IMG/center_2026_08_30_19_25_25_886.jpg,IMG/left_2026_08_30_19_25_25_886.jpg,IMG/right_2026_08_30_19_25_25_886.jpg,0,1,0,30.19
IMG/center_2026_08_30_19_25_25_987.jpg,IMG/left_2026_08_30_19_25_25_987.jpg,IMG/right_2026_08_30_19_25_25_987.jpg,0,1,0,30.19025
IMG/center_2026_08_30_19_25_26_090.jpg,IMG/left_2026_08_30_19_25_26_090.jpg,IMG/right_2026_08_30_19_25_26_090.jpg,0.2865132,1,0,30.17189
IMG/center_2026_08_30_19_25_26_191.jpg,IMG/left_2026_08_30_19_25_26_191.jpg,IMG/right_2026_08_30_19_25_26_191.jpg,0.08010934,1,0,30.19129
IMG/center_2026_08_30_19_25_26_298.jpg,IMG/left_2026_08_30_19_25_26_298.jpg,IMG/right_2026_08_30_19_25_26_298.jpg,0,1,0,30.19007
IMG/center_2026_08_30_19_25_26_400.jpg,IMG/left_2026_08_30_19_25_26_400.jpg,IMG/right_2026_08_30_19_25_26_400.jpg,0,1,0,30.19029
IMG/center_2026_08_30_19_25_26_501.jpg,IMG/left_2026_08_30_19_25_26_501.jpg,IMG/right_2026_08_30_19_25_26_501.jpg,0,1,0,30.19032
IMG/center_2026_08_30_19_25_26_611.jpg,IMG/left_2026_08_30_19_25_26_611.jpg,IMG/right_2026_08_30_19_25_26_611.jpg,0,1,0,30.19031
IMG/center_2026_08_30_19_25_26_714.jpg,IMG/left_2026_08_30_19_25_26_714.jpg,IMG/right_2026_08_30_19_25_26_714.jpg,-0.03317671,1,0,30.19022
IMG/center_2026_08_30_19_25_26_819.jpg,IMG/left_2026_08_30_19_25_26_819.jpg,IMG/right_2026_08_30_19_25_26_819.jpg,0,1,0,30.19019
IMG/center_2026_08_30_19_25_26_922.jpg,IMG/left_2026_08_30_19_25_26_922.jpg,IMG/right_2026_08_30_19_25_26_922.jpg,0,1,0,30.1902
IMG/center_2026_08_30_19_25_27_026.jpg,IMG/left_2026_08_30_19_25_27_026.jpg,IMG/right_2026_08_30_19_25_27_026.jpg,0,1,0,30.19031
IMG/center_2026_08_30_19_25_27_129.jpg,IMG/left_2026_08_30_19_25_27_129.jpg,IMG/right_2026_08_30_19_25_27_129.jpg,0,1,0,30.19029
IMG/center_2026_08_30_19_25_27_234.jpg,IMG/left_2026_08_30_19_25_27_234.jpg,IMG/right_2026_08_30_19_25_27_234.jpg,0,1,0,30.19031
IMG/center_2026_08_30_19_25_27_337.jpg,IMG/left_2026_08_30_19_25_27_337.jpg,IMG/right_2026_08_30_19_25_27_337.jpg,0,1,0,30.19027
IMG/center_2026_08_30_19_25_27_440.jpg,IMG/left_2026_08_30_19_25_27_440.jpg,IMG/right_2026_08_30_19_25_27_440.jpg,0,1,0,30.19032
IMG/center_2026_08_30_19_25_27_546.jpg,IMG/left_2026_08_30_19_25_27_546.jpg,IMG/right_2026_08_30_19_25_27_546.jpg,0,1,0,30.19022
IMG/center_2026_08_30_19_25_27_646.jpg,IMG/left_2026_08_30_19_25_27_646.jpg,IMG/right_2026_08_30_19_25_27_646.jpg,0,1,0,30.1903
IMG/center_2026_08_30_19_25_27_754.jpg,IMG/left_2026_08_30_19_25_27_754.jpg,IMG/right_2026_08_30_19_25_27_754.jpg,0,1,0,30.19029
IMG/center_2026_08_30_19_25_27_858.jpg,IMG/left_2026_08_30_19_25_27_858.jpg,IMG/right_2026_08_30_19_25_27_858.jpg,0,1,0,30.19031
IMG/center_2026_08_30_19_25_27_963.jpg,IMG/left_2026_08_30_19_25_27_963.jpg,IMG/right_2026_08_30_19_25_27_963.jpg,0,1,0,30.1903
IMG/center_2026_08_30_19_25_28_066.jpg,IMG/left_2026_08_30_19_25_28_066.jpg,IMG/right_2026_08_30_19_25_28_066.jpg,0,1,0,30.19031
IMG/center_2026_08_30_19_25_28_170.jpg,IMG/left_2026_08_30_19_25_28_170.jpg,IMG/right_2026_08_30_19_25_28_170.jpg,0,1,0,30.19029
IMG/center_2026_08_30_19_25_28_274.jpg,IMG/left_2026_08_30_19_25_28_274.jpg,IMG/right_2026_08_30_19_25_28_274.jpg,0,1,0,30.19031
IMG/center_2026_08_30_19_25_28_379.jpg,IMG/left_2026_08_30_19_25_28_379.jpg,IMG/right_2026_08_30_19_25_28_379.jpg,0,1,0,30.19032
IMG/center_2026_08_30_19_25_28_483.jpg,IMG/left_2026_08_30_19_25_28_483.jpg,IMG/right_2026_08_30_19_25_28_483.jpg,0,1,0,30.19031
IMG/center_2026_08_30_19_25_28_584.jpg,IMG/left_2026_08_30_19_25_28_584.jpg,IMG/right_2026_08_30_19_25_28_584.jpg,0,1,0,30.19029
IMG/center_2026_08_30_19_25_28_686.jpg,IMG/left_2026_08_30_19_25_28_686.jpg,IMG/right_2026_08_30_19_25_28_686.jpg,0,1,0,30.1903
IMG/center_2026_08_30_19_25_28_792.jpg,IMG/left_2026_08_30_19_25_28_792.jpg,IMG/right_2026_08_30_19_25_28_792.jpg,0,1,0,30.19028
IMG/center_2026_08_30_19_25_28_894.jpg,IMG/left_2026_08_30_19_25_28_894.jpg,IMG/right_2026_08_30_19_25_28_894.jpg,0,1,0,30.19031
IMG/center_2026_08_30_19_25_29_002.jpg,IMG/left_2026_08_30_19_25_29_002.jpg,IMG/right_2026_08_30_19_25_29_002.jpg,0,1,0,30.1903
IMG/center_2026_08_30_19_25_29_107.jpg,IMG/left_2026_08_30_19_25_29_107.jpg,IMG/right_2026_08_30_19_25_29_107.jpg,-0.2781897,1,0,30.17078
IMG/center_2026_08_30_19_25_29_207.jpg,IMG/left_2026_08_30_19_25_29_207.jpg,IMG/right_2026_08_30_19_25_29_207.jpg,-0.05221168,1,0,30.1908
IMG/center_2026_08_30_19_25_29_313.jpg,IMG/left_2026_08_30_19_25_29_313.jpg,IMG/right_2026_08_30_19_25_29_313.jpg,0,1,0,30.19002
IMG/center_2026_08_30_19_25_29_414.jpg,IMG/left_2026_08_30_19_25_29_414.jpg,IMG/right_2026_08_30_19_25_29_414.jpg,0,1,0,30.19028
IMG/center_2026_08_30_19_25_29_516.jpg,IMG/left_2026_08_30_19_25_29_516.jpg,IMG/right_2026_08_30_19_25_29_516.jpg,0,1,0,30.1903
IMG/center_2026_08_30_19_25_29_621.jpg,IMG/left_2026_08_30_19_25_29_621.jpg,IMG/right_2026_08_30_19_25_29_621.jpg,0,1,0,30.19031
IMG/center_2026_08_30_19_25_29_725.jpg,IMG/left_2026_08_30_19_25_29_725.jpg,IMG/right_2026_08_30_19_25_29_725.jpg,0,1,0,30.19029
IMG/center_2026_08_30_19_25_29_830.jpg,IMG/left_2026_08_30_19_25_29_830.jpg,IMG/right_2026_08_30_19_25_29_830.jpg,0,1,0,30.1903
IMG/center_2026_08_30_19_25_29_933.jpg,IMG/left_2026_08_30_19_25_29_933.jpg,IMG/right_2026_08_30_19_25_29_933.jpg,-0.2272284,1,0,30.17791
IMG/center_2026_08_30_19_25_30_037.jpg,IMG/left_2026_08_30_19_25_30_037.jpg,IMG/right_2026_08_30_19_25_30_037.jpg,0,1,0,30.18913
IMG/center_2026_08_30_19_25_30_140.jpg,IMG/left_2026_08_30_19_25_30_140.jpg,IMG/right_2026_08_30_19_25_30_140.jpg,0,1,0,30.19014
IMG/center_2026_08_30_19_25_30_244.jpg,IMG/left_2026_08_30_19_25_30_244.jpg,IMG/right_2026_08_30_19_25_30_244.jpg,0,1,0,30.19027
IMG/center_2026_08_30_19_25_30_348.jpg,IMG/left_2026_08_30_19_25_30_348.jpg,IMG/right_2026_08_30_19_25_30_348.jpg,0,1,0,30.1903
IMG/center_2026_08_30_19_25_30_452.jpg,IMG/left_2026_08_30_19_25_30_452.jpg,IMG/right_2026_08_30_19_25_30_452.jpg,0,1,0,30.19027
IMG/center_2026_08_30_19_25_30_552.jpg,IMG/left_2026_08_30_19_25_30_552.jpg,IMG/right_2026_08_30_19_25_30_552.jpg,0,1,0,30.19034
IMG/center_2026_08_30_19_25_30_657.jpg,IMG/left_2026_08_30_19_25_30_657.jpg,IMG/right_2026_08_30_19_25_30_657.jpg,-0.0525813,1,0,30.18974
IMG/center_2026_08_30_19_25_30_759.jpg,IMG/left_2026_08_30_19_25_30_759.jpg,IMG/right_2026_08_30_19_25_30_759.jpg,-0.1807191,1,0,30.18282
IMG/center_2026_08_30_19_25_30_862.jpg,IMG/left_2026_08_30_19_25_30_862.jpg,IMG/right_2026_08_30_19_25_30_862.jpg,0,1,0,30.18956
IMG/center_2026_08_30_19_25_30_964.jpg,IMG/left_2026_08_30_19_25_30_964.jpg,IMG/right_2026_08_30_19_25_30_964.jpg,0,1,0,30.18977
IMG/center_2026_08_30_19_25_31_070.jpg,IMG/left_2026_08_30_19_25_31_070.jpg,IMG/right_2026_08_30_19_25_31_070.jpg,0,1,0,30.18991
IMG/center_2026_08_30_19_25_31_173.jpg,IMG/left_2026_08_30_19_25_31_173.jpg,IMG/right_2026_08_30_19_25_31_173.jpg,0,1,0,30.19031
IMG/center_2026_08_30_19_25_31_275.jpg,IMG/left_2026_08_30_19_25_31_275.jpg,IMG/right_2026_08_30_19_25_31_275.jpg,0,1,0,30.1901
IMG/center_2026_08_30_19_25_31_377.jpg,IMG/left_2026_08_30_19_25_31_377.jpg,IMG/right_2026_08_30_19_25_31_377.jpg,0,1,0,30.19049
IMG/center_2026_08_30_19_25_31_479.jpg,IMG/left_2026_08_30_19_25_31_479.jpg,IMG/right_2026_08_30_19_25_31_479.jpg,-0.1386903,1,0,30.18461
IMG/center_2026_08_30_19_25_31_581.jpg,IMG/left_2026_08_30_19_25_31_581.jpg,IMG/right_2026_08_30_19_25_31_581.jpg,-0.1230395,1,0,30.18941
IMG/center_2026_08_30_19_25_31_685.jpg,IMG/left_2026_08_30_19_25_31_685.jpg,IMG/right_2026_08_30_19_25_31_685.jpg,0,1,0,30.18916
IMG/center_2026_08_30_19_25_31_785.jpg,IMG/left_2026_08_30_19_25_31_785.jpg,IMG/right_2026_08_30_19_25_31_785.jpg,0,1,0,30.19028
IMG/center_2026_08_30_19_25_31_888.jpg,IMG/left_2026_08_30_19_25_31_888.jpg,IMG/right_2026_08_30_19_25_31_888.jpg,-0.2183775,1,0,30.17773
IMG/center_2026_08_30_19_25_31_995.jpg,IMG/left_2026_08_30_19_25_31_995.jpg,IMG/right_2026_08_30_19_25_31_995.jpg,-0.1563243,1,0,30.19037
IMG/center_2026_08_30_19_25_32_096.jpg,IMG/left_2026_08_30_19_25_32_096.jpg,IMG/right_2026_08_30_19_25_32_096.jpg,0,1,0,30.18912
IMG/center_2026_08_30_19_25_32_198.jpg,IMG/left_2026_08_30_19_25_32_198.jpg,IMG/right_2026_08_30_19_25_32_198.jpg,0,1,0,30.18888
IMG/center_2026_08_30_19_25_32_298.jpg,IMG/left_2026_08_30_19_25_32_298.jpg,IMG/right_2026_08_30_19_25_32_298.jpg,0,1,0,30.19044
IMG/center_2026_08_30_19_25_32_400.jpg,IMG/left_2026_08_30_19_25_32_400.jpg,IMG/right_2026_08_30_19_25_32_400.jpg,-0.1687743,1,0,30.18287
IMG/center_2026_08_30_19_25_32_502.jpg,IMG/left_2026_08_30_19_25_32_502.jpg,IMG/right_2026_08_30_19_25_32_502.jpg,-0.1407207,1,0,30.18993
IMG/center_2026_08_30_19_25_32_605.jpg,IMG/left_2026_08_30_19_25_32_605.jpg,IMG/right_2026_08_30_19_25_32_605.jpg,0,1,0,30.18975
IMG/center_2026_08_30_19_25_32_706.jpg,IMG/left_2026_08_30_19_25_32_706.jpg,IMG/right_2026_08_30_19_25_32_706.jpg,-0.196257,1,0,30.18159
IMG/center_2026_08_30_19_25_32_809.jpg,IMG/left_2026_08_30_19_25_32_809.jpg,IMG/right_2026_08_30_19_25_32_809.jpg,-0.4674222,1,0,30.14955
IMG/center_2026_08_30_19_25_32_912.jpg,IMG/left_2026_08_30_19_25_32_912.jpg,IMG/right_2026_08_30_19_25_32_912.jpg,-0.1259817,1,0,30.19131
IMG/center_2026_08_30_19_25_33_016.jpg,IMG/left_2026_08_30_19_25_33_016.jpg,IMG/right_2026_08_30_19_25_33_016.jpg,0,1,0,30.18918
IMG/center_2026_08_30_19_25_33_124.jpg,IMG/left_2026_08_30_19_25_33_124.jpg,IMG/right_2026_08_30_19_25_33_124.jpg,0,1,0,30.19011
IMG/center_2026_08_30_19_25_33_226.jpg,IMG/left_2026_08_30_19_25_33_226.jpg,IMG/right_2026_08_30_19_25_33_226.jpg,-0.1621977,1,0,30.18528
IMG/center_2026_08_30_19_25_33_328.jpg,IMG/left_2026_08_30_19_25_33_328.jpg,IMG/right_2026_08_30_19_25_33_328.jpg,-0.455694,1,0,30.1486
IMG/center_2026_08_30_19_25_33_434.jpg,IMG/left_2026_08_30_19_25_33_434.jpg,IMG/right_2026_08_30_19_25_33_434.jpg,-0.1249377,1,0,30.19404
IMG/center_2026_08_30_19_25_33_538.jpg,IMG/left_2026_08_30_19_25_33_538.jpg,IMG/right_2026_08_30_19_25_33_538.jpg,-0.0910884,1,0,30.19117
IMG/center_2026_08_30_19_25_33_638.jpg,IMG/left_2026_08_30_19_25_33_638.jpg,IMG/right_2026_08_30_19_25_33_638.jpg,-0.3939387,1,0,30.16272
IMG/center_2026_08_30_19_25_33_740.jpg,IMG/left_2026_08_30_19_25_33_740.jpg,IMG/right_2026_08_30_19_25_33_740.jpg,-0.3235548,1,0,30.1876
IMG/center_2026_08_30_19_25_33_844.jpg,IMG/left_2026_08_30_19_25_33_844.jpg,IMG/right_2026_08_30_19_25_33_844.jpg,-0.04412935,1,0,30.19005
IMG/center_2026_08_30_19_25_33_947.jpg,IMG/left_2026_08_30_19_25_33_947.jpg,IMG/right_2026_08_30_19_25_33_947.jpg,-0.0219636,1,0,30.19114
IMG/center_2026_08_30_19_25_34_053.jpg,IMG/left_2026_08_30_19_25_34_053.jpg,IMG/right_2026_08_30_19_25_34_053.jpg,-0.3776649,1,0,30.16429
IMG/center_2026_08_30_19_25_34_156.jpg,IMG/left_2026_08_30_19_25_34_156.jpg,IMG/right_2026_08_30_19_25_34_156.jpg,-0.07198229,1,0,30.19054
IMG/center_2026_08_30_19_25_34_255.jpg,IMG/left_2026_08_30_19_25_34_255.jpg,IMG/right_2026_08_30_19_25_34_255.jpg,0,1,0,30.19034
IMG/center_2026_08_30_19_25_34_359.jpg,IMG/left_2026_08_30_19_25_34_359.jpg,IMG/right_2026_08_30_19_25_34_359.jpg,-0.2383227,1,0,30.17911
IMG/center_2026_08_30_19_25_34_465.jpg,IMG/left_2026_08_30_19_25_34_465.jpg,IMG/right_2026_08_30_19_25_34_465.jpg,-0.5170416,1,0,30.14032
IMG/center_2026_08_30_19_25_34_568.jpg,IMG/left_2026_08_30_19_25_34_568.jpg,IMG/right_2026_08_30_19_25_34_568.jpg,-0.2477871,1,0,30.19259
IMG/center_2026_08_30_19_25_34_667.jpg,IMG/left_2026_08_30_19_25_34_667.jpg,IMG/right_2026_08_30_19_25_34_667.jpg,0,1,0,30.18657
IMG/center_2026_08_30_19_25_34_768.jpg,IMG/left_2026_08_30_19_25_34_768.jpg,IMG/right_2026_08_30_19_25_34_768.jpg,0,1,0,30.19023
IMG/center_2026_08_30_19_25_34_872.jpg,IMG/left_2026_08_30_19_25_34_872.jpg,IMG/right_2026_08_30_19_25_34_872.jpg,-0.2312574,1,0,30.17847
IMG/center_2026_08_30_19_25_34_981.jpg,IMG/left_2026_08_30_19_25_34_981.jpg,IMG/right_2026_08_30_19_25_34_981.jpg,-0.4168152,1,0,30.16084
IMG/center_2026_08_30_19_25_35_084.jpg,IMG/left_2026_08_30_19_25_35_084.jpg,IMG/right_2026_08_30_19_25_35_084.jpg,-0.1152003,1,0,30.19228
IMG/center_2026_08_30_19_25_35_192.jpg,IMG/left_2026_08_30_19_25_35_192.jpg,IMG/right_2026_08_30_19_25_35_192.jpg,0,1,0,30.18962
IMG/center_2026_08_30_19_25_35_295.jpg,IMG/left_2026_08_30_19_25_35_295.jpg,IMG/right_2026_08_30_19_25_35_295.jpg,-0.2402856,1,0,30.17935
IMG/center_2026_08_30_19_25_35_401.jpg,IMG/left_2026_08_30_19_25_35_401.jpg,IMG/right_2026_08_30_19_25_35_401.jpg,-0.2496858,1,0,30.18672
IMG/center_2026_08_30_19_25_35_503.jpg,IMG/left_2026_08_30_19_25_35_503.jpg,IMG/right_2026_08_30_19_25_35_503.jpg,0,1,0,30.18759
IMG/center_2026_08_30_19_25_35_605.jpg,IMG/left_2026_08_30_19_25_35_605.jpg,IMG/right_2026_08_30_19_25_35_605.jpg,0,1,0,30.19009
IMG/center_2026_08_30_19_25_35_706.jpg,IMG/left_2026_08_30_19_25_35_706.jpg,IMG/right_2026_08_30_19_25_35_706.jpg,-0.1046016,1,0,30.1886
IMG/center_2026_08_30_19_25_35_808.jpg,IMG/left_2026_08_30_19_25_35_808.jpg,IMG/right_2026_08_30_19_25_35_808.jpg,-0.3462768,1,0,30.1655
IMG/center_2026_08_30_19_25_35_908.jpg,IMG/left_2026_08_30_19_25_35_908.jpg,IMG/right_2026_08_30_19_25_35_908.jpg,-0.04122664,1,0,30.1905
IMG/center_2026_08_30_19_25_36_008.jpg,IMG/left_2026_08_30_19_25_36_008.jpg,IMG/right_2026_08_30_19_25_36_008.jpg,0,1,0,30.19037
IMG/center_2026_08_30_19_25_36_110.jpg,IMG/left_2026_08_30_19_25_36_110.jpg,IMG/right_2026_08_30_19_25_36_110.jpg,0,1,0,30.19025
IMG/center_2026_08_30_19_25_36_213.jpg,IMG/left_2026_08_30_19_25_36_213.jpg,IMG/right_2026_08_30_19_25_36_213.jpg,-0.1501374,1,0,30.18411
IMG/center_2026_08_30_19_25_36_320.jpg,IMG/left_2026_08_30_19_25_36_320.jpg,IMG/right_2026_08_30_19_25_36_320.jpg,-0.2267379,1,0,30.18525
IMG/center_2026_08_30_19_25_36_424.jpg,IMG/left_2026_08_30_19_25_36_424.jpg,IMG/right_2026_08_30_19_25_36_424.jpg,0,1,0,30.18858
IMG/center_2026_08_30_19_25_36_529.jpg,IMG/left_2026_08_30_19_25_36_529.jpg,IMG/right_2026_08_30_19_25_36_529.jpg,0,1,0,30.19007
IMG/center_2026_08_30_19_25_36_635.jpg,IMG/left_2026_08_30_19_25_36_635.jpg,IMG/right_2026_08_30_19_25_36_635.jpg,0,1,0,30.1903
IMG/center_2026_08_30_19_25_36_742.jpg,IMG/left_2026_08_30_19_25_36_742.jpg,IMG/right_2026_08_30_19_25_36_742.jpg,0,1,0,30.1901
IMG/center_2026_08_30_19_25_36_846.jpg,IMG/left_2026_08_30_19_25_36_846.jpg,IMG/right_2026_08_30_19_25_36_846.jpg,-0.2718894,1,0,30.17213
IMG/center_2026_08_30_19_25_36_948.jpg,IMG/left_2026_08_30_19_25_36_948.jpg,IMG/right_2026_08_30_19_25_36_948.jpg,-0.04376398,1,0,30.19047
IMG/center_2026_08_30_19_25_37_050.jpg,IMG/left_2026_08_30_19_25_37_050.jpg,IMG/right_2026_08_30_19_25_37_050.jpg,0,1,0,30.18993
IMG/center_2026_08_30_19_25_37_151.jpg,IMG/left_2026_08_30_19_25_37_151.jpg,IMG/right_2026_08_30_19_25_37_151.jpg,0,1,0,30.19025
IMG/center_2026_08_30_19_25_37_253.jpg,IMG/left_2026_08_30_19_25_37_253.jpg,IMG/right_2026_08_30_19_25_37_253.jpg,-0.1778805,1,0,30.18247
IMG/center_2026_08_30_19_25_37_357.jpg,IMG/left_2026_08_30_19_25_37_357.jpg,IMG/right_2026_08_30_19_25_37_357.jpg,-0.03959009,1,0,30.19074
IMG/center_2026_08_30_19_25_37_460.jpg,IMG/left_2026_08_30_19_25_37_460.jpg,IMG/right_2026_08_30_19_25_37_460.jpg,0,1,0,30.19008
IMG/center_2026_08_30_19_25_37_564.jpg,IMG/left_2026_08_30_19_25_37_564.jpg,IMG/right_2026_08_30_19_25_37_564.jpg,-0.0419508,1,0,30.19011
IMG/center_2026_08_30_19_25_37_667.jpg,IMG/left_2026_08_30_19_25_37_667.jpg,IMG/right_2026_08_30_19_25_37_667.jpg,-0.3306042,1,0,30.16548
IMG/center_2026_08_30_19_25_37_774.jpg,IMG/left_2026_08_30_19_25_37_774.jpg,IMG/right_2026_08_30_19_25_37_774.jpg,-0.008473827,1,0,30.18955
IMG/center_2026_08_30_19_25_37_877.jpg,IMG/left_2026_08_30_19_25_37_877.jpg,IMG/right_2026_08_30_19_25_37_877.jpg,0,1,0,30.18996
IMG/center_2026_08_30_19_25_37_981.jpg,IMG/left_2026_08_30_19_25_37_981.jpg,IMG/right_2026_08_30_19_25_37_981.jpg,0,1,0,30.19026
IMG/center_2026_08_30_19_25_38_087.jpg,IMG/left_2026_08_30_19_25_38_087.jpg,IMG/right_2026_08_30_19_25_38_087.jpg,-0.2771103,1,0,30.17235
IMG/center_2026_08_30_19_25_38_192.jpg,IMG/left_2026_08_30_19_25_38_192.jpg,IMG/right_2026_08_30_19_25_38_192.jpg,-0.1249785,1,0,30.1916
IMG/center_2026_08_30_19_25_38_295.jpg,IMG/left_2026_08_30_19_25_38_295.jpg,IMG/right_2026_08_30_19_25_38_295.jpg,0,1,0,30.18937
IMG/center_2026_08_30_19_25_38_399.jpg,IMG/left_2026_08_30_19_25_38_399.jpg,IMG/right_2026_08_30_19_25_38_399.jpg,0,1,0,30.19023
IMG/center_2026_08_30_19_25_38_505.jpg,IMG/left_2026_08_30_19_25_38_505.jpg,IMG/right_2026_08_30_19_25_38_505.jpg,0,1,0,30.19032
IMG/center_2026_08_30_19_25_38_607.jpg,IMG/left_2026_08_30_19_25_38_607.jpg,IMG/right_2026_08_30_19_25_38_607.jpg,0,1,0,30.19028
IMG/center_2026_08_30_19_25_38_712.jpg,IMG/left_2026_08_30_19_25_38_712.jpg,IMG/right_2026_08_30_19_25_38_712.jpg,-0.2627721,1,0,30.17366
IMG/center_2026_08_30_19_25_38_815.jpg,IMG/left_2026_08_30_19_25_38_815.jpg,IMG/right_2026_08_30_19_25_38_815.jpg,0,1,0,30.1889
IMG/center_2026_08_30_19_25_38_920.jpg,IMG/left_2026_08_30_19_25_38_920.jpg,IMG/right_2026_08_30_19_25_38_920.jpg,0,1,0,30.19018
IMG/center_2026_08_30_19_25_39_022.jpg,IMG/left_2026_08_30_19_25_39_022.jpg,IMG/right_2026_08_30_19_25_39_022.jpg,0,1,0,30.19029
IMG/center_2026_08_30_19_25_39_127.jpg,IMG/left_2026_08_30_19_25_39_127.jpg,IMG/right_2026_08_30_19_25_39_127.jpg,0,1,0,30.19029
IMG/center_2026_08_30_19_25_39_236.jpg,IMG/left_2026_08_30_19_25_39_236.jpg,IMG/right_2026_08_30_19_25_39_236.jpg,-0.3240246,1,0,30.16499
IMG/center_2026_08_30_19_25_39_345.jpg,IMG/left_2026_08_30_19_25_39_345.jpg,IMG/right_2026_08_30_19_25_39_345.jpg,-0.03005793,1,0,30.19002
IMG/center_2026_08_30_19_25_39_446.jpg,IMG/left_2026_08_30_19_25_39_446.jpg,IMG/right_2026_08_30_19_25_39_446.jpg,0,1,0,30.19003
IMG/center_2026_08_30_19_25_39_550.jpg,IMG/left_2026_08_30_19_25_39_550.jpg,IMG/right_2026_08_30_19_25_39_550.jpg,0,1,0,30.19028
IMG/center_2026_08_30_19_25_39_651.jpg,IMG/left_2026_08_30_19_25_39_651.jpg,IMG/right_2026_08_30_19_25_39_651.jpg,-0.0664008,1,0,30.18947
IMG/center_2026_08_30_19_25_39_757.jpg,IMG/left_2026_08_30_19_25_39_757.jpg,IMG/right_2026_08_30_19_25_39_757.jpg,-0.1736292,1,0,30.18807
IMG/center_2026_08_30_19_25_39_865.jpg,IMG/left_2026_08_30_19_25_39_865.jpg,IMG/right_2026_08_30_19_25_39_865.jpg,0,1,0,30.18965
IMG/center_2026_08_30_19_25_39_971.jpg,IMG/left_2026_08_30_19_25_39_971.jpg,IMG/right_2026_08_30_19_25_39_971.jpg,0,1,0,30.19021
IMG/center_2026_08_30_19_25_40_074.jpg,IMG/left_2026_08_30_19_25_40_074.jpg,IMG/right_2026_08_30_19_25_40_074.jpg,0,1,0,30.19027
IMG/center_2026_08_30_19_25_40_181.jpg,IMG/left_2026_08_30_19_25_40_181.jpg,IMG/right_2026_08_30_19_25_40_181.jpg,-0.3222258,1,0,30.16467
IMG/center_2026_08_30_19_25_40_284.jpg,IMG/left_2026_08_30_19_25_40_284.jpg,IMG/right_2026_08_30_19_25_40_284.jpg,-0.01393019,1,0,30.19003
IMG/center_2026_08_30_19_25_40_384.jpg,IMG/left_2026_08_30_19_25_40_384.jpg,IMG/right_2026_08_30_19_25_40_384.jpg,0,1,0,30.18998
IMG/center_2026_08_30_19_25_40_492.jpg,IMG/left_2026_08_30_19_25_40_492.jpg,IMG/right_2026_08_30_19_25_40_492.jpg,0,1,0,30.19016
IMG/center_2026_08_30_19_25_40_596.jpg,IMG/left_2026_08_30_19_25_40_596.jpg,IMG/right_2026_08_30_19_25_40_596.jpg,0,1,0,30.19085
IMG/center_2026_08_30_19_25_40_699.jpg,IMG/left_2026_08_30_19_25_40_699.jpg,IMG/right_2026_08_30_19_25_40_699.jpg,0,1,0,30.19042
IMG/center_2026_08_30_19_25_40_806.jpg,IMG/left_2026_08_30_19_25_40_806.jpg,IMG/right_2026_08_30_19_25_40_806.jpg,0,1,0,30.19033
IMG/center_2026_08_30_19_25_40_910.jpg,IMG/left_2026_08_30_19_25_40_910.jpg,IMG/right_2026_08_30_19_25_40_910.jpg,-0.213957,1,0,30.17743
IMG/center_2026_08_30_19_25_41_013.jpg,IMG/left_2026_08_30_19_25_41_013.jpg,IMG/right_2026_08_30_19_25_41_013.jpg,-0.03913711,1,0,30.19051
IMG/center_2026_08_30_19_25_41_118.jpg,IMG/left_2026_08_30_19_25_41_118.jpg,IMG/right_2026_08_30_19_25_41_118.jpg,0,1,0,30.18984
IMG/center_2026_08_30_19_25_41_226.jpg,IMG/left_2026_08_30_19_25_41_226.jpg,IMG/right_2026_08_30_19_25_41_226.jpg,0,1,0,30.19007
IMG/center_2026_08_30_19_25_41_331.jpg,IMG/left_2026_08_30_19_25_41_331.jpg,IMG/right_2026_08_30_19_25_41_331.jpg,0,1,0,30.18964
IMG/center_2026_08_30_19_25_41_441.jpg,IMG/left_2026_08_30_19_25_41_441.jpg,IMG/right_2026_08_30_19_25_41_441.jpg,0,1,0,30.19049
IMG/center_2026_08_30_19_25_41_545.jpg,IMG/left_2026_08_30_19_25_41_545.jpg,IMG/right_2026_08_30_19_25_41_545.jpg,-0.065487,1,0,30.18969
IMG/center_2026_08_30_19_25_41_650.jpg,IMG/left_2026_08_30_19_25_41_650.jpg,IMG/right_2026_08_30_19_25_41_650.jpg,-0.1648887,1,0,30.18562
IMG/center_2026_08_30_19_25_41_757.jpg,IMG/left_2026_08_30_19_25_41_757.jpg,IMG/right_2026_08_30_19_25_41_757.jpg,0,1,0,30.1901
IMG/center_2026_08_30_19_25_41_860.jpg,IMG/left_2026_08_30_19_25_41_860.jpg,IMG/right_2026_08_30_19_25_41_860.jpg,0,1,0,30.19029
IMG/center_2026_08_30_19_25_41_966.jpg,IMG/left_2026_08_30_19_25_41_966.jpg,IMG/right_2026_08_30_19_25_41_966.jpg,0,1,0,30.19023
IMG/center_2026_08_30_19_25_42_069.jpg,IMG/left_2026_08_30_19_25_42_069.jpg,IMG/right_2026_08_30_19_25_42_069.jpg,-0.1112559,1,0,30.18722
IMG/center_2026_08_30_19_25_42_169.jpg,IMG/left_2026_08_30_19_25_42_169.jpg,IMG/right_2026_08_30_19_25_42_169.jpg,-0.1219482,1,0,30.18982
IMG/center_2026_08_30_19_25_42_275.jpg,IMG/left_2026_08_30_19_25_42_275.jpg,IMG/right_2026_08_30_19_25_42_275.jpg,0,1,0,30.19008
IMG/center_2026_08_30_19_25_42_382.jpg,IMG/left_2026_08_30_19_25_42_382.jpg,IMG/right_2026_08_30_19_25_42_382.jpg,0,1,0,30.19028
IMG/center_2026_08_30_19_25_42_488.jpg,IMG/left_2026_08_30_19_25_42_488.jpg,IMG/right_2026_08_30_19_25_42_488.jpg,-0.1174419,1,0,30.18701
IMG/center_2026_08_30_19_25_42_593.jpg,IMG/left_2026_08_30_19_25_42_593.jpg,IMG/right_2026_08_30_19_25_42_593.jpg,-0.0300486,1,0,30.1905
IMG/center_2026_08_30_19_25_42_697.jpg,IMG/left_2026_08_30_19_25_42_697.jpg,IMG/right_2026_08_30_19_25_42_697.jpg,0,1,0,30.19012
IMG/center_2026_08_30_19_25_42_803.jpg,IMG/left_2026_08_30_19_25_42_803.jpg,IMG/right_2026_08_30_19_25_42_803.jpg,0,1,0,30.19025
IMG/center_2026_08_30_19_25_42_906.jpg,IMG/left_2026_08_30_19_25_42_906.jpg,IMG/right_2026_08_30_19_25_42_906.jpg,-0.1157892,1,0,30.18725
IMG/center_2026_08_30_19_25_43_014.jpg,IMG/left_2026_08_30_19_25_43_014.jpg,IMG/right_2026_08_30_19_25_43_014.jpg,-0.1031829,1,0,30.19007
IMG/center_2026_08_30_19_25_43_115.jpg,IMG/left_2026_08_30_19_25_43_115.jpg,IMG/right_2026_08_30_19_25_43_115.jpg,0,1,0,30.1899
IMG/center_2026_08_30_19_25_43_228.jpg,IMG/left_2026_08_30_19_25_43_228.jpg,IMG/right_2026_08_30_19_25_43_228.jpg,0,1,0,30.19027
IMG/center_2026_08_30_19_25_43_334.jpg,IMG/left_2026_08_30_19_25_43_334.jpg,IMG/right_2026_08_30_19_25_43_334.jpg,-0.2551809,1,0,30.17451
IMG/center_2026_08_30_19_25_43_437.jpg,IMG/left_2026_08_30_19_25_43_437.jpg,IMG/right_2026_08_30_19_25_43_437.jpg,0,1,0,30.18952
IMG/center_2026_08_30_19_25_43_541.jpg,IMG/left_2026_08_30_19_25_43_541.jpg,IMG/right_2026_08_30_19_25_43_541.jpg,0,1,0,30.19019
IMG/center_2026_08_30_19_25_43_647.jpg,IMG/left_2026_08_30_19_25_43_647.jpg,IMG/right_2026_08_30_19_25_43_647.jpg,0,1,0,30.19029
IMG/center_2026_08_30_19_25_43_749.jpg,IMG/left_2026_08_30_19_25_43_749.jpg,IMG/right_2026_08_30_19_25_43_749.jpg,0,1,0,30.19032
IMG/center_2026_08_30_19_25_43_858.jpg,IMG/left_2026_08_30_19_25_43_858.jpg,IMG/right_2026_08_30_19_25_43_858.jpg,-0.1975533,1,0,30.18098
IMG/center_2026_08_30_19_25_43_962.jpg,IMG/left_2026_08_30_19_25_43_962.jpg,IMG/right_2026_08_30_19_25_43_962.jpg,0,1,0,30.18952
IMG/center_2026_08_30_19_25_44_068.jpg,IMG/left_2026_08_30_19_25_44_068.jpg,IMG/right_2026_08_30_19_25_44_068.jpg,0,1,0,30.19022
IMG/center_2026_08_30_19_25_44_177.jpg,IMG/left_2026_08_30_19_25_44_177.jpg,IMG/right_2026_08_30_19_25_44_177.jpg,0,1,0,30.19028
IMG/center_2026_08_30_19_25_44_280.jpg,IMG/left_2026_08_30_19_25_44_280.jpg,IMG/right_2026_08_30_19_25_44_280.jpg,-0.2847024,1,0,30.17023
IMG/center_2026_08_30_19_25_44_381.jpg,IMG/left_2026_08_30_19_25_44_381.jpg,IMG/right_2026_08_30_19_25_44_381.jpg,0,1,0,30.18931
IMG/center_2026_08_30_19_25_44_481.jpg,IMG/left_2026_08_30_19_25_44_481.jpg,IMG/right_2026_08_30_19_25_44_481.jpg,0,1,0,30.19026
IMG/center_2026_08_30_19_25_44_582.jpg,IMG/left_2026_08_30_19_25_44_582.jpg,IMG/right_2026_08_30_19_25_44_582.jpg,0,1,0,30.19029
IMG/center_2026_08_30_19_25_44_690.jpg,IMG/left_2026_08_30_19_25_44_690.jpg,IMG/right_2026_08_30_19_25_44_690.jpg,0,1,0,30.1905
IMG/center_2026_08_30_19_25_44_795.jpg,IMG/left_2026_08_30_19_25_44_795.jpg,IMG/right_2026_08_30_19_25_44_795.jpg,0,1,0,30.19032
IMG/center_2026_08_30_19_25_44_899.jpg,IMG/left_2026_08_30_19_25_44_899.jpg,IMG/right_2026_08_30_19_25_44_899.jpg,-0.07378981,1,0,30.18899
IMG/center_2026_08_30_19_25_45_009.jpg,IMG/left_2026_08_30_19_25_45_009.jpg,IMG/right_2026_08_30_19_25_45_009.jpg,-0.1262334,1,0,30.18945
IMG/center_2026_08_30_19_25_45_110.jpg,IMG/left_2026_08_30_19_25_45_110.jpg,IMG/right_2026_08_30_19_25_45_110.jpg,0,1,0,30.19001
IMG/center_2026_08_30_19_25_45_214.jpg,IMG/left_2026_08_30_19_25_45_214.jpg,IMG/right_2026_08_30_19_25_45_214.jpg,0,1,0,30.19027
IMG/center_2026_08_30_19_25_45_317.jpg,IMG/left_2026_08_30_19_25_45_317.jpg,IMG/right_2026_08_30_19_25_45_317.jpg,0,1,0,30.1903
IMG/center_2026_08_30_19_25_45_421.jpg,IMG/left_2026_08_30_19_25_45_421.jpg,IMG/right_2026_08_30_19_25_45_421.jpg,0,1,0,30.19029
IMG/center_2026_08_30_19_25_45_522.jpg,IMG/left_2026_08_30_19_25_45_522.jpg,IMG/right_2026_08_30_19_25_45_522.jpg,-0.0240621,1,0,30.19018
IMG/center_2026_08_30_19_25_45_624.jpg,IMG/left_2026_08_30_19_25_45_624.jpg,IMG/right_2026_08_30_19_25_45_624.jpg,-0.1020186,1,0,30.18834
IMG/center_2026_08_30_19_25_45_724.jpg,IMG/left_2026_08_30_19_25_45_724.jpg,IMG/right_2026_08_30_19_25_45_724.jpg,0,1,0,30.19014
IMG/center_2026_08_30_19_25_45_825.jpg,IMG/left_2026_08_30_19_25_45_825.jpg,IMG/right_2026_08_30_19_25_45_825.jpg,0,1,0,30.19027
IMG/center_2026_08_30_19_25_45_929.jpg,IMG/left_2026_08_30_19_25_45_929.jpg,IMG/right_2026_08_30_19_25_45_929.jpg,0,1,0,30.19029
IMG/center_2026_08_30_19_25_46_035.jpg,IMG/left_2026_08_30_19_25_46_035.jpg,IMG/right_2026_08_30_19_25_46_035.jpg,0,1,0,30.1903
IMG/center_2026_08_30_19_25_46_141.jpg,IMG/left_2026_08_30_19_25_46_141.jpg,IMG/right_2026_08_30_19_25_46_141.jpg,-0.1709301,1,0,30.18204
IMG/center_2026_08_30_19_25_46_250.jpg,IMG/left_2026_08_30_19_25_46_250.jpg,IMG/right_2026_08_30_19_25_46_250.jpg,-0.1427097,1,0,30.18948
IMG/center_2026_08_30_19_25_46_351.jpg,IMG/left_2026_08_30_19_25_46_351.jpg,IMG/right_2026_08_30_19_25_46_351.jpg,0,1,0,30.18978
IMG/center_2026_08_30_19_25_46_458.jpg,IMG/left_2026_08_30_19_25_46_458.jpg,IMG/right_2026_08_30_19_25_46_458.jpg,0,1,0,30.19024
IMG/center_2026_08_30_19_25_46_559.jpg,IMG/left_2026_08_30_19_25_46_559.jpg,IMG/right_2026_08_30_19_25_46_559.jpg,0,1,0,30.19029
IMG/center_2026_08_30_19_25_46_664.jpg,IMG/left_2026_08_30_19_25_46_664.jpg,IMG/right_2026_08_30_19_25_46_664.jpg,0,1,0,30.19032
IMG/center_2026_08_30_19_25_46_775.jpg,IMG/left_2026_08_30_19_25_46_775.jpg,IMG/right_2026_08_30_19_25_46_775.jpg,0,1,0,30.19029
IMG/center_2026_08_30_19_25_46_875.jpg,IMG/left_2026_08_30_19_25_46_875.jpg,IMG/right_2026_08_30_19_25_46_875.jpg,0,1,0,30.19036
IMG/center_2026_08_30_19_25_46_978.jpg,IMG/left_2026_08_30_19_25_46_978.jpg,IMG/right_2026_08_30_19_25_46_978.jpg,0,1,0,30.19029
IMG/center_2026_08_30_19_25_47_081.jpg,IMG/left_2026_08_30_19_25_47_081.jpg,IMG/right_2026_08_30_19_25_47_081.jpg,0,1,0,30.19011
IMG/center_2026_08_30_19_25_47_183.jpg,IMG/left_2026_08_30_19_25_47_183.jpg,IMG/right_2026_08_30_19_25_47_183.jpg,0,1,0,30.19029
IMG/center_2026_08_30_19_25_47_286.jpg,IMG/left_2026_08_30_19_25_47_286.jpg,IMG/right_2026_08_30_19_25_47_286.jpg,0,1,0,30.19029
IMG/center_2026_08_30_19_25_47_388.jpg,IMG/left_2026_08_30_19_25_47_388.jpg,IMG/right_2026_08_30_19_25_47_388.jpg,0,1,0,30.1903
IMG/center_2026_08_30_19_25_47_492.jpg,IMG/left_2026_08_30_19_25_47_492.jpg,IMG/right_2026_08_30_19_25_47_492.jpg,-0.0234111,1,0,30.19016
IMG/center_2026_08_30_19_25_47_597.jpg,IMG/left_2026_08_30_19_25_47_597.jpg,IMG/right_2026_08_30_19_25_47_597.jpg,-0.1107249,1,0,30.18826
IMG/center_2026_08_30_19_25_47_703.jpg,IMG/left_2026_08_30_19_25_47_703.jpg,IMG/right_2026_08_30_19_25_47_703.jpg,0,1,0,30.19003
IMG/center_2026_08_30_19_25_47_806.jpg,IMG/left_2026_08_30_19_25_47_806.jpg,IMG/right_2026_08_30_19_25_47_806.jpg,0,1,0,30.19025
IMG/center_2026_08_30_19_25_47_910.jpg,IMG/left_2026_08_30_19_25_47_910.jpg,IMG/right_2026_08_30_19_25_47_910.jpg,0,1,0,30.1903
IMG/center_2026_08_30_19_25_48_016.jpg,IMG/left_2026_08_30_19_25_48_016.jpg,IMG/right_2026_08_30_19_25_48_016.jpg,0,1,0,30.1903
IMG/center_2026_08_30_19_25_48_121.jpg,IMG/left_2026_08_30_19_25_48_121.jpg,IMG/right_2026_08_30_19_25_48_121.jpg,0,1,0,30.1903
IMG/center_2026_08_30_19_25_48_225.jpg,IMG/left_2026_08_30_19_25_48_225.jpg,IMG/right_2026_08_30_19_25_48_225.jpg,0,1,0,30.1903
IMG/center_2026_08_30_19_25_48_325.jpg,IMG/left_2026_08_30_19_25_48_325.jpg,IMG/right_2026_08_30_19_25_48_325.jpg,0,1,0,30.19031
IMG/center_2026_08_30_19_25_48_428.jpg,IMG/left_2026_08_30_19_25_48_428.jpg,IMG/right_2026_08_30_19_25_48_428.jpg,0,1,0,30.1903
IMG/center_2026_08_30_19_25_48_529.jpg,IMG/left_2026_08_30_19_25_48_529.jpg,IMG/right_2026_08_30_19_25_48_529.jpg,0,1,0,30.1903
IMG/center_2026_08_30_19_25_48_634.jpg,IMG/left_2026_08_30_19_25_48_634.jpg,IMG/right_2026_08_30_19_25_48_634.jpg,0,1,0,30.1903
IMG/center_2026_08_30_19_25_48_738.jpg,IMG/left_2026_08_30_19_25_48_738.jpg,IMG/right_2026_08_30_19_25_48_738.jpg,0,1,0,30.1903
IMG/center_2026_08_30_19_25_48_841.jpg,IMG/left_2026_08_30_19_25_48_841.jpg,IMG/right_2026_08_30_19_25_48_841.jpg,0,1,0,30.19027
IMG/center_2026_08_30_19_25_48_948.jpg,IMG/left_2026_08_30_19_25_48_948.jpg,IMG/right_2026_08_30_19_25_48_948.jpg,-0.2732523,1,0,30.17113
IMG/center_2026_08_30_19_25_49_049.jpg,IMG/left_2026_08_30_19_25_49_049.jpg,IMG/right_2026_08_30_19_25_49_049.jpg,-0.1639251,1,0,30.18996
IMG/center_2026_08_30_19_25_49_162.jpg,IMG/left_2026_08_30_19_25_49_162.jpg,IMG/right_2026_08_30_19_25_49_162.jpg,0,1,0,30.18944
IMG/center_2026_08_30_19_25_49_268.jpg,IMG/left_2026_08_30_19_25_49_268.jpg,IMG/right_2026_08_30_19_25_49_268.jpg,0,1,0,30.19021
IMG/center_2026_08_30_19_25_49_374.jpg,IMG/left_2026_08_30_19_25_49_374.jpg,IMG/right_2026_08_30_19_25_49_374.jpg,0,1,0,30.19029
IMG/center_2026_08_30_19_25_49_481.jpg,IMG/left_2026_08_30_19_25_49_481.jpg,IMG/right_2026_08_30_19_25_49_481.jpg,0,1,0,30.1903
IMG/center_2026_08_30_19_25_49_589.jpg,IMG/left_2026_08_30_19_25_49_589.jpg,IMG/right_2026_08_30_19_25_49_589.jpg,0,1,0,30.19031
IMG/center_2026_08_30_19_25_49_691.jpg,IMG/left_2026_08_30_19_25_49_691.jpg,IMG/right_2026_08_30_19_25_49_691.jpg,0,1,0,30.1903
IMG/center_2026_08_30_19_25_49_795.jpg,IMG/left_2026_08_30_19_25_49_795.jpg,IMG/right_2026_08_30_19_25_49_795.jpg,0,1,0,30.19029
IMG/center_2026_08_30_19_25_49_896.jpg,IMG/left_2026_08_30_19_25_49_896.jpg,IMG/right_2026_08_30_19_25_49_896.jpg,0,1,0,30.19029
IMG/center_2026_08_30_19_25_50_000.jpg,IMG/left_2026_08_30_19_25_50_000.jpg,IMG/right_2026_08_30_19_25_50_000.jpg,0,1,0,30.1903
IMG/center_2026_08_30_19_25_50_104.jpg,IMG/left_2026_08_30_19_25_50_104.jpg,IMG/right_2026_08_30_19_25_50_104.jpg,0,1,0,30.19031
IMG/center_2026_08_30_19_25_50_211.jpg,IMG/left_2026_08_30_19_25_50_211.jpg,IMG/right_2026_08_30_19_25_50_211.jpg,0,1,0,30.19031
IMG/center_2026_08_30_19_25_50_314.jpg,IMG/left_2026_08_30_19_25_50_314.jpg,IMG/right_2026_08_30_19_25_50_314.jpg,0,1,0,30.1903
IMG/center_2026_08_30_19_25_50_419.jpg,IMG/left_2026_08_30_19_25_50_419.jpg,IMG/right_2026_08_30_19_25_50_419.jpg,0,1,0,30.19028
IMG/center_2026_08_30_19_25_50_523.jpg,IMG/left_2026_08_30_19_25_50_523.jpg,IMG/right_2026_08_30_19_25_50_523.jpg,0,1,0,30.1903
IMG/center_2026_08_30_19_25_50_629.jpg,IMG/left_2026_08_30_19_25_50_629.jpg,IMG/right_2026_08_30_19_25_50_629.jpg,0,1,0,30.1903
IMG/center_2026_08_30_19_25_50_729.jpg,IMG/left_2026_08_30_19_25_50_729.jpg,IMG/right_2026_08_30_19_25_50_729.jpg,0,1,0,30.19023
IMG/center_2026_08_30_19_25_50_832.jpg,IMG/left_2026_08_30_19_25_50_832.jpg,IMG/right_2026_08_30_19_25_50_832.jpg,0,1,0,30.19029
IMG/center_2026_08_30_19_25_50_941.jpg,IMG/left_2026_08_30_19_25_50_941.jpg,IMG/right_2026_08_30_19_25_50_941.jpg,0,1,0,30.19024
IMG/center_2026_08_30_19_25_51_042.jpg,IMG/left_2026_08_30_19_25_51_042.jpg,IMG/right_2026_08_30_19_25_51_042.jpg,0,1,0,30.19029
IMG/center_2026_08_30_19_25_51_145.jpg,IMG/left_2026_08_30_19_25_51_145.jpg,IMG/right_2026_08_30_19_25_51_145.jpg,0,1,0,30.19029
IMG/center_2026_08_30_19_25_51_245.jpg,IMG/left_2026_08_30_19_25_51_245.jpg,IMG/right_2026_08_30_19_25_51_245.jpg,0,1,0,30.19029
IMG/center_2026_08_30_19_25_51_348.jpg,IMG/left_2026_08_30_19_25_51_348.jpg,IMG/right_2026_08_30_19_25_51_348.jpg,-0.2747445,1,0,30.171
IMG/center_2026_08_30_19_25_51_449.jpg,IMG/left_2026_08_30_19_25_51_449.jpg,IMG/right_2026_08_30_19_25_51_449.jpg,0,1,0,30.18942
IMG/center_2026_08_30_19_25_51_560.jpg,IMG/left_2026_08_30_19_25_51_560.jpg,IMG/right_2026_08_30_19_25_51_560.jpg,0,1,0,30.19018
IMG/center_2026_08_30_19_25_51_668.jpg,IMG/left_2026_08_30_19_25_51_668.jpg,IMG/right_2026_08_30_19_25_51_668.jpg,0,1,0,30.19028
IMG/center_2026_08_30_19_25_51_770.jpg,IMG/left_2026_08_30_19_25_51_770.jpg,IMG/right_2026_08_30_19_25_51_770.jpg,0,1,0,30.19032
IMG/center_2026_08_30_19_25_51_877.jpg,IMG/left_2026_08_30_19_25_51_877.jpg,IMG/right_2026_08_30_19_25_51_877.jpg,0,1,0,30.19029
IMG/center_2026_08_30_19_25_51_986.jpg,IMG/left_2026_08_30_19_25_51_986.jpg,IMG/right_2026_08_30_19_25_51_986.jpg,0,1,0,30.19028
IMG/center_2026_08_30_19_25_52_087.jpg,IMG/left_2026_08_30_19_25_52_087.jpg,IMG/right_2026_08_30_19_25_52_087.jpg,0,1,0,30.19023
IMG/center_2026_08_30_19_25_52_194.jpg,IMG/left_2026_08_30_19_25_52_194.jpg,IMG/right_2026_08_30_19_25_52_194.jpg,0,1,0,30.19032
IMG/center_2026_08_30_19_25_52_295.jpg,IMG/left_2026_08_30_19_25_52_295.jpg,IMG/right_2026_08_30_19_25_52_295.jpg,0,1,0,30.19023
IMG/center_2026_08_30_19_25_52_403.jpg,IMG/left_2026_08_30_19_25_52_403.jpg,IMG/right_2026_08_30_19_25_52_403.jpg,0,1,0,30.19029
IMG/center_2026_08_30_19_25_52_512.jpg,IMG/left_2026_08_30_19_25_52_512.jpg,IMG/right_2026_08_30_19_25_52_512.jpg,0,1,0,30.19029
IMG/center_2026_08_30_19_25_52_621.jpg,IMG/left_2026_08_30_19_25_52_621.jpg,IMG/right_2026_08_30_19_25_52_621.jpg,0,1,0,30.1903
IMG/center_2026_08_30_19_25_52_726.jpg,IMG/left_2026_08_30_19_25_52_726.jpg,IMG/right_2026_08_30_19_25_52_726.jpg,0,1,0,30.19029
IMG/center_2026_08_30_19_25_52_830.jpg,IMG/left_2026_08_30_19_25_52_830.jpg,IMG/right_2026_08_30_19_25_52_830.jpg,-0.1987107,1,0,30.17995
IMG/center_2026_08_30_19_25_52_935.jpg,IMG/left_2026_08_30_19_25_52_935.jpg,IMG/right_2026_08_30_19_25_52_935.jpg,0,1,0,30.18978
IMG/center_2026_08_30_19_25_53_045.jpg,IMG/left_2026_08_30_19_25_53_045.jpg,IMG/right_2026_08_30_19_25_53_045.jpg,0,1,0,30.19022
IMG/center_2026_08_30_19_25_53_152.jpg,IMG/left_2026_08_30_19_25_53_152.jpg,IMG/right_2026_08_30_19_25_53_152.jpg,0,1,0,30.19028
IMG/center_2026_08_30_19_25_53_254.jpg,IMG/left_2026_08_30_19_25_53_254.jpg,IMG/right_2026_08_30_19_25_53_254.jpg,0,1,0,30.1903
IMG/center_2026_08_30_19_25_53_363.jpg,IMG/left_2026_08_30_19_25_53_363.jpg,IMG/right_2026_08_30_19_25_53_363.jpg,0,1,0,30.19032
IMG/center_2026_08_30_19_25_53_470.jpg,IMG/left_2026_08_30_19_25_53_470.jpg,IMG/right_2026_08_30_19_25_53_470.jpg,0,1,0,30.19032
IMG/center_2026_08_30_19_25_53_582.jpg,IMG/left_2026_08_30_19_25_53_582.jpg,IMG/right_2026_08_30_19_25_53_582.jpg,-0.1620012,1,0,30.18352
IMG/center_2026_08_30_19_25_53_687.jpg,IMG/left_2026_08_30_19_25_53_687.jpg,IMG/right_2026_08_30_19_25_53_687.jpg,-0.0130107,1,0,30.19015
IMG/center_2026_08_30_19_25_53_786.jpg,IMG/left_2026_08_30_19_25_53_786.jpg,IMG/right_2026_08_30_19_25_53_786.jpg,0,1,0,30.19015
IMG/center_2026_08_30_19_25_53_889.jpg,IMG/left_2026_08_30_19_25_53_889.jpg,IMG/right_2026_08_30_19_25_53_889.jpg,0,1,0,30.19028
IMG/center_2026_08_30_19_25_53_993.jpg,IMG/left_2026_08_30_19_25_53_993.jpg,IMG/right_2026_08_30_19_25_53_993.jpg,0,1,0,30.19031
IMG/center_2026_08_30_19_25_54_095.jpg,IMG/left_2026_08_30_19_25_54_095.jpg,IMG/right_2026_08_30_19_25_54_095.jpg,0,1,0,30.19031
IMG/center_2026_08_30_19_25_54_195.jpg,IMG/left_2026_08_30_19_25_54_195.jpg,IMG/right_2026_08_30_19_25_54_195.jpg,0,1,0,30.1903
IMG/center_2026_08_30_19_25_54_300.jpg,IMG/left_2026_08_30_19_25_54_300.jpg,IMG/right_2026_08_30_19_25_54_300.jpg,0,1,0,30.1903
IMG/center_2026_08_30_19_25_54_412.jpg,IMG/left_2026_08_30_19_25_54_412.jpg,IMG/right_2026_08_30_19_25_54_412.jpg,0,1,0,30.19029
IMG/center_2026_08_30_19_25_54_519.jpg,IMG/left_2026_08_30_19_25_54_519.jpg,IMG/right_2026_08_30_19_25_54_519.jpg,0,1,0,30.19031
IMG/center_2026_08_30_19_25_54_622.jpg,IMG/left_2026_08_30_19_25_54_622.jpg,IMG/right_2026_08_30_19_25_54_622.jpg,0,1,0,30.19029
IMG/center_2026_08_30_19_25_54_724.jpg,IMG/left_2026_08_30_19_25_54_724.jpg,IMG/right_2026_08_30_19_25_54_724.jpg,0,1,0,30.19029
IMG/center_2026_08_30_19_25_54_828.jpg,IMG/left_2026_08_30_19_25_54_828.jpg,IMG/right_2026_08_30_19_25_54_828.jpg,0,1,0,30.1903
IMG/center_2026_08_30_19_25_54_934.jpg,IMG/left_2026_08_30_19_25_54_934.jpg,IMG/right_2026_08_30_19_25_54_934.jpg,0,1,0,30.19032
IMG/center_2026_08_30_19_25_55_038.jpg,IMG/left_2026_08_30_19_25_55_038.jpg,IMG/right_2026_08_30_19_25_55_038.jpg,0,1,0,30.19028
IMG/center_2026_08_30_19_25_55_148.jpg,IMG/left_2026_08_30_19_25_55_148.jpg,IMG/right_2026_08_30_19_25_55_148.jpg,-0.0978903,1,0,30.18779
IMG/center_2026_08_30_19_25_55_255.jpg,IMG/left_2026_08_30_19_25_55_255.jpg,IMG/right_2026_08_30_19_25_55_255.jpg,-0.00354813,1,0,30.19009
IMG/center_2026_08_30_19_25_55_358.jpg,IMG/left_2026_08_30_19_25_55_358.jpg,IMG/right_2026_08_30_19_25_55_358.jpg,0,1,0,30.19017
IMG/center_2026_08_30_19_25_55_463.jpg,IMG/left_2026_08_30_19_25_55_463.jpg,IMG/right_2026_08_30_19_25_55_463.jpg,0,1,0,30.19028
IMG/center_2026_08_30_19_25_55_567.jpg,IMG/left_2026_08_30_19_25_55_567.jpg,IMG/right_2026_08_30_19_25_55_567.jpg,0,1,0,30.19028
IMG/center_2026_08_30_19_25_55_668.jpg,IMG/left_2026_08_30_19_25_55_668.jpg,IMG/right_2026_08_30_19_25_55_668.jpg,0,1,0,30.19031
IMG/center_2026_08_30_19_25_55_773.jpg,IMG/left_2026_08_30_19_25_55_773.jpg,IMG/right_2026_08_30_19_25_55_773.jpg,-0.1449021,1,0,30.18618
IMG/center_2026_08_30_19_25_55_878.jpg,IMG/left_2026_08_30_19_25_55_878.jpg,IMG/right_2026_08_30_19_25_55_878.jpg,0,1,0,30.19
IMG/center_2026_08_30_19_25_55_978.jpg,IMG/left_2026_08_30_19_25_55_978.jpg,IMG/right_2026_08_30_19_25_55_978.jpg,0,1,0,30.19028
IMG/center_2026_08_30_19_25_56_081.jpg,IMG/left_2026_08_30_19_25_56_081.jpg,IMG/right_2026_08_30_19_25_56_081.jpg,0,1,0,30.1903
IMG/center_2026_08_30_19_25_56_183.jpg,IMG/left_2026_08_30_19_25_56_183.jpg,IMG/right_2026_08_30_19_25_56_183.jpg,0,1,0,30.19028
IMG/center_2026_08_30_19_25_56_287.jpg,IMG/left_2026_08_30_19_25_56_287.jpg,IMG/right_2026_08_30_19_25_56_287.jpg,0,1,0,30.19026
IMG/center_2026_08_30_19_25_56_392.jpg,IMG/left_2026_08_30_19_25_56_392.jpg,IMG/right_2026_08_30_19_25_56_392.jpg,0,1,0,30.19032
IMG/center_2026_08_30_19_25_56_494.jpg,IMG/left_2026_08_30_19_25_56_494.jpg,IMG/right_2026_08_30_19_25_56_494.jpg,0,1,0,30.19025
IMG/center_2026_08_30_19_25_56_600.jpg,IMG/left_2026_08_30_19_25_56_600.jpg,IMG/right_2026_08_30_19_25_56_600.jpg,0,1,0,30.19028
IMG/center_2026_08_30_19_25_56_706.jpg,IMG/left_2026_08_30_19_25_56_706.jpg,IMG/right_2026_08_30_19_25_56_706.jpg,0,1,0,30.1903
IMG/center_2026_08_30_19_25_56_814.jpg,IMG/left_2026_08_30_19_25_56_814.jpg,IMG/right_2026_08_30_19_25_56_814.jpg,0,1,0,30.1903
IMG/center_2026_08_30_19_25_56_920.jpg,IMG/left_2026_08_30_19_25_56_920.jpg,IMG/right_2026_08_30_19_25_56_920.jpg,0,1,0,30.19028
IMG/center_2026_08_30_19_25_57_020.jpg,IMG/left_2026_08_30_19_25_57_020.jpg,IMG/right_2026_08_30_19_25_57_020.jpg,0,1,0,30.19031
IMG/center_2026_08_30_19_25_57_127.jpg,IMG/left_2026_08_30_19_25_57_127.jpg,IMG/right_2026_08_30_19_25_57_127.jpg,0,1,0,30.19031
IMG/center_2026_08_30_19_25_57_232.jpg,IMG/left_2026_08_30_19_25_57_232.jpg,IMG/right_2026_08_30_19_25_57_232.jpg,0,1,0,30.19029
IMG/center_2026_08_30_19_25_57_335.jpg,IMG/left_2026_08_30_19_25_57_335.jpg,IMG/right_2026_08_30_19_25_57_335.jpg,0,1,0,30.19031
IMG/center_2026_08_30_19_25_57_437.jpg,IMG/left_2026_08_30_19_25_57_437.jpg,IMG/right_2026_08_30_19_25_57_437.jpg,0,1,0,30.1903
IMG/center_2026_08_30_19_25_57_540.jpg,IMG/left_2026_08_30_19_25_57_540.jpg,IMG/right_2026_08_30_19_25_57_540.jpg,0,1,0,30.19029
IMG/center_2026_08_30_19_25_57_641.jpg,IMG/left_2026_08_30_19_25_57_641.jpg,IMG/right_2026_08_30_19_25_57_641.jpg,-0.0302163,1,0,30.19011
IMG/center_2026_08_30_19_25_57_743.jpg,IMG/left_2026_08_30_19_25_57_743.jpg,IMG/right_2026_08_30_19_25_57_743.jpg,-0.148584,1,0,30.18625
IMG/center_2026_08_30_19_25_57_848.jpg,IMG/left_2026_08_30_19_25_57_848.jpg,IMG/right_2026_08_30_19_25_57_848.jpg,0,1,0,30.18996
IMG/center_2026_08_30_19_25_57_955.jpg,IMG/left_2026_08_30_19_25_57_955.jpg,IMG/right_2026_08_30_19_25_57_955.jpg,0,1,0,30.19028
IMG/center_2026_08_30_19_25_58_056.jpg,IMG/left_2026_08_30_19_25_58_056.jpg,IMG/right_2026_08_30_19_25_58_056.jpg,0,1,0,30.19029
IMG/center_2026_08_30_19_25_58_165.jpg,IMG/left_2026_08_30_19_25_58_165.jpg,IMG/right_2026_08_30_19_25_58_165.jpg,0,1,0,30.19028
IMG/center_2026_08_30_19_25_58_267.jpg,IMG/left_2026_08_30_19_25_58_267.jpg,IMG/right_2026_08_30_19_25_58_267.jpg,0,1,0,30.19031
IMG/center_2026_08_30_19_25_58_370.jpg,IMG/left_2026_08_30_19_25_58_370.jpg,IMG/right_2026_08_30_19_25_58_370.jpg,0,1,0,30.19029
IMG/center_2026_08_30_19_25_58_473.jpg,IMG/left_2026_08_30_19_25_58_473.jpg,IMG/right_2026_08_30_19_25_58_473.jpg,0,1,0,30.19031
IMG/center_2026_08_30_19_25_58_577.jpg,IMG/left_2026_08_30_19_25_58_577.jpg,IMG/right_2026_08_30_19_25_58_577.jpg,0,1,0,30.1903
IMG/center_2026_08_30_19_25_58_685.jpg,IMG/left_2026_08_30_19_25_58_685.jpg,IMG/right_2026_08_30_19_25_58_685.jpg,0,1,0,30.1903
IMG/center_2026_08_30_19_25_58_787.jpg,IMG/left_2026_08_30_19_25_58_787.jpg,IMG/right_2026_08_30_19_25_58_787.jpg,-0.0488562,1,0,30.18973
IMG/center_2026_08_30_19_25_58_891.jpg,IMG/left_2026_08_30_19_25_58_891.jpg,IMG/right_2026_08_30_19_25_58_891.jpg,-0.01785629,1,0,30.19042
IMG/center_2026_08_30_19_25_58_990.jpg,IMG/left_2026_08_30_19_25_58_990.jpg,IMG/right_2026_08_30_19_25_58_990.jpg,0,1,0,30.19022
IMG/center_2026_08_30_19_25_59_093.jpg,IMG/left_2026_08_30_19_25_59_093.jpg,IMG/right_2026_08_30_19_25_59_093.jpg,0,1,0,30.19044
IMG/center_2026_08_30_19_25_59_199.jpg,IMG/left_2026_08_30_19_25_59_199.jpg,IMG/right_2026_08_30_19_25_59_199.jpg,0,1,0,30.19027
IMG/center_2026_08_30_19_25_59_306.jpg,IMG/left_2026_08_30_19_25_59_306.jpg,IMG/right_2026_08_30_19_25_59_306.jpg,0,1,0,30.19031
IMG/center_2026_08_30_19_25_59_410.jpg,IMG/left_2026_08_30_19_25_59_410.jpg,IMG/right_2026_08_30_19_25_59_410.jpg,0,1,0,30.19029
IMG/center_2026_08_30_19_25_59_518.jpg,IMG/left_2026_08_30_19_25_59_518.jpg,IMG/right_2026_08_30_19_25_59_518.jpg,0,1,0,30.19029
IMG/center_2026_08_30_19_25_59_619.jpg,IMG/left_2026_08_30_19_25_59_619.jpg,IMG/right_2026_08_30_19_25_59_619.jpg,0,1,0,30.19027
IMG/center_2026_08_30_19_25_59_726.jpg,IMG/left_2026_08_30_19_25_59_726.jpg,IMG/right_2026_08_30_19_25_59_726.jpg,0,1,0,30.19031
IMG/center_2026_08_30_19_25_59_829.jpg,IMG/left_2026_08_30_19_25_59_829.jpg,IMG/right_2026_08_30_19_25_59_829.jpg,0,1,0,30.19029
IMG/center_2026_08_30_19_25_59_933.jpg,IMG/left_2026_08_30_19_25_59_933.jpg,IMG/right_2026_08_30_19_25_59_933.jpg,0,1,0,30.1903
IMG/center_2026_08_30_19_26_00_041.jpg,IMG/left_2026_08_30_19_26_00_041.jpg,IMG/right_2026_08_30_19_26_00_041.jpg,-0.1025346,1,0,30.18752
IMG/center_2026_08_30_19_26_00_148.jpg,IMG/left_2026_08_30_19_26_00_148.jpg,IMG/right_2026_08_30_19_26_00_148.jpg,-0.03010081,1,0,30.19017
IMG/center_2026_08_30_19_26_00_253.jpg,IMG/left_2026_08_30_19_26_00_253.jpg,IMG/right_2026_08_30_19_26_00_253.jpg,0,1,0,30.19019
IMG/center_2026_08_30_19_26_00_360.jpg,IMG/left_2026_08_30_19_26_00_360.jpg,IMG/right_2026_08_30_19_26_00_360.jpg,0,1,0,30.19028
IMG/center_2026_08_30_19_26_00_473.jpg,IMG/left_2026_08_30_19_26_00_473.jpg,IMG/right_2026_08_30_19_26_00_473.jpg,0,1,0,30.1904
IMG/center_2026_08_30_19_26_00_575.jpg,IMG/left_2026_08_30_19_26_00_575.jpg,IMG/right_2026_08_30_19_26_00_575.jpg,0,1,0,30.1903
IMG/center_2026_08_30_19_26_00_677.jpg,IMG/left_2026_08_30_19_26_00_677.jpg,IMG/right_2026_08_30_19_26_00_677.jpg,-0.1828008,1,0,30.18107
IMG/center_2026_08_30_19_26_00_785.jpg,IMG/left_2026_08_30_19_26_00_785.jpg,IMG/right_2026_08_30_19_26_00_785.jpg,-0.0581439,1,0,30.19059
IMG/center_2026_08_30_19_26_00_888.jpg,IMG/left_2026_08_30_19_26_00_888.jpg,IMG/right_2026_08_30_19_26_00_888.jpg,0,1,0,30.19004
IMG/center_2026_08_30_19_26_00_991.jpg,IMG/left_2026_08_30_19_26_00_991.jpg,IMG/right_2026_08_30_19_26_00_991.jpg,0,1,0,30.19028
IMG/center_2026_08_30_19_26_01_094.jpg,IMG/left_2026_08_30_19_26_01_094.jpg,IMG/right_2026_08_30_19_26_01_094.jpg,0,1,0,30.19034
IMG/center_2026_08_30_19_26_01_198.jpg,IMG/left_2026_08_30_19_26_01_198.jpg,IMG/right_2026_08_30_19_26_01_198.jpg,0,1,0,30.19029
IMG/center_2026_08_30_19_26_01_305.jpg,IMG/left_2026_08_30_19_26_01_305.jpg,IMG/right_2026_08_30_19_26_01_305.jpg,0,1,0,30.19029
IMG/center_2026_08_30_19_26_01_413.jpg,IMG/left_2026_08_30_19_26_01_413.jpg,IMG/right_2026_08_30_19_26_01_413.jpg,0,1,0,30.19028
IMG/center_2026_08_30_19_26_01_519.jpg,IMG/left_2026_08_30_19_26_01_519.jpg,IMG/right_2026_08_30_19_26_01_519.jpg,0,1,0,30.19031
IMG/center_2026_08_30_19_26_01_620.jpg,IMG/left_2026_08_30_19_26_01_620.jpg,IMG/right_2026_08_30_19_26_01_620.jpg,0,1,0,30.19029
IMG/center_2026_08_30_19_26_01_723.jpg,IMG/left_2026_08_30_19_26_01_723.jpg,IMG/right_2026_08_30_19_26_01_723.jpg,0,1,0,30.19032
IMG/center_2026_08_30_19_26_01_829.jpg,IMG/left_2026_08_30_19_26_01_829.jpg,IMG/right_2026_08_30_19_26_01_829.jpg,0,1,0,30.19047
IMG/center_2026_08_30_19_26_01_932.jpg,IMG/left_2026_08_30_19_26_01_932.jpg,IMG/right_2026_08_30_19_26_01_932.jpg,0,1,0,30.19034
IMG/center_2026_08_30_19_26_02_033.jpg,IMG/left_2026_08_30_19_26_02_033.jpg,IMG/right_2026_08_30_19_26_02_033.jpg,0,1,0,30.19039
IMG/center_2026_08_30_19_26_02_135.jpg,IMG/left_2026_08_30_19_26_02_135.jpg,IMG/right_2026_08_30_19_26_02_135.jpg,0,1,0,30.19029
IMG/center_2026_08_30_19_26_02_239.jpg,IMG/left_2026_08_30_19_26_02_239.jpg,IMG/right_2026_08_30_19_26_02_239.jpg,0,1,0,30.19032
IMG/center_2026_08_30_19_26_02_347.jpg,IMG/left_2026_08_30_19_26_02_347.jpg,IMG/right_2026_08_30_19_26_02_347.jpg,0,1,0,30.19028
IMG/center_2026_08_30_19_26_02_451.jpg,IMG/left_2026_08_30_19_26_02_451.jpg,IMG/right_2026_08_30_19_26_02_451.jpg,0,1,0,30.19029
IMG/center_2026_08_30_19_26_02_555.jpg,IMG/left_2026_08_30_19_26_02_555.jpg,IMG/right_2026_08_30_19_26_02_555.jpg,0,1,0,30.1903
IMG/center_2026_08_30_19_26_02_659.jpg,IMG/left_2026_08_30_19_26_02_659.jpg,IMG/right_2026_08_30_19_26_02_659.jpg,0,1,0,30.19027
IMG/center_2026_08_30_19_26_02_760.jpg,IMG/left_2026_08_30_19_26_02_760.jpg,IMG/right_2026_08_30_19_26_02_760.jpg,0,1,0,30.1903
IMG/center_2026_08_30_19_26_02_866.jpg,IMG/left_2026_08_30_19_26_02_866.jpg,IMG/right_2026_08_30_19_26_02_866.jpg,0,1,0,30.1903
IMG/center_2026_08_30_19_26_02_970.jpg,IMG/left_2026_08_30_19_26_02_970.jpg,IMG/right_2026_08_30_19_26_02_970.jpg,0,1,0,30.19029
IMG/center_2026_08_30_19_26_03_070.jpg,IMG/left_2026_08_30_19_26_03_070.jpg,IMG/right_2026_08_30_19_26_03_070.jpg,-0.1373514,1,0,30.18501
IMG/center_2026_08_30_19_26_03_177.jpg,IMG/left_2026_08_30_19_26_03_177.jpg,IMG/right_2026_08_30_19_26_03_177.jpg,-0.09232376,1,0,30.19031
IMG/center_2026_08_30_19_26_03_283.jpg,IMG/left_2026_08_30_19_26_03_283.jpg,IMG/right_2026_08_30_19_26_03_283.jpg,0,1,0,30.18976
IMG/center_2026_08_30_19_26_03_389.jpg,IMG/left_2026_08_30_19_26_03_389.jpg,IMG/right_2026_08_30_19_26_03_389.jpg,0,1,0,30.19022
IMG/center_2026_08_30_19_26_03_493.jpg,IMG/left_2026_08_30_19_26_03_493.jpg,IMG/right_2026_08_30_19_26_03_493.jpg,0,1,0,30.19029
IMG/center_2026_08_30_19_26_03_595.jpg,IMG/left_2026_08_30_19_26_03_595.jpg,IMG/right_2026_08_30_19_26_03_595.jpg,0,1,0,30.19031
IMG/center_2026_08_30_19_26_03_695.jpg,IMG/left_2026_08_30_19_26_03_695.jpg,IMG/right_2026_08_30_19_26_03_695.jpg,0,1,0,30.1903
IMG/center_2026_08_30_19_26_03_802.jpg,IMG/left_2026_08_30_19_26_03_802.jpg,IMG/right_2026_08_30_19_26_03_802.jpg,0,1,0,30.19027
IMG/center_2026_08_30_19_26_03_906.jpg,IMG/left_2026_08_30_19_26_03_906.jpg,IMG/right_2026_08_30_19_26_03_906.jpg,0,1,0,30.1903
IMG/center_2026_08_30_19_26_04_009.jpg,IMG/left_2026_08_30_19_26_04_009.jpg,IMG/right_2026_08_30_19_26_04_009.jpg,0,1,0,30.19032
IMG/center_2026_08_30_19_26_04_112.jpg,IMG/left_2026_08_30_19_26_04_112.jpg,IMG/right_2026_08_30_19_26_04_112.jpg,0,1,0,30.19029
IMG/center_2026_08_30_19_26_04_219.jpg,IMG/left_2026_08_30_19_26_04_219.jpg,IMG/right_2026_08_30_19_26_04_219.jpg,0,1,0,30.19031
IMG/center_2026_08_30_19_26_04_321.jpg,IMG/left_2026_08_30_19_26_04_321.jpg,IMG/right_2026_08_30_19_26_04_321.jpg,0,1,0,30.19028
IMG/center_2026_08_30_19_26_04_423.jpg,IMG/left_2026_08_30_19_26_04_423.jpg,IMG/right_2026_08_30_19_26_04_423.jpg,0,1,0,30.19017
IMG/center_2026_08_30_19_26_04_526.jpg,IMG/left_2026_08_30_19_26_04_526.jpg,IMG/right_2026_08_30_19_26_04_526.jpg,0,1,0,30.19029
IMG/center_2026_08_30_19_26_04_633.jpg,IMG/left_2026_08_30_19_26_04_633.jpg,IMG/right_2026_08_30_19_26_04_633.jpg,-0.1380969,1,0,30.18484
IMG/center_2026_08_30_19_26_04_739.jpg,IMG/left_2026_08_30_19_26_04_739.jpg,IMG/right_2026_08_30_19_26_04_739.jpg,-0.08217658,1,0,30.19034
IMG/center_2026_08_30_19_26_04_843.jpg,IMG/left_2026_08_30_19_26_04_843.jpg,IMG/right_2026_08_30_19_26_04_843.jpg,0,1,0,30.18991
IMG/center_2026_08_30_19_26_04_947.jpg,IMG/left_2026_08_30_19_26_04_947.jpg,IMG/right_2026_08_30_19_26_04_947.jpg,0,1,0,30.19026
IMG/center_2026_08_30_19_26_05_052.jpg,IMG/left_2026_08_30_19_26_05_052.jpg,IMG/right_2026_08_30_19_26_05_052.jpg,0,1,0,30.19028
IMG/center_2026_08_30_19_26_05_155.jpg,IMG/left_2026_08_30_19_26_05_155.jpg,IMG/right_2026_08_30_19_26_05_155.jpg,0,1,0,30.19028
IMG/center_2026_08_30_19_26_05_262.jpg,IMG/left_2026_08_30_19_26_05_262.jpg,IMG/right_2026_08_30_19_26_05_262.jpg,0,1,0,30.19032
IMG/center_2026_08_30_19_26_05_363.jpg,IMG/left_2026_08_30_19_26_05_363.jpg,IMG/right_2026_08_30_19_26_05_363.jpg,0,1,0,30.19033
IMG/center_2026_08_30_19_26_05_468.jpg,IMG/left_2026_08_30_19_26_05_468.jpg,IMG/right_2026_08_30_19_26_05_468.jpg,-0.09683309,1,0,30.18783
IMG/center_2026_08_30_19_26_05_577.jpg,IMG/left_2026_08_30_19_26_05_577.jpg,IMG/right_2026_08_30_19_26_05_577.jpg,0,1,0,30.18996
IMG/center_2026_08_30_19_26_05_682.jpg,IMG/left_2026_08_30_19_26_05_682.jpg,IMG/right_2026_08_30_19_26_05_682.jpg,0,1,0,30.19015
IMG/center_2026_08_30_19_26_05_788.jpg,IMG/left_2026_08_30_19_26_05_788.jpg,IMG/right_2026_08_30_19_26_05_788.jpg,0,1,0,30.19028
IMG/center_2026_08_30_19_26_05_896.jpg,IMG/left_2026_08_30_19_26_05_896.jpg,IMG/right_2026_08_30_19_26_05_896.jpg,0,1,0,30.19027
IMG/center_2026_08_30_19_26_06_004.jpg,IMG/left_2026_08_30_19_26_06_004.jpg,IMG/right_2026_08_30_19_26_06_004.jpg,0,1,0,30.1903
IMG/center_2026_08_30_19_26_06_107.jpg,IMG/left_2026_08_30_19_26_06_107.jpg,IMG/right_2026_08_30_19_26_06_107.jpg,-0.2869683,1,0,30.16925
IMG/center_2026_08_30_19_26_06_213.jpg,IMG/left_2026_08_30_19_26_06_213.jpg,IMG/right_2026_08_30_19_26_06_213.jpg,0,1,0,30.18926
IMG/center_2026_08_30_19_26_06_317.jpg,IMG/left_2026_08_30_19_26_06_317.jpg,IMG/right_2026_08_30_19_26_06_317.jpg,0,1,0,30.1901
IMG/center_2026_08_30_19_26_06_419.jpg,IMG/left_2026_08_30_19_26_06_419.jpg,IMG/right_2026_08_30_19_26_06_419.jpg,0,1,0,30.19026
IMG/center_2026_08_30_19_26_06_521.jpg,IMG/left_2026_08_30_19_26_06_521.jpg,IMG/right_2026_08_30_19_26_06_521.jpg,0,1,0,30.19027
IMG/center_2026_08_30_19_26_06_624.jpg,IMG/left_2026_08_30_19_26_06_624.jpg,IMG/right_2026_08_30_19_26_06_624.jpg,0,1,0,30.19031
IMG/center_2026_08_30_19_26_06_732.jpg,IMG/left_2026_08_30_19_26_06_732.jpg,IMG/right_2026_08_30_19_26_06_732.jpg,0,1,0,30.19034
IMG/center_2026_08_30_19_26_06_837.jpg,IMG/left_2026_08_30_19_26_06_837.jpg,IMG/right_2026_08_30_19_26_06_837.jpg,0,1,0,30.19027
IMG/center_2026_08_30_19_26_06_946.jpg,IMG/left_2026_08_30_19_26_06_946.jpg,IMG/right_2026_08_30_19_26_06_946.jpg,0,1,0,30.19027
IMG/center_2026_08_30_19_26_07_049.jpg,IMG/left_2026_08_30_19_26_07_049.jpg,IMG/right_2026_08_30_19_26_07_049.jpg,0,1,0,30.19029
IMG/center_2026_08_30_19_26_07_154.jpg,IMG/left_2026_08_30_19_26_07_154.jpg,IMG/right_2026_08_30_19_26_07_154.jpg,0,1,0,30.1903
IMG/center_2026_08_30_19_26_07_261.jpg,IMG/left_2026_08_30_19_26_07_261.jpg,IMG/right_2026_08_30_19_26_07_261.jpg,0,1,0,30.19035
IMG/center_2026_08_30_19_26_07_361.jpg,IMG/left_2026_08_30_19_26_07_361.jpg,IMG/right_2026_08_30_19_26_07_361.jpg,0,1,0,30.19029
IMG/center_2026_08_30_19_26_07_466.jpg,IMG/left_2026_08_30_19_26_07_466.jpg,IMG/right_2026_08_30_19_26_07_466.jpg,-0.1795116,1,0,30.18119
IMG/center_2026_08_30_19_26_07_571.jpg,IMG/left_2026_08_30_19_26_07_571.jpg,IMG/right_2026_08_30_19_26_07_571.jpg,0,1,0,30.19001
IMG/center_2026_08_30_19_26_07_675.jpg,IMG/left_2026_08_30_19_26_07_675.jpg,IMG/right_2026_08_30_19_26_07_675.jpg,0,1,0,30.19028
IMG/center_2026_08_30_19_26_07_780.jpg,IMG/left_2026_08_30_19_26_07_780.jpg,IMG/right_2026_08_30_19_26_07_780.jpg,0,1,0,30.19029
IMG/center_2026_08_30_19_26_07_880.jpg,IMG/left_2026_08_30_19_26_07_880.jpg,IMG/right_2026_08_30_19_26_07_880.jpg,-0.1723338,1,0,30.18284
IMG/center_2026_08_30_19_26_07_986.jpg,IMG/left_2026_08_30_19_26_07_986.jpg,IMG/right_2026_08_30_19_26_07_986.jpg,-0.3343977,1,0,30.17048
IMG/center_2026_08_30_19_26_08_087.jpg,IMG/left_2026_08_30_19_26_08_087.jpg,IMG/right_2026_08_30_19_26_08_087.jpg,-0.03178954,1,0,30.18937
IMG/center_2026_08_30_19_26_08_195.jpg,IMG/left_2026_08_30_19_26_08_195.jpg,IMG/right_2026_08_30_19_26_08_195.jpg,0,1,0,30.18995
IMG/center_2026_08_30_19_26_08_295.jpg,IMG/left_2026_08_30_19_26_08_295.jpg,IMG/right_2026_08_30_19_26_08_295.jpg,0,1,0,30.19033
IMG/center_2026_08_30_19_26_08_396.jpg,IMG/left_2026_08_30_19_26_08_396.jpg,IMG/right_2026_08_30_19_26_08_396.jpg,0,1,0,30.19029
IMG/center_2026_08_30_19_26_08_500.jpg,IMG/left_2026_08_30_19_26_08_500.jpg,IMG/right_2026_08_30_19_26_08_500.jpg,0,1,0,30.19027
IMG/center_2026_08_30_19_26_08_604.jpg,IMG/left_2026_08_30_19_26_08_604.jpg,IMG/right_2026_08_30_19_26_08_604.jpg,0,1,0,30.19032
IMG/center_2026_08_30_19_26_08_712.jpg,IMG/left_2026_08_30_19_26_08_712.jpg,IMG/right_2026_08_30_19_26_08_712.jpg,0,1,0,30.19026
IMG/center_2026_08_30_19_26_08_817.jpg,IMG/left_2026_08_30_19_26_08_817.jpg,IMG/right_2026_08_30_19_26_08_817.jpg,0,1,0,30.19029
IMG/center_2026_08_30_19_26_08_924.jpg,IMG/left_2026_08_30_19_26_08_924.jpg,IMG/right_2026_08_30_19_26_08_924.jpg,0,1,0,30.19054
IMG/center_2026_08_30_19_26_09_030.jpg,IMG/left_2026_08_30_19_26_09_030.jpg,IMG/right_2026_08_30_19_26_09_030.jpg,0,1,0,30.19032
IMG/center_2026_08_30_19_26_09_132.jpg,IMG/left_2026_08_30_19_26_09_132.jpg,IMG/right_2026_08_30_19_26_09_132.jpg,0,1,0,30.19074
IMG/center_2026_08_30_19_26_09_232.jpg,IMG/left_2026_08_30_19_26_09_232.jpg,IMG/right_2026_08_30_19_26_09_232.jpg,0,1,0,30.19027
IMG/center_2026_08_30_19_26_09_341.jpg,IMG/left_2026_08_30_19_26_09_341.jpg,IMG/right_2026_08_30_19_26_09_341.jpg,0,1,0,30.19029
IMG/center_2026_08_30_19_26_09_441.jpg,IMG/left_2026_08_30_19_26_09_441.jpg,IMG/right_2026_08_30_19_26_09_441.jpg,-0.138309,1,0,30.18511
IMG/center_2026_08_30_19_26_09_546.jpg,IMG/left_2026_08_30_19_26_09_546.jpg,IMG/right_2026_08_30_19_26_09_546.jpg,-0.2008809,1,0,30.18597
IMG/center_2026_08_30_19_26_09_651.jpg,IMG/left_2026_08_30_19_26_09_651.jpg,IMG/right_2026_08_30_19_26_09_651.jpg,0,1,0,30.18916
IMG/center_2026_08_30_19_26_09_753.jpg,IMG/left_2026_08_30_19_26_09_753.jpg,IMG/right_2026_08_30_19_26_09_753.jpg,0,1,0,30.19021
IMG/center_2026_08_30_19_26_09_856.jpg,IMG/left_2026_08_30_19_26_09_856.jpg,IMG/right_2026_08_30_19_26_09_856.jpg,0,1,0,30.19028
IMG/center_2026_08_30_19_26_09_956.jpg,IMG/left_2026_08_30_19_26_09_956.jpg,IMG/right_2026_08_30_19_26_09_956.jpg,-0.0331185,1,0,30.19007
IMG/center_2026_08_30_19_26_10_060.jpg,IMG/left_2026_08_30_19_26_10_060.jpg,IMG/right_2026_08_30_19_26_10_060.jpg,-0.3267303,1,0,30.16515
IMG/center_2026_08_30_19_26_10_165.jpg,IMG/left_2026_08_30_19_26_10_165.jpg,IMG/right_2026_08_30_19_26_10_165.jpg,-0.06569189,1,0,30.19111
IMG/center_2026_08_30_19_26_10_268.jpg,IMG/left_2026_08_30_19_26_10_268.jpg,IMG/right_2026_08_30_19_26_10_268.jpg,0,1,0,30.18985
IMG/center_2026_08_30_19_26_10_373.jpg,IMG/left_2026_08_30_19_26_10_373.jpg,IMG/right_2026_08_30_19_26_10_373.jpg,0,1,0,30.19028
IMG/center_2026_08_30_19_26_10_475.jpg,IMG/left_2026_08_30_19_26_10_475.jpg,IMG/right_2026_08_30_19_26_10_475.jpg,0,1,0,30.19032
IMG/center_2026_08_30_19_26_10_579.jpg,IMG/left_2026_08_30_19_26_10_579.jpg,IMG/right_2026_08_30_19_26_10_579.jpg,0,1,0,30.1903
IMG/center_2026_08_30_19_26_10_682.jpg,IMG/left_2026_08_30_19_26_10_682.jpg,IMG/right_2026_08_30_19_26_10_682.jpg,-0.0203094,1,0,30.1902
IMG/center_2026_08_30_19_26_10_786.jpg,IMG/left_2026_08_30_19_26_10_786.jpg,IMG/right_2026_08_30_19_26_10_786.jpg,-0.2035641,1,0,30.17944
IMG/center_2026_08_30_19_26_10_888.jpg,IMG/left_2026_08_30_19_26_10_888.jpg,IMG/right_2026_08_30_19_26_10_888.jpg,0,1,0,30.18964
IMG/center_2026_08_30_19_26_10_990.jpg,IMG/left_2026_08_30_19_26_10_990.jpg,IMG/right_2026_08_30_19_26_10_990.jpg,0,1,0,30.19022
IMG/center_2026_08_30_19_26_11_095.jpg,IMG/left_2026_08_30_19_26_11_095.jpg,IMG/right_2026_08_30_19_26_11_095.jpg,0,1,0,30.19029
IMG/center_2026_08_30_19_26_11_198.jpg,IMG/left_2026_08_30_19_26_11_198.jpg,IMG/right_2026_08_30_19_26_11_198.jpg,-0.1083549,1,0,30.18743
IMG/center_2026_08_30_19_26_11_299.jpg,IMG/left_2026_08_30_19_26_11_299.jpg,IMG/right_2026_08_30_19_26_11_299.jpg,-0.1572915,1,0,30.1879
IMG/center_2026_08_30_19_26_11_401.jpg,IMG/left_2026_08_30_19_26_11_401.jpg,IMG/right_2026_08_30_19_26_11_401.jpg,0,1,0,30.18977
IMG/center_2026_08_30_19_26_11_501.jpg,IMG/left_2026_08_30_19_26_11_501.jpg,IMG/right_2026_08_30_19_26_11_501.jpg,0,1,0,30.19017
IMG/center_2026_08_30_19_26_11_601.jpg,IMG/left_2026_08_30_19_26_11_601.jpg,IMG/right_2026_08_30_19_26_11_601.jpg,-0.0190254,1,0,30.19027
IMG/center_2026_08_30_19_26_11_706.jpg,IMG/left_2026_08_30_19_26_11_706.jpg,IMG/right_2026_08_30_19_26_11_706.jpg,-0.2822592,1,0,30.17148
IMG/center_2026_08_30_19_26_11_810.jpg,IMG/left_2026_08_30_19_26_11_810.jpg,IMG/right_2026_08_30_19_26_11_810.jpg,-0.001867471,1,0,30.1895
IMG/center_2026_08_30_19_26_11_913.jpg,IMG/left_2026_08_30_19_26_11_913.jpg,IMG/right_2026_08_30_19_26_11_913.jpg,0,1,0,30.19014
IMG/center_2026_08_30_19_26_12_017.jpg,IMG/left_2026_08_30_19_26_12_017.jpg,IMG/right_2026_08_30_19_26_12_017.jpg,-0.2020182,1,0,30.18093
IMG/center_2026_08_30_19_26_12_120.jpg,IMG/left_2026_08_30_19_26_12_120.jpg,IMG/right_2026_08_30_19_26_12_120.jpg,-0.2551119,1,0,30.18449
IMG/center_2026_08_30_19_26_12_223.jpg,IMG/left_2026_08_30_19_26_12_223.jpg,IMG/right_2026_08_30_19_26_12_223.jpg,0,1,0,30.18818
IMG/center_2026_08_30_19_26_12_330.jpg,IMG/left_2026_08_30_19_26_12_330.jpg,IMG/right_2026_08_30_19_26_12_330.jpg,-0.0507945,1,0,30.19019
IMG/center_2026_08_30_19_26_12_435.jpg,IMG/left_2026_08_30_19_26_12_435.jpg,IMG/right_2026_08_30_19_26_12_435.jpg,-0.2494407,1,0,30.18174
IMG/center_2026_08_30_19_26_12_538.jpg,IMG/left_2026_08_30_19_26_12_538.jpg,IMG/right_2026_08_30_19_26_12_538.jpg,0,1,0,30.18832
IMG/center_2026_08_30_19_26_12_643.jpg,IMG/left_2026_08_30_19_26_12_643.jpg,IMG/right_2026_08_30_19_26_12_643.jpg,0,1,0,30.19018
IMG/center_2026_08_30_19_26_12_747.jpg,IMG/left_2026_08_30_19_26_12_747.jpg,IMG/right_2026_08_30_19_26_12_747.jpg,0,1,0,30.1903
IMG/center_2026_08_30_19_26_12_850.jpg,IMG/left_2026_08_30_19_26_12_850.jpg,IMG/right_2026_08_30_19_26_12_850.jpg,0,1,0,30.1903
IMG/center_2026_08_30_19_26_12_957.jpg,IMG/left_2026_08_30_19_26_12_957.jpg,IMG/right_2026_08_30_19_26_12_957.jpg,-0.3538776,1,0,30.16072
IMG/center_2026_08_30_19_26_13_061.jpg,IMG/left_2026_08_30_19_26_13_061.jpg,IMG/right_2026_08_30_19_26_13_061.jpg,-0.06037318,1,0,30.19117
IMG/center_2026_08_30_19_26_13_162.jpg,IMG/left_2026_08_30_19_26_13_162.jpg,IMG/right_2026_08_30_19_26_13_162.jpg,0,1,0,30.18876
IMG/center_2026_08_30_19_26_13_262.jpg,IMG/left_2026_08_30_19_26_13_262.jpg,IMG/right_2026_08_30_19_26_13_262.jpg,0,1,0,30.19036
IMG/center_2026_08_30_19_26_13_366.jpg,IMG/left_2026_08_30_19_26_13_366.jpg,IMG/right_2026_08_30_19_26_13_366.jpg,-0.2254941,1,0,30.17791
IMG/center_2026_08_30_19_26_13_468.jpg,IMG/left_2026_08_30_19_26_13_468.jpg,IMG/right_2026_08_30_19_26_13_468.jpg,-0.1514544,1,0,30.18996
IMG/center_2026_08_30_19_26_13_572.jpg,IMG/left_2026_08_30_19_26_13_572.jpg,IMG/right_2026_08_30_19_26_13_572.jpg,0,1,0,30.19009
IMG/center_2026_08_30_19_26_13_676.jpg,IMG/left_2026_08_30_19_26_13_676.jpg,IMG/right_2026_08_30_19_26_13_676.jpg,-0.0170499,1,0,30.19016
IMG/center_2026_08_30_19_26_13_781.jpg,IMG/left_2026_08_30_19_26_13_781.jpg,IMG/right_2026_08_30_19_26_13_781.jpg,-0.3132822,1,0,30.16751
IMG/center_2026_08_30_19_26_13_882.jpg,IMG/left_2026_08_30_19_26_13_882.jpg,IMG/right_2026_08_30_19_26_13_882.jpg,-0.04807053,1,0,30.19255
IMG/center_2026_08_30_19_26_13_985.jpg,IMG/left_2026_08_30_19_26_13_985.jpg,IMG/right_2026_08_30_19_26_13_985.jpg,0,1,0,30.18998
IMG/center_2026_08_30_19_26_14_094.jpg,IMG/left_2026_08_30_19_26_14_094.jpg,IMG/right_2026_08_30_19_26_14_094.jpg,-0.1592805,1,0,30.18596
IMG/center_2026_08_30_19_26_14_200.jpg,IMG/left_2026_08_30_19_26_14_200.jpg,IMG/right_2026_08_30_19_26_14_200.jpg,-0.2239902,1,0,30.18567
IMG/center_2026_08_30_19_26_14_303.jpg,IMG/left_2026_08_30_19_26_14_303.jpg,IMG/right_2026_08_30_19_26_14_303.jpg,0,1,0,30.18843
IMG/center_2026_08_30_19_26_14_410.jpg,IMG/left_2026_08_30_19_26_14_410.jpg,IMG/right_2026_08_30_19_26_14_410.jpg,0,1,0,30.1899
IMG/center_2026_08_30_19_26_14_515.jpg,IMG/left_2026_08_30_19_26_14_515.jpg,IMG/right_2026_08_30_19_26_14_515.jpg,-0.1310946,1,0,30.18443
IMG/center_2026_08_30_19_26_14_618.jpg,IMG/left_2026_08_30_19_26_14_618.jpg,IMG/right_2026_08_30_19_26_14_618.jpg,-0.2529732,1,0,30.17996
IMG/center_2026_08_30_19_26_14_726.jpg,IMG/left_2026_08_30_19_26_14_726.jpg,IMG/right_2026_08_30_19_26_14_726.jpg,0,1,0,30.18785
IMG/center_2026_08_30_19_26_14_829.jpg,IMG/left_2026_08_30_19_26_14_829.jpg,IMG/right_2026_08_30_19_26_14_829.jpg,0,1,0,30.1904
IMG/center_2026_08_30_19_26_14_932.jpg,IMG/left_2026_08_30_19_26_14_932.jpg,IMG/right_2026_08_30_19_26_14_932.jpg,0,1,0,30.19025
IMG/center_2026_08_30_19_26_15_038.jpg,IMG/left_2026_08_30_19_26_15_038.jpg,IMG/right_2026_08_30_19_26_15_038.jpg,-0.2031978,1,0,30.17961
IMG/center_2026_08_30_19_26_15_144.jpg,IMG/left_2026_08_30_19_26_15_144.jpg,IMG/right_2026_08_30_19_26_15_144.jpg,-0.1505313,1,0,30.18948
IMG/center_2026_08_30_19_26_15_249.jpg,IMG/left_2026_08_30_19_26_15_249.jpg,IMG/right_2026_08_30_19_26_15_249.jpg,0,1,0,30.19007
IMG/center_2026_08_30_19_26_15_350.jpg,IMG/left_2026_08_30_19_26_15_350.jpg,IMG/right_2026_08_30_19_26_15_350.jpg,0,1,0,30.19023
IMG/center_2026_08_30_19_26_15_452.jpg,IMG/left_2026_08_30_19_26_15_452.jpg,IMG/right_2026_08_30_19_26_15_452.jpg,-0.2560257,1,0,30.175
IMG/center_2026_08_30_19_26_15_554.jpg,IMG/left_2026_08_30_19_26_15_554.jpg,IMG/right_2026_08_30_19_26_15_554.jpg,-0.1036254,1,0,30.1914
IMG/center_2026_08_30_19_26_15_656.jpg,IMG/left_2026_08_30_19_26_15_656.jpg,IMG/right_2026_08_30_19_26_15_656.jpg,0,1,0,30.18966
IMG/center_2026_08_30_19_26_15_759.jpg,IMG/left_2026_08_30_19_26_15_759.jpg,IMG/right_2026_08_30_19_26_15_759.jpg,0,1,0,30.19014
IMG/center_2026_08_30_19_26_15_860.jpg,IMG/left_2026_08_30_19_26_15_860.jpg,IMG/right_2026_08_30_19_26_15_860.jpg,-0.2176443,1,0,30.17924
IMG/center_2026_08_30_19_26_15_964.jpg,IMG/left_2026_08_30_19_26_15_964.jpg,IMG/right_2026_08_30_19_26_15_964.jpg,-0.2050374,1,0,30.18821
IMG/center_2026_08_30_19_26_16_068.jpg,IMG/left_2026_08_30_19_26_16_068.jpg,IMG/right_2026_08_30_19_26_16_068.jpg,0,1,0,30.18976
IMG/center_2026_08_30_19_26_16_175.jpg,IMG/left_2026_08_30_19_26_16_175.jpg,IMG/right_2026_08_30_19_26_16_175.jpg,0,1,0,30.1903
IMG/center_2026_08_30_19_26_16_277.jpg,IMG/left_2026_08_30_19_26_16_277.jpg,IMG/right_2026_08_30_19_26_16_277.jpg,-0.2421624,1,0,30.1765
IMG/center_2026_08_30_19_26_16_381.jpg,IMG/left_2026_08_30_19_26_16_381.jpg,IMG/right_2026_08_30_19_26_16_381.jpg,-0.2257786,1,0,30.18688
IMG/center_2026_08_30_19_26_16_486.jpg,IMG/left_2026_08_30_19_26_16_486.jpg,IMG/right_2026_08_30_19_26_16_486.jpg,0,1,0,30.18734
IMG/center_2026_08_30_19_26_16_591.jpg,IMG/left_2026_08_30_19_26_16_591.jpg,IMG/right_2026_08_30_19_26_16_591.jpg,0,1,0,30.19015
IMG/center_2026_08_30_19_26_16_691.jpg,IMG/left_2026_08_30_19_26_16_691.jpg,IMG/right_2026_08_30_19_26_16_691.jpg,0,1,0,30.18978
IMG/center_2026_08_30_19_26_16_792.jpg,IMG/left_2026_08_30_19_26_16_792.jpg,IMG/right_2026_08_30_19_26_16_792.jpg,0,1,0,30.19047
IMG/center_2026_08_30_19_26_16_899.jpg,IMG/left_2026_08_30_19_26_16_899.jpg,IMG/right_2026_08_30_19_26_16_899.jpg,0,1,0,30.19032
IMG/center_2026_08_30_19_26_17_000.jpg,IMG/left_2026_08_30_19_26_17_000.jpg,IMG/right_2026_08_30_19_26_17_000.jpg,0,1,0,30.19028
IMG/center_2026_08_30_19_26_17_102.jpg,IMG/left_2026_08_30_19_26_17_102.jpg,IMG/right_2026_08_30_19_26_17_102.jpg,-0.3018372,1,0,30.1671
IMG/center_2026_08_30_19_26_17_205.jpg,IMG/left_2026_08_30_19_26_17_205.jpg,IMG/right_2026_08_30_19_26_17_205.jpg,-0.006228901,1,0,30.19027
IMG/center_2026_08_30_19_26_17_309.jpg,IMG/left_2026_08_30_19_26_17_309.jpg,IMG/right_2026_08_30_19_26_17_309.jpg,0,1,0,30.19015
IMG/center_2026_08_30_19_26_17_410.jpg,IMG/left_2026_08_30_19_26_17_410.jpg,IMG/right_2026_08_30_19_26_17_410.jpg,0,1,0,30.19081
IMG/center_2026_08_30_19_26_17_514.jpg,IMG/left_2026_08_30_19_26_17_514.jpg,IMG/right_2026_08_30_19_26_17_514.jpg,0,1,0,30.19049
IMG/center_2026_08_30_19_26_17_619.jpg,IMG/left_2026_08_30_19_26_17_619.jpg,IMG/right_2026_08_30_19_26_17_619.jpg,-0.2997294,1,0,30.16808
IMG/center_2026_08_30_19_26_17_721.jpg,IMG/left_2026_08_30_19_26_17_721.jpg,IMG/right_2026_08_30_19_26_17_721.jpg,-0.03332824,1,0,30.19061
IMG/center_2026_08_30_19_26_17_826.jpg,IMG/left_2026_08_30_19_26_17_826.jpg,IMG/right_2026_08_30_19_26_17_826.jpg,0,1,0,30.18989
IMG/center_2026_08_30_19_26_17_929.jpg,IMG/left_2026_08_30_19_26_17_929.jpg,IMG/right_2026_08_30_19_26_17_929.jpg,0,1,0,30.19039
IMG/center_2026_08_30_19_26_18_031.jpg,IMG/left_2026_08_30_19_26_18_031.jpg,IMG/right_2026_08_30_19_26_18_031.jpg,0,1,0,30.19035
IMG/center_2026_08_30_19_26_18_134.jpg,IMG/left_2026_08_30_19_26_18_134.jpg,IMG/right_2026_08_30_19_26_18_134.jpg,0,1,0,30.19079
IMG/center_2026_08_30_19_26_18_236.jpg,IMG/left_2026_08_30_19_26_18_236.jpg,IMG/right_2026_08_30_19_26_18_236.jpg,0,1,0,30.19047
IMG/center_2026_08_30_19_26_18_338.jpg,IMG/left_2026_08_30_19_26_18_338.jpg,IMG/right_2026_08_30_19_26_18_338.jpg,0,1,0,30.19042
IMG/center_2026_08_30_19_26_18_441.jpg,IMG/left_2026_08_30_19_26_18_441.jpg,IMG/right_2026_08_30_19_26_18_441.jpg,0,1,0,30.19044
IMG/center_2026_08_30_19_26_18_545.jpg,IMG/left_2026_08_30_19_26_18_545.jpg,IMG/right_2026_08_30_19_26_18_545.jpg,-0.2262318,1,0,30.17622
IMG/center_2026_08_30_19_26_18_646.jpg,IMG/left_2026_08_30_19_26_18_646.jpg,IMG/right_2026_08_30_19_26_18_646.jpg,0,1,0,30.19023
IMG/center_2026_08_30_19_26_18_750.jpg,IMG/left_2026_08_30_19_26_18_750.jpg,IMG/right_2026_08_30_19_26_18_750.jpg,0,1,0,30.1904
IMG/center_2026_08_30_19_26_18_860.jpg,IMG/left_2026_08_30_19_26_18_860.jpg,IMG/right_2026_08_30_19_26_18_860.jpg,0,1,0,30.19067
IMG/center_2026_08_30_19_26_18_964.jpg,IMG/left_2026_08_30_19_26_18_964.jpg,IMG/right_2026_08_30_19_26_18_964.jpg,0,1,0,30.1904
IMG/center_2026_08_30_19_26_19_064.jpg,IMG/left_2026_08_30_19_26_19_064.jpg,IMG/right_2026_08_30_19_26_19_064.jpg,-0.1131795,1,0,30.18651
IMG/center_2026_08_30_19_26_19_168.jpg,IMG/left_2026_08_30_19_26_19_168.jpg,IMG/right_2026_08_30_19_26_19_168.jpg,-0.1531404,1,0,30.18824
IMG/center_2026_08_30_19_26_19_269.jpg,IMG/left_2026_08_30_19_26_19_269.jpg,IMG/right_2026_08_30_19_26_19_269.jpg,0,1,0,30.18983
IMG/center_2026_08_30_19_26_19_373.jpg,IMG/left_2026_08_30_19_26_19_373.jpg,IMG/right_2026_08_30_19_26_19_373.jpg,0,1,0,30.19014
IMG/center_2026_08_30_19_26_19_476.jpg,IMG/left_2026_08_30_19_26_19_476.jpg,IMG/right_2026_08_30_19_26_19_476.jpg,0,1,0,30.19031
IMG/center_2026_08_30_19_26_19_578.jpg,IMG/left_2026_08_30_19_26_19_578.jpg,IMG/right_2026_08_30_19_26_19_578.jpg,-0.1493343,1,0,30.18468
IMG/center_2026_08_30_19_26_19_680.jpg,IMG/left_2026_08_30_19_26_19_680.jpg,IMG/right_2026_08_30_19_26_19_680.jpg,-0.1572474,1,0,30.18858
IMG/center_2026_08_30_19_26_19_785.jpg,IMG/left_2026_08_30_19_26_19_785.jpg,IMG/right_2026_08_30_19_26_19_785.jpg,0,1,0,30.18972
IMG/center_2026_08_30_19_26_19_888.jpg,IMG/left_2026_08_30_19_26_19_888.jpg,IMG/right_2026_08_30_19_26_19_888.jpg,0,1,0,30.19023
IMG/center_2026_08_30_19_26_19_995.jpg,IMG/left_2026_08_30_19_26_19_995.jpg,IMG/right_2026_08_30_19_26_19_995.jpg,0,1,0,30.1903
IMG/center_2026_08_30_19_26_20_095.jpg,IMG/left_2026_08_30_19_26_20_095.jpg,IMG/right_2026_08_30_19_26_20_095.jpg,0,1,0,30.19028
IMG/center_2026_08_30_19_26_20_197.jpg,IMG/left_2026_08_30_19_26_20_197.jpg,IMG/right_2026_08_30_19_26_20_197.jpg,-0.2343201,1,0,30.17686
IMG/center_2026_08_30_19_26_20_297.jpg,IMG/left_2026_08_30_19_26_20_297.jpg,IMG/right_2026_08_30_19_26_20_297.jpg,0,1,0,30.18929
IMG/center_2026_08_30_19_26_20_398.jpg,IMG/left_2026_08_30_19_26_20_398.jpg,IMG/right_2026_08_30_19_26_20_398.jpg,0,1,0,30.19003
IMG/center_2026_08_30_19_26_20_497.jpg,IMG/left_2026_08_30_19_26_20_497.jpg,IMG/right_2026_08_30_19_26_20_497.jpg,0,1,0,30.19026
IMG/center_2026_08_30_19_26_20_601.jpg,IMG/left_2026_08_30_19_26_20_601.jpg,IMG/right_2026_08_30_19_26_20_601.jpg,-0.2210616,1,0,30.17834
IMG/center_2026_08_30_19_26_20_706.jpg,IMG/left_2026_08_30_19_26_20_706.jpg,IMG/right_2026_08_30_19_26_20_706.jpg,0,1,0,30.18947
IMG/center_2026_08_30_19_26_20_810.jpg,IMG/left_2026_08_30_19_26_20_810.jpg,IMG/right_2026_08_30_19_26_20_810.jpg,0,1,0,30.19022
IMG/center_2026_08_30_19_26_20_912.jpg,IMG/left_2026_08_30_19_26_20_912.jpg,IMG/right_2026_08_30_19_26_20_912.jpg,0,1,0,30.19029
IMG/center_2026_08_30_19_26_21_014.jpg,IMG/left_2026_08_30_19_26_21_014.jpg,IMG/right_2026_08_30_19_26_21_014.jpg,0,1,0,30.19027
IMG/center_2026_08_30_19_26_21_117.jpg,IMG/left_2026_08_30_19_26_21_117.jpg,IMG/right_2026_08_30_19_26_21_117.jpg,0,1,0,30.19029
IMG/center_2026_08_30_19_26_21_219.jpg,IMG/left_2026_08_30_19_26_21_219.jpg,IMG/right_2026_08_30_19_26_21_219.jpg,0,1,0,30.19004
IMG/center_2026_08_30_19_26_21_323.jpg,IMG/left_2026_08_30_19_26_21_323.jpg,IMG/right_2026_08_30_19_26_21_323.jpg,0,1,0,30.19017
IMG/center_2026_08_30_19_26_21_426.jpg,IMG/left_2026_08_30_19_26_21_426.jpg,IMG/right_2026_08_30_19_26_21_426.jpg,0,1,0,30.19029
IMG/center_2026_08_30_19_26_21_533.jpg,IMG/left_2026_08_30_19_26_21_533.jpg,IMG/right_2026_08_30_19_26_21_533.jpg,0,1,0,30.19029
IMG/center_2026_08_30_19_26_21_636.jpg,IMG/left_2026_08_30_19_26_21_636.jpg,IMG/right_2026_08_30_19_26_21_636.jpg,0,1,0,30.19031
IMG/center_2026_08_30_19_26_21_739.jpg,IMG/left_2026_08_30_19_26_21_739.jpg,IMG/right_2026_08_30_19_26_21_739.jpg,0,1,0,30.1903
IMG/center_2026_08_30_19_26_21_841.jpg,IMG/left_2026_08_30_19_26_21_841.jpg,IMG/right_2026_08_30_19_26_21_841.jpg,0,1,0,30.19039
IMG/center_2026_08_30_19_26_21_940.jpg,IMG/left_2026_08_30_19_26_21_940.jpg,IMG/right_2026_08_30_19_26_21_940.jpg,0,1,0,30.19028
IMG/center_2026_08_30_19_26_22_045.jpg,IMG/left_2026_08_30_19_26_22_045.jpg,IMG/right_2026_08_30_19_26_22_045.jpg,0,1,0,30.19031
IMG/center_2026_08_30_19_26_22_146.jpg,IMG/left_2026_08_30_19_26_22_146.jpg,IMG/right_2026_08_30_19_26_22_146.jpg,0,1,0,30.19032
IMG/center_2026_08_30_19_26_22_249.jpg,IMG/left_2026_08_30_19_26_22_249.jpg,IMG/right_2026_08_30_19_26_22_249.jpg,0,1,0,30.19032
IMG/center_2026_08_30_19_26_22_356.jpg,IMG/left_2026_08_30_19_26_22_356.jpg,IMG/right_2026_08_30_19_26_22_356.jpg,-0.1722612,1,0,30.18222
IMG/center_2026_08_30_19_26_22_462.jpg,IMG/left_2026_08_30_19_26_22_462.jpg,IMG/right_2026_08_30_19_26_22_462.jpg,0,1,0,30.19016
IMG/center_2026_08_30_19_26_22_571.jpg,IMG/left_2026_08_30_19_26_22_571.jpg,IMG/right_2026_08_30_19_26_22_571.jpg,0,1,0,30.19026
IMG/center_2026_08_30_19_26_22_680.jpg,IMG/left_2026_08_30_19_26_22_680.jpg,IMG/right_2026_08_30_19_26_22_680.jpg,0,1,0,30.1903
IMG/center_2026_08_30_19_26_22_786.jpg,IMG/left_2026_08_30_19_26_22_786.jpg,IMG/right_2026_08_30_19_26_22_786.jpg,-0.137928,1,0,30.18537
IMG/center_2026_08_30_19_26_22_888.jpg,IMG/left_2026_08_30_19_26_22_888.jpg,IMG/right_2026_08_30_19_26_22_888.jpg,-0.1147422,1,0,30.18991
IMG/center_2026_08_30_19_26_22_994.jpg,IMG/left_2026_08_30_19_26_22_994.jpg,IMG/right_2026_08_30_19_26_22_994.jpg,0,1,0,30.18996
IMG/center_2026_08_30_19_26_23_101.jpg,IMG/left_2026_08_30_19_26_23_101.jpg,IMG/right_2026_08_30_19_26_23_101.jpg,0,1,0,30.19028
IMG/center_2026_08_30_19_26_23_205.jpg,IMG/left_2026_08_30_19_26_23_205.jpg,IMG/right_2026_08_30_19_26_23_205.jpg,0,1,0,30.19028
IMG/center_2026_08_30_19_26_23_312.jpg,IMG/left_2026_08_30_19_26_23_312.jpg,IMG/right_2026_08_30_19_26_23_312.jpg,0,1,0,30.19031
IMG/center_2026_08_30_19_26_23_415.jpg,IMG/left_2026_08_30_19_26_23_415.jpg,IMG/right_2026_08_30_19_26_23_415.jpg,0,1,0,30.1903
IMG/center_2026_08_30_19_26_23_518.jpg,IMG/left_2026_08_30_19_26_23_518.jpg,IMG/right_2026_08_30_19_26_23_518.jpg,0,1,0,30.19029
IMG/center_2026_08_30_19_26_23_627.jpg,IMG/left_2026_08_30_19_26_23_627.jpg,IMG/right_2026_08_30_19_26_23_627.jpg,0,1,0,30.1902
IMG/center_2026_08_30_19_26_23_728.jpg,IMG/left_2026_08_30_19_26_23_728.jpg,IMG/right_2026_08_30_19_26_23_728.jpg,0,1,0,30.19027
IMG/center_2026_08_30_19_26_23_830.jpg,IMG/left_2026_08_30_19_26_23_830.jpg,IMG/right_2026_08_30_19_26_23_830.jpg,0,1,0,30.19022
IMG/center_2026_08_30_19_26_23_931.jpg,IMG/left_2026_08_30_19_26_23_931.jpg,IMG/right_2026_08_30_19_26_23_931.jpg,0,1,0,30.19029
IMG/center_2026_08_30_19_26_24_034.jpg,IMG/left_2026_08_30_19_26_24_034.jpg,IMG/right_2026_08_30_19_26_24_034.jpg,0,1,0,30.1903
IMG/center_2026_08_30_19_26_24_134.jpg,IMG/left_2026_08_30_19_26_24_134.jpg,IMG/right_2026_08_30_19_26_24_134.jpg,0,1,0,30.19029
IMG/center_2026_08_30_19_26_24_237.jpg,IMG/left_2026_08_30_19_26_24_237.jpg,IMG/right_2026_08_30_19_26_24_237.jpg,-0.0659844,1,0,30.18929
IMG/center_2026_08_30_19_26_24_337.jpg,IMG/left_2026_08_30_19_26_24_337.jpg,IMG/right_2026_08_30_19_26_24_337.jpg,-0.0855867,1,0,30.19439
IMG/center_2026_08_30_19_26_24_443.jpg,IMG/left_2026_08_30_19_26_24_443.jpg,IMG/right_2026_08_30_19_26_24_443.jpg,0,1,0,30.19673
IMG/center_2026_08_30_19_26_24_543.jpg,IMG/left_2026_08_30_19_26_24_543.jpg,IMG/right_2026_08_30_19_26_24_543.jpg,0,1,0,30.32501
IMG/center_2026_08_30_19_26_24_648.jpg,IMG/left_2026_08_30_19_26_24_648.jpg,IMG/right_2026_08_30_19_26_24_648.jpg,0,1,0,30.18611
IMG/center_2026_08_30_19_26_24_754.jpg,IMG/left_2026_08_30_19_26_24_754.jpg,IMG/right_2026_08_30_19_26_24_754.jpg,0,1,0,30.18936
IMG/center_2026_08_30_19_26_24_858.jpg,IMG/left_2026_08_30_19_26_24_858.jpg,IMG/right_2026_08_30_19_26_24_858.jpg,0,1,0,30.18984
IMG/center_2026_08_30_19_26_24_960.jpg,IMG/left_2026_08_30_19_26_24_960.jpg,IMG/right_2026_08_30_19_26_24_960.jpg,-0.09594001,1,0,30.18756
IMG/center_2026_08_30_19_26_25_063.jpg,IMG/left_2026_08_30_19_26_25_063.jpg,IMG/right_2026_08_30_19_26_25_063.jpg,-0.0487656,1,0,30.19019
IMG/center_2026_08_30_19_26_25_170.jpg,IMG/left_2026_08_30_19_26_25_170.jpg,IMG/right_2026_08_30_19_26_25_170.jpg,0,1,0,30.18973
IMG/center_2026_08_30_19_26_25_277.jpg,IMG/left_2026_08_30_19_26_25_277.jpg,IMG/right_2026_08_30_19_26_25_277.jpg,0,1,0,30.1899
IMG/center_2026_08_30_19_26_25_381.jpg,IMG/left_2026_08_30_19_26_25_381.jpg,IMG/right_2026_08_30_19_26_25_381.jpg,0,1,0,30.18991
IMG/center_2026_08_30_19_26_25_486.jpg,IMG/left_2026_08_30_19_26_25_486.jpg,IMG/right_2026_08_30_19_26_25_486.jpg,0,1,0,30.18992
IMG/center_2026_08_30_19_26_25_587.jpg,IMG/left_2026_08_30_19_26_25_587.jpg,IMG/right_2026_08_30_19_26_25_587.jpg,0,1,0,30.18992
IMG/center_2026_08_30_19_26_25_689.jpg,IMG/left_2026_08_30_19_26_25_689.jpg,IMG/right_2026_08_30_19_26_25_689.jpg,0,1,0,30.18991
IMG/center_2026_08_30_19_26_25_793.jpg,IMG/left_2026_08_30_19_26_25_793.jpg,IMG/right_2026_08_30_19_26_25_793.jpg,0,1,0,30.18995
IMG/center_2026_08_30_19_26_25_897.jpg,IMG/left_2026_08_30_19_26_25_897.jpg,IMG/right_2026_08_30_19_26_25_897.jpg,0,1,0,30.18993
IMG/center_2026_08_30_19_26_26_005.jpg,IMG/left_2026_08_30_19_26_26_005.jpg,IMG/right_2026_08_30_19_26_26_005.jpg,0,1,0,30.18992
IMG/center_2026_08_30_19_26_26_112.jpg,IMG/left_2026_08_30_19_26_26_112.jpg,IMG/right_2026_08_30_19_26_26_112.jpg,0,1,0,30.18993
IMG/center_2026_08_30_19_26_26_215.jpg,IMG/left_2026_08_30_19_26_26_215.jpg,IMG/right_2026_08_30_19_26_26_215.jpg,0,1,0,30.18992
IMG/center_2026_08_30_19_26_26_316.jpg,IMG/left_2026_08_30_19_26_26_316.jpg,IMG/right_2026_08_30_19_26_26_316.jpg,0,1,0,30.18995
IMG/center_2026_08_30_19_26_26_425.jpg,IMG/left_2026_08_30_19_26_26_425.jpg,IMG/right_2026_08_30_19_26_26_425.jpg,0,1,0,30.18995
IMG/center_2026_08_30_19_26_26_527.jpg,IMG/left_2026_08_30_19_26_26_527.jpg,IMG/right_2026_08_30_19_26_26_527.jpg,0,1,0,30.18994
IMG/center_2026_08_30_19_26_26_631.jpg,IMG/left_2026_08_30_19_26_26_631.jpg,IMG/right_2026_08_30_19_26_26_631.jpg,0,1,0,30.18991
IMG/center_2026_08_30_19_26_26_735.jpg,IMG/left_2026_08_30_19_26_26_735.jpg,IMG/right_2026_08_30_19_26_26_735.jpg,0,1,0,30.18993
IMG/center_2026_08_30_19_26_26_837.jpg,IMG/left_2026_08_30_19_26_26_837.jpg,IMG/right_2026_08_30_19_26_26_837.jpg,0,1,0,30.18993
IMG/center_2026_08_30_19_26_26_937.jpg,IMG/left_2026_08_30_19_26_26_937.jpg,IMG/right_2026_08_30_19_26_26_937.jpg,0,1,0,30.18995
IMG/center_2026_08_30_19_26_27_039.jpg,IMG/left_2026_08_30_19_26_27_039.jpg,IMG/right_2026_08_30_19_26_27_039.jpg,0,1,0,30.18993
IMG/center_2026_08_30_19_26_27_140.jpg,IMG/left_2026_08_30_19_26_27_140.jpg,IMG/right_2026_08_30_19_26_27_140.jpg,0,1,0,30.18994
IMG/center_2026_08_30_19_26_27_242.jpg,IMG/left_2026_08_30_19_26_27_242.jpg,IMG/right_2026_08_30_19_26_27_242.jpg,0,1,0,30.18993
IMG/center_2026_08_30_19_26_27_346.jpg,IMG/left_2026_08_30_19_26_27_346.jpg,IMG/right_2026_08_30_19_26_27_346.jpg,0,1,0,30.18993
IMG/center_2026_08_30_19_26_27_449.jpg,IMG/left_2026_08_30_19_26_27_449.jpg,IMG/right_2026_08_30_19_26_27_449.jpg,0,1,0,30.18995
IMG/center_2026_08_30_19_26_27_551.jpg,IMG/left_2026_08_30_19_26_27_551.jpg,IMG/right_2026_08_30_19_26_27_551.jpg,-0.1498758,1,0,30.18393
IMG/center_2026_08_30_19_26_27_657.jpg,IMG/left_2026_08_30_19_26_27_657.jpg,IMG/right_2026_08_30_19_26_27_657.jpg,0,1,0,30.18988
IMG/center_2026_08_30_19_26_27_763.jpg,IMG/left_2026_08_30_19_26_27_763.jpg,IMG/right_2026_08_30_19_26_27_763.jpg,0,1,0,30.18994
IMG/center_2026_08_30_19_26_27_868.jpg,IMG/left_2026_08_30_19_26_27_868.jpg,IMG/right_2026_08_30_19_26_27_868.jpg,0,1,0,30.18998
IMG/center_2026_08_30_19_26_27_970.jpg,IMG/left_2026_08_30_19_26_27_970.jpg,IMG/right_2026_08_30_19_26_27_970.jpg,0,1,0,30.18995
IMG/center_2026_08_30_19_26_28_074.jpg,IMG/left_2026_08_30_19_26_28_074.jpg,IMG/right_2026_08_30_19_26_28_074.jpg,0,1,0,30.18994
IMG/center_2026_08_30_19_26_28_176.jpg,IMG/left_2026_08_30_19_26_28_176.jpg,IMG/right_2026_08_30_19_26_28_176.jpg,0,1,0,30.18998
IMG/center_2026_08_30_19_26_28_277.jpg,IMG/left_2026_08_30_19_26_28_277.jpg,IMG/right_2026_08_30_19_26_28_277.jpg,0,1,0,30.18997
IMG/center_2026_08_30_19_26_28_378.jpg,IMG/left_2026_08_30_19_26_28_378.jpg,IMG/right_2026_08_30_19_26_28_378.jpg,0,1,0,30.18996
IMG/center_2026_08_30_19_26_28_478.jpg,IMG/left_2026_08_30_19_26_28_478.jpg,IMG/right_2026_08_30_19_26_28_478.jpg,0,1,0,30.18997
IMG/center_2026_08_30_19_26_28_581.jpg,IMG/left_2026_08_30_19_26_28_581.jpg,IMG/right_2026_08_30_19_26_28_581.jpg,0,1,0,30.18996
IMG/center_2026_08_30_19_26_28_683.jpg,IMG/left_2026_08_30_19_26_28_683.jpg,IMG/right_2026_08_30_19_26_28_683.jpg,0,1,0,30.18996
IMG/center_2026_08_30_19_26_28_786.jpg,IMG/left_2026_08_30_19_26_28_786.jpg,IMG/right_2026_08_30_19_26_28_786.jpg,0,1,0,30.18996
IMG/center_2026_08_30_19_26_28_891.jpg,IMG/left_2026_08_30_19_26_28_891.jpg,IMG/right_2026_08_30_19_26_28_891.jpg,0,1,0,30.18996
IMG/center_2026_08_30_19_26_28_999.jpg,IMG/left_2026_08_30_19_26_28_999.jpg,IMG/right_2026_08_30_19_26_28_999.jpg,0,1,0,30.18998
IMG/center_2026_08_30_19_26_29_105.jpg,IMG/left_2026_08_30_19_26_29_105.jpg,IMG/right_2026_08_30_19_26_29_105.jpg,0,1,0,30.18995
IMG/center_2026_08_30_19_26_29_212.jpg,IMG/left_2026_08_30_19_26_29_212.jpg,IMG/right_2026_08_30_19_26_29_212.jpg,0,1,0,30.18996
IMG/center_2026_08_30_19_26_29_313.jpg,IMG/left_2026_08_30_19_26_29_313.jpg,IMG/right_2026_08_30_19_26_29_313.jpg,0,1,0,30.18996
IMG/center_2026_08_30_19_26_29_418.jpg,IMG/left_2026_08_30_19_26_29_418.jpg,IMG/right_2026_08_30_19_26_29_418.jpg,0,1,0,30.18999
IMG/center_2026_08_30_19_26_29_520.jpg,IMG/left_2026_08_30_19_26_29_520.jpg,IMG/right_2026_08_30_19_26_29_520.jpg,0,1,0,30.18996
IMG/center_2026_08_30_19_26_29_625.jpg,IMG/left_2026_08_30_19_26_29_625.jpg,IMG/right_2026_08_30_19_26_29_625.jpg,0,1,0,30.18996
IMG/center_2026_08_30_19_26_29_724.jpg,IMG/left_2026_08_30_19_26_29_724.jpg,IMG/right_2026_08_30_19_26_29_724.jpg,0,1,0,30.18994
IMG/center_2026_08_30_19_26_29_828.jpg,IMG/left_2026_08_30_19_26_29_828.jpg,IMG/right_2026_08_30_19_26_29_828.jpg,0,1,0,30.18996
IMG/center_2026_08_30_19_26_29_932.jpg,IMG/left_2026_08_30_19_26_29_932.jpg,IMG/right_2026_08_30_19_26_29_932.jpg,0,1,0,30.18997
IMG/center_2026_08_30_19_26_30_040.jpg,IMG/left_2026_08_30_19_26_30_040.jpg,IMG/right_2026_08_30_19_26_30_040.jpg,0,1,0,30.18997
IMG/center_2026_08_30_19_26_30_146.jpg,IMG/left_2026_08_30_19_26_30_146.jpg,IMG/right_2026_08_30_19_26_30_146.jpg,0,1,0,30.18998
IMG/center_2026_08_30_19_26_30_248.jpg,IMG/left_2026_08_30_19_26_30_248.jpg,IMG/right_2026_08_30_19_26_30_248.jpg,0,1,0,30.18996
IMG/center_2026_08_30_19_26_30_355.jpg,IMG/left_2026_08_30_19_26_30_355.jpg,IMG/right_2026_08_30_19_26_30_355.jpg,0,1,0,30.18997
IMG/center_2026_08_30_19_26_30_459.jpg,IMG/left_2026_08_30_19_26_30_459.jpg,IMG/right_2026_08_30_19_26_30_459.jpg,0,1,0,30.18995
IMG/center_2026_08_30_19_26_30_560.jpg,IMG/left_2026_08_30_19_26_30_560.jpg,IMG/right_2026_08_30_19_26_30_560.jpg,0,1,0,30.18994
IMG/center_2026_08_30_19_26_30_667.jpg,IMG/left_2026_08_30_19_26_30_667.jpg,IMG/right_2026_08_30_19_26_30_667.jpg,0,1,0,30.18994
IMG/center_2026_08_30_19_26_30_774.jpg,IMG/left_2026_08_30_19_26_30_774.jpg,IMG/right_2026_08_30_19_26_30_774.jpg,0,1,0,30.18998
IMG/center_2026_08_30_19_26_30_875.jpg,IMG/left_2026_08_30_19_26_30_875.jpg,IMG/right_2026_08_30_19_26_30_875.jpg,0,1,0,30.18996
IMG/center_2026_08_30_19_26_30_976.jpg,IMG/left_2026_08_30_19_26_30_976.jpg,IMG/right_2026_08_30_19_26_30_976.jpg,0,1,0,30.18996
IMG/center_2026_08_30_19_26_31_077.jpg,IMG/left_2026_08_30_19_26_31_077.jpg,IMG/right_2026_08_30_19_26_31_077.jpg,0,1,0,30.18995
IMG/center_2026_08_30_19_26_31_185.jpg,IMG/left_2026_08_30_19_26_31_185.jpg,IMG/right_2026_08_30_19_26_31_185.jpg,0,1,0,30.18997
IMG/center_2026_08_30_19_26_31_289.jpg,IMG/left_2026_08_30_19_26_31_289.jpg,IMG/right_2026_08_30_19_26_31_289.jpg,0,1,0,30.18995
IMG/center_2026_08_30_19_26_31_395.jpg,IMG/left_2026_08_30_19_26_31_395.jpg,IMG/right_2026_08_30_19_26_31_395.jpg,0,1,0,30.18997
IMG/center_2026_08_30_19_26_31_501.jpg,IMG/left_2026_08_30_19_26_31_501.jpg,IMG/right_2026_08_30_19_26_31_501.jpg,0,1,0,30.18995
IMG/center_2026_08_30_19_26_31_608.jpg,IMG/left_2026_08_30_19_26_31_608.jpg,IMG/right_2026_08_30_19_26_31_608.jpg,0,1,0,30.18996
IMG/center_2026_08_30_19_26_31_715.jpg,IMG/left_2026_08_30_19_26_31_715.jpg,IMG/right_2026_08_30_19_26_31_715.jpg,0,1,0,30.18997
IMG/center_2026_08_30_19_26_31_815.jpg,IMG/left_2026_08_30_19_26_31_815.jpg,IMG/right_2026_08_30_19_26_31_815.jpg,0,1,0,30.18997
IMG/center_2026_08_30_19_26_31_921.jpg,IMG/left_2026_08_30_19_26_31_921.jpg,IMG/right_2026_08_30_19_26_31_921.jpg,0,1,0,30.18995
IMG/center_2026_08_30_19_26_32_028.jpg,IMG/left_2026_08_30_19_26_32_028.jpg,IMG/right_2026_08_30_19_26_32_028.jpg,0,1,0,30.18996
IMG/center_2026_08_30_19_26_32_137.jpg,IMG/left_2026_08_30_19_26_32_137.jpg,IMG/right_2026_08_30_19_26_32_137.jpg,0,1,0,30.18997
IMG/center_2026_08_30_19_26_32_236.jpg,IMG/left_2026_08_30_19_26_32_236.jpg,IMG/right_2026_08_30_19_26_32_236.jpg,0,1,0,30.18995
IMG/center_2026_08_30_19_26_32_337.jpg,IMG/left_2026_08_30_19_26_32_337.jpg,IMG/right_2026_08_30_19_26_32_337.jpg,-0.2572038,1,0,30.17258
IMG/center_2026_08_30_19_26_32_442.jpg,IMG/left_2026_08_30_19_26_32_442.jpg,IMG/right_2026_08_30_19_26_32_442.jpg,0,1,0,30.53725
IMG/center_2026_08_30_19_26_32_547.jpg,IMG/left_2026_08_30_19_26_32_547.jpg,IMG/right_2026_08_30_19_26_32_547.jpg,0,1,0,30.1692
IMG/center_2026_08_30_19_26_32_649.jpg,IMG/left_2026_08_30_19_26_32_649.jpg,IMG/right_2026_08_30_19_26_32_649.jpg,0,1,0,30.07653
IMG/center_2026_08_30_19_26_32_755.jpg,IMG/left_2026_08_30_19_26_32_755.jpg,IMG/right_2026_08_30_19_26_32_755.jpg,0,1,0,30.21315
IMG/center_2026_08_30_19_26_32_860.jpg,IMG/left_2026_08_30_19_26_32_860.jpg,IMG/right_2026_08_30_19_26_32_860.jpg,-0.1809432,1,0,30.18079
IMG/center_2026_08_30_19_26_32_965.jpg,IMG/left_2026_08_30_19_26_32_965.jpg,IMG/right_2026_08_30_19_26_32_965.jpg,-0.1753422,1,0,30.18883
IMG/center_2026_08_30_19_26_33_071.jpg,IMG/left_2026_08_30_19_26_33_071.jpg,IMG/right_2026_08_30_19_26_33_071.jpg,0,1,0,30.18965
IMG/center_2026_08_30_19_26_33_176.jpg,IMG/left_2026_08_30_19_26_33_176.jpg,IMG/right_2026_08_30_19_26_33_176.jpg,0,1,0,30.19025
IMG/center_2026_08_30_19_26_33_276.jpg,IMG/left_2026_08_30_19_26_33_276.jpg,IMG/right_2026_08_30_19_26_33_276.jpg,0,1,0,30.19029
IMG/center_2026_08_30_19_26_33_382.jpg,IMG/left_2026_08_30_19_26_33_382.jpg,IMG/right_2026_08_30_19_26_33_382.jpg,0,1,0,30.19031
IMG/center_2026_08_30_19_26_33_489.jpg,IMG/left_2026_08_30_19_26_33_489.jpg,IMG/right_2026_08_30_19_26_33_489.jpg,0,1,0,30.19029
IMG/center_2026_08_30_19_26_33_596.jpg,IMG/left_2026_08_30_19_26_33_596.jpg,IMG/right_2026_08_30_19_26_33_596.jpg,0,1,0,30.19029
IMG/center_2026_08_30_19_26_33_709.jpg,IMG/left_2026_08_30_19_26_33_709.jpg,IMG/right_2026_08_30_19_26_33_709.jpg,0,1,0,30.19029
IMG/center_2026_08_30_19_26_33_816.jpg,IMG/left_2026_08_30_19_26_33_816.jpg,IMG/right_2026_08_30_19_26_33_816.jpg,0,1,0,30.1903
IMG/center_2026_08_30_19_26_33_917.jpg,IMG/left_2026_08_30_19_26_33_917.jpg,IMG/right_2026_08_30_19_26_33_917.jpg,-0.0429936,1,0,30.18988
IMG/center_2026_08_30_19_26_34_018.jpg,IMG/left_2026_08_30_19_26_34_018.jpg,IMG/right_2026_08_30_19_26_34_018.jpg,-0.2979399,1,0,30.16866
IMG/center_2026_08_30_19_26_34_120.jpg,IMG/left_2026_08_30_19_26_34_120.jpg,IMG/right_2026_08_30_19_26_34_120.jpg,-0.01177412,1,0,30.18951
IMG/center_2026_08_30_19_26_34_225.jpg,IMG/left_2026_08_30_19_26_34_225.jpg,IMG/right_2026_08_30_19_26_34_225.jpg,0,1,0,30.19
IMG/center_2026_08_30_19_26_34_330.jpg,IMG/left_2026_08_30_19_26_34_330.jpg,IMG/right_2026_08_30_19_26_34_330.jpg,0,1,0,30.19024
IMG/center_2026_08_30_19_26_34_438.jpg,IMG/left_2026_08_30_19_26_34_438.jpg,IMG/right_2026_08_30_19_26_34_438.jpg,0,1,0,30.19013
IMG/center_2026_08_30_19_26_34_538.jpg,IMG/left_2026_08_30_19_26_34_538.jpg,IMG/right_2026_08_30_19_26_34_538.jpg,0,1,0,30.19038
IMG/center_2026_08_30_19_26_34_641.jpg,IMG/left_2026_08_30_19_26_34_641.jpg,IMG/right_2026_08_30_19_26_34_641.jpg,0,1,0,30.19006
IMG/center_2026_08_30_19_26_34_746.jpg,IMG/left_2026_08_30_19_26_34_746.jpg,IMG/right_2026_08_30_19_26_34_746.jpg,0,1,0,30.19017
IMG/center_2026_08_30_19_26_34_846.jpg,IMG/left_2026_08_30_19_26_34_846.jpg,IMG/right_2026_08_30_19_26_34_846.jpg,0,1,0,30.19043
IMG/center_2026_08_30_19_26_34_950.jpg,IMG/left_2026_08_30_19_26_34_950.jpg,IMG/right_2026_08_30_19_26_34_950.jpg,-0.1020639,1,0,30.18753
IMG/center_2026_08_30_19_26_35_056.jpg,IMG/left_2026_08_30_19_26_35_056.jpg,IMG/right_2026_08_30_19_26_35_056.jpg,-0.0006203931,1,0,30.19033
IMG/center_2026_08_30_19_26_35_161.jpg,IMG/left_2026_08_30_19_26_35_161.jpg,IMG/right_2026_08_30_19_26_35_161.jpg,0,1,0,30.19017
IMG/center_2026_08_30_19_26_35_266.jpg,IMG/left_2026_08_30_19_26_35_266.jpg,IMG/right_2026_08_30_19_26_35_266.jpg,0,1,0,30.19022
IMG/center_2026_08_30_19_26_35_370.jpg,IMG/left_2026_08_30_19_26_35_370.jpg,IMG/right_2026_08_30_19_26_35_370.jpg,-0.1446063,1,0,30.18517
IMG/center_2026_08_30_19_26_35_471.jpg,IMG/left_2026_08_30_19_26_35_471.jpg,IMG/right_2026_08_30_19_26_35_471.jpg,-0.2154915,1,0,30.18412
IMG/center_2026_08_30_19_26_35_577.jpg,IMG/left_2026_08_30_19_26_35_577.jpg,IMG/right_2026_08_30_19_26_35_577.jpg,0,1,0,30.18991
IMG/center_2026_08_30_19_26_35_678.jpg,IMG/left_2026_08_30_19_26_35_678.jpg,IMG/right_2026_08_30_19_26_35_678.jpg,0,1,0,30.19018
IMG/center_2026_08_30_19_26_35_784.jpg,IMG/left_2026_08_30_19_26_35_784.jpg,IMG/right_2026_08_30_19_26_35_784.jpg,-0.1272114,1,0,30.18711
IMG/center_2026_08_30_19_26_35_892.jpg,IMG/left_2026_08_30_19_26_35_892.jpg,IMG/right_2026_08_30_19_26_35_892.jpg,-0.1477925,1,0,30.18949
IMG/center_2026_08_30_19_26_35_997.jpg,IMG/left_2026_08_30_19_26_35_997.jpg,IMG/right_2026_08_30_19_26_35_997.jpg,0,1,0,30.19016
IMG/center_2026_08_30_19_26_36_104.jpg,IMG/left_2026_08_30_19_26_36_104.jpg,IMG/right_2026_08_30_19_26_36_104.jpg,-0.070197,1,0,30.18977
IMG/center_2026_08_30_19_26_36_209.jpg,IMG/left_2026_08_30_19_26_36_209.jpg,IMG/right_2026_08_30_19_26_36_209.jpg,-0.3688731,1,0,30.16002
IMG/center_2026_08_30_19_26_36_310.jpg,IMG/left_2026_08_30_19_26_36_310.jpg,IMG/right_2026_08_30_19_26_36_310.jpg,-0.2481444,1,0,30.18934
IMG/center_2026_08_30_19_26_36_414.jpg,IMG/left_2026_08_30_19_26_36_414.jpg,IMG/right_2026_08_30_19_26_36_414.jpg,0,1,0,30.18926
IMG/center_2026_08_30_19_26_36_520.jpg,IMG/left_2026_08_30_19_26_36_520.jpg,IMG/right_2026_08_30_19_26_36_520.jpg,-0.1093983,1,0,30.18872
IMG/center_2026_08_30_19_26_36_622.jpg,IMG/left_2026_08_30_19_26_36_622.jpg,IMG/right_2026_08_30_19_26_36_622.jpg,-0.4174086,1,0,30.15702
IMG/center_2026_08_30_19_26_36_727.jpg,IMG/left_2026_08_30_19_26_36_727.jpg,IMG/right_2026_08_30_19_26_36_727.jpg,-0.3775455,1,0,30.18213
IMG/center_2026_08_30_19_26_36_828.jpg,IMG/left_2026_08_30_19_26_36_828.jpg,IMG/right_2026_08_30_19_26_36_828.jpg,-0.1001946,1,0,30.19211
IMG/center_2026_08_30_19_26_36_930.jpg,IMG/left_2026_08_30_19_26_36_930.jpg,IMG/right_2026_08_30_19_26_36_930.jpg,-0.1649334,1,0,30.19061
IMG/center_2026_08_30_19_26_37_037.jpg,IMG/left_2026_08_30_19_26_37_037.jpg,IMG/right_2026_08_30_19_26_37_037.jpg,-0.5288439,1,0,30.14543
IMG/center_2026_08_30_19_26_37_142.jpg,IMG/left_2026_08_30_19_26_37_142.jpg,IMG/right_2026_08_30_19_26_37_142.jpg,-0.2327844,1,0,30.19423
IMG/center_2026_08_30_19_26_37_245.jpg,IMG/left_2026_08_30_19_26_37_245.jpg,IMG/right_2026_08_30_19_26_37_245.jpg,0,1,0,30.18683
IMG/center_2026_08_30_19_26_37_351.jpg,IMG/left_2026_08_30_19_26_37_351.jpg,IMG/right_2026_08_30_19_26_37_351.jpg,0,1,0,30.18979
IMG/center_2026_08_30_19_26_37_454.jpg,IMG/left_2026_08_30_19_26_37_454.jpg,IMG/right_2026_08_30_19_26_37_454.jpg,-0.355296,1,0,30.16454
IMG/center_2026_08_30_19_26_37_556.jpg,IMG/left_2026_08_30_19_26_37_556.jpg,IMG/right_2026_08_30_19_26_37_556.jpg,-0.4339551,1,0,30.1708
IMG/center_2026_08_30_19_26_37_659.jpg,IMG/left_2026_08_30_19_26_37_659.jpg,IMG/right_2026_08_30_19_26_37_659.jpg,-0.1274997,1,0,30.19339
IMG/center_2026_08_30_19_26_37_759.jpg,IMG/left_2026_08_30_19_26_37_759.jpg,IMG/right_2026_08_30_19_26_37_759.jpg,0,1,0,30.18809
IMG/center_2026_08_30_19_26_37_864.jpg,IMG/left_2026_08_30_19_26_37_864.jpg,IMG/right_2026_08_30_19_26_37_864.jpg,-0.219552,1,0,30.18313
IMG/center_2026_08_30_19_26_37_970.jpg,IMG/left_2026_08_30_19_26_37_970.jpg,IMG/right_2026_08_30_19_26_37_970.jpg,-0.3488199,1,0,30.17299
IMG/center_2026_08_30_19_26_38_071.jpg,IMG/left_2026_08_30_19_26_38_071.jpg,IMG/right_2026_08_30_19_26_38_071.jpg,-0.03958652,1,0,30.19016
IMG/center_2026_08_30_19_26_38_176.jpg,IMG/left_2026_08_30_19_26_38_176.jpg,IMG/right_2026_08_30_19_26_38_176.jpg,-0.0658167,1,0,30.19043
IMG/center_2026_08_30_19_26_38_276.jpg,IMG/left_2026_08_30_19_26_38_276.jpg,IMG/right_2026_08_30_19_26_38_276.jpg,-0.3669228,1,0,30.16182
IMG/center_2026_08_30_19_26_38_377.jpg,IMG/left_2026_08_30_19_26_38_377.jpg,IMG/right_2026_08_30_19_26_38_377.jpg,-0.2530871,1,0,30.1877
IMG/center_2026_08_30_19_26_38_480.jpg,IMG/left_2026_08_30_19_26_38_480.jpg,IMG/right_2026_08_30_19_26_38_480.jpg,0,1,0,30.1877
IMG/center_2026_08_30_19_26_38_585.jpg,IMG/left_2026_08_30_19_26_38_585.jpg,IMG/right_2026_08_30_19_26_38_585.jpg,-0.2404965,1,0,30.18094
IMG/center_2026_08_30_19_26_38_687.jpg,IMG/left_2026_08_30_19_26_38_687.jpg,IMG/right_2026_08_30_19_26_38_687.jpg,-0.1657581,1,0,30.19103
IMG/center_2026_08_30_19_26_38_788.jpg,IMG/left_2026_08_30_19_26_38_788.jpg,IMG/right_2026_08_30_19_26_38_788.jpg,0,1,0,30.18943
IMG/center_2026_08_30_19_26_38_892.jpg,IMG/left_2026_08_30_19_26_38_892.jpg,IMG/right_2026_08_30_19_26_38_892.jpg,-0.145557,1,0,30.18683
IMG/center_2026_08_30_19_26_38_999.jpg,IMG/left_2026_08_30_19_26_38_999.jpg,IMG/right_2026_08_30_19_26_38_999.jpg,-0.4166145,1,0,30.15712
IMG/center_2026_08_30_19_26_39_103.jpg,IMG/left_2026_08_30_19_26_39_103.jpg,IMG/right_2026_08_30_19_26_39_103.jpg,-0.1289187,1,0,30.19245
IMG/center_2026_08_30_19_26_39_207.jpg,IMG/left_2026_08_30_19_26_39_207.jpg,IMG/right_2026_08_30_19_26_39_207.jpg,0,1,0,30.1892
IMG/center_2026_08_30_19_26_39_310.jpg,IMG/left_2026_08_30_19_26_39_310.jpg,IMG/right_2026_08_30_19_26_39_310.jpg,-0.2616327,1,0,30.17792
IMG/center_2026_08_30_19_26_39_415.jpg,IMG/left_2026_08_30_19_26_39_415.jpg,IMG/right_2026_08_30_19_26_39_415.jpg,0,1,0,30.18916
IMG/center_2026_08_30_19_26_39_523.jpg,IMG/left_2026_08_30_19_26_39_523.jpg,IMG/right_2026_08_30_19_26_39_523.jpg,0,1,0,30.19007
IMG/center_2026_08_30_19_26_39_628.jpg,IMG/left_2026_08_30_19_26_39_628.jpg,IMG/right_2026_08_30_19_26_39_628.jpg,0,1,0,30.19028
IMG/center_2026_08_30_19_26_39_735.jpg,IMG/left_2026_08_30_19_26_39_735.jpg,IMG/right_2026_08_30_19_26_39_735.jpg,-0.1953525,1,0,30.1805
IMG/center_2026_08_30_19_26_39_836.jpg,IMG/left_2026_08_30_19_26_39_836.jpg,IMG/right_2026_08_30_19_26_39_836.jpg,-0.2194281,1,0,30.186
IMG/center_2026_08_30_19_26_39_941.jpg,IMG/left_2026_08_30_19_26_39_941.jpg,IMG/right_2026_08_30_19_26_39_941.jpg,0,1,0,30.18852
IMG/center_2026_08_30_19_26_40_045.jpg,IMG/left_2026_08_30_19_26_40_045.jpg,IMG/right_2026_08_30_19_26_40_045.jpg,0,1,0,30.19011
IMG/center_2026_08_30_19_26_40_150.jpg,IMG/left_2026_08_30_19_26_40_150.jpg,IMG/right_2026_08_30_19_26_40_150.jpg,0,1,0,30.1903
IMG/center_2026_08_30_19_26_40_254.jpg,IMG/left_2026_08_30_19_26_40_254.jpg,IMG/right_2026_08_30_19_26_40_254.jpg,0,1,0,30.19028
IMG/center_2026_08_30_19_26_40_356.jpg,IMG/left_2026_08_30_19_26_40_356.jpg,IMG/right_2026_08_30_19_26_40_356.jpg,0,1,0,30.19029
IMG/center_2026_08_30_19_26_40_458.jpg,IMG/left_2026_08_30_19_26_40_458.jpg,IMG/right_2026_08_30_19_26_40_458.jpg,0,1,0,30.19032
IMG/center_2026_08_30_19_26_40_563.jpg,IMG/left_2026_08_30_19_26_40_563.jpg,IMG/right_2026_08_30_19_26_40_563.jpg,-0.1400901,1,0,30.18511
IMG/center_2026_08_30_19_26_40_663.jpg,IMG/left_2026_08_30_19_26_40_663.jpg,IMG/right_2026_08_30_19_26_40_663.jpg,-0.06465601,1,0,30.1905
IMG/center_2026_08_30_19_26_40_768.jpg,IMG/left_2026_08_30_19_26_40_768.jpg,IMG/right_2026_08_30_19_26_40_768.jpg,0,1,0,30.19014
IMG/center_2026_08_30_19_26_40_874.jpg,IMG/left_2026_08_30_19_26_40_874.jpg,IMG/right_2026_08_30_19_26_40_874.jpg,0,1,0,30.19028
IMG/center_2026_08_30_19_26_40_977.jpg,IMG/left_2026_08_30_19_26_40_977.jpg,IMG/right_2026_08_30_19_26_40_977.jpg,-0.1810833,1,0,30.18193
IMG/center_2026_08_30_19_26_41_084.jpg,IMG/left_2026_08_30_19_26_41_084.jpg,IMG/right_2026_08_30_19_26_41_084.jpg,0,1,0,30.1901
IMG/center_2026_08_30_19_26_41_187.jpg,IMG/left_2026_08_30_19_26_41_187.jpg,IMG/right_2026_08_30_19_26_41_187.jpg,0,1,0,30.1902
IMG/center_2026_08_30_19_26_41_292.jpg,IMG/left_2026_08_30_19_26_41_292.jpg,IMG/right_2026_08_30_19_26_41_292.jpg,0,1,0,30.19029
IMG/center_2026_08_30_19_26_41_393.jpg,IMG/left_2026_08_30_19_26_41_393.jpg,IMG/right_2026_08_30_19_26_41_393.jpg,0,1,0,30.19031
IMG/center_2026_08_30_19_26_41_498.jpg,IMG/left_2026_08_30_19_26_41_498.jpg,IMG/right_2026_08_30_19_26_41_498.jpg,0,1,0,30.19029
IMG/center_2026_08_30_19_26_41_604.jpg,IMG/left_2026_08_30_19_26_41_604.jpg,IMG/right_2026_08_30_19_26_41_604.jpg,0,1,0,30.19031
IMG/center_2026_08_30_19_26_41_706.jpg,IMG/left_2026_08_30_19_26_41_706.jpg,IMG/right_2026_08_30_19_26_41_706.jpg,0,1,0,30.19034
IMG/center_2026_08_30_19_26_41_814.jpg,IMG/left_2026_08_30_19_26_41_814.jpg,IMG/right_2026_08_30_19_26_41_814.jpg,0,1,0,30.1903
IMG/center_2026_08_30_19_26_41_918.jpg,IMG/left_2026_08_30_19_26_41_918.jpg,IMG/right_2026_08_30_19_26_41_918.jpg,-0.1412994,1,0,30.18544
IMG/center_2026_08_30_19_26_42_021.jpg,IMG/left_2026_08_30_19_26_42_021.jpg,IMG/right_2026_08_30_19_26_42_021.jpg,0,1,0,30.19005
IMG/center_2026_08_30_19_26_42_126.jpg,IMG/left_2026_08_30_19_26_42_126.jpg,IMG/right_2026_08_30_19_26_42_126.jpg,0,1,0,30.19026
IMG/center_2026_08_30_19_26_42_231.jpg,IMG/left_2026_08_30_19_26_42_231.jpg,IMG/right_2026_08_30_19_26_42_231.jpg,0,1,0,30.19032
IMG/center_2026_08_30_19_26_42_335.jpg,IMG/left_2026_08_30_19_26_42_335.jpg,IMG/right_2026_08_30_19_26_42_335.jpg,0,1,0,30.19029
IMG/center_2026_08_30_19_26_42_438.jpg,IMG/left_2026_08_30_19_26_42_438.jpg,IMG/right_2026_08_30_19_26_42_438.jpg,0,1,0,30.19034
IMG/center_2026_08_30_19_26_42_544.jpg,IMG/left_2026_08_30_19_26_42_544.jpg,IMG/right_2026_08_30_19_26_42_544.jpg,0,1,0,30.19031
IMG/center_2026_08_30_19_26_42_645.jpg,IMG/left_2026_08_30_19_26_42_645.jpg,IMG/right_2026_08_30_19_26_42_645.jpg,0,1,0,30.19028
IMG/center_2026_08_30_19_26_42_750.jpg,IMG/left_2026_08_30_19_26_42_750.jpg,IMG/right_2026_08_30_19_26_42_750.jpg,0,1,0,30.19029
IMG/center_2026_08_30_19_26_42_856.jpg,IMG/left_2026_08_30_19_26_42_856.jpg,IMG/right_2026_08_30_19_26_42_856.jpg,0,1,0,30.19031
IMG/center_2026_08_30_19_26_42_962.jpg,IMG/left_2026_08_30_19_26_42_962.jpg,IMG/right_2026_08_30_19_26_42_962.jpg,0,1,0,30.19028
IMG/center_2026_08_30_19_26_43_064.jpg,IMG/left_2026_08_30_19_26_43_064.jpg,IMG/right_2026_08_30_19_26_43_064.jpg,0,1,0,30.19029
IMG/center_2026_08_30_19_26_43_169.jpg,IMG/left_2026_08_30_19_26_43_169.jpg,IMG/right_2026_08_30_19_26_43_169.jpg,0,1,0,30.1903
IMG/center_2026_08_30_19_26_43_270.jpg,IMG/left_2026_08_30_19_26_43_270.jpg,IMG/right_2026_08_30_19_26_43_270.jpg,0,1,0,30.19031
IMG/center_2026_08_30_19_26_43_377.jpg,IMG/left_2026_08_30_19_26_43_377.jpg,IMG/right_2026_08_30_19_26_43_377.jpg,0,1,0,30.1903
IMG/center_2026_08_30_19_26_43_482.jpg,IMG/left_2026_08_30_19_26_43_482.jpg,IMG/right_2026_08_30_19_26_43_482.jpg,0,1,0,30.1903
IMG/center_2026_08_30_19_26_43_586.jpg,IMG/left_2026_08_30_19_26_43_586.jpg,IMG/right_2026_08_30_19_26_43_586.jpg,0,1,0,30.19029
IMG/center_2026_08_30_19_26_43_688.jpg,IMG/left_2026_08_30_19_26_43_688.jpg,IMG/right_2026_08_30_19_26_43_688.jpg,0,1,0,30.19028
IMG/center_2026_08_30_19_26_43_789.jpg,IMG/left_2026_08_30_19_26_43_789.jpg,IMG/right_2026_08_30_19_26_43_789.jpg,0,1,0,30.19029
IMG/center_2026_08_30_19_26_43_896.jpg,IMG/left_2026_08_30_19_26_43_896.jpg,IMG/right_2026_08_30_19_26_43_896.jpg,0,1,0,30.19029
IMG/center_2026_08_30_19_26_43_996.jpg,IMG/left_2026_08_30_19_26_43_996.jpg,IMG/right_2026_08_30_19_26_43_996.jpg,0,1,0,30.1903
IMG/center_2026_08_30_19_26_44_097.jpg,IMG/left_2026_08_30_19_26_44_097.jpg,IMG/right_2026_08_30_19_26_44_097.jpg,0,1,0,30.19029
IMG/center_2026_08_30_19_26_44_200.jpg,IMG/left_2026_08_30_19_26_44_200.jpg,IMG/right_2026_08_30_19_26_44_200.jpg,0,1,0,30.19029
IMG/center_2026_08_30_19_26_44_303.jpg,IMG/left_2026_08_30_19_26_44_303.jpg,IMG/right_2026_08_30_19_26_44_303.jpg,0,1,0,30.19029
IMG/center_2026_08_30_19_26_44_406.jpg,IMG/left_2026_08_30_19_26_44_406.jpg,IMG/right_2026_08_30_19_26_44_406.jpg,0,1,0,30.19029
IMG/center_2026_08_30_19_26_44_509.jpg,IMG/left_2026_08_30_19_26_44_509.jpg,IMG/right_2026_08_30_19_26_44_509.jpg,0,1,0,30.19024
IMG/center_2026_08_30_19_26_44_616.jpg,IMG/left_2026_08_30_19_26_44_616.jpg,IMG/right_2026_08_30_19_26_44_616.jpg,0.0603567,1,0,30.18945
IMG/center_2026_08_30_19_26_44_717.jpg,IMG/left_2026_08_30_19_26_44_717.jpg,IMG/right_2026_08_30_19_26_44_717.jpg,0.1325154,1,0,30.18802
IMG/center_2026_08_30_19_26_44_819.jpg,IMG/left_2026_08_30_19_26_44_819.jpg,IMG/right_2026_08_30_19_26_44_819.jpg,0,1,0,30.18988
IMG/center_2026_08_30_19_26_44_920.jpg,IMG/left_2026_08_30_19_26_44_920.jpg,IMG/right_2026_08_30_19_26_44_920.jpg,0,1,0,30.19021
IMG/center_2026_08_30_19_26_45_025.jpg,IMG/left_2026_08_30_19_26_45_025.jpg,IMG/right_2026_08_30_19_26_45_025.jpg,0,1,0,30.1903
IMG/center_2026_08_30_19_26_45_129.jpg,IMG/left_2026_08_30_19_26_45_129.jpg,IMG/right_2026_08_30_19_26_45_129.jpg,0.0206295,1,0,30.19014
IMG/center_2026_08_30_19_26_45_234.jpg,IMG/left_2026_08_30_19_26_45_234.jpg,IMG/right_2026_08_30_19_26_45_234.jpg,0.2995878,1,0,30.17009
IMG/center_2026_08_30_19_26_45_337.jpg,IMG/left_2026_08_30_19_26_45_337.jpg,IMG/right_2026_08_30_19_26_45_337.jpg,0,1,0,30.18905
IMG/center_2026_08_30_19_26_45_438.jpg,IMG/left_2026_08_30_19_26_45_438.jpg,IMG/right_2026_08_30_19_26_45_438.jpg,0,1,0,30.18996
IMG/center_2026_08_30_19_26_45_544.jpg,IMG/left_2026_08_30_19_26_45_544.jpg,IMG/right_2026_08_30_19_26_45_544.jpg,0,1,0,30.18994
IMG/center_2026_08_30_19_26_45_649.jpg,IMG/left_2026_08_30_19_26_45_649.jpg,IMG/right_2026_08_30_19_26_45_649.jpg,0.018753,1,0,30.19066
IMG/center_2026_08_30_19_26_45_751.jpg,IMG/left_2026_08_30_19_26_45_751.jpg,IMG/right_2026_08_30_19_26_45_751.jpg,0.3056706,1,0,30.16869
IMG/center_2026_08_30_19_26_45_851.jpg,IMG/left_2026_08_30_19_26_45_851.jpg,IMG/right_2026_08_30_19_26_45_851.jpg,0.04011719,1,0,30.19055
IMG/center_2026_08_30_19_26_45_957.jpg,IMG/left_2026_08_30_19_26_45_957.jpg,IMG/right_2026_08_30_19_26_45_957.jpg,0,1,0,30.18995
IMG/center_2026_08_30_19_26_46_059.jpg,IMG/left_2026_08_30_19_26_46_059.jpg,IMG/right_2026_08_30_19_26_46_059.jpg,0,1,0,30.19005
IMG/center_2026_08_30_19_26_46_166.jpg,IMG/left_2026_08_30_19_26_46_166.jpg,IMG/right_2026_08_30_19_26_46_166.jpg,0.293148,1,0,30.16968
IMG/center_2026_08_30_19_26_46_268.jpg,IMG/left_2026_08_30_19_26_46_268.jpg,IMG/right_2026_08_30_19_26_46_268.jpg,0.1814565,1,0,30.19004
IMG/center_2026_08_30_19_26_46_374.jpg,IMG/left_2026_08_30_19_26_46_374.jpg,IMG/right_2026_08_30_19_26_46_374.jpg,0.0822804,1,0,30.19054
IMG/center_2026_08_30_19_26_46_478.jpg,IMG/left_2026_08_30_19_26_46_478.jpg,IMG/right_2026_08_30_19_26_46_478.jpg,0.3767919,1,0,30.16354
IMG/center_2026_08_30_19_26_46_582.jpg,IMG/left_2026_08_30_19_26_46_582.jpg,IMG/right_2026_08_30_19_26_46_582.jpg,0.06403983,1,0,30.19185
IMG/center_2026_08_30_19_26_46_686.jpg,IMG/left_2026_08_30_19_26_46_686.jpg,IMG/right_2026_08_30_19_26_46_686.jpg,0,1,0,30.18974
IMG/center_2026_08_30_19_26_46_788.jpg,IMG/left_2026_08_30_19_26_46_788.jpg,IMG/right_2026_08_30_19_26_46_788.jpg,0.1063092,1,0,30.18984
IMG/center_2026_08_30_19_26_46_888.jpg,IMG/left_2026_08_30_19_26_46_888.jpg,IMG/right_2026_08_30_19_26_46_888.jpg,0.3861852,1,0,30.16004
IMG/center_2026_08_30_19_26_46_993.jpg,IMG/left_2026_08_30_19_26_46_993.jpg,IMG/right_2026_08_30_19_26_46_993.jpg,0.238218,1,0,30.19256
IMG/center_2026_08_30_19_26_47_093.jpg,IMG/left_2026_08_30_19_26_47_093.jpg,IMG/right_2026_08_30_19_26_47_093.jpg,0,1,0,30.1868
IMG/center_2026_08_30_19_26_47_194.jpg,IMG/left_2026_08_30_19_26_47_194.jpg,IMG/right_2026_08_30_19_26_47_194.jpg,0.3007443,1,0,30.17822
IMG/center_2026_08_30_19_26_47_294.jpg,IMG/left_2026_08_30_19_26_47_294.jpg,IMG/right_2026_08_30_19_26_47_294.jpg,0.3326443,1,0,30.18258
IMG/center_2026_08_30_19_26_47_398.jpg,IMG/left_2026_08_30_19_26_47_398.jpg,IMG/right_2026_08_30_19_26_47_398.jpg,0.02200743,1,0,30.19018
IMG/center_2026_08_30_19_26_47_501.jpg,IMG/left_2026_08_30_19_26_47_501.jpg,IMG/right_2026_08_30_19_26_47_501.jpg,0.3118206,1,0,30.17757
IMG/center_2026_08_30_19_26_47_604.jpg,IMG/left_2026_08_30_19_26_47_604.jpg,IMG/right_2026_08_30_19_26_47_604.jpg,0.602674,1,0,30.13831
IMG/center_2026_08_30_19_26_47_709.jpg,IMG/left_2026_08_30_19_26_47_709.jpg,IMG/right_2026_08_30_19_26_47_709.jpg,0.7935212,1,0,30.12074
IMG/center_2026_08_30_19_26_47_811.jpg,IMG/left_2026_08_30_19_26_47_811.jpg,IMG/right_2026_08_30_19_26_47_811.jpg,0.4447681,1,0,30.19851
IMG/center_2026_08_30_19_26_47_919.jpg,IMG/left_2026_08_30_19_26_47_919.jpg,IMG/right_2026_08_30_19_26_47_919.jpg,0.3342987,1,0,30.19682
IMG/center_2026_08_30_19_26_48_023.jpg,IMG/left_2026_08_30_19_26_48_023.jpg,IMG/right_2026_08_30_19_26_48_023.jpg,0.6221728,1,0,30.15372
IMG/center_2026_08_30_19_26_48_130.jpg,IMG/left_2026_08_30_19_26_48_130.jpg,IMG/right_2026_08_30_19_26_48_130.jpg,0.3076723,1,0,30.20152
IMG/center_2026_08_30_19_26_48_232.jpg,IMG/left_2026_08_30_19_26_48_232.jpg,IMG/right_2026_08_30_19_26_48_232.jpg,0,1,0,30.18511
IMG/center_2026_08_30_19_26_48_339.jpg,IMG/left_2026_08_30_19_26_48_339.jpg,IMG/right_2026_08_30_19_26_48_339.jpg,0,1,0,30.188
IMG/center_2026_08_30_19_26_48_443.jpg,IMG/left_2026_08_30_19_26_48_443.jpg,IMG/right_2026_08_30_19_26_48_443.jpg,0,1,0,30.19024
IMG/center_2026_08_30_19_26_48_556.jpg,IMG/left_2026_08_30_19_26_48_556.jpg,IMG/right_2026_08_30_19_26_48_556.jpg,-0.2561784,1,0,30.17187
IMG/center_2026_08_30_19_26_48_656.jpg,IMG/left_2026_08_30_19_26_48_656.jpg,IMG/right_2026_08_30_19_26_48_656.jpg,0,1,0,30.18942
IMG/center_2026_08_30_19_26_48_761.jpg,IMG/left_2026_08_30_19_26_48_761.jpg,IMG/right_2026_08_30_19_26_48_761.jpg,0,1,0,30.18996
IMG/center_2026_08_30_19_26_48_866.jpg,IMG/left_2026_08_30_19_26_48_866.jpg,IMG/right_2026_08_30_19_26_48_866.jpg,0.2234343,1,0,30.1745
IMG/center_2026_08_30_19_26_48_971.jpg,IMG/left_2026_08_30_19_26_48_971.jpg,IMG/right_2026_08_30_19_26_48_971.jpg,0.1178149,1,0,30.18986
IMG/center_2026_08_30_19_26_49_078.jpg,IMG/left_2026_08_30_19_26_49_078.jpg,IMG/right_2026_08_30_19_26_49_078.jpg,0,1,0,30.18986
IMG/center_2026_08_30_19_26_49_185.jpg,IMG/left_2026_08_30_19_26_49_185.jpg,IMG/right_2026_08_30_19_26_49_185.jpg,0,1,0,30.19055
IMG/center_2026_08_30_19_26_49_288.jpg,IMG/left_2026_08_30_19_26_49_288.jpg,IMG/right_2026_08_30_19_26_49_288.jpg,0.2137245,1,0,30.17905
IMG/center_2026_08_30_19_26_49_391.jpg,IMG/left_2026_08_30_19_26_49_391.jpg,IMG/right_2026_08_30_19_26_49_391.jpg,0,1,0,30.19034
IMG/center_2026_08_30_19_26_49_495.jpg,IMG/left_2026_08_30_19_26_49_495.jpg,IMG/right_2026_08_30_19_26_49_495.jpg,0,1,0,30.19032
IMG/center_2026_08_30_19_26_49_597.jpg,IMG/left_2026_08_30_19_26_49_597.jpg,IMG/right_2026_08_30_19_26_49_597.jpg,0,1,0,30.19029
IMG/center_2026_08_30_19_26_49_699.jpg,IMG/left_2026_08_30_19_26_49_699.jpg,IMG/right_2026_08_30_19_26_49_699.jpg,0.1932342,1,0,30.18033
IMG/center_2026_08_30_19_26_49_800.jpg,IMG/left_2026_08_30_19_26_49_800.jpg,IMG/right_2026_08_30_19_26_49_800.jpg,0.1224066,1,0,30.19056
IMG/center_2026_08_30_19_26_49_907.jpg,IMG/left_2026_08_30_19_26_49_907.jpg,IMG/right_2026_08_30_19_26_49_907.jpg,0,1,0,30.19008
IMG/center_2026_08_30_19_26_50_013.jpg,IMG/left_2026_08_30_19_26_50_013.jpg,IMG/right_2026_08_30_19_26_50_013.jpg,0,1,0,30.19025
IMG/center_2026_08_30_19_26_50_115.jpg,IMG/left_2026_08_30_19_26_50_115.jpg,IMG/right_2026_08_30_19_26_50_115.jpg,0,1,0,30.19024
IMG/center_2026_08_30_19_26_50_219.jpg,IMG/left_2026_08_30_19_26_50_219.jpg,IMG/right_2026_08_30_19_26_50_219.jpg,0,1,0,30.18999
IMG/center_2026_08_30_19_26_50_323.jpg,IMG/left_2026_08_30_19_26_50_323.jpg,IMG/right_2026_08_30_19_26_50_323.jpg,0,1,0,30.19036
IMG/center_2026_08_30_19_26_50_428.jpg,IMG/left_2026_08_30_19_26_50_428.jpg,IMG/right_2026_08_30_19_26_50_428.jpg,0,1,0,30.19018
IMG/center_2026_08_30_19_26_50_536.jpg,IMG/left_2026_08_30_19_26_50_536.jpg,IMG/right_2026_08_30_19_26_50_536.jpg,0,1,0,30.19041
IMG/center_2026_08_30_19_26_50_640.jpg,IMG/left_2026_08_30_19_26_50_640.jpg,IMG/right_2026_08_30_19_26_50_640.jpg,-0.1551396,1,0,30.18391
IMG/center_2026_08_30_19_26_50_743.jpg,IMG/left_2026_08_30_19_26_50_743.jpg,IMG/right_2026_08_30_19_26_50_743.jpg,-0.1553616,1,0,30.18906
IMG/center_2026_08_30_19_26_50_847.jpg,IMG/left_2026_08_30_19_26_50_847.jpg,IMG/right_2026_08_30_19_26_50_847.jpg,0,1,0,30.1897
IMG/center_2026_08_30_19_26_50_948.jpg,IMG/left_2026_08_30_19_26_50_948.jpg,IMG/right_2026_08_30_19_26_50_948.jpg,0,1,0,30.1905
IMG/center_2026_08_30_19_26_51_054.jpg,IMG/left_2026_08_30_19_26_51_054.jpg,IMG/right_2026_08_30_19_26_51_054.jpg,0,1,0,30.19115
IMG/center_2026_08_30_19_26_51_160.jpg,IMG/left_2026_08_30_19_26_51_160.jpg,IMG/right_2026_08_30_19_26_51_160.jpg,0,1,0,30.19066
IMG/center_2026_08_30_19_26_51_264.jpg,IMG/left_2026_08_30_19_26_51_264.jpg,IMG/right_2026_08_30_19_26_51_264.jpg,0,1,0,30.19139
IMG/center_2026_08_30_19_26_51_367.jpg,IMG/left_2026_08_30_19_26_51_367.jpg,IMG/right_2026_08_30_19_26_51_367.jpg,0.1645599,1,0,30.18291
IMG/center_2026_08_30_19_26_51_469.jpg,IMG/left_2026_08_30_19_26_51_469.jpg,IMG/right_2026_08_30_19_26_51_469.jpg,0,1,0,30.19008
IMG/center_2026_08_30_19_26_51_575.jpg,IMG/left_2026_08_30_19_26_51_575.jpg,IMG/right_2026_08_30_19_26_51_575.jpg,0,1,0,30.19007
IMG/center_2026_08_30_19_26_51_677.jpg,IMG/left_2026_08_30_19_26_51_677.jpg,IMG/right_2026_08_30_19_26_51_677.jpg,0,1,0,30.19027
IMG/center_2026_08_30_19_26_51_784.jpg,IMG/left_2026_08_30_19_26_51_784.jpg,IMG/right_2026_08_30_19_26_51_784.jpg,0,1,0,30.19033
IMG/center_2026_08_30_19_26_51_889.jpg,IMG/left_2026_08_30_19_26_51_889.jpg,IMG/right_2026_08_30_19_26_51_889.jpg,0,1,0,30.19031
IMG/center_2026_08_30_19_26_51_991.jpg,IMG/left_2026_08_30_19_26_51_991.jpg,IMG/right_2026_08_30_19_26_51_991.jpg,0,1,0,30.19033
IMG/center_2026_08_30_19_26_52_094.jpg,IMG/left_2026_08_30_19_26_52_094.jpg,IMG/right_2026_08_30_19_26_52_094.jpg,0,1,0,30.19029
IMG/center_2026_08_30_19_26_52_196.jpg,IMG/left_2026_08_30_19_26_52_196.jpg,IMG/right_2026_08_30_19_26_52_196.jpg,0,1,0,30.19032
IMG/center_2026_08_30_19_26_52_300.jpg,IMG/left_2026_08_30_19_26_52_300.jpg,IMG/right_2026_08_30_19_26_52_300.jpg,0,1,0,30.1903
IMG/center_2026_08_30_19_26_52_404.jpg,IMG/left_2026_08_30_19_26_52_404.jpg,IMG/right_2026_08_30_19_26_52_404.jpg,0,1,0,30.19033
IMG/center_2026_08_30_19_26_52_506.jpg,IMG/left_2026_08_30_19_26_52_506.jpg,IMG/right_2026_08_30_19_26_52_506.jpg,0,1,0,30.19029
IMG/center_2026_08_30_19_26_52_608.jpg,IMG/left_2026_08_30_19_26_52_608.jpg,IMG/right_2026_08_30_19_26_52_608.jpg,0,1,0,30.19031
IMG/center_2026_08_30_19_26_52_717.jpg,IMG/left_2026_08_30_19_26_52_717.jpg,IMG/right_2026_08_30_19_26_52_717.jpg,0.1243542,1,0,30.18617
IMG/center_2026_08_30_19_26_52_821.jpg,IMG/left_2026_08_30_19_26_52_821.jpg,IMG/right_2026_08_30_19_26_52_821.jpg,0,1,0,30.19003
IMG/center_2026_08_30_19_26_52_926.jpg,IMG/left_2026_08_30_19_26_52_926.jpg,IMG/right_2026_08_30_19_26_52_926.jpg,0,1,0,30.19023
IMG/center_2026_08_30_19_26_53_029.jpg,IMG/left_2026_08_30_19_26_53_029.jpg,IMG/right_2026_08_30_19_26_53_029.jpg,0,1,0,30.19029
IMG/center_2026_08_30_19_26_53_129.jpg,IMG/left_2026_08_30_19_26_53_129.jpg,IMG/right_2026_08_30_19_26_53_129.jpg,0,1,0,30.19029
IMG/center_2026_08_30_19_26_53_234.jpg,IMG/left_2026_08_30_19_26_53_234.jpg,IMG/right_2026_08_30_19_26_53_234.jpg,0,1,0,30.1903
IMG/center_2026_08_30_19_26_53_337.jpg,IMG/left_2026_08_30_19_26_53_337.jpg,IMG/right_2026_08_30_19_26_53_337.jpg,0,1,0,30.19032
IMG/center_2026_08_30_19_26_53_439.jpg,IMG/left_2026_08_30_19_26_53_439.jpg,IMG/right_2026_08_30_19_26_53_439.jpg,0,1,0,30.19031
IMG/center_2026_08_30_19_26_53_540.jpg,IMG/left_2026_08_30_19_26_53_540.jpg,IMG/right_2026_08_30_19_26_53_540.jpg,0,1,0,30.19029
IMG/center_2026_08_30_19_26_53_640.jpg,IMG/left_2026_08_30_19_26_53_640.jpg,IMG/right_2026_08_30_19_26_53_640.jpg,0,1,0,30.19031
IMG/center_2026_08_30_19_26_53_744.jpg,IMG/left_2026_08_30_19_26_53_744.jpg,IMG/right_2026_08_30_19_26_53_744.jpg,0,1,0,30.1903
IMG/center_2026_08_30_19_26_53_846.jpg,IMG/left_2026_08_30_19_26_53_846.jpg,IMG/right_2026_08_30_19_26_53_846.jpg,0,1,0,30.19031
IMG/center_2026_08_30_19_26_53_946.jpg,IMG/left_2026_08_30_19_26_53_946.jpg,IMG/right_2026_08_30_19_26_53_946.jpg,-0.2612169,1,0,30.17322
IMG/center_2026_08_30_19_26_54_047.jpg,IMG/left_2026_08_30_19_26_54_047.jpg,IMG/right_2026_08_30_19_26_54_047.jpg,-0.176604,1,0,30.18984
IMG/center_2026_08_30_19_26_54_148.jpg,IMG/left_2026_08_30_19_26_54_148.jpg,IMG/right_2026_08_30_19_26_54_148.jpg,0,1,0,30.18918
IMG/center_2026_08_30_19_26_54_252.jpg,IMG/left_2026_08_30_19_26_54_252.jpg,IMG/right_2026_08_30_19_26_54_252.jpg,0,1,0,30.19017
IMG/center_2026_08_30_19_26_54_354.jpg,IMG/left_2026_08_30_19_26_54_354.jpg,IMG/right_2026_08_30_19_26_54_354.jpg,0,1,0,30.19027
IMG/center_2026_08_30_19_26_54_460.jpg,IMG/left_2026_08_30_19_26_54_460.jpg,IMG/right_2026_08_30_19_26_54_460.jpg,0,1,0,30.19029
IMG/center_2026_08_30_19_26_54_560.jpg,IMG/left_2026_08_30_19_26_54_560.jpg,IMG/right_2026_08_30_19_26_54_560.jpg,0,1,0,30.1903
IMG/center_2026_08_30_19_26_54_666.jpg,IMG/left_2026_08_30_19_26_54_666.jpg,IMG/right_2026_08_30_19_26_54_666.jpg,0,1,0,30.19015
IMG/center_2026_08_30_19_26_54_768.jpg,IMG/left_2026_08_30_19_26_54_768.jpg,IMG/right_2026_08_30_19_26_54_768.jpg,0,1,0,30.19028
IMG/center_2026_08_30_19_26_54_872.jpg,IMG/left_2026_08_30_19_26_54_872.jpg,IMG/right_2026_08_30_19_26_54_872.jpg,-0.1350591,1,0,30.18515
IMG/center_2026_08_30_19_26_54_975.jpg,IMG/left_2026_08_30_19_26_54_975.jpg,IMG/right_2026_08_30_19_26_54_975.jpg,-0.1133451,1,0,30.18952
IMG/center_2026_08_30_19_26_55_080.jpg,IMG/left_2026_08_30_19_26_55_080.jpg,IMG/right_2026_08_30_19_26_55_080.jpg,0,1,0,30.18984
IMG/center_2026_08_30_19_26_55_184.jpg,IMG/left_2026_08_30_19_26_55_184.jpg,IMG/right_2026_08_30_19_26_55_184.jpg,0,1,0,30.19004
IMG/center_2026_08_30_19_26_55_289.jpg,IMG/left_2026_08_30_19_26_55_289.jpg,IMG/right_2026_08_30_19_26_55_289.jpg,0,1,0,30.19025
IMG/center_2026_08_30_19_26_55_391.jpg,IMG/left_2026_08_30_19_26_55_391.jpg,IMG/right_2026_08_30_19_26_55_391.jpg,-0.1327158,1,0,30.18577
IMG/center_2026_08_30_19_26_55_495.jpg,IMG/left_2026_08_30_19_26_55_495.jpg,IMG/right_2026_08_30_19_26_55_495.jpg,-0.2236266,1,0,30.18571
IMG/center_2026_08_30_19_26_55_596.jpg,IMG/left_2026_08_30_19_26_55_596.jpg,IMG/right_2026_08_30_19_26_55_596.jpg,0,1,0,30.18826
IMG/center_2026_08_30_19_26_55_698.jpg,IMG/left_2026_08_30_19_26_55_698.jpg,IMG/right_2026_08_30_19_26_55_698.jpg,0,1,0,30.1901
IMG/center_2026_08_30_19_26_55_798.jpg,IMG/left_2026_08_30_19_26_55_798.jpg,IMG/right_2026_08_30_19_26_55_798.jpg,-0.1399278,1,0,30.18632
IMG/center_2026_08_30_19_26_55_900.jpg,IMG/left_2026_08_30_19_26_55_900.jpg,IMG/right_2026_08_30_19_26_55_900.jpg,-0.440589,1,0,30.15136
IMG/center_2026_08_30_19_26_56_001.jpg,IMG/left_2026_08_30_19_26_56_001.jpg,IMG/right_2026_08_30_19_26_56_001.jpg,-0.1323999,1,0,30.19227
IMG/center_2026_08_30_19_26_56_108.jpg,IMG/left_2026_08_30_19_26_56_108.jpg,IMG/right_2026_08_30_19_26_56_108.jpg,0,1,0,30.18899
IMG/center_2026_08_30_19_26_56_208.jpg,IMG/left_2026_08_30_19_26_56_208.jpg,IMG/right_2026_08_30_19_26_56_208.jpg,-0.2868072,1,0,30.17587
IMG/center_2026_08_30_19_26_56_315.jpg,IMG/left_2026_08_30_19_26_56_315.jpg,IMG/right_2026_08_30_19_26_56_315.jpg,-0.09849092,1,0,30.19206
IMG/center_2026_08_30_19_26_56_416.jpg,IMG/left_2026_08_30_19_26_56_416.jpg,IMG/right_2026_08_30_19_26_56_416.jpg,0,1,0,30.18951
IMG/center_2026_08_30_19_26_56_519.jpg,IMG/left_2026_08_30_19_26_56_519.jpg,IMG/right_2026_08_30_19_26_56_519.jpg,-0.2919462,1,0,30.17347
IMG/center_2026_08_30_19_26_56_620.jpg,IMG/left_2026_08_30_19_26_56_620.jpg,IMG/right_2026_08_30_19_26_56_620.jpg,-0.3841035,1,0,30.17452
IMG/center_2026_08_30_19_26_56_722.jpg,IMG/left_2026_08_30_19_26_56_722.jpg,IMG/right_2026_08_30_19_26_56_722.jpg,-0.07552506,1,0,30.19154
IMG/center_2026_08_30_19_26_56_826.jpg,IMG/left_2026_08_30_19_26_56_826.jpg,IMG/right_2026_08_30_19_26_56_826.jpg,-0.1488582,1,0,30.19023
IMG/center_2026_08_30_19_26_56_929.jpg,IMG/left_2026_08_30_19_26_56_929.jpg,IMG/right_2026_08_30_19_26_56_929.jpg,-0.3417261,1,0,30.17317
IMG/center_2026_08_30_19_26_57_034.jpg,IMG/left_2026_08_30_19_26_57_034.jpg,IMG/right_2026_08_30_19_26_57_034.jpg,0,1,0,30.1881
IMG/center_2026_08_30_19_26_57_141.jpg,IMG/left_2026_08_30_19_26_57_141.jpg,IMG/right_2026_08_30_19_26_57_141.jpg,-0.0205296,1,0,30.19021
IMG/center_2026_08_30_19_26_57_242.jpg,IMG/left_2026_08_30_19_26_57_242.jpg,IMG/right_2026_08_30_19_26_57_242.jpg,-0.251571,1,0,30.17769
IMG/center_2026_08_30_19_26_57_342.jpg,IMG/left_2026_08_30_19_26_57_342.jpg,IMG/right_2026_08_30_19_26_57_342.jpg,0,1,0,30.18925
IMG/center_2026_08_30_19_26_57_445.jpg,IMG/left_2026_08_30_19_26_57_445.jpg,IMG/right_2026_08_30_19_26_57_445.jpg,-0.1243515,1,0,30.18855
IMG/center_2026_08_30_19_26_57_550.jpg,IMG/left_2026_08_30_19_26_57_550.jpg,IMG/right_2026_08_30_19_26_57_550.jpg,-0.4130359,1,0,30.15742
IMG/center_2026_08_30_19_26_57_654.jpg,IMG/left_2026_08_30_19_26_57_654.jpg,IMG/right_2026_08_30_19_26_57_654.jpg,-0.1229248,1,0,30.19261
IMG/center_2026_08_30_19_26_57_754.jpg,IMG/left_2026_08_30_19_26_57_754.jpg,IMG/right_2026_08_30_19_26_57_754.jpg,-0.0889461,1,0,30.19065
IMG/center_2026_08_30_19_26_57_856.jpg,IMG/left_2026_08_30_19_26_57_856.jpg,IMG/right_2026_08_30_19_26_57_856.jpg,-0.3977544,1,0,30.16275
IMG/center_2026_08_30_19_26_57_956.jpg,IMG/left_2026_08_30_19_26_57_956.jpg,IMG/right_2026_08_30_19_26_57_956.jpg,-0.2547603,1,0,30.19036
IMG/center_2026_08_30_19_26_58_064.jpg,IMG/left_2026_08_30_19_26_58_064.jpg,IMG/right_2026_08_30_19_26_58_064.jpg,0,1,0,30.18779
IMG/center_2026_08_30_19_26_58_165.jpg,IMG/left_2026_08_30_19_26_58_165.jpg,IMG/right_2026_08_30_19_26_58_165.jpg,-0.1037211,1,0,30.19031
IMG/center_2026_08_30_19_26_58_268.jpg,IMG/left_2026_08_30_19_26_58_268.jpg,IMG/right_2026_08_30_19_26_58_268.jpg,-0.4185057,1,0,30.15718
IMG/center_2026_08_30_19_26_58_371.jpg,IMG/left_2026_08_30_19_26_58_371.jpg,IMG/right_2026_08_30_19_26_58_371.jpg,-0.4726464,1,0,30.17345
IMG/center_2026_08_30_19_26_58_477.jpg,IMG/left_2026_08_30_19_26_58_477.jpg,IMG/right_2026_08_30_19_26_58_477.jpg,-0.1572642,1,0,30.19509
IMG/center_2026_08_30_19_26_58_582.jpg,IMG/left_2026_08_30_19_26_58_582.jpg,IMG/right_2026_08_30_19_26_58_582.jpg,0,1,0,30.18797
IMG/center_2026_08_30_19_26_58_685.jpg,IMG/left_2026_08_30_19_26_58_685.jpg,IMG/right_2026_08_30_19_26_58_685.jpg,0,1,0,30.19011
IMG/center_2026_08_30_19_26_58_789.jpg,IMG/left_2026_08_30_19_26_58_789.jpg,IMG/right_2026_08_30_19_26_58_789.jpg,0,1,0,30.19032
IMG/center_2026_08_30_19_26_58_892.jpg,IMG/left_2026_08_30_19_26_58_892.jpg,IMG/right_2026_08_30_19_26_58_892.jpg,0,1,0,30.19029
IMG/center_2026_08_30_19_26_58_997.jpg,IMG/left_2026_08_30_19_26_58_997.jpg,IMG/right_2026_08_30_19_26_58_997.jpg,-0.2340708,1,0,30.17599
IMG/center_2026_08_30_19_26_59_098.jpg,IMG/left_2026_08_30_19_26_59_098.jpg,IMG/right_2026_08_30_19_26_59_098.jpg,-0.3652005,1,0,30.16823
IMG/center_2026_08_30_19_26_59_199.jpg,IMG/left_2026_08_30_19_26_59_199.jpg,IMG/right_2026_08_30_19_26_59_199.jpg,-0.06521256,1,0,30.19125
IMG/center_2026_08_30_19_26_59_305.jpg,IMG/left_2026_08_30_19_26_59_305.jpg,IMG/right_2026_08_30_19_26_59_305.jpg,0,1,0,30.18961
IMG/center_2026_08_30_19_26_59_409.jpg,IMG/left_2026_08_30_19_26_59_409.jpg,IMG/right_2026_08_30_19_26_59_409.jpg,0,1,0,30.19023
IMG/center_2026_08_30_19_26_59_511.jpg,IMG/left_2026_08_30_19_26_59_511.jpg,IMG/right_2026_08_30_19_26_59_511.jpg,-0.2474571,1,0,30.1766
IMG/center_2026_08_30_19_26_59_612.jpg,IMG/left_2026_08_30_19_26_59_612.jpg,IMG/right_2026_08_30_19_26_59_612.jpg,-0.2010129,1,0,30.18968
IMG/center_2026_08_30_19_26_59_713.jpg,IMG/left_2026_08_30_19_26_59_713.jpg,IMG/right_2026_08_30_19_26_59_713.jpg,0,1,0,30.18876
IMG/center_2026_08_30_19_26_59_818.jpg,IMG/left_2026_08_30_19_26_59_818.jpg,IMG/right_2026_08_30_19_26_59_818.jpg,0,1,0,30.1901
IMG/center_2026_08_30_19_26_59_926.jpg,IMG/left_2026_08_30_19_26_59_926.jpg,IMG/right_2026_08_30_19_26_59_926.jpg,0,1,0,30.19056
IMG/center_2026_08_30_19_27_00_031.jpg,IMG/left_2026_08_30_19_27_00_031.jpg,IMG/right_2026_08_30_19_27_00_031.jpg,0,1,0,30.19024
IMG/center_2026_08_30_19_27_00_136.jpg,IMG/left_2026_08_30_19_27_00_136.jpg,IMG/right_2026_08_30_19_27_00_136.jpg,-0.2519385,1,0,30.17348
IMG/center_2026_08_30_19_27_00_240.jpg,IMG/left_2026_08_30_19_27_00_240.jpg,IMG/right_2026_08_30_19_27_00_240.jpg,0,1,0,30.18936
IMG/center_2026_08_30_19_27_00_340.jpg,IMG/left_2026_08_30_19_27_00_340.jpg,IMG/right_2026_08_30_19_27_00_340.jpg,0,1,0,30.18991
IMG/center_2026_08_30_19_27_00_446.jpg,IMG/left_2026_08_30_19_27_00_446.jpg,IMG/right_2026_08_30_19_27_00_446.jpg,0,1,0,30.19038
IMG/center_2026_08_30_19_27_00_549.jpg,IMG/left_2026_08_30_19_27_00_549.jpg,IMG/right_2026_08_30_19_27_00_549.jpg,0,1,0,30.19034
IMG/center_2026_08_30_19_27_00_650.jpg,IMG/left_2026_08_30_19_27_00_650.jpg,IMG/right_2026_08_30_19_27_00_650.jpg,0,1,0,30.19139
IMG/center_2026_08_30_19_27_00_750.jpg,IMG/left_2026_08_30_19_27_00_750.jpg,IMG/right_2026_08_30_19_27_00_750.jpg,0,1,0,30.19057
IMG/center_2026_08_30_19_27_00_852.jpg,IMG/left_2026_08_30_19_27_00_852.jpg,IMG/right_2026_08_30_19_27_00_852.jpg,0,1,0,30.19049
IMG/center_2026_08_30_19_27_00_957.jpg,IMG/left_2026_08_30_19_27_00_957.jpg,IMG/right_2026_08_30_19_27_00_957.jpg,0,1,0,30.19043
IMG/center_2026_08_30_19_27_01_062.jpg,IMG/left_2026_08_30_19_27_01_062.jpg,IMG/right_2026_08_30_19_27_01_062.jpg,0,1,0,30.19044
IMG/center_2026_08_30_19_27_01_166.jpg,IMG/left_2026_08_30_19_27_01_166.jpg,IMG/right_2026_08_30_19_27_01_166.jpg,0,1,0,30.19046
IMG/center_2026_08_30_19_27_01_271.jpg,IMG/left_2026_08_30_19_27_01_271.jpg,IMG/right_2026_08_30_19_27_01_271.jpg,0,1,0,30.19025
IMG/center_2026_08_30_19_27_01_373.jpg,IMG/left_2026_08_30_19_27_01_373.jpg,IMG/right_2026_08_30_19_27_01_373.jpg,-0.1202274,1,0,30.18639
IMG/center_2026_08_30_19_27_01_478.jpg,IMG/left_2026_08_30_19_27_01_478.jpg,IMG/right_2026_08_30_19_27_01_478.jpg,-0.415713,1,0,30.1527
IMG/center_2026_08_30_19_27_01_580.jpg,IMG/left_2026_08_30_19_27_01_580.jpg,IMG/right_2026_08_30_19_27_01_580.jpg,-0.317179,1,0,30.18559
IMG/center_2026_08_30_19_27_01_682.jpg,IMG/left_2026_08_30_19_27_01_682.jpg,IMG/right_2026_08_30_19_27_01_682.jpg,-0.008500256,1,0,30.18744
IMG/center_2026_08_30_19_27_01_782.jpg,IMG/left_2026_08_30_19_27_01_782.jpg,IMG/right_2026_08_30_19_27_01_782.jpg,0,1,0,30.18959
IMG/center_2026_08_30_19_27_01_883.jpg,IMG/left_2026_08_30_19_27_01_883.jpg,IMG/right_2026_08_30_19_27_01_883.jpg,-0.2815245,1,0,30.17523
IMG/center_2026_08_30_19_27_01_987.jpg,IMG/left_2026_08_30_19_27_01_987.jpg,IMG/right_2026_08_30_19_27_01_987.jpg,-0.3062694,1,0,30.18374
IMG/center_2026_08_30_19_27_02_094.jpg,IMG/left_2026_08_30_19_27_02_094.jpg,IMG/right_2026_08_30_19_27_02_094.jpg,0,1,0,30.18744
IMG/center_2026_08_30_19_27_02_198.jpg,IMG/left_2026_08_30_19_27_02_198.jpg,IMG/right_2026_08_30_19_27_02_198.jpg,0,1,0,30.19003
IMG/center_2026_08_30_19_27_02_303.jpg,IMG/left_2026_08_30_19_27_02_303.jpg,IMG/right_2026_08_30_19_27_02_303.jpg,0,1,0,30.18997
IMG/center_2026_08_30_19_27_02_409.jpg,IMG/left_2026_08_30_19_27_02_409.jpg,IMG/right_2026_08_30_19_27_02_409.jpg,-0.0749853,1,0,30.18927
IMG/center_2026_08_30_19_27_02_511.jpg,IMG/left_2026_08_30_19_27_02_511.jpg,IMG/right_2026_08_30_19_27_02_511.jpg,-0.3821583,1,0,30.15871
IMG/center_2026_08_30_19_27_02_616.jpg,IMG/left_2026_08_30_19_27_02_616.jpg,IMG/right_2026_08_30_19_27_02_616.jpg,-0.02264759,1,0,30.18997
IMG/center_2026_08_30_19_27_02_718.jpg,IMG/left_2026_08_30_19_27_02_718.jpg,IMG/right_2026_08_30_19_27_02_718.jpg,0,1,0,30.18986
IMG/center_2026_08_30_19_27_02_831.jpg,IMG/left_2026_08_30_19_27_02_831.jpg,IMG/right_2026_08_30_19_27_02_831.jpg,0,1,0,30.18979
IMG/center_2026_08_30_19_27_02_931.jpg,IMG/left_2026_08_30_19_27_02_931.jpg,IMG/right_2026_08_30_19_27_02_931.jpg,0,1,0,30.18998
IMG/center_2026_08_30_19_27_03_037.jpg,IMG/left_2026_08_30_19_27_03_037.jpg,IMG/right_2026_08_30_19_27_03_037.jpg,0,1,0,30.18987
IMG/center_2026_08_30_19_27_03_145.jpg,IMG/left_2026_08_30_19_27_03_145.jpg,IMG/right_2026_08_30_19_27_03_145.jpg,0,1,0,30.19015
IMG/center_2026_08_30_19_27_03_249.jpg,IMG/left_2026_08_30_19_27_03_249.jpg,IMG/right_2026_08_30_19_27_03_249.jpg,0,1,0,30.19113
IMG/center_2026_08_30_19_27_03_352.jpg,IMG/left_2026_08_30_19_27_03_352.jpg,IMG/right_2026_08_30_19_27_03_352.jpg,0,1,0,30.19032
IMG/center_2026_08_30_19_27_03_459.jpg,IMG/left_2026_08_30_19_27_03_459.jpg,IMG/right_2026_08_30_19_27_03_459.jpg,0,1,0,30.19025
IMG/center_2026_08_30_19_27_03_562.jpg,IMG/left_2026_08_30_19_27_03_562.jpg,IMG/right_2026_08_30_19_27_03_562.jpg,-0.214491,1,0,30.17711
IMG/center_2026_08_30_19_27_03_667.jpg,IMG/left_2026_08_30_19_27_03_667.jpg,IMG/right_2026_08_30_19_27_03_667.jpg,0,1,0,30.18983
IMG/center_2026_08_30_19_27_03_776.jpg,IMG/left_2026_08_30_19_27_03_776.jpg,IMG/right_2026_08_30_19_27_03_776.jpg,0,1,0,30.1901
IMG/center_2026_08_30_19_27_03_884.jpg,IMG/left_2026_08_30_19_27_03_884.jpg,IMG/right_2026_08_30_19_27_03_884.jpg,0,1,0,30.19013
IMG/center_2026_08_30_19_27_03_996.jpg,IMG/left_2026_08_30_19_27_03_996.jpg,IMG/right_2026_08_30_19_27_03_996.jpg,0,1,0,30.19081
IMG/center_2026_08_30_19_27_04_104.jpg,IMG/left_2026_08_30_19_27_04_104.jpg,IMG/right_2026_08_30_19_27_04_104.jpg,-0.2983518,1,0,30.16738
IMG/center_2026_08_30_19_27_04_209.jpg,IMG/left_2026_08_30_19_27_04_209.jpg,IMG/right_2026_08_30_19_27_04_209.jpg,-0.05703633,1,0,30.19156
IMG/center_2026_08_30_19_27_04_313.jpg,IMG/left_2026_08_30_19_27_04_313.jpg,IMG/right_2026_08_30_19_27_04_313.jpg,0,1,0,30.19018
IMG/center_2026_08_30_19_27_04_419.jpg,IMG/left_2026_08_30_19_27_04_419.jpg,IMG/right_2026_08_30_19_27_04_419.jpg,0,1,0,30.19034
IMG/center_2026_08_30_19_27_04_519.jpg,IMG/left_2026_08_30_19_27_04_519.jpg,IMG/right_2026_08_30_19_27_04_519.jpg,-0.0244926,1,0,30.19025
IMG/center_2026_08_30_19_27_04_623.jpg,IMG/left_2026_08_30_19_27_04_623.jpg,IMG/right_2026_08_30_19_27_04_623.jpg,-0.2780868,1,0,30.17242
IMG/center_2026_08_30_19_27_04_725.jpg,IMG/left_2026_08_30_19_27_04_725.jpg,IMG/right_2026_08_30_19_27_04_725.jpg,0,1,0,30.18908
IMG/center_2026_08_30_19_27_04_829.jpg,IMG/left_2026_08_30_19_27_04_829.jpg,IMG/right_2026_08_30_19_27_04_829.jpg,0,1,0,30.18996
IMG/center_2026_08_30_19_27_04_937.jpg,IMG/left_2026_08_30_19_27_04_937.jpg,IMG/right_2026_08_30_19_27_04_937.jpg,0,1,0,30.19183
IMG/center_2026_08_30_19_27_05_042.jpg,IMG/left_2026_08_30_19_27_05_042.jpg,IMG/right_2026_08_30_19_27_05_042.jpg,-0.0517341,1,0,30.18989
IMG/center_2026_08_30_19_27_05_148.jpg,IMG/left_2026_08_30_19_27_05_148.jpg,IMG/right_2026_08_30_19_27_05_148.jpg,-0.123699,1,0,30.18799
IMG/center_2026_08_30_19_27_05_256.jpg,IMG/left_2026_08_30_19_27_05_256.jpg,IMG/right_2026_08_30_19_27_05_256.jpg,0,1,0,30.19041
IMG/center_2026_08_30_19_27_05_358.jpg,IMG/left_2026_08_30_19_27_05_358.jpg,IMG/right_2026_08_30_19_27_05_358.jpg,0,1,0,30.19044
IMG/center_2026_08_30_19_27_05_465.jpg,IMG/left_2026_08_30_19_27_05_465.jpg,IMG/right_2026_08_30_19_27_05_465.jpg,0,1,0,30.19045
IMG/center_2026_08_30_19_27_05_572.jpg,IMG/left_2026_08_30_19_27_05_572.jpg,IMG/right_2026_08_30_19_27_05_572.jpg,-0.3466278,1,0,30.16179
IMG/center_2026_08_30_19_27_05_676.jpg,IMG/left_2026_08_30_19_27_05_676.jpg,IMG/right_2026_08_30_19_27_05_676.jpg,-0.1383132,1,0,30.19163
IMG/center_2026_08_30_19_27_05_786.jpg,IMG/left_2026_08_30_19_27_05_786.jpg,IMG/right_2026_08_30_19_27_05_786.jpg,0,1,0,30.18898
IMG/center_2026_08_30_19_27_05_889.jpg,IMG/left_2026_08_30_19_27_05_889.jpg,IMG/right_2026_08_30_19_27_05_889.jpg,0,1,0,30.18993
IMG/center_2026_08_30_19_27_05_989.jpg,IMG/left_2026_08_30_19_27_05_989.jpg,IMG/right_2026_08_30_19_27_05_989.jpg,0,1,0,30.19049
IMG/center_2026_08_30_19_27_06_093.jpg,IMG/left_2026_08_30_19_27_06_093.jpg,IMG/right_2026_08_30_19_27_06_093.jpg,0,1,0,30.19032
IMG/center_2026_08_30_19_27_06_199.jpg,IMG/left_2026_08_30_19_27_06_199.jpg,IMG/right_2026_08_30_19_27_06_199.jpg,0,1,0,30.19091
IMG/center_2026_08_30_19_27_06_305.jpg,IMG/left_2026_08_30_19_27_06_305.jpg,IMG/right_2026_08_30_19_27_06_305.jpg,0,1,0,30.19048
IMG/center_2026_08_30_19_27_06_407.jpg,IMG/left_2026_08_30_19_27_06_407.jpg,IMG/right_2026_08_30_19_27_06_407.jpg,-0.2342586,1,0,30.17514
IMG/center_2026_08_30_19_27_06_511.jpg,IMG/left_2026_08_30_19_27_06_511.jpg,IMG/right_2026_08_30_19_27_06_511.jpg,-0.09440191,1,0,30.19079
IMG/center_2026_08_30_19_27_06_616.jpg,IMG/left_2026_08_30_19_27_06_616.jpg,IMG/right_2026_08_30_19_27_06_616.jpg,0,1,0,30.18993
IMG/center_2026_08_30_19_27_06_717.jpg,IMG/left_2026_08_30_19_27_06_717.jpg,IMG/right_2026_08_30_19_27_06_717.jpg,0,1,0,30.19018
IMG/center_2026_08_30_19_27_06_824.jpg,IMG/left_2026_08_30_19_27_06_824.jpg,IMG/right_2026_08_30_19_27_06_824.jpg,-0.0738363,1,0,30.18876
IMG/center_2026_08_30_19_27_06_935.jpg,IMG/left_2026_08_30_19_27_06_935.jpg,IMG/right_2026_08_30_19_27_06_935.jpg,0,1,0,30.1901
IMG/center_2026_08_30_19_27_07_036.jpg,IMG/left_2026_08_30_19_27_07_036.jpg,IMG/right_2026_08_30_19_27_07_036.jpg,0,1,0,30.19067
IMG/center_2026_08_30_19_27_07_138.jpg,IMG/left_2026_08_30_19_27_07_138.jpg,IMG/right_2026_08_30_19_27_07_138.jpg,0,1,0,30.19041
IMG/center_2026_08_30_19_27_07_238.jpg,IMG/left_2026_08_30_19_27_07_238.jpg,IMG/right_2026_08_30_19_27_07_238.jpg,-0.0550893,1,0,30.19017
IMG/center_2026_08_30_19_27_07_341.jpg,IMG/left_2026_08_30_19_27_07_341.jpg,IMG/right_2026_08_30_19_27_07_341.jpg,-0.06056341,1,0,30.19073
IMG/center_2026_08_30_19_27_07_446.jpg,IMG/left_2026_08_30_19_27_07_446.jpg,IMG/right_2026_08_30_19_27_07_446.jpg,0,1,0,30.1902
IMG/center_2026_08_30_19_27_07_560.jpg,IMG/left_2026_08_30_19_27_07_560.jpg,IMG/right_2026_08_30_19_27_07_560.jpg,0,1,0,30.19036
IMG/center_2026_08_30_19_27_07_662.jpg,IMG/left_2026_08_30_19_27_07_662.jpg,IMG/right_2026_08_30_19_27_07_662.jpg,-0.0309021,1,0,30.19003
IMG/center_2026_08_30_19_27_07_768.jpg,IMG/left_2026_08_30_19_27_07_768.jpg,IMG/right_2026_08_30_19_27_07_768.jpg,-0.2295844,1,0,30.17685
IMG/center_2026_08_30_19_27_07_873.jpg,IMG/left_2026_08_30_19_27_07_873.jpg,IMG/right_2026_08_30_19_27_07_873.jpg,0,1,0,30.18964
IMG/center_2026_08_30_19_27_07_979.jpg,IMG/left_2026_08_30_19_27_07_979.jpg,IMG/right_2026_08_30_19_27_07_979.jpg,0,1,0,30.19019
IMG/center_2026_08_30_19_27_08_080.jpg,IMG/left_2026_08_30_19_27_08_080.jpg,IMG/right_2026_08_30_19_27_08_080.jpg,0,1,0,30.18882
IMG/center_2026_08_30_19_27_08_187.jpg,IMG/left_2026_08_30_19_27_08_187.jpg,IMG/right_2026_08_30_19_27_08_187.jpg,0,1,0,30.19039
IMG/center_2026_08_30_19_27_08_292.jpg,IMG/left_2026_08_30_19_27_08_292.jpg,IMG/right_2026_08_30_19_27_08_292.jpg,-0.2452566,1,0,30.17425
IMG/center_2026_08_30_19_27_08_397.jpg,IMG/left_2026_08_30_19_27_08_397.jpg,IMG/right_2026_08_30_19_27_08_397.jpg,0,1,0,30.18903
IMG/center_2026_08_30_19_27_08_501.jpg,IMG/left_2026_08_30_19_27_08_501.jpg,IMG/right_2026_08_30_19_27_08_501.jpg,0,1,0,30.19002
IMG/center_2026_08_30_19_27_08_603.jpg,IMG/left_2026_08_30_19_27_08_603.jpg,IMG/right_2026_08_30_19_27_08_603.jpg,0,1,0,30.19029
IMG/center_2026_08_30_19_27_08_708.jpg,IMG/left_2026_08_30_19_27_08_708.jpg,IMG/right_2026_08_30_19_27_08_708.jpg,0,1,0,30.19032
IMG/center_2026_08_30_19_27_08_809.jpg,IMG/left_2026_08_30_19_27_08_809.jpg,IMG/right_2026_08_30_19_27_08_809.jpg,0,1,0,30.19037
IMG/center_2026_08_30_19_27_08_910.jpg,IMG/left_2026_08_30_19_27_08_910.jpg,IMG/right_2026_08_30_19_27_08_910.jpg,0,1,0,30.19027
IMG/center_2026_08_30_19_27_09_015.jpg,IMG/left_2026_08_30_19_27_09_015.jpg,IMG/right_2026_08_30_19_27_09_015.jpg,0,1,0,30.19034
IMG/center_2026_08_30_19_27_09_122.jpg,IMG/left_2026_08_30_19_27_09_122.jpg,IMG/right_2026_08_30_19_27_09_122.jpg,0,1,0,30.19024
IMG/center_2026_08_30_19_27_09_224.jpg,IMG/left_2026_08_30_19_27_09_224.jpg,IMG/right_2026_08_30_19_27_09_224.jpg,-0.1731924,1,0,30.18098
IMG/center_2026_08_30_19_27_09_334.jpg,IMG/left_2026_08_30_19_27_09_334.jpg,IMG/right_2026_08_30_19_27_09_334.jpg,0,1,0,30.19007
IMG/center_2026_08_30_19_27_09_436.jpg,IMG/left_2026_08_30_19_27_09_436.jpg,IMG/right_2026_08_30_19_27_09_436.jpg,0,1,0,30.1891
IMG/center_2026_08_30_19_27_09_538.jpg,IMG/left_2026_08_30_19_27_09_538.jpg,IMG/right_2026_08_30_19_27_09_538.jpg,0,1,0,30.19027
IMG/center_2026_08_30_19_27_09_647.jpg,IMG/left_2026_08_30_19_27_09_647.jpg,IMG/right_2026_08_30_19_27_09_647.jpg,0,1,0,30.19032
IMG/center_2026_08_30_19_27_09_750.jpg,IMG/left_2026_08_30_19_27_09_750.jpg,IMG/right_2026_08_30_19_27_09_750.jpg,-0.1437081,1,0,30.18443
IMG/center_2026_08_30_19_27_09_856.jpg,IMG/left_2026_08_30_19_27_09_856.jpg,IMG/right_2026_08_30_19_27_09_856.jpg,-0.01821331,1,0,30.19039
IMG/center_2026_08_30_19_27_09_958.jpg,IMG/left_2026_08_30_19_27_09_958.jpg,IMG/right_2026_08_30_19_27_09_958.jpg,0,1,0,30.1901
IMG/center_2026_08_30_19_27_10_058.jpg,IMG/left_2026_08_30_19_27_10_058.jpg,IMG/right_2026_08_30_19_27_10_058.jpg,0,1,0,30.19026
IMG/center_2026_08_30_19_27_10_167.jpg,IMG/left_2026_08_30_19_27_10_167.jpg,IMG/right_2026_08_30_19_27_10_167.jpg,0,1,0,30.19022
IMG/center_2026_08_30_19_27_10_274.jpg,IMG/left_2026_08_30_19_27_10_274.jpg,IMG/right_2026_08_30_19_27_10_274.jpg,-0.1089594,1,0,30.18712
IMG/center_2026_08_30_19_27_10_375.jpg,IMG/left_2026_08_30_19_27_10_375.jpg,IMG/right_2026_08_30_19_27_10_375.jpg,-0.2570604,1,0,30.17729
IMG/center_2026_08_30_19_27_10_484.jpg,IMG/left_2026_08_30_19_27_10_484.jpg,IMG/right_2026_08_30_19_27_10_484.jpg,0,1,0,30.18823
IMG/center_2026_08_30_19_27_10_590.jpg,IMG/left_2026_08_30_19_27_10_590.jpg,IMG/right_2026_08_30_19_27_10_590.jpg,0,1,0,30.18988
IMG/center_2026_08_30_19_27_10_697.jpg,IMG/left_2026_08_30_19_27_10_697.jpg,IMG/right_2026_08_30_19_27_10_697.jpg,0,1,0,30.19043
IMG/center_2026_08_30_19_27_10_797.jpg,IMG/left_2026_08_30_19_27_10_797.jpg,IMG/right_2026_08_30_19_27_10_797.jpg,0,1,0,30.19016
IMG/center_2026_08_30_19_27_10_898.jpg,IMG/left_2026_08_30_19_27_10_898.jpg,IMG/right_2026_08_30_19_27_10_898.jpg,0,1,0,30.19013
IMG/center_2026_08_30_19_27_11_005.jpg,IMG/left_2026_08_30_19_27_11_005.jpg,IMG/right_2026_08_30_19_27_11_005.jpg,0.13989,1,0,30.18543
IMG/center_2026_08_30_19_27_11_110.jpg,IMG/left_2026_08_30_19_27_11_110.jpg,IMG/right_2026_08_30_19_27_11_110.jpg,0,1,0,30.18989
IMG/center_2026_08_30_19_27_11_219.jpg,IMG/left_2026_08_30_19_27_11_219.jpg,IMG/right_2026_08_30_19_27_11_219.jpg,0,1,0,30.19019
IMG/center_2026_08_30_19_27_11_325.jpg,IMG/left_2026_08_30_19_27_11_325.jpg,IMG/right_2026_08_30_19_27_11_325.jpg,0,1,0,30.19025
IMG/center_2026_08_30_19_27_11_431.jpg,IMG/left_2026_08_30_19_27_11_431.jpg,IMG/right_2026_08_30_19_27_11_431.jpg,0,1,0,30.19026
IMG/center_2026_08_30_19_27_11_534.jpg,IMG/left_2026_08_30_19_27_11_534.jpg,IMG/right_2026_08_30_19_27_11_534.jpg,0,1,0,30.19024
IMG/center_2026_08_30_19_27_11_637.jpg,IMG/left_2026_08_30_19_27_11_637.jpg,IMG/right_2026_08_30_19_27_11_637.jpg,0,1,0,30.19025
IMG/center_2026_08_30_19_27_11_748.jpg,IMG/left_2026_08_30_19_27_11_748.jpg,IMG/right_2026_08_30_19_27_11_748.jpg,0,1,0,30.19055
IMG/center_2026_08_30_19_27_11_855.jpg,IMG/left_2026_08_30_19_27_11_855.jpg,IMG/right_2026_08_30_19_27_11_855.jpg,-0.1360503,1,0,30.18853
IMG/center_2026_08_30_19_27_11_955.jpg,IMG/left_2026_08_30_19_27_11_955.jpg,IMG/right_2026_08_30_19_27_11_955.jpg,0,1,0,30.19021
IMG/center_2026_08_30_19_27_12_059.jpg,IMG/left_2026_08_30_19_27_12_059.jpg,IMG/right_2026_08_30_19_27_12_059.jpg,0,1,0,30.19032
IMG/center_2026_08_30_19_27_12_165.jpg,IMG/left_2026_08_30_19_27_12_165.jpg,IMG/right_2026_08_30_19_27_12_165.jpg,0,1,0,30.19033
IMG/center_2026_08_30_19_27_12_272.jpg,IMG/left_2026_08_30_19_27_12_272.jpg,IMG/right_2026_08_30_19_27_12_272.jpg,0,1,0,30.19032
IMG/center_2026_08_30_19_27_12_376.jpg,IMG/left_2026_08_30_19_27_12_376.jpg,IMG/right_2026_08_30_19_27_12_376.jpg,0,1,0,30.19033
IMG/center_2026_08_30_19_27_12_478.jpg,IMG/left_2026_08_30_19_27_12_478.jpg,IMG/right_2026_08_30_19_27_12_478.jpg,0,1,0,30.1903
IMG/center_2026_08_30_19_27_12_585.jpg,IMG/left_2026_08_30_19_27_12_585.jpg,IMG/right_2026_08_30_19_27_12_585.jpg,0,1,0,30.19029
IMG/center_2026_08_30_19_27_12_690.jpg,IMG/left_2026_08_30_19_27_12_690.jpg,IMG/right_2026_08_30_19_27_12_690.jpg,-0.2106144,1,0,30.1782
IMG/center_2026_08_30_19_27_12_793.jpg,IMG/left_2026_08_30_19_27_12_793.jpg,IMG/right_2026_08_30_19_27_12_793.jpg,0,1,0,30.19011
IMG/center_2026_08_30_19_27_12_900.jpg,IMG/left_2026_08_30_19_27_12_900.jpg,IMG/right_2026_08_30_19_27_12_900.jpg,0,1,0,30.19019
IMG/center_2026_08_30_19_27_13_001.jpg,IMG/left_2026_08_30_19_27_13_001.jpg,IMG/right_2026_08_30_19_27_13_001.jpg,0,1,0,30.19085
IMG/center_2026_08_30_19_27_13_104.jpg,IMG/left_2026_08_30_19_27_13_104.jpg,IMG/right_2026_08_30_19_27_13_104.jpg,0,1,0,30.19036
IMG/center_2026_08_30_19_27_13_209.jpg,IMG/left_2026_08_30_19_27_13_209.jpg,IMG/right_2026_08_30_19_27_13_209.jpg,0,1,0,30.19017
IMG/center_2026_08_30_19_27_13_319.jpg,IMG/left_2026_08_30_19_27_13_319.jpg,IMG/right_2026_08_30_19_27_13_319.jpg,0,1,0,30.19044
IMG/center_2026_08_30_19_27_13_423.jpg,IMG/left_2026_08_30_19_27_13_423.jpg,IMG/right_2026_08_30_19_27_13_423.jpg,0,1,0,30.19038
IMG/center_2026_08_30_19_27_13_529.jpg,IMG/left_2026_08_30_19_27_13_529.jpg,IMG/right_2026_08_30_19_27_13_529.jpg,0,1,0,30.1904
IMG/center_2026_08_30_19_27_13_632.jpg,IMG/left_2026_08_30_19_27_13_632.jpg,IMG/right_2026_08_30_19_27_13_632.jpg,-0.09341578,1,0,30.18977
IMG/center_2026_08_30_19_27_13_734.jpg,IMG/left_2026_08_30_19_27_13_734.jpg,IMG/right_2026_08_30_19_27_13_734.jpg,0,1,0,30.19019
IMG/center_2026_08_30_19_27_13_837.jpg,IMG/left_2026_08_30_19_27_13_837.jpg,IMG/right_2026_08_30_19_27_13_837.jpg,0,1,0,30.19028
IMG/center_2026_08_30_19_27_13_942.jpg,IMG/left_2026_08_30_19_27_13_942.jpg,IMG/right_2026_08_30_19_27_13_942.jpg,0,1,0,30.19027
IMG/center_2026_08_30_19_27_14_050.jpg,IMG/left_2026_08_30_19_27_14_050.jpg,IMG/right_2026_08_30_19_27_14_050.jpg,0,1,0,30.19027
IMG/center_2026_08_30_19_27_14_156.jpg,IMG/left_2026_08_30_19_27_14_156.jpg,IMG/right_2026_08_30_19_27_14_156.jpg,0,1,0,30.19027
IMG/center_2026_08_30_19_27_14_262.jpg,IMG/left_2026_08_30_19_27_14_262.jpg,IMG/right_2026_08_30_19_27_14_262.jpg,0,1,0,30.19027
IMG/center_2026_08_30_19_27_14_370.jpg,IMG/left_2026_08_30_19_27_14_370.jpg,IMG/right_2026_08_30_19_27_14_370.jpg,-0.1081986,1,0,30.18647
IMG/center_2026_08_30_19_27_14_478.jpg,IMG/left_2026_08_30_19_27_14_478.jpg,IMG/right_2026_08_30_19_27_14_478.jpg,0,1,0,30.19031
IMG/center_2026_08_30_19_27_14_578.jpg,IMG/left_2026_08_30_19_27_14_578.jpg,IMG/right_2026_08_30_19_27_14_578.jpg,0,1,0,30.19057
IMG/center_2026_08_30_19_27_14_689.jpg,IMG/left_2026_08_30_19_27_14_689.jpg,IMG/right_2026_08_30_19_27_14_689.jpg,0,1,0,30.1904
IMG/center_2026_08_30_19_27_14_798.jpg,IMG/left_2026_08_30_19_27_14_798.jpg,IMG/right_2026_08_30_19_27_14_798.jpg,0,1,0,30.1904
IMG/center_2026_08_30_19_27_14_901.jpg,IMG/left_2026_08_30_19_27_14_901.jpg,IMG/right_2026_08_30_19_27_14_901.jpg,0,1,0,30.19037
IMG/center_2026_08_30_19_27_15_009.jpg,IMG/left_2026_08_30_19_27_15_009.jpg,IMG/right_2026_08_30_19_27_15_009.jpg,0,1,0,30.19041
IMG/center_2026_08_30_19_27_15_115.jpg,IMG/left_2026_08_30_19_27_15_115.jpg,IMG/right_2026_08_30_19_27_15_115.jpg,-0.2029611,1,0,30.17856
IMG/center_2026_08_30_19_27_15_221.jpg,IMG/left_2026_08_30_19_27_15_221.jpg,IMG/right_2026_08_30_19_27_15_221.jpg,-0.0617853,1,0,30.19091
IMG/center_2026_08_30_19_27_15_326.jpg,IMG/left_2026_08_30_19_27_15_326.jpg,IMG/right_2026_08_30_19_27_15_326.jpg,0,1,0,30.18998
IMG/center_2026_08_30_19_27_15_427.jpg,IMG/left_2026_08_30_19_27_15_427.jpg,IMG/right_2026_08_30_19_27_15_427.jpg,0,1,0,30.19017
IMG/center_2026_08_30_19_27_15_531.jpg,IMG/left_2026_08_30_19_27_15_531.jpg,IMG/right_2026_08_30_19_27_15_531.jpg,0,1,0,30.19017
IMG/center_2026_08_30_19_27_15_638.jpg,IMG/left_2026_08_30_19_27_15_638.jpg,IMG/right_2026_08_30_19_27_15_638.jpg,0,1,0,30.19016
IMG/center_2026_08_30_19_27_15_743.jpg,IMG/left_2026_08_30_19_27_15_743.jpg,IMG/right_2026_08_30_19_27_15_743.jpg,0,1,0,30.19036
IMG/center_2026_08_30_19_27_15_856.jpg,IMG/left_2026_08_30_19_27_15_856.jpg,IMG/right_2026_08_30_19_27_15_856.jpg,0,1,0,30.19014
IMG/center_2026_08_30_19_27_15_958.jpg,IMG/left_2026_08_30_19_27_15_958.jpg,IMG/right_2026_08_30_19_27_15_958.jpg,0,1,0,30.19044
IMG/center_2026_08_30_19_27_16_061.jpg,IMG/left_2026_08_30_19_27_16_061.jpg,IMG/right_2026_08_30_19_27_16_061.jpg,0,1,0,30.19033
IMG/center_2026_08_30_19_27_16_167.jpg,IMG/left_2026_08_30_19_27_16_167.jpg,IMG/right_2026_08_30_19_27_16_167.jpg,0,1,0,30.19032
IMG/center_2026_08_30_19_27_16_268.jpg,IMG/left_2026_08_30_19_27_16_268.jpg,IMG/right_2026_08_30_19_27_16_268.jpg,0,1,0,30.19034
IMG/center_2026_08_30_19_27_16_372.jpg,IMG/left_2026_08_30_19_27_16_372.jpg,IMG/right_2026_08_30_19_27_16_372.jpg,0,1,0,30.19037
IMG/center_2026_08_30_19_27_16_481.jpg,IMG/left_2026_08_30_19_27_16_481.jpg,IMG/right_2026_08_30_19_27_16_481.jpg,0,1,0,30.19033
IMG/center_2026_08_30_19_27_16_584.jpg,IMG/left_2026_08_30_19_27_16_584.jpg,IMG/right_2026_08_30_19_27_16_584.jpg,0,1,0,30.19036
IMG/center_2026_08_30_19_27_16_689.jpg,IMG/left_2026_08_30_19_27_16_689.jpg,IMG/right_2026_08_30_19_27_16_689.jpg,0,1,0,30.19032
IMG/center_2026_08_30_19_27_16_794.jpg,IMG/left_2026_08_30_19_27_16_794.jpg,IMG/right_2026_08_30_19_27_16_794.jpg,0,1,0,30.19034
IMG/center_2026_08_30_19_27_16_894.jpg,IMG/left_2026_08_30_19_27_16_894.jpg,IMG/right_2026_08_30_19_27_16_894.jpg,0,1,0,30.19035
IMG/center_2026_08_30_19_27_16_998.jpg,IMG/left_2026_08_30_19_27_16_998.jpg,IMG/right_2026_08_30_19_27_16_998.jpg,0,1,0,30.19033
IMG/center_2026_08_30_19_27_17_100.jpg,IMG/left_2026_08_30_19_27_17_100.jpg,IMG/right_2026_08_30_19_27_17_100.jpg,-0.2001612,1,0,30.17982
IMG/center_2026_08_30_19_27_17_201.jpg,IMG/left_2026_08_30_19_27_17_201.jpg,IMG/right_2026_08_30_19_27_17_201.jpg,-0.0793899,1,0,30.19077
IMG/center_2026_08_30_19_27_17_308.jpg,IMG/left_2026_08_30_19_27_17_308.jpg,IMG/right_2026_08_30_19_27_17_308.jpg,0,1,0,30.1902
IMG/center_2026_08_30_19_27_17_409.jpg,IMG/left_2026_08_30_19_27_17_409.jpg,IMG/right_2026_08_30_19_27_17_409.jpg,0,1,0,30.19029
IMG/center_2026_08_30_19_27_17_515.jpg,IMG/left_2026_08_30_19_27_17_515.jpg,IMG/right_2026_08_30_19_27_17_515.jpg,0,1,0,30.19032
IMG/center_2026_08_30_19_27_17_624.jpg,IMG/left_2026_08_30_19_27_17_624.jpg,IMG/right_2026_08_30_19_27_17_624.jpg,0,1,0,30.19025
IMG/center_2026_08_30_19_27_17_733.jpg,IMG/left_2026_08_30_19_27_17_733.jpg,IMG/right_2026_08_30_19_27_17_733.jpg,0,1,0,30.19029
IMG/center_2026_08_30_19_27_17_840.jpg,IMG/left_2026_08_30_19_27_17_840.jpg,IMG/right_2026_08_30_19_27_17_840.jpg,0,1,0,30.1903
IMG/center_2026_08_30_19_27_17_945.jpg,IMG/left_2026_08_30_19_27_17_945.jpg,IMG/right_2026_08_30_19_27_17_945.jpg,0,1,0,30.19029
IMG/center_2026_08_30_19_27_18_045.jpg,IMG/left_2026_08_30_19_27_18_045.jpg,IMG/right_2026_08_30_19_27_18_045.jpg,0,1,0,30.19028
IMG/center_2026_08_30_19_27_18_154.jpg,IMG/left_2026_08_30_19_27_18_154.jpg,IMG/right_2026_08_30_19_27_18_154.jpg,0,1,0,30.19028
IMG/center_2026_08_30_19_27_18_257.jpg,IMG/left_2026_08_30_19_27_18_257.jpg,IMG/right_2026_08_30_19_27_18_257.jpg,0,1,0,30.19029
IMG/center_2026_08_30_19_27_18_360.jpg,IMG/left_2026_08_30_19_27_18_360.jpg,IMG/right_2026_08_30_19_27_18_360.jpg,0,1,0,30.19029
IMG/center_2026_08_30_19_27_18_461.jpg,IMG/left_2026_08_30_19_27_18_461.jpg,IMG/right_2026_08_30_19_27_18_461.jpg,0,1,0,30.19074
IMG/center_2026_08_30_19_27_18_571.jpg,IMG/left_2026_08_30_19_27_18_571.jpg,IMG/right_2026_08_30_19_27_18_571.jpg,0,1,0,30.19056
IMG/center_2026_08_30_19_27_18_675.jpg,IMG/left_2026_08_30_19_27_18_675.jpg,IMG/right_2026_08_30_19_27_18_675.jpg,0,1,0,30.19069
IMG/center_2026_08_30_19_27_18_778.jpg,IMG/left_2026_08_30_19_27_18_778.jpg,IMG/right_2026_08_30_19_27_18_778.jpg,-0.1048485,1,0,30.18768
IMG/center_2026_08_30_19_27_18_885.jpg,IMG/left_2026_08_30_19_27_18_885.jpg,IMG/right_2026_08_30_19_27_18_885.jpg,-0.01265641,1,0,30.18996
IMG/center_2026_08_30_19_27_18_993.jpg,IMG/left_2026_08_30_19_27_18_993.jpg,IMG/right_2026_08_30_19_27_18_993.jpg,0,1,0,30.19024
IMG/center_2026_08_30_19_27_19_096.jpg,IMG/left_2026_08_30_19_27_19_096.jpg,IMG/right_2026_08_30_19_27_19_096.jpg,0,1,0,30.19028
IMG/center_2026_08_30_19_27_19_205.jpg,IMG/left_2026_08_30_19_27_19_205.jpg,IMG/right_2026_08_30_19_27_19_205.jpg,0,1,0,30.19032
IMG/center_2026_08_30_19_27_19_308.jpg,IMG/left_2026_08_30_19_27_19_308.jpg,IMG/right_2026_08_30_19_27_19_308.jpg,0,1,0,30.19029
IMG/center_2026_08_30_19_27_19_408.jpg,IMG/left_2026_08_30_19_27_19_408.jpg,IMG/right_2026_08_30_19_27_19_408.jpg,0,1,0,30.19031
IMG/center_2026_08_30_19_27_19_516.jpg,IMG/left_2026_08_30_19_27_19_516.jpg,IMG/right_2026_08_30_19_27_19_516.jpg,0,1,0,30.19031
IMG/center_2026_08_30_19_27_19_619.jpg,IMG/left_2026_08_30_19_27_19_619.jpg,IMG/right_2026_08_30_19_27_19_619.jpg,-0.05662201,1,0,30.18955
IMG/center_2026_08_30_19_27_19_721.jpg,IMG/left_2026_08_30_19_27_19_721.jpg,IMG/right_2026_08_30_19_27_19_721.jpg,-0.2320317,1,0,30.17724
IMG/center_2026_08_30_19_27_19_825.jpg,IMG/left_2026_08_30_19_27_19_825.jpg,IMG/right_2026_08_30_19_27_19_825.jpg,0,1,0,30.18912
IMG/center_2026_08_30_19_27_19_932.jpg,IMG/left_2026_08_30_19_27_19_932.jpg,IMG/right_2026_08_30_19_27_19_932.jpg,0,1,0,30.19019
IMG/center_2026_08_30_19_27_20_034.jpg,IMG/left_2026_08_30_19_27_20_034.jpg,IMG/right_2026_08_30_19_27_20_034.jpg,0,1,0,30.19025
IMG/center_2026_08_30_19_27_20_141.jpg,IMG/left_2026_08_30_19_27_20_141.jpg,IMG/right_2026_08_30_19_27_20_141.jpg,0,1,0,30.19027
IMG/center_2026_08_30_19_27_20_243.jpg,IMG/left_2026_08_30_19_27_20_243.jpg,IMG/right_2026_08_30_19_27_20_243.jpg,0,1,0,30.1902
IMG/center_2026_08_30_19_27_20_344.jpg,IMG/left_2026_08_30_19_27_20_344.jpg,IMG/right_2026_08_30_19_27_20_344.jpg,0,1,0,30.19024
IMG/center_2026_08_30_19_27_20_451.jpg,IMG/left_2026_08_30_19_27_20_451.jpg,IMG/right_2026_08_30_19_27_20_451.jpg,0,1,0,30.19022
IMG/center_2026_08_30_19_27_20_555.jpg,IMG/left_2026_08_30_19_27_20_555.jpg,IMG/right_2026_08_30_19_27_20_555.jpg,0,1,0,30.19025
IMG/center_2026_08_30_19_27_20_658.jpg,IMG/left_2026_08_30_19_27_20_658.jpg,IMG/right_2026_08_30_19_27_20_658.jpg,0,1,0,30.19024
IMG/center_2026_08_30_19_27_20_760.jpg,IMG/left_2026_08_30_19_27_20_760.jpg,IMG/right_2026_08_30_19_27_20_760.jpg,0,1,0,30.19025
IMG/center_2026_08_30_19_27_20_867.jpg,IMG/left_2026_08_30_19_27_20_867.jpg,IMG/right_2026_08_30_19_27_20_867.jpg,0,1,0,30.19022
IMG/center_2026_08_30_19_27_20_968.jpg,IMG/left_2026_08_30_19_27_20_968.jpg,IMG/right_2026_08_30_19_27_20_968.jpg,0,1,0,30.19025
IMG/center_2026_08_30_19_27_21_072.jpg,IMG/left_2026_08_30_19_27_21_072.jpg,IMG/right_2026_08_30_19_27_21_072.jpg,0,1,0,30.19024
IMG/center_2026_08_30_19_27_21_175.jpg,IMG/left_2026_08_30_19_27_21_175.jpg,IMG/right_2026_08_30_19_27_21_175.jpg,0,1,0,30.19022
IMG/center_2026_08_30_19_27_21_281.jpg,IMG/left_2026_08_30_19_27_21_281.jpg,IMG/right_2026_08_30_19_27_21_281.jpg,0,1,0,30.1904
IMG/center_2026_08_30_19_27_21_386.jpg,IMG/left_2026_08_30_19_27_21_386.jpg,IMG/right_2026_08_30_19_27_21_386.jpg,0,1,0,30.19037
IMG/center_2026_08_30_19_27_21_494.jpg,IMG/left_2026_08_30_19_27_21_494.jpg,IMG/right_2026_08_30_19_27_21_494.jpg,0,1,0,30.19061
IMG/center_2026_08_30_19_27_21_598.jpg,IMG/left_2026_08_30_19_27_21_598.jpg,IMG/right_2026_08_30_19_27_21_598.jpg,0,1,0,30.19042
IMG/center_2026_08_30_19_27_21_703.jpg,IMG/left_2026_08_30_19_27_21_703.jpg,IMG/right_2026_08_30_19_27_21_703.jpg,0,1,0,30.19041
IMG/center_2026_08_30_19_27_21_804.jpg,IMG/left_2026_08_30_19_27_21_804.jpg,IMG/right_2026_08_30_19_27_21_804.jpg,0,1,0,30.1904
IMG/center_2026_08_30_19_27_21_905.jpg,IMG/left_2026_08_30_19_27_21_905.jpg,IMG/right_2026_08_30_19_27_21_905.jpg,0,1,0,30.1904
IMG/center_2026_08_30_19_27_22_011.jpg,IMG/left_2026_08_30_19_27_22_011.jpg,IMG/right_2026_08_30_19_27_22_011.jpg,-0.1305774,1,0,30.18557
IMG/center_2026_08_30_19_27_22_117.jpg,IMG/left_2026_08_30_19_27_22_117.jpg,IMG/right_2026_08_30_19_27_22_117.jpg,0,1,0,30.19019
IMG/center_2026_08_30_19_27_22_223.jpg,IMG/left_2026_08_30_19_27_22_223.jpg,IMG/right_2026_08_30_19_27_22_223.jpg,0,1,0,30.19025
IMG/center_2026_08_30_19_27_22_324.jpg,IMG/left_2026_08_30_19_27_22_324.jpg,IMG/right_2026_08_30_19_27_22_324.jpg,0,1,0,30.1903
IMG/center_2026_08_30_19_27_22_429.jpg,IMG/left_2026_08_30_19_27_22_429.jpg,IMG/right_2026_08_30_19_27_22_429.jpg,0,1,0,30.19029
IMG/center_2026_08_30_19_27_22_533.jpg,IMG/left_2026_08_30_19_27_22_533.jpg,IMG/right_2026_08_30_19_27_22_533.jpg,0,1,0,30.1903
IMG/center_2026_08_30_19_27_22_634.jpg,IMG/left_2026_08_30_19_27_22_634.jpg,IMG/right_2026_08_30_19_27_22_634.jpg,0,1,0,30.19036
IMG/center_2026_08_30_19_27_22_736.jpg,IMG/left_2026_08_30_19_27_22_736.jpg,IMG/right_2026_08_30_19_27_22_736.jpg,0,1,0,30.19028
IMG/center_2026_08_30_19_27_22_844.jpg,IMG/left_2026_08_30_19_27_22_844.jpg,IMG/right_2026_08_30_19_27_22_844.jpg,-0.1339485,1,0,30.18629
IMG/center_2026_08_30_19_27_22_953.jpg,IMG/left_2026_08_30_19_27_22_953.jpg,IMG/right_2026_08_30_19_27_22_953.jpg,0,1,0,30.19011
IMG/center_2026_08_30_19_27_23_061.jpg,IMG/left_2026_08_30_19_27_23_061.jpg,IMG/right_2026_08_30_19_27_23_061.jpg,0,1,0,30.19031
IMG/center_2026_08_30_19_27_23_165.jpg,IMG/left_2026_08_30_19_27_23_165.jpg,IMG/right_2026_08_30_19_27_23_165.jpg,0,1,0,30.19029
IMG/center_2026_08_30_19_27_23_271.jpg,IMG/left_2026_08_30_19_27_23_271.jpg,IMG/right_2026_08_30_19_27_23_271.jpg,0,1,0,30.19031
IMG/center_2026_08_30_19_27_23_379.jpg,IMG/left_2026_08_30_19_27_23_379.jpg,IMG/right_2026_08_30_19_27_23_379.jpg,0,1,0,30.19032
IMG/center_2026_08_30_19_27_23_480.jpg,IMG/left_2026_08_30_19_27_23_480.jpg,IMG/right_2026_08_30_19_27_23_480.jpg,0,1,0,30.19028
IMG/center_2026_08_30_19_27_23_591.jpg,IMG/left_2026_08_30_19_27_23_591.jpg,IMG/right_2026_08_30_19_27_23_591.jpg,0,1,0,30.19027
IMG/center_2026_08_30_19_27_23_696.jpg,IMG/left_2026_08_30_19_27_23_696.jpg,IMG/right_2026_08_30_19_27_23_696.jpg,0,1,0,30.19031
IMG/center_2026_08_30_19_27_23_805.jpg,IMG/left_2026_08_30_19_27_23_805.jpg,IMG/right_2026_08_30_19_27_23_805.jpg,-0.1119225,1,0,30.18695
IMG/center_2026_08_30_19_27_23_907.jpg,IMG/left_2026_08_30_19_27_23_907.jpg,IMG/right_2026_08_30_19_27_23_907.jpg,-0.02789251,1,0,30.19029
IMG/center_2026_08_30_19_27_24_010.jpg,IMG/left_2026_08_30_19_27_24_010.jpg,IMG/right_2026_08_30_19_27_24_010.jpg,0,1,0,30.19007
IMG/center_2026_08_30_19_27_24_116.jpg,IMG/left_2026_08_30_19_27_24_116.jpg,IMG/right_2026_08_30_19_27_24_116.jpg,0,1,0,30.19028
IMG/center_2026_08_30_19_27_24_220.jpg,IMG/left_2026_08_30_19_27_24_220.jpg,IMG/right_2026_08_30_19_27_24_220.jpg,0,1,0,30.19016
IMG/center_2026_08_30_19_27_24_328.jpg,IMG/left_2026_08_30_19_27_24_328.jpg,IMG/right_2026_08_30_19_27_24_328.jpg,0,1,0,30.19029
IMG/center_2026_08_30_19_27_24_436.jpg,IMG/left_2026_08_30_19_27_24_436.jpg,IMG/right_2026_08_30_19_27_24_436.jpg,0,1,0,30.19028
IMG/center_2026_08_30_19_27_24_539.jpg,IMG/left_2026_08_30_19_27_24_539.jpg,IMG/right_2026_08_30_19_27_24_539.jpg,-0.0269949,1,0,30.19011
IMG/center_2026_08_30_19_27_24_641.jpg,IMG/left_2026_08_30_19_27_24_641.jpg,IMG/right_2026_08_30_19_27_24_641.jpg,-0.1005261,1,0,30.18939
IMG/center_2026_08_30_19_27_24_741.jpg,IMG/left_2026_08_30_19_27_24_741.jpg,IMG/right_2026_08_30_19_27_24_741.jpg,0,1,0,30.19011
IMG/center_2026_08_30_19_27_24_846.jpg,IMG/left_2026_08_30_19_27_24_846.jpg,IMG/right_2026_08_30_19_27_24_846.jpg,0,1,0,30.19028
IMG/center_2026_08_30_19_27_24_948.jpg,IMG/left_2026_08_30_19_27_24_948.jpg,IMG/right_2026_08_30_19_27_24_948.jpg,0,1,0,30.1903
IMG/center_2026_08_30_19_27_25_049.jpg,IMG/left_2026_08_30_19_27_25_049.jpg,IMG/right_2026_08_30_19_27_25_049.jpg,0,1,0,30.19029
IMG/center_2026_08_30_19_27_25_156.jpg,IMG/left_2026_08_30_19_27_25_156.jpg,IMG/right_2026_08_30_19_27_25_156.jpg,0,1,0,30.19028
IMG/center_2026_08_30_19_27_25_262.jpg,IMG/left_2026_08_30_19_27_25_262.jpg,IMG/right_2026_08_30_19_27_25_262.jpg,0,1,0,30.19029
IMG/center_2026_08_30_19_27_25_378.jpg,IMG/left_2026_08_30_19_27_25_378.jpg,IMG/right_2026_08_30_19_27_25_378.jpg,0,1,0,30.19035
IMG/center_2026_08_30_19_27_25_481.jpg,IMG/left_2026_08_30_19_27_25_481.jpg,IMG/right_2026_08_30_19_27_25_481.jpg,-0.1062312,1,0,30.18713
IMG/center_2026_08_30_19_27_25_585.jpg,IMG/left_2026_08_30_19_27_25_585.jpg,IMG/right_2026_08_30_19_27_25_585.jpg,0,1,0,30.19044
IMG/center_2026_08_30_19_27_25_687.jpg,IMG/left_2026_08_30_19_27_25_687.jpg,IMG/right_2026_08_30_19_27_25_687.jpg,0,1,0,30.1903
IMG/center_2026_08_30_19_27_25_794.jpg,IMG/left_2026_08_30_19_27_25_794.jpg,IMG/right_2026_08_30_19_27_25_794.jpg,0,1,0,30.19034
IMG/center_2026_08_30_19_27_25_900.jpg,IMG/left_2026_08_30_19_27_25_900.jpg,IMG/right_2026_08_30_19_27_25_900.jpg,0,1,0,30.19028
IMG/center_2026_08_30_19_27_26_002.jpg,IMG/left_2026_08_30_19_27_26_002.jpg,IMG/right_2026_08_30_19_27_26_002.jpg,-0.1521501,1,0,30.18426
IMG/center_2026_08_30_19_27_26_109.jpg,IMG/left_2026_08_30_19_27_26_109.jpg,IMG/right_2026_08_30_19_27_26_109.jpg,0,1,0,30.19009
IMG/center_2026_08_30_19_27_26_212.jpg,IMG/left_2026_08_30_19_27_26_212.jpg,IMG/right_2026_08_30_19_27_26_212.jpg,0,1,0,30.19027
IMG/center_2026_08_30_19_27_26_318.jpg,IMG/left_2026_08_30_19_27_26_318.jpg,IMG/right_2026_08_30_19_27_26_318.jpg,0,1,0,30.19026
IMG/center_2026_08_30_19_27_26_424.jpg,IMG/left_2026_08_30_19_27_26_424.jpg,IMG/right_2026_08_30_19_27_26_424.jpg,0,1,0,30.1903
IMG/center_2026_08_30_19_27_26_525.jpg,IMG/left_2026_08_30_19_27_26_525.jpg,IMG/right_2026_08_30_19_27_26_525.jpg,0,1,0,30.19028
IMG/center_2026_08_30_19_27_26_628.jpg,IMG/left_2026_08_30_19_27_26_628.jpg,IMG/right_2026_08_30_19_27_26_628.jpg,-0.2059707,1,0,30.17916
IMG/center_2026_08_30_19_27_26_730.jpg,IMG/left_2026_08_30_19_27_26_730.jpg,IMG/right_2026_08_30_19_27_26_730.jpg,0,1,0,30.18985
IMG/center_2026_08_30_19_27_26_831.jpg,IMG/left_2026_08_30_19_27_26_831.jpg,IMG/right_2026_08_30_19_27_26_831.jpg,0,1,0,30.19026
IMG/center_2026_08_30_19_27_26_932.jpg,IMG/left_2026_08_30_19_27_26_932.jpg,IMG/right_2026_08_30_19_27_26_932.jpg,-0.0746511,1,0,30.18922
IMG/center_2026_08_30_19_27_27_037.jpg,IMG/left_2026_08_30_19_27_27_037.jpg,IMG/right_2026_08_30_19_27_27_037.jpg,-0.04361911,1,0,30.19036
IMG/center_2026_08_30_19_27_27_138.jpg,IMG/left_2026_08_30_19_27_27_138.jpg,IMG/right_2026_08_30_19_27_27_138.jpg,0,1,0,30.19013
IMG/center_2026_08_30_19_27_27_239.jpg,IMG/left_2026_08_30_19_27_27_239.jpg,IMG/right_2026_08_30_19_27_27_239.jpg,0,1,0,30.19031
IMG/center_2026_08_30_19_27_27_345.jpg,IMG/left_2026_08_30_19_27_27_345.jpg,IMG/right_2026_08_30_19_27_27_345.jpg,0,1,0,30.19028
IMG/center_2026_08_30_19_27_27_446.jpg,IMG/left_2026_08_30_19_27_27_446.jpg,IMG/right_2026_08_30_19_27_27_446.jpg,-0.0265824,1,0,30.19012
IMG/center_2026_08_30_19_27_27_549.jpg,IMG/left_2026_08_30_19_27_27_549.jpg,IMG/right_2026_08_30_19_27_27_549.jpg,-0.2054748,1,0,30.17997
IMG/center_2026_08_30_19_27_27_650.jpg,IMG/left_2026_08_30_19_27_27_650.jpg,IMG/right_2026_08_30_19_27_27_650.jpg,0,1,0,30.18961
IMG/center_2026_08_30_19_27_27_760.jpg,IMG/left_2026_08_30_19_27_27_760.jpg,IMG/right_2026_08_30_19_27_27_760.jpg,0,1,0,30.19022
IMG/center_2026_08_30_19_27_27_867.jpg,IMG/left_2026_08_30_19_27_27_867.jpg,IMG/right_2026_08_30_19_27_27_867.jpg,0,1,0,30.19027
IMG/center_2026_08_30_19_27_27_972.jpg,IMG/left_2026_08_30_19_27_27_972.jpg,IMG/right_2026_08_30_19_27_27_972.jpg,-0.0464115,1,0,30.18977
IMG/center_2026_08_30_19_27_28_079.jpg,IMG/left_2026_08_30_19_27_28_079.jpg,IMG/right_2026_08_30_19_27_28_079.jpg,0,1,0,30.19014
IMG/center_2026_08_30_19_27_28_185.jpg,IMG/left_2026_08_30_19_27_28_185.jpg,IMG/right_2026_08_30_19_27_28_185.jpg,0,1,0,30.19012
IMG/center_2026_08_30_19_27_28_291.jpg,IMG/left_2026_08_30_19_27_28_291.jpg,IMG/right_2026_08_30_19_27_28_291.jpg,0,1,0,30.19021
IMG/center_2026_08_30_19_27_28_399.jpg,IMG/left_2026_08_30_19_27_28_399.jpg,IMG/right_2026_08_30_19_27_28_399.jpg,-0.1935936,1,0,30.18006
IMG/center_2026_08_30_19_27_28_501.jpg,IMG/left_2026_08_30_19_27_28_501.jpg,IMG/right_2026_08_30_19_27_28_501.jpg,0,1,0,30.18983
IMG/center_2026_08_30_19_27_28_607.jpg,IMG/left_2026_08_30_19_27_28_607.jpg,IMG/right_2026_08_30_19_27_28_607.jpg,0,1,0,30.19008
IMG/center_2026_08_30_19_27_28_710.jpg,IMG/left_2026_08_30_19_27_28_710.jpg,IMG/right_2026_08_30_19_27_28_710.jpg,0,1,0,30.19011
IMG/center_2026_08_30_19_27_28_815.jpg,IMG/left_2026_08_30_19_27_28_815.jpg,IMG/right_2026_08_30_19_27_28_815.jpg,0,1,0,30.19008
IMG/center_2026_08_30_19_27_28_918.jpg,IMG/left_2026_08_30_19_27_28_918.jpg,IMG/right_2026_08_30_19_27_28_918.jpg,-0.2343057,1,0,30.17566
IMG/center_2026_08_30_19_27_29_022.jpg,IMG/left_2026_08_30_19_27_29_022.jpg,IMG/right_2026_08_30_19_27_29_022.jpg,0,1,0,30.18901
IMG/center_2026_08_30_19_27_29_126.jpg,IMG/left_2026_08_30_19_27_29_126.jpg,IMG/right_2026_08_30_19_27_29_126.jpg,0,1,0,30.18981
IMG/center_2026_08_30_19_27_29_229.jpg,IMG/left_2026_08_30_19_27_29_229.jpg,IMG/right_2026_08_30_19_27_29_229.jpg,0,1,0,30.19015
IMG/center_2026_08_30_19_27_29_331.jpg,IMG/left_2026_08_30_19_27_29_331.jpg,IMG/right_2026_08_30_19_27_29_331.jpg,0,1,0,30.19006
IMG/center_2026_08_30_19_27_29_436.jpg,IMG/left_2026_08_30_19_27_29_436.jpg,IMG/right_2026_08_30_19_27_29_436.jpg,0,1,0,30.19027
IMG/center_2026_08_30_19_27_29_544.jpg,IMG/left_2026_08_30_19_27_29_544.jpg,IMG/right_2026_08_30_19_27_29_544.jpg,0,1,0,30.1902
IMG/center_2026_08_30_19_27_29_651.jpg,IMG/left_2026_08_30_19_27_29_651.jpg,IMG/right_2026_08_30_19_27_29_651.jpg,0,1,0,30.19011
IMG/center_2026_08_30_19_27_29_757.jpg,IMG/left_2026_08_30_19_27_29_757.jpg,IMG/right_2026_08_30_19_27_29_757.jpg,0,1,0,30.19011
IMG/center_2026_08_30_19_27_29_858.jpg,IMG/left_2026_08_30_19_27_29_858.jpg,IMG/right_2026_08_30_19_27_29_858.jpg,0,1,0,30.19017
IMG/center_2026_08_30_19_27_29_961.jpg,IMG/left_2026_08_30_19_27_29_961.jpg,IMG/right_2026_08_30_19_27_29_961.jpg,0,1,0,30.19011
IMG/center_2026_08_30_19_27_30_063.jpg,IMG/left_2026_08_30_19_27_30_063.jpg,IMG/right_2026_08_30_19_27_30_063.jpg,0,1,0,30.19016
IMG/center_2026_08_30_19_27_30_169.jpg,IMG/left_2026_08_30_19_27_30_169.jpg,IMG/right_2026_08_30_19_27_30_169.jpg,0,1,0,30.19014
IMG/center_2026_08_30_19_27_30_274.jpg,IMG/left_2026_08_30_19_27_30_274.jpg,IMG/right_2026_08_30_19_27_30_274.jpg,-0.1354509,1,0,30.18451
IMG/center_2026_08_30_19_27_30_375.jpg,IMG/left_2026_08_30_19_27_30_375.jpg,IMG/right_2026_08_30_19_27_30_375.jpg,-0.09334289,1,0,30.19018
IMG/center_2026_08_30_19_27_30_482.jpg,IMG/left_2026_08_30_19_27_30_482.jpg,IMG/right_2026_08_30_19_27_30_482.jpg,0,1,0,30.1898
IMG/center_2026_08_30_19_27_30_589.jpg,IMG/left_2026_08_30_19_27_30_589.jpg,IMG/right_2026_08_30_19_27_30_589.jpg,0,1,0,30.19038
IMG/center_2026_08_30_19_27_30_698.jpg,IMG/left_2026_08_30_19_27_30_698.jpg,IMG/right_2026_08_30_19_27_30_698.jpg,0,1,0,30.19023
IMG/center_2026_08_30_19_27_30_801.jpg,IMG/left_2026_08_30_19_27_30_801.jpg,IMG/right_2026_08_30_19_27_30_801.jpg,0,1,0,30.19021
IMG/center_2026_08_30_19_27_30_909.jpg,IMG/left_2026_08_30_19_27_30_909.jpg,IMG/right_2026_08_30_19_27_30_909.jpg,0,1,0,30.1901
IMG/center_2026_08_30_19_27_31_011.jpg,IMG/left_2026_08_30_19_27_31_011.jpg,IMG/right_2026_08_30_19_27_31_011.jpg,0,1,0,30.19012
IMG/center_2026_08_30_19_27_31_117.jpg,IMG/left_2026_08_30_19_27_31_117.jpg,IMG/right_2026_08_30_19_27_31_117.jpg,0,1,0,30.18993
IMG/center_2026_08_30_19_27_31_222.jpg,IMG/left_2026_08_30_19_27_31_222.jpg,IMG/right_2026_08_30_19_27_31_222.jpg,0,1,0,30.19007
IMG/center_2026_08_30_19_27_31_327.jpg,IMG/left_2026_08_30_19_27_31_327.jpg,IMG/right_2026_08_30_19_27_31_327.jpg,0,1,0,30.19012
IMG/center_2026_08_30_19_27_31_428.jpg,IMG/left_2026_08_30_19_27_31_428.jpg,IMG/right_2026_08_30_19_27_31_428.jpg,-0.0227565,1,0,30.1906
IMG/center_2026_08_30_19_27_31_533.jpg,IMG/left_2026_08_30_19_27_31_533.jpg,IMG/right_2026_08_30_19_27_31_533.jpg,-0.1067304,1,0,30.18986
IMG/center_2026_08_30_19_27_31_636.jpg,IMG/left_2026_08_30_19_27_31_636.jpg,IMG/right_2026_08_30_19_27_31_636.jpg,0,1,0,30.19113
IMG/center_2026_08_30_19_27_31_736.jpg,IMG/left_2026_08_30_19_27_31_736.jpg,IMG/right_2026_08_30_19_27_31_736.jpg,0,1,0,30.1905
IMG/center_2026_08_30_19_27_31_840.jpg,IMG/left_2026_08_30_19_27_31_840.jpg,IMG/right_2026_08_30_19_27_31_840.jpg,0,1,0,30.19031
IMG/center_2026_08_30_19_27_31_941.jpg,IMG/left_2026_08_30_19_27_31_941.jpg,IMG/right_2026_08_30_19_27_31_941.jpg,-0.1338558,1,0,30.18543
IMG/center_2026_08_30_19_27_32_046.jpg,IMG/left_2026_08_30_19_27_32_046.jpg,IMG/right_2026_08_30_19_27_32_046.jpg,-0.2562786,1,0,30.17809
IMG/center_2026_08_30_19_27_32_147.jpg,IMG/left_2026_08_30_19_27_32_147.jpg,IMG/right_2026_08_30_19_27_32_147.jpg,0,1,0,30.18843
IMG/center_2026_08_30_19_27_32_252.jpg,IMG/left_2026_08_30_19_27_32_252.jpg,IMG/right_2026_08_30_19_27_32_252.jpg,0,1,0,30.1895
IMG/center_2026_08_30_19_27_32_355.jpg,IMG/left_2026_08_30_19_27_32_355.jpg,IMG/right_2026_08_30_19_27_32_355.jpg,0,1,0,30.18989
IMG/center_2026_08_30_19_27_32_457.jpg,IMG/left_2026_08_30_19_27_32_457.jpg,IMG/right_2026_08_30_19_27_32_457.jpg,0,1,0,30.19048
IMG/center_2026_08_30_19_27_32_562.jpg,IMG/left_2026_08_30_19_27_32_562.jpg,IMG/right_2026_08_30_19_27_32_562.jpg,0,1,0,30.19022
IMG/center_2026_08_30_19_27_32_667.jpg,IMG/left_2026_08_30_19_27_32_667.jpg,IMG/right_2026_08_30_19_27_32_667.jpg,0,1,0,30.19186
IMG/center_2026_08_30_19_27_32_773.jpg,IMG/left_2026_08_30_19_27_32_773.jpg,IMG/right_2026_08_30_19_27_32_773.jpg,0,1,0,30.19041
IMG/center_2026_08_30_19_27_32_878.jpg,IMG/left_2026_08_30_19_27_32_878.jpg,IMG/right_2026_08_30_19_27_32_878.jpg,0,1,0,30.19033
IMG/center_2026_08_30_19_27_32_980.jpg,IMG/left_2026_08_30_19_27_32_980.jpg,IMG/right_2026_08_30_19_27_32_980.jpg,-0.2286774,1,0,30.1759
IMG/center_2026_08_30_19_27_33_084.jpg,IMG/left_2026_08_30_19_27_33_084.jpg,IMG/right_2026_08_30_19_27_33_084.jpg,0,1,0,30.18958
IMG/center_2026_08_30_19_27_33_184.jpg,IMG/left_2026_08_30_19_27_33_184.jpg,IMG/right_2026_08_30_19_27_33_184.jpg,0,1,0,30.18993
IMG/center_2026_08_30_19_27_33_286.jpg,IMG/left_2026_08_30_19_27_33_286.jpg,IMG/right_2026_08_30_19_27_33_286.jpg,0,1,0,30.18997
IMG/center_2026_08_30_19_27_33_392.jpg,IMG/left_2026_08_30_19_27_33_392.jpg,IMG/right_2026_08_30_19_27_33_392.jpg,-0.1269339,1,0,30.18717
IMG/center_2026_08_30_19_27_33_496.jpg,IMG/left_2026_08_30_19_27_33_496.jpg,IMG/right_2026_08_30_19_27_33_496.jpg,-0.1476489,1,0,30.18876
IMG/center_2026_08_30_19_27_33_601.jpg,IMG/left_2026_08_30_19_27_33_601.jpg,IMG/right_2026_08_30_19_27_33_601.jpg,0,1,0,30.19114
IMG/center_2026_08_30_19_27_33_707.jpg,IMG/left_2026_08_30_19_27_33_707.jpg,IMG/right_2026_08_30_19_27_33_707.jpg,0,1,0,30.19067
IMG/center_2026_08_30_19_27_33_809.jpg,IMG/left_2026_08_30_19_27_33_809.jpg,IMG/right_2026_08_30_19_27_33_809.jpg,0,1,0,30.19029
IMG/center_2026_08_30_19_27_33_914.jpg,IMG/left_2026_08_30_19_27_33_914.jpg,IMG/right_2026_08_30_19_27_33_914.jpg,-0.1958583,1,0,30.18238
IMG/center_2026_08_30_19_27_34_015.jpg,IMG/left_2026_08_30_19_27_34_015.jpg,IMG/right_2026_08_30_19_27_34_015.jpg,0,1,0,30.18951
IMG/center_2026_08_30_19_27_34_120.jpg,IMG/left_2026_08_30_19_27_34_120.jpg,IMG/right_2026_08_30_19_27_34_120.jpg,0,1,0,30.18978
IMG/center_2026_08_30_19_27_34_225.jpg,IMG/left_2026_08_30_19_27_34_225.jpg,IMG/right_2026_08_30_19_27_34_225.jpg,0,1,0,30.18971
IMG/center_2026_08_30_19_27_34_328.jpg,IMG/left_2026_08_30_19_27_34_328.jpg,IMG/right_2026_08_30_19_27_34_328.jpg,-0.0206382,1,0,30.1911
IMG/center_2026_08_30_19_27_34_429.jpg,IMG/left_2026_08_30_19_27_34_429.jpg,IMG/right_2026_08_30_19_27_34_429.jpg,-0.08494618,1,0,30.19018
IMG/center_2026_08_30_19_27_34_535.jpg,IMG/left_2026_08_30_19_27_34_535.jpg,IMG/right_2026_08_30_19_27_34_535.jpg,0,1,0,30.19158
IMG/center_2026_08_30_19_27_34_635.jpg,IMG/left_2026_08_30_19_27_34_635.jpg,IMG/right_2026_08_30_19_27_34_635.jpg,0,1,0,30.19066
IMG/center_2026_08_30_19_27_34_738.jpg,IMG/left_2026_08_30_19_27_34_738.jpg,IMG/right_2026_08_30_19_27_34_738.jpg,-0.1328613,1,0,30.1855
IMG/center_2026_08_30_19_27_34_841.jpg,IMG/left_2026_08_30_19_27_34_841.jpg,IMG/right_2026_08_30_19_27_34_841.jpg,-0.2740588,1,0,30.17532
IMG/center_2026_08_30_19_27_34_943.jpg,IMG/left_2026_08_30_19_27_34_943.jpg,IMG/right_2026_08_30_19_27_34_943.jpg,0,1,0,30.18881
IMG/center_2026_08_30_19_27_35_043.jpg,IMG/left_2026_08_30_19_27_35_043.jpg,IMG/right_2026_08_30_19_27_35_043.jpg,0,1,0,30.18965
IMG/center_2026_08_30_19_27_35_147.jpg,IMG/left_2026_08_30_19_27_35_147.jpg,IMG/right_2026_08_30_19_27_35_147.jpg,0,1,0,30.19135
IMG/center_2026_08_30_19_27_35_254.jpg,IMG/left_2026_08_30_19_27_35_254.jpg,IMG/right_2026_08_30_19_27_35_254.jpg,-0.2551683,1,0,30.17342
IMG/center_2026_08_30_19_27_35_356.jpg,IMG/left_2026_08_30_19_27_35_356.jpg,IMG/right_2026_08_30_19_27_35_356.jpg,-0.05181331,1,0,30.19248
IMG/center_2026_08_30_19_27_35_461.jpg,IMG/left_2026_08_30_19_27_35_461.jpg,IMG/right_2026_08_30_19_27_35_461.jpg,0,1,0,30.19022
IMG/center_2026_08_30_19_27_35_563.jpg,IMG/left_2026_08_30_19_27_35_563.jpg,IMG/right_2026_08_30_19_27_35_563.jpg,0,1,0,30.19026
IMG/center_2026_08_30_19_27_35_664.jpg,IMG/left_2026_08_30_19_27_35_664.jpg,IMG/right_2026_08_30_19_27_35_664.jpg,-0.2032815,1,0,30.1794
IMG/center_2026_08_30_19_27_35_766.jpg,IMG/left_2026_08_30_19_27_35_766.jpg,IMG/right_2026_08_30_19_27_35_766.jpg,0,1,0,30.18983
IMG/center_2026_08_30_19_27_35_873.jpg,IMG/left_2026_08_30_19_27_35_873.jpg,IMG/right_2026_08_30_19_27_35_873.jpg,0,1,0,30.19231
IMG/center_2026_08_30_19_27_35_977.jpg,IMG/left_2026_08_30_19_27_35_977.jpg,IMG/right_2026_08_30_19_27_35_977.jpg,-0.1822635,1,0,30.18181
IMG/center_2026_08_30_19_27_36_081.jpg,IMG/left_2026_08_30_19_27_36_081.jpg,IMG/right_2026_08_30_19_27_36_081.jpg,-0.2516529,1,0,30.18521
IMG/center_2026_08_30_19_27_36_183.jpg,IMG/left_2026_08_30_19_27_36_183.jpg,IMG/right_2026_08_30_19_27_36_183.jpg,0,1,0,30.18952
IMG/center_2026_08_30_19_27_36_285.jpg,IMG/left_2026_08_30_19_27_36_285.jpg,IMG/right_2026_08_30_19_27_36_285.jpg,0,1,0,30.19006
IMG/center_2026_08_30_19_27_36_385.jpg,IMG/left_2026_08_30_19_27_36_385.jpg,IMG/right_2026_08_30_19_27_36_385.jpg,-0.0981354,1,0,30.18837
IMG/center_2026_08_30_19_27_36_485.jpg,IMG/left_2026_08_30_19_27_36_485.jpg,IMG/right_2026_08_30_19_27_36_485.jpg,-0.3296241,1,0,30.16645
IMG/center_2026_08_30_19_27_36_586.jpg,IMG/left_2026_08_30_19_27_36_586.jpg,IMG/right_2026_08_30_19_27_36_586.jpg,-0.0282873,1,0,30.19175
IMG/center_2026_08_30_19_27_36_689.jpg,IMG/left_2026_08_30_19_27_36_689.jpg,IMG/right_2026_08_30_19_27_36_689.jpg,0,1,0,30.1908
IMG/center_2026_08_30_19_27_36_791.jpg,IMG/left_2026_08_30_19_27_36_791.jpg,IMG/right_2026_08_30_19_27_36_791.jpg,-0.1065699,1,0,30.1802
IMG/center_2026_08_30_19_27_36_894.jpg,IMG/left_2026_08_30_19_27_36_894.jpg,IMG/right_2026_08_30_19_27_36_894.jpg,-0.2681016,1,0,30.18085
IMG/center_2026_08_30_19_27_36_997.jpg,IMG/left_2026_08_30_19_27_36_997.jpg,IMG/right_2026_08_30_19_27_36_997.jpg,0,1,0,30.1881
IMG/center_2026_08_30_19_27_37_102.jpg,IMG/left_2026_08_30_19_27_37_102.jpg,IMG/right_2026_08_30_19_27_37_102.jpg,0,1,0,30.18952
IMG/center_2026_08_30_19_27_37_208.jpg,IMG/left_2026_08_30_19_27_37_208.jpg,IMG/right_2026_08_30_19_27_37_208.jpg,-0.08390461,1,0,30.18832
IMG/center_2026_08_30_19_27_37_309.jpg,IMG/left_2026_08_30_19_27_37_309.jpg,IMG/right_2026_08_30_19_27_37_309.jpg,-0.2746944,1,0,30.17501
IMG/center_2026_08_30_19_27_37_414.jpg,IMG/left_2026_08_30_19_27_37_414.jpg,IMG/right_2026_08_30_19_27_37_414.jpg,0,1,0,30.18865
IMG/center_2026_08_30_19_27_37_516.jpg,IMG/left_2026_08_30_19_27_37_516.jpg,IMG/right_2026_08_30_19_27_37_516.jpg,-0.0196143,1,0,30.19173
IMG/center_2026_08_30_19_27_37_621.jpg,IMG/left_2026_08_30_19_27_37_621.jpg,IMG/right_2026_08_30_19_27_37_621.jpg,-0.316353,1,0,30.16668
IMG/center_2026_08_30_19_27_37_721.jpg,IMG/left_2026_08_30_19_27_37_721.jpg,IMG/right_2026_08_30_19_27_37_721.jpg,-0.1386217,1,0,30.19089
IMG/center_2026_08_30_19_27_37_822.jpg,IMG/left_2026_08_30_19_27_37_822.jpg,IMG/right_2026_08_30_19_27_37_822.jpg,0,1,0,30.18857
IMG/center_2026_08_30_19_27_37_925.jpg,IMG/left_2026_08_30_19_27_37_925.jpg,IMG/right_2026_08_30_19_27_37_925.jpg,0,1,0,30.19329
IMG/center_2026_08_30_19_27_38_026.jpg,IMG/left_2026_08_30_19_27_38_026.jpg,IMG/right_2026_08_30_19_27_38_026.jpg,0,1,0,30.19034
IMG/center_2026_08_30_19_27_38_126.jpg,IMG/left_2026_08_30_19_27_38_126.jpg,IMG/right_2026_08_30_19_27_38_126.jpg,-0.21846,1,0,30.17586
IMG/center_2026_08_30_19_27_38_228.jpg,IMG/left_2026_08_30_19_27_38_228.jpg,IMG/right_2026_08_30_19_27_38_228.jpg,0,1,0,30.19067
IMG/center_2026_08_30_19_27_38_332.jpg,IMG/left_2026_08_30_19_27_38_332.jpg,IMG/right_2026_08_30_19_27_38_332.jpg,0,1,0,30.19012
IMG/center_2026_08_30_19_27_38_434.jpg,IMG/left_2026_08_30_19_27_38_434.jpg,IMG/right_2026_08_30_19_27_38_434.jpg,-0.16947,1,0,30.18262
IMG/center_2026_08_30_19_27_38_536.jpg,IMG/left_2026_08_30_19_27_38_536.jpg,IMG/right_2026_08_30_19_27_38_536.jpg,-0.2924034,1,0,30.17881
IMG/center_2026_08_30_19_27_38_639.jpg,IMG/left_2026_08_30_19_27_38_639.jpg,IMG/right_2026_08_30_19_27_38_639.jpg,-0.001963748,1,0,30.18951
IMG/center_2026_08_30_19_27_38_739.jpg,IMG/left_2026_08_30_19_27_38_739.jpg,IMG/right_2026_08_30_19_27_38_739.jpg,0,1,0,30.18426
IMG/center_2026_08_30_19_27_38_839.jpg,IMG/left_2026_08_30_19_27_38_839.jpg,IMG/right_2026_08_30_19_27_38_839.jpg,0,1,0,30.19106
IMG/center_2026_08_30_19_27_38_941.jpg,IMG/left_2026_08_30_19_27_38_941.jpg,IMG/right_2026_08_30_19_27_38_941.jpg,-0.1397157,1,0,30.18539
IMG/center_2026_08_30_19_27_39_043.jpg,IMG/left_2026_08_30_19_27_39_043.jpg,IMG/right_2026_08_30_19_27_39_043.jpg,-0.04700699,1,0,30.19062
IMG/center_2026_08_30_19_27_39_148.jpg,IMG/left_2026_08_30_19_27_39_148.jpg,IMG/right_2026_08_30_19_27_39_148.jpg,0,1,0,30.18971
IMG/center_2026_08_30_19_27_39_253.jpg,IMG/left_2026_08_30_19_27_39_253.jpg,IMG/right_2026_08_30_19_27_39_253.jpg,-0.2146071,1,0,30.1797
IMG/center_2026_08_30_19_27_39_358.jpg,IMG/left_2026_08_30_19_27_39_358.jpg,IMG/right_2026_08_30_19_27_39_358.jpg,-0.2989017,1,0,30.17653
IMG/center_2026_08_30_19_27_39_460.jpg,IMG/left_2026_08_30_19_27_39_460.jpg,IMG/right_2026_08_30_19_27_39_460.jpg,0,1,0,30.18971
IMG/center_2026_08_30_19_27_39_562.jpg,IMG/left_2026_08_30_19_27_39_562.jpg,IMG/right_2026_08_30_19_27_39_562.jpg,0,1,0,30.19
IMG/center_2026_08_30_19_27_39_668.jpg,IMG/left_2026_08_30_19_27_39_668.jpg,IMG/right_2026_08_30_19_27_39_668.jpg,-0.04201259,1,0,30.18996
IMG/center_2026_08_30_19_27_39_771.jpg,IMG/left_2026_08_30_19_27_39_771.jpg,IMG/right_2026_08_30_19_27_39_771.jpg,-0.2937849,1,0,30.17019
IMG/center_2026_08_30_19_27_39_877.jpg,IMG/left_2026_08_30_19_27_39_877.jpg,IMG/right_2026_08_30_19_27_39_877.jpg,0,1,0,30.18998
IMG/center_2026_08_30_19_27_39_979.jpg,IMG/left_2026_08_30_19_27_39_979.jpg,IMG/right_2026_08_30_19_27_39_979.jpg,0,1,0,30.1901
IMG/center_2026_08_30_19_27_40_084.jpg,IMG/left_2026_08_30_19_27_40_084.jpg,IMG/right_2026_08_30_19_27_40_084.jpg,0,1,0,30.19177
IMG/center_2026_08_30_19_27_40_196.jpg,IMG/left_2026_08_30_19_27_40_196.jpg,IMG/right_2026_08_30_19_27_40_196.jpg,-0.192885,1,0,30.17968
IMG/center_2026_08_30_19_27_40_300.jpg,IMG/left_2026_08_30_19_27_40_300.jpg,IMG/right_2026_08_30_19_27_40_300.jpg,0,1,0,30.18995
IMG/center_2026_08_30_19_27_40_401.jpg,IMG/left_2026_08_30_19_27_40_401.jpg,IMG/right_2026_08_30_19_27_40_401.jpg,0,1,0,30.19013
IMG/center_2026_08_30_19_27_40_506.jpg,IMG/left_2026_08_30_19_27_40_506.jpg,IMG/right_2026_08_30_19_27_40_506.jpg,-0.1456743,1,0,30.18738
IMG/center_2026_08_30_19_27_40_612.jpg,IMG/left_2026_08_30_19_27_40_612.jpg,IMG/right_2026_08_30_19_27_40_612.jpg,-0.07400189,1,0,30.1912
IMG/center_2026_08_30_19_27_40_715.jpg,IMG/left_2026_08_30_19_27_40_715.jpg,IMG/right_2026_08_30_19_27_40_715.jpg,0,1,0,30.19229
IMG/center_2026_08_30_19_27_40_822.jpg,IMG/left_2026_08_30_19_27_40_822.jpg,IMG/right_2026_08_30_19_27_40_822.jpg,0,1,0,30.19063
IMG/center_2026_08_30_19_27_40_925.jpg,IMG/left_2026_08_30_19_27_40_925.jpg,IMG/right_2026_08_30_19_27_40_925.jpg,-0.2704686,1,0,30.17238
IMG/center_2026_08_30_19_27_41_030.jpg,IMG/left_2026_08_30_19_27_41_030.jpg,IMG/right_2026_08_30_19_27_41_030.jpg,-0.3348582,1,0,30.17863
IMG/center_2026_08_30_19_27_41_136.jpg,IMG/left_2026_08_30_19_27_41_136.jpg,IMG/right_2026_08_30_19_27_41_136.jpg,0,1,0,30.18685
IMG/center_2026_08_30_19_27_41_241.jpg,IMG/left_2026_08_30_19_27_41_241.jpg,IMG/right_2026_08_30_19_27_41_241.jpg,0,1,0,30.18983
IMG/center_2026_08_30_19_27_41_342.jpg,IMG/left_2026_08_30_19_27_41_342.jpg,IMG/right_2026_08_30_19_27_41_342.jpg,0,1,0,30.18943
IMG/center_2026_08_30_19_27_41_447.jpg,IMG/left_2026_08_30_19_27_41_447.jpg,IMG/right_2026_08_30_19_27_41_447.jpg,0,1,0,30.19078
IMG/center_2026_08_30_19_27_41_550.jpg,IMG/left_2026_08_30_19_27_41_550.jpg,IMG/right_2026_08_30_19_27_41_550.jpg,0,1,0,30.18971
IMG/center_2026_08_30_19_27_41_655.jpg,IMG/left_2026_08_30_19_27_41_655.jpg,IMG/right_2026_08_30_19_27_41_655.jpg,0,1,0,30.18963
IMG/center_2026_08_30_19_27_41_758.jpg,IMG/left_2026_08_30_19_27_41_758.jpg,IMG/right_2026_08_30_19_27_41_758.jpg,0,1,0,30.19542
IMG/center_2026_08_30_19_27_41_863.jpg,IMG/left_2026_08_30_19_27_41_863.jpg,IMG/right_2026_08_30_19_27_41_863.jpg,0,1,0,30.18569
IMG/center_2026_08_30_19_27_41_968.jpg,IMG/left_2026_08_30_19_27_41_968.jpg,IMG/right_2026_08_30_19_27_41_968.jpg,0,1,0,30.20755
IMG/center_2026_08_30_19_27_42_068.jpg,IMG/left_2026_08_30_19_27_42_068.jpg,IMG/right_2026_08_30_19_27_42_068.jpg,0,1,0,30.19708
IMG/center_2026_08_30_19_27_42_172.jpg,IMG/left_2026_08_30_19_27_42_172.jpg,IMG/right_2026_08_30_19_27_42_172.jpg,-0.07568581,1,0,30.19488
IMG/center_2026_08_30_19_27_42_275.jpg,IMG/left_2026_08_30_19_27_42_275.jpg,IMG/right_2026_08_30_19_27_42_275.jpg,-0.27228,1,0,30.16728
IMG/center_2026_08_30_19_27_42_381.jpg,IMG/left_2026_08_30_19_27_42_381.jpg,IMG/right_2026_08_30_19_27_42_381.jpg,0,1,0,30.18928
IMG/center_2026_08_30_19_27_42_485.jpg,IMG/left_2026_08_30_19_27_42_485.jpg,IMG/right_2026_08_30_19_27_42_485.jpg,0,1,0,30.18187
IMG/center_2026_08_30_19_27_42_589.jpg,IMG/left_2026_08_30_19_27_42_589.jpg,IMG/right_2026_08_30_19_27_42_589.jpg,0,1,0,30.18797
IMG/center_2026_08_30_19_27_42_692.jpg,IMG/left_2026_08_30_19_27_42_692.jpg,IMG/right_2026_08_30_19_27_42_692.jpg,0,1,0,30.20441
IMG/center_2026_08_30_19_27_42_796.jpg,IMG/left_2026_08_30_19_27_42_796.jpg,IMG/right_2026_08_30_19_27_42_796.jpg,0,1,0,30.19002
IMG/center_2026_08_30_19_27_42_897.jpg,IMG/left_2026_08_30_19_27_42_897.jpg,IMG/right_2026_08_30_19_27_42_897.jpg,0,1,0,30.19516
IMG/center_2026_08_30_19_27_43_001.jpg,IMG/left_2026_08_30_19_27_43_001.jpg,IMG/right_2026_08_30_19_27_43_001.jpg,0,1,0,30.1887
IMG/center_2026_08_30_19_27_43_104.jpg,IMG/left_2026_08_30_19_27_43_104.jpg,IMG/right_2026_08_30_19_27_43_104.jpg,0,1,0,30.18996
IMG/center_2026_08_30_19_27_43_210.jpg,IMG/left_2026_08_30_19_27_43_210.jpg,IMG/right_2026_08_30_19_27_43_210.jpg,0,1,0,30.19049
IMG/center_2026_08_30_19_27_43_316.jpg,IMG/left_2026_08_30_19_27_43_316.jpg,IMG/right_2026_08_30_19_27_43_316.jpg,0,1,0,30.19045
IMG/center_2026_08_30_19_27_43_417.jpg,IMG/left_2026_08_30_19_27_43_417.jpg,IMG/right_2026_08_30_19_27_43_417.jpg,-0.1663638,1,0,30.18152
IMG/center_2026_08_30_19_27_43_523.jpg,IMG/left_2026_08_30_19_27_43_523.jpg,IMG/right_2026_08_30_19_27_43_523.jpg,0,1,0,30.19088
IMG/center_2026_08_30_19_27_43_626.jpg,IMG/left_2026_08_30_19_27_43_626.jpg,IMG/right_2026_08_30_19_27_43_626.jpg,0,1,0,30.19057
IMG/center_2026_08_30_19_27_43_728.jpg,IMG/left_2026_08_30_19_27_43_728.jpg,IMG/right_2026_08_30_19_27_43_728.jpg,0,1,0,30.19123
IMG/center_2026_08_30_19_27_43_829.jpg,IMG/left_2026_08_30_19_27_43_829.jpg,IMG/right_2026_08_30_19_27_43_829.jpg,-0.0212532,1,0,30.19062
IMG/center_2026_08_30_19_27_43_930.jpg,IMG/left_2026_08_30_19_27_43_930.jpg,IMG/right_2026_08_30_19_27_43_930.jpg,-0.1886511,1,0,30.18076
IMG/center_2026_08_30_19_27_44_032.jpg,IMG/left_2026_08_30_19_27_44_032.jpg,IMG/right_2026_08_30_19_27_44_032.jpg,0,1,0,30.19018
IMG/center_2026_08_30_19_27_44_133.jpg,IMG/left_2026_08_30_19_27_44_133.jpg,IMG/right_2026_08_30_19_27_44_133.jpg,0,1,0,30.19028
IMG/center_2026_08_30_19_27_44_235.jpg,IMG/left_2026_08_30_19_27_44_235.jpg,IMG/right_2026_08_30_19_27_44_235.jpg,0,1,0,30.18912
IMG/center_2026_08_30_19_27_44_337.jpg,IMG/left_2026_08_30_19_27_44_337.jpg,IMG/right_2026_08_30_19_27_44_337.jpg,-0.0830676,1,0,30.18877
IMG/center_2026_08_30_19_27_44_438.jpg,IMG/left_2026_08_30_19_27_44_438.jpg,IMG/right_2026_08_30_19_27_44_438.jpg,-0.04684949,1,0,30.19034
IMG/center_2026_08_30_19_27_44_544.jpg,IMG/left_2026_08_30_19_27_44_544.jpg,IMG/right_2026_08_30_19_27_44_544.jpg,0,1,0,30.19069
IMG/center_2026_08_30_19_27_44_645.jpg,IMG/left_2026_08_30_19_27_44_645.jpg,IMG/right_2026_08_30_19_27_44_645.jpg,0,1,0,30.19043
IMG/center_2026_08_30_19_27_44_746.jpg,IMG/left_2026_08_30_19_27_44_746.jpg,IMG/right_2026_08_30_19_27_44_746.jpg,0,1,0,30.19029
IMG/center_2026_08_30_19_27_44_850.jpg,IMG/left_2026_08_30_19_27_44_850.jpg,IMG/right_2026_08_30_19_27_44_850.jpg,-0.2003472,1,0,30.17889
IMG/center_2026_08_30_19_27_44_959.jpg,IMG/left_2026_08_30_19_27_44_959.jpg,IMG/right_2026_08_30_19_27_44_959.jpg,0,1,0,30.18916
IMG/center_2026_08_30_19_27_45_059.jpg,IMG/left_2026_08_30_19_27_45_059.jpg,IMG/right_2026_08_30_19_27_45_059.jpg,0,1,0,30.18984
IMG/center_2026_08_30_19_27_45_164.jpg,IMG/left_2026_08_30_19_27_45_164.jpg,IMG/right_2026_08_30_19_27_45_164.jpg,0,1,0,30.19035
IMG/center_2026_08_30_19_27_45_267.jpg,IMG/left_2026_08_30_19_27_45_267.jpg,IMG/right_2026_08_30_19_27_45_267.jpg,0,1,0,30.19007
IMG/center_2026_08_30_19_27_45_369.jpg,IMG/left_2026_08_30_19_27_45_369.jpg,IMG/right_2026_08_30_19_27_45_369.jpg,0,1,0,30.19068
IMG/center_2026_08_30_19_27_45_474.jpg,IMG/left_2026_08_30_19_27_45_474.jpg,IMG/right_2026_08_30_19_27_45_474.jpg,0,1,0,30.19021
IMG/center_2026_08_30_19_27_45_578.jpg,IMG/left_2026_08_30_19_27_45_578.jpg,IMG/right_2026_08_30_19_27_45_578.jpg,0,1,0,30.1902
IMG/center_2026_08_30_19_27_45_679.jpg,IMG/left_2026_08_30_19_27_45_679.jpg,IMG/right_2026_08_30_19_27_45_679.jpg,0,1,0,30.1902
IMG/center_2026_08_30_19_27_45_782.jpg,IMG/left_2026_08_30_19_27_45_782.jpg,IMG/right_2026_08_30_19_27_45_782.jpg,0,1,0,30.1902
IMG/center_2026_08_30_19_27_45_882.jpg,IMG/left_2026_08_30_19_27_45_882.jpg,IMG/right_2026_08_30_19_27_45_882.jpg,0,1,0,30.19018
IMG/center_2026_08_30_19_27_45_987.jpg,IMG/left_2026_08_30_19_27_45_987.jpg,IMG/right_2026_08_30_19_27_45_987.jpg,0,1,0,30.19118
IMG/center_2026_08_30_19_27_46_087.jpg,IMG/left_2026_08_30_19_27_46_087.jpg,IMG/right_2026_08_30_19_27_46_087.jpg,0,1,0,30.19051
IMG/center_2026_08_30_19_27_46_192.jpg,IMG/left_2026_08_30_19_27_46_192.jpg,IMG/right_2026_08_30_19_27_46_192.jpg,0,1,0,30.19117
IMG/center_2026_08_30_19_27_46_294.jpg,IMG/left_2026_08_30_19_27_46_294.jpg,IMG/right_2026_08_30_19_27_46_294.jpg,0,1,0,30.19063
IMG/center_2026_08_30_19_27_46_398.jpg,IMG/left_2026_08_30_19_27_46_398.jpg,IMG/right_2026_08_30_19_27_46_398.jpg,0,1,0,30.19048
IMG/center_2026_08_30_19_27_46_501.jpg,IMG/left_2026_08_30_19_27_46_501.jpg,IMG/right_2026_08_30_19_27_46_501.jpg,0,1,0,30.19044
IMG/center_2026_08_30_19_27_46_603.jpg,IMG/left_2026_08_30_19_27_46_603.jpg,IMG/right_2026_08_30_19_27_46_603.jpg,0,1,0,30.19051
IMG/center_2026_08_30_19_27_46_703.jpg,IMG/left_2026_08_30_19_27_46_703.jpg,IMG/right_2026_08_30_19_27_46_703.jpg,0,1,0,30.19051
IMG/center_2026_08_30_19_27_46_804.jpg,IMG/left_2026_08_30_19_27_46_804.jpg,IMG/right_2026_08_30_19_27_46_804.jpg,0,1,0,30.19055
IMG/center_2026_08_30_19_27_46_908.jpg,IMG/left_2026_08_30_19_27_46_908.jpg,IMG/right_2026_08_30_19_27_46_908.jpg,0,1,0,30.19085
IMG/center_2026_08_30_19_27_47_010.jpg,IMG/left_2026_08_30_19_27_47_010.jpg,IMG/right_2026_08_30_19_27_47_010.jpg,0,1,0,30.19067
IMG/center_2026_08_30_19_27_47_116.jpg,IMG/left_2026_08_30_19_27_47_116.jpg,IMG/right_2026_08_30_19_27_47_116.jpg,0,1,0,30.19064
IMG/center_2026_08_30_19_27_47_222.jpg,IMG/left_2026_08_30_19_27_47_222.jpg,IMG/right_2026_08_30_19_27_47_222.jpg,0,1,0,30.19146
IMG/center_2026_08_30_19_27_47_333.jpg,IMG/left_2026_08_30_19_27_47_333.jpg,IMG/right_2026_08_30_19_27_47_333.jpg,0,1,0,30.19041
IMG/center_2026_08_30_19_27_47_435.jpg,IMG/left_2026_08_30_19_27_47_435.jpg,IMG/right_2026_08_30_19_27_47_435.jpg,0,1,0,30.19053
IMG/center_2026_08_30_19_27_47_540.jpg,IMG/left_2026_08_30_19_27_47_540.jpg,IMG/right_2026_08_30_19_27_47_540.jpg,0,1,0,30.20526
IMG/center_2026_08_30_19_27_47_642.jpg,IMG/left_2026_08_30_19_27_47_642.jpg,IMG/right_2026_08_30_19_27_47_642.jpg,-0.2084055,1,0,30.25247
IMG/center_2026_08_30_19_27_47_749.jpg,IMG/left_2026_08_30_19_27_47_749.jpg,IMG/right_2026_08_30_19_27_47_749.jpg,0,1,0,30.06894
IMG/center_2026_08_30_19_27_47_852.jpg,IMG/left_2026_08_30_19_27_47_852.jpg,IMG/right_2026_08_30_19_27_47_852.jpg,0,1,0,30.15294
IMG/center_2026_08_30_19_27_47_954.jpg,IMG/left_2026_08_30_19_27_47_954.jpg,IMG/right_2026_08_30_19_27_47_954.jpg,0,1,0,30.18858
IMG/center_2026_08_30_19_27_48_053.jpg,IMG/left_2026_08_30_19_27_48_053.jpg,IMG/right_2026_08_30_19_27_48_053.jpg,0,1,0,30.18988
IMG/center_2026_08_30_19_27_48_159.jpg,IMG/left_2026_08_30_19_27_48_159.jpg,IMG/right_2026_08_30_19_27_48_159.jpg,0,1,0,30.18993
IMG/center_2026_08_30_19_27_48_260.jpg,IMG/left_2026_08_30_19_27_48_260.jpg,IMG/right_2026_08_30_19_27_48_260.jpg,0,1,0,30.18987
IMG/center_2026_08_30_19_27_48_365.jpg,IMG/left_2026_08_30_19_27_48_365.jpg,IMG/right_2026_08_30_19_27_48_365.jpg,0,1,0,30.18983
IMG/center_2026_08_30_19_27_48_466.jpg,IMG/left_2026_08_30_19_27_48_466.jpg,IMG/right_2026_08_30_19_27_48_466.jpg,-0.0304065,1,0,30.18908
IMG/center_2026_08_30_19_27_48_569.jpg,IMG/left_2026_08_30_19_27_48_569.jpg,IMG/right_2026_08_30_19_27_48_569.jpg,0,1,0,30.18982
IMG/center_2026_08_30_19_27_48_669.jpg,IMG/left_2026_08_30_19_27_48_669.jpg,IMG/right_2026_08_30_19_27_48_669.jpg,0,1,0,30.1898
IMG/center_2026_08_30_19_27_48_774.jpg,IMG/left_2026_08_30_19_27_48_774.jpg,IMG/right_2026_08_30_19_27_48_774.jpg,0,1,0,30.18984
IMG/center_2026_08_30_19_27_48_875.jpg,IMG/left_2026_08_30_19_27_48_875.jpg,IMG/right_2026_08_30_19_27_48_875.jpg,-0.1724487,1,0,30.18215
IMG/center_2026_08_30_19_27_48_979.jpg,IMG/left_2026_08_30_19_27_48_979.jpg,IMG/right_2026_08_30_19_27_48_979.jpg,0,1,0,30.1896
IMG/center_2026_08_30_19_27_49_088.jpg,IMG/left_2026_08_30_19_27_49_088.jpg,IMG/right_2026_08_30_19_27_49_088.jpg,0,1,0,30.18983
IMG/center_2026_08_30_19_27_49_190.jpg,IMG/left_2026_08_30_19_27_49_190.jpg,IMG/right_2026_08_30_19_27_49_190.jpg,0,1,0,30.18987
IMG/center_2026_08_30_19_27_49_292.jpg,IMG/left_2026_08_30_19_27_49_292.jpg,IMG/right_2026_08_30_19_27_49_292.jpg,0,1,0,30.18991
IMG/center_2026_08_30_19_27_49_393.jpg,IMG/left_2026_08_30_19_27_49_393.jpg,IMG/right_2026_08_30_19_27_49_393.jpg,0,1,0,30.1899
IMG/center_2026_08_30_19_27_49_499.jpg,IMG/left_2026_08_30_19_27_49_499.jpg,IMG/right_2026_08_30_19_27_49_499.jpg,0,1,0,30.18989
IMG/center_2026_08_30_19_27_49_603.jpg,IMG/left_2026_08_30_19_27_49_603.jpg,IMG/right_2026_08_30_19_27_49_603.jpg,0,1,0,30.18989
IMG/center_2026_08_30_19_27_49_711.jpg,IMG/left_2026_08_30_19_27_49_711.jpg,IMG/right_2026_08_30_19_27_49_711.jpg,0,1,0,30.18991
IMG/center_2026_08_30_19_27_49_811.jpg,IMG/left_2026_08_30_19_27_49_811.jpg,IMG/right_2026_08_30_19_27_49_811.jpg,-0.1265424,1,0,30.18876
IMG/center_2026_08_30_19_27_49_913.jpg,IMG/left_2026_08_30_19_27_49_913.jpg,IMG/right_2026_08_30_19_27_49_913.jpg,0,1,0,30.18957
IMG/center_2026_08_30_19_27_50_016.jpg,IMG/left_2026_08_30_19_27_50_016.jpg,IMG/right_2026_08_30_19_27_50_016.jpg,0,1,0,30.1899
IMG/center_2026_08_30_19_27_50_123.jpg,IMG/left_2026_08_30_19_27_50_123.jpg,IMG/right_2026_08_30_19_27_50_123.jpg,0,1,0,30.18997
IMG/center_2026_08_30_19_27_50_228.jpg,IMG/left_2026_08_30_19_27_50_228.jpg,IMG/right_2026_08_30_19_27_50_228.jpg,0,1,0,30.18994
IMG/center_2026_08_30_19_27_50_329.jpg,IMG/left_2026_08_30_19_27_50_329.jpg,IMG/right_2026_08_30_19_27_50_329.jpg,0,1,0,30.18995
IMG/center_2026_08_30_19_27_50_436.jpg,IMG/left_2026_08_30_19_27_50_436.jpg,IMG/right_2026_08_30_19_27_50_436.jpg,0,1,0,30.18995
IMG/center_2026_08_30_19_27_50_538.jpg,IMG/left_2026_08_30_19_27_50_538.jpg,IMG/right_2026_08_30_19_27_50_538.jpg,0,1,0,30.18997
IMG/center_2026_08_30_19_27_50_641.jpg,IMG/left_2026_08_30_19_27_50_641.jpg,IMG/right_2026_08_30_19_27_50_641.jpg,0,1,0,30.18995
IMG/center_2026_08_30_19_27_50_746.jpg,IMG/left_2026_08_30_19_27_50_746.jpg,IMG/right_2026_08_30_19_27_50_746.jpg,0,1,0,30.18999
IMG/center_2026_08_30_19_27_50_853.jpg,IMG/left_2026_08_30_19_27_50_853.jpg,IMG/right_2026_08_30_19_27_50_853.jpg,0,1,0,30.18996
IMG/center_2026_08_30_19_27_50_959.jpg,IMG/left_2026_08_30_19_27_50_959.jpg,IMG/right_2026_08_30_19_27_50_959.jpg,0,1,0,30.18997
IMG/center_2026_08_30_19_27_51_065.jpg,IMG/left_2026_08_30_19_27_51_065.jpg,IMG/right_2026_08_30_19_27_51_065.jpg,0,1,0,30.18999
IMG/center_2026_08_30_19_27_51_169.jpg,IMG/left_2026_08_30_19_27_51_169.jpg,IMG/right_2026_08_30_19_27_51_169.jpg,0,1,0,30.18995
IMG/center_2026_08_30_19_27_51_270.jpg,IMG/left_2026_08_30_19_27_51_270.jpg,IMG/right_2026_08_30_19_27_51_270.jpg,0,1,0,30.18997
IMG/center_2026_08_30_19_27_51_376.jpg,IMG/left_2026_08_30_19_27_51_376.jpg,IMG/right_2026_08_30_19_27_51_376.jpg,0,1,0,30.18995
IMG/center_2026_08_30_19_27_51_480.jpg,IMG/left_2026_08_30_19_27_51_480.jpg,IMG/right_2026_08_30_19_27_51_480.jpg,0,1,0,30.18996
IMG/center_2026_08_30_19_27_51_581.jpg,IMG/left_2026_08_30_19_27_51_581.jpg,IMG/right_2026_08_30_19_27_51_581.jpg,0,1,0,30.18998
IMG/center_2026_08_30_19_27_51_689.jpg,IMG/left_2026_08_30_19_27_51_689.jpg,IMG/right_2026_08_30_19_27_51_689.jpg,0,1,0,30.18997
IMG/center_2026_08_30_19_27_51_794.jpg,IMG/left_2026_08_30_19_27_51_794.jpg,IMG/right_2026_08_30_19_27_51_794.jpg,0,1,0,30.18995
IMG/center_2026_08_30_19_27_51_897.jpg,IMG/left_2026_08_30_19_27_51_897.jpg,IMG/right_2026_08_30_19_27_51_897.jpg,0,1,0,30.18998
IMG/center_2026_08_30_19_27_51_997.jpg,IMG/left_2026_08_30_19_27_51_997.jpg,IMG/right_2026_08_30_19_27_51_997.jpg,0.2028822,1,0,30.17829
IMG/center_2026_08_30_19_27_52_102.jpg,IMG/left_2026_08_30_19_27_52_102.jpg,IMG/right_2026_08_30_19_27_52_102.jpg,0,1,0,30.18944
IMG/center_2026_08_30_19_27_52_204.jpg,IMG/left_2026_08_30_19_27_52_204.jpg,IMG/right_2026_08_30_19_27_52_204.jpg,0,1,0,30.18985
IMG/center_2026_08_30_19_27_52_305.jpg,IMG/left_2026_08_30_19_27_52_305.jpg,IMG/right_2026_08_30_19_27_52_305.jpg,0,1,0,30.18991
IMG/center_2026_08_30_19_27_52_407.jpg,IMG/left_2026_08_30_19_27_52_407.jpg,IMG/right_2026_08_30_19_27_52_407.jpg,0,1,0,30.18993
IMG/center_2026_08_30_19_27_52_515.jpg,IMG/left_2026_08_30_19_27_52_515.jpg,IMG/right_2026_08_30_19_27_52_515.jpg,0,1,0,30.18991
IMG/center_2026_08_30_19_27_52_617.jpg,IMG/left_2026_08_30_19_27_52_617.jpg,IMG/right_2026_08_30_19_27_52_617.jpg,-0.2267538,1,0,30.17669
IMG/center_2026_08_30_19_27_52_724.jpg,IMG/left_2026_08_30_19_27_52_724.jpg,IMG/right_2026_08_30_19_27_52_724.jpg,0,1,0,30.1892
IMG/center_2026_08_30_19_27_52_825.jpg,IMG/left_2026_08_30_19_27_52_825.jpg,IMG/right_2026_08_30_19_27_52_825.jpg,0,1,0,30.18986
IMG/center_2026_08_30_19_27_52_930.jpg,IMG/left_2026_08_30_19_27_52_930.jpg,IMG/right_2026_08_30_19_27_52_930.jpg,0,1,0,30.18996
IMG/center_2026_08_30_19_27_53_038.jpg,IMG/left_2026_08_30_19_27_53_038.jpg,IMG/right_2026_08_30_19_27_53_038.jpg,0,1,0,30.18998
IMG/center_2026_08_30_19_27_53_140.jpg,IMG/left_2026_08_30_19_27_53_140.jpg,IMG/right_2026_08_30_19_27_53_140.jpg,0,1,0,30.18996
IMG/center_2026_08_30_19_27_53_245.jpg,IMG/left_2026_08_30_19_27_53_245.jpg,IMG/right_2026_08_30_19_27_53_245.jpg,0,1,0,30.18995
IMG/center_2026_08_30_19_27_53_344.jpg,IMG/left_2026_08_30_19_27_53_344.jpg,IMG/right_2026_08_30_19_27_53_344.jpg,0,1,0,30.18996
IMG/center_2026_08_30_19_27_53_451.jpg,IMG/left_2026_08_30_19_27_53_451.jpg,IMG/right_2026_08_30_19_27_53_451.jpg,0,1,0,30.18998
IMG/center_2026_08_30_19_27_53_554.jpg,IMG/left_2026_08_30_19_27_53_554.jpg,IMG/right_2026_08_30_19_27_53_554.jpg,0,1,0,30.18999
IMG/center_2026_08_30_19_27_53_658.jpg,IMG/left_2026_08_30_19_27_53_658.jpg,IMG/right_2026_08_30_19_27_53_658.jpg,0,1,0,30.18998
IMG/center_2026_08_30_19_27_53_761.jpg,IMG/left_2026_08_30_19_27_53_761.jpg,IMG/right_2026_08_30_19_27_53_761.jpg,0,1,0,30.18996
IMG/center_2026_08_30_19_27_53_867.jpg,IMG/left_2026_08_30_19_27_53_867.jpg,IMG/right_2026_08_30_19_27_53_867.jpg,0,1,0,30.18998
IMG/center_2026_08_30_19_27_53_971.jpg,IMG/left_2026_08_30_19_27_53_971.jpg,IMG/right_2026_08_30_19_27_53_971.jpg,0,1,0,30.18998
IMG/center_2026_08_30_19_27_54_078.jpg,IMG/left_2026_08_30_19_27_54_078.jpg,IMG/right_2026_08_30_19_27_54_078.jpg,0,1,0,30.18996
IMG/center_2026_08_30_19_27_54_180.jpg,IMG/left_2026_08_30_19_27_54_180.jpg,IMG/right_2026_08_30_19_27_54_180.jpg,0,1,0,30.18999
IMG/center_2026_08_30_19_27_54_285.jpg,IMG/left_2026_08_30_19_27_54_285.jpg,IMG/right_2026_08_30_19_27_54_285.jpg,0,1,0,30.18996
IMG/center_2026_08_30_19_27_54_385.jpg,IMG/left_2026_08_30_19_27_54_385.jpg,IMG/right_2026_08_30_19_27_54_385.jpg,0.2753472,1,0,30.17093
IMG/center_2026_08_30_19_27_54_486.jpg,IMG/left_2026_08_30_19_27_54_486.jpg,IMG/right_2026_08_30_19_27_54_486.jpg,0,1,0,30.18929
IMG/center_2026_08_30_19_27_54_593.jpg,IMG/left_2026_08_30_19_27_54_593.jpg,IMG/right_2026_08_30_19_27_54_593.jpg,0,1,0,30.18976
IMG/center_2026_08_30_19_27_54_692.jpg,IMG/left_2026_08_30_19_27_54_692.jpg,IMG/right_2026_08_30_19_27_54_692.jpg,0,1,0,30.18986
IMG/center_2026_08_30_19_27_54_796.jpg,IMG/left_2026_08_30_19_27_54_796.jpg,IMG/right_2026_08_30_19_27_54_796.jpg,-0.1338657,1,0,30.18434
IMG/center_2026_08_30_19_27_54_901.jpg,IMG/left_2026_08_30_19_27_54_901.jpg,IMG/right_2026_08_30_19_27_54_901.jpg,0,1,0,30.18973
IMG/center_2026_08_30_19_27_55_003.jpg,IMG/left_2026_08_30_19_27_55_003.jpg,IMG/right_2026_08_30_19_27_55_003.jpg,0,1,0,30.18988
IMG/center_2026_08_30_19_27_55_106.jpg,IMG/left_2026_08_30_19_27_55_106.jpg,IMG/right_2026_08_30_19_27_55_106.jpg,0,1,0,30.18993
IMG/center_2026_08_30_19_27_55_208.jpg,IMG/left_2026_08_30_19_27_55_208.jpg,IMG/right_2026_08_30_19_27_55_208.jpg,0,1,0,30.18994
IMG/center_2026_08_30_19_27_55_309.jpg,IMG/left_2026_08_30_19_27_55_309.jpg,IMG/right_2026_08_30_19_27_55_309.jpg,0,1,0,30.18994
IMG/center_2026_08_30_19_27_55_412.jpg,IMG/left_2026_08_30_19_27_55_412.jpg,IMG/right_2026_08_30_19_27_55_412.jpg,-0.0687819,1,0,30.18886
IMG/center_2026_08_30_19_27_55_512.jpg,IMG/left_2026_08_30_19_27_55_512.jpg,IMG/right_2026_08_30_19_27_55_512.jpg,-0.1876518,1,0,30.18443
IMG/center_2026_08_30_19_27_55_620.jpg,IMG/left_2026_08_30_19_27_55_620.jpg,IMG/right_2026_08_30_19_27_55_620.jpg,0,1,0,30.06574
IMG/center_2026_08_30_19_27_55_720.jpg,IMG/left_2026_08_30_19_27_55_720.jpg,IMG/right_2026_08_30_19_27_55_720.jpg,0,1,0,30.21922
IMG/center_2026_08_30_19_27_55_828.jpg,IMG/left_2026_08_30_19_27_55_828.jpg,IMG/right_2026_08_30_19_27_55_828.jpg,0,1,0,30.06878
IMG/center_2026_08_30_19_27_55_934.jpg,IMG/left_2026_08_30_19_27_55_934.jpg,IMG/right_2026_08_30_19_27_55_934.jpg,0,1,0,30.10369
IMG/center_2026_08_30_19_27_56_040.jpg,IMG/left_2026_08_30_19_27_56_040.jpg,IMG/right_2026_08_30_19_27_56_040.jpg,0,1,0,30.18885
IMG/center_2026_08_30_19_27_56_146.jpg,IMG/left_2026_08_30_19_27_56_146.jpg,IMG/right_2026_08_30_19_27_56_146.jpg,0,1,0,30.19061
IMG/center_2026_08_30_19_27_56_255.jpg,IMG/left_2026_08_30_19_27_56_255.jpg,IMG/right_2026_08_30_19_27_56_255.jpg,-0.1741503,1,0,30.18129
IMG/center_2026_08_30_19_27_56_357.jpg,IMG/left_2026_08_30_19_27_56_357.jpg,IMG/right_2026_08_30_19_27_56_357.jpg,0,1,0,30.19011
IMG/center_2026_08_30_19_27_56_457.jpg,IMG/left_2026_08_30_19_27_56_457.jpg,IMG/right_2026_08_30_19_27_56_457.jpg,0,1,0,30.19027
IMG/center_2026_08_30_19_27_56_562.jpg,IMG/left_2026_08_30_19_27_56_562.jpg,IMG/right_2026_08_30_19_27_56_562.jpg,0,1,0,30.1903
IMG/center_2026_08_30_19_27_56_662.jpg,IMG/left_2026_08_30_19_27_56_662.jpg,IMG/right_2026_08_30_19_27_56_662.jpg,-0.2045727,1,0,30.18036
IMG/center_2026_08_30_19_27_56_770.jpg,IMG/left_2026_08_30_19_27_56_770.jpg,IMG/right_2026_08_30_19_27_56_770.jpg,0,1,0,30.18973
IMG/center_2026_08_30_19_27_56_873.jpg,IMG/left_2026_08_30_19_27_56_873.jpg,IMG/right_2026_08_30_19_27_56_873.jpg,0,1,0,30.19026
IMG/center_2026_08_30_19_27_56_981.jpg,IMG/left_2026_08_30_19_27_56_981.jpg,IMG/right_2026_08_30_19_27_56_981.jpg,0,1,0,30.19028
IMG/center_2026_08_30_19_27_57_085.jpg,IMG/left_2026_08_30_19_27_57_085.jpg,IMG/right_2026_08_30_19_27_57_085.jpg,-0.2650716,1,0,30.1739
IMG/center_2026_08_30_19_27_57_190.jpg,IMG/left_2026_08_30_19_27_57_190.jpg,IMG/right_2026_08_30_19_27_57_190.jpg,0,1,0,30.18922
IMG/center_2026_08_30_19_27_57_296.jpg,IMG/left_2026_08_30_19_27_57_296.jpg,IMG/right_2026_08_30_19_27_57_296.jpg,0,1,0,30.1902
IMG/center_2026_08_30_19_27_57_407.jpg,IMG/left_2026_08_30_19_27_57_407.jpg,IMG/right_2026_08_30_19_27_57_407.jpg,0,1,0,30.19027
IMG/center_2026_08_30_19_27_57_508.jpg,IMG/left_2026_08_30_19_27_57_508.jpg,IMG/right_2026_08_30_19_27_57_508.jpg,0,1,0,30.19028
IMG/center_2026_08_30_19_27_57_612.jpg,IMG/left_2026_08_30_19_27_57_612.jpg,IMG/right_2026_08_30_19_27_57_612.jpg,-0.2179836,1,0,30.17873
IMG/center_2026_08_30_19_27_57_716.jpg,IMG/left_2026_08_30_19_27_57_716.jpg,IMG/right_2026_08_30_19_27_57_716.jpg,0,1,0,30.18948
IMG/center_2026_08_30_19_27_57_820.jpg,IMG/left_2026_08_30_19_27_57_820.jpg,IMG/right_2026_08_30_19_27_57_820.jpg,0,1,0,30.1902
IMG/center_2026_08_30_19_27_57_924.jpg,IMG/left_2026_08_30_19_27_57_924.jpg,IMG/right_2026_08_30_19_27_57_924.jpg,0,1,0,30.1903
IMG/center_2026_08_30_19_27_58_025.jpg,IMG/left_2026_08_30_19_27_58_025.jpg,IMG/right_2026_08_30_19_27_58_025.jpg,-0.1678602,1,0,30.18308
IMG/center_2026_08_30_19_27_58_130.jpg,IMG/left_2026_08_30_19_27_58_130.jpg,IMG/right_2026_08_30_19_27_58_130.jpg,-0.220827,1,0,30.18416
IMG/center_2026_08_30_19_27_58_234.jpg,IMG/left_2026_08_30_19_27_58_234.jpg,IMG/right_2026_08_30_19_27_58_234.jpg,0,1,0,30.18884
IMG/center_2026_08_30_19_27_58_334.jpg,IMG/left_2026_08_30_19_27_58_334.jpg,IMG/right_2026_08_30_19_27_58_334.jpg,0,1,0,30.19057
IMG/center_2026_08_30_19_27_58_439.jpg,IMG/left_2026_08_30_19_27_58_439.jpg,IMG/right_2026_08_30_19_27_58_439.jpg,0,1,0,30.18969
IMG/center_2026_08_30_19_27_58_543.jpg,IMG/left_2026_08_30_19_27_58_543.jpg,IMG/right_2026_08_30_19_27_58_543.jpg,0,1,0,30.18955
IMG/center_2026_08_30_19_27_58_650.jpg,IMG/left_2026_08_30_19_27_58_650.jpg,IMG/right_2026_08_30_19_27_58_650.jpg,-0.1472106,1,0,30.18427
IMG/center_2026_08_30_19_27_58_757.jpg,IMG/left_2026_08_30_19_27_58_757.jpg,IMG/right_2026_08_30_19_27_58_757.jpg,0,1,0,30.19007
IMG/center_2026_08_30_19_27_58_859.jpg,IMG/left_2026_08_30_19_27_58_859.jpg,IMG/right_2026_08_30_19_27_58_859.jpg,0,1,0,30.19015
IMG/center_2026_08_30_19_27_58_961.jpg,IMG/left_2026_08_30_19_27_58_961.jpg,IMG/right_2026_08_30_19_27_58_961.jpg,0,1,0,30.18965
IMG/center_2026_08_30_19_27_59_064.jpg,IMG/left_2026_08_30_19_27_59_064.jpg,IMG/right_2026_08_30_19_27_59_064.jpg,-0.0604791,1,0,30.18956
IMG/center_2026_08_30_19_27_59_166.jpg,IMG/left_2026_08_30_19_27_59_166.jpg,IMG/right_2026_08_30_19_27_59_166.jpg,-0.09507599,1,0,30.19007
IMG/center_2026_08_30_19_27_59_272.jpg,IMG/left_2026_08_30_19_27_59_272.jpg,IMG/right_2026_08_30_19_27_59_272.jpg,0,1,0,30.19039
IMG/center_2026_08_30_19_27_59_379.jpg,IMG/left_2026_08_30_19_27_59_379.jpg,IMG/right_2026_08_30_19_27_59_379.jpg,0,1,0,30.19051
IMG/center_2026_08_30_19_27_59_485.jpg,IMG/left_2026_08_30_19_27_59_485.jpg,IMG/right_2026_08_30_19_27_59_485.jpg,0,1,0,30.19062
IMG/center_2026_08_30_19_27_59_590.jpg,IMG/left_2026_08_30_19_27_59_590.jpg,IMG/right_2026_08_30_19_27_59_590.jpg,0,1,0,30.1889
IMG/center_2026_08_30_19_27_59_692.jpg,IMG/left_2026_08_30_19_27_59_692.jpg,IMG/right_2026_08_30_19_27_59_692.jpg,0,1,0,30.19082
IMG/center_2026_08_30_19_27_59_801.jpg,IMG/left_2026_08_30_19_27_59_801.jpg,IMG/right_2026_08_30_19_27_59_801.jpg,0,1,0,30.18959
IMG/center_2026_08_30_19_27_59_901.jpg,IMG/left_2026_08_30_19_27_59_901.jpg,IMG/right_2026_08_30_19_27_59_901.jpg,0,1,0,30.19031
IMG/center_2026_08_30_19_28_00_003.jpg,IMG/left_2026_08_30_19_28_00_003.jpg,IMG/right_2026_08_30_19_28_00_003.jpg,0,1,0,30.18923
IMG/center_2026_08_30_19_28_00_104.jpg,IMG/left_2026_08_30_19_28_00_104.jpg,IMG/right_2026_08_30_19_28_00_104.jpg,0,1,0,30.1902
IMG/center_2026_08_30_19_28_00_207.jpg,IMG/left_2026_08_30_19_28_00_207.jpg,IMG/right_2026_08_30_19_28_00_207.jpg,0,1,0,30.19036
IMG/center_2026_08_30_19_28_00_309.jpg,IMG/left_2026_08_30_19_28_00_309.jpg,IMG/right_2026_08_30_19_28_00_309.jpg,0,1,0,30.18763
IMG/center_2026_08_30_19_28_00_412.jpg,IMG/left_2026_08_30_19_28_00_412.jpg,IMG/right_2026_08_30_19_28_00_412.jpg,0,1,0,30.18911
IMG/center_2026_08_30_19_28_00_515.jpg,IMG/left_2026_08_30_19_28_00_515.jpg,IMG/right_2026_08_30_19_28_00_515.jpg,0,1,0,30.18615
IMG/center_2026_08_30_19_28_00_616.jpg,IMG/left_2026_08_30_19_28_00_616.jpg,IMG/right_2026_08_30_19_28_00_616.jpg,0,1,0,30.19385
IMG/center_2026_08_30_19_28_00_722.jpg,IMG/left_2026_08_30_19_28_00_722.jpg,IMG/right_2026_08_30_19_28_00_722.jpg,0,1,0,30.18848
IMG/center_2026_08_30_19_28_00_825.jpg,IMG/left_2026_08_30_19_28_00_825.jpg,IMG/right_2026_08_30_19_28_00_825.jpg,0,1,0,30.17703
IMG/center_2026_08_30_19_28_00_932.jpg,IMG/left_2026_08_30_19_28_00_932.jpg,IMG/right_2026_08_30_19_28_00_932.jpg,0,1,0,30.1909
IMG/center_2026_08_30_19_28_01_037.jpg,IMG/left_2026_08_30_19_28_01_037.jpg,IMG/right_2026_08_30_19_28_01_037.jpg,0,1,0,30.18106
IMG/center_2026_08_30_19_28_01_136.jpg,IMG/left_2026_08_30_19_28_01_136.jpg,IMG/right_2026_08_30_19_28_01_136.jpg,0,1,0,30.19286
IMG/center_2026_08_30_19_28_01_238.jpg,IMG/left_2026_08_30_19_28_01_238.jpg,IMG/right_2026_08_30_19_28_01_238.jpg,-0.2364735,1,0,30.16556
IMG/center_2026_08_30_19_28_01_340.jpg,IMG/left_2026_08_30_19_28_01_340.jpg,IMG/right_2026_08_30_19_28_01_340.jpg,0,1,0,30.18885
IMG/center_2026_08_30_19_28_01_441.jpg,IMG/left_2026_08_30_19_28_01_441.jpg,IMG/right_2026_08_30_19_28_01_441.jpg,0,1,0,30.19028
IMG/center_2026_08_30_19_28_01_545.jpg,IMG/left_2026_08_30_19_28_01_545.jpg,IMG/right_2026_08_30_19_28_01_545.jpg,0,1,0,30.19038
IMG/center_2026_08_30_19_28_01_649.jpg,IMG/left_2026_08_30_19_28_01_649.jpg,IMG/right_2026_08_30_19_28_01_649.jpg,0,1,0,30.19033
IMG/center_2026_08_30_19_28_01_751.jpg,IMG/left_2026_08_30_19_28_01_751.jpg,IMG/right_2026_08_30_19_28_01_751.jpg,-0.3078075,1,0,30.16726
IMG/center_2026_08_30_19_28_01_853.jpg,IMG/left_2026_08_30_19_28_01_853.jpg,IMG/right_2026_08_30_19_28_01_853.jpg,-0.233661,1,0,30.18764
IMG/center_2026_08_30_19_28_01_959.jpg,IMG/left_2026_08_30_19_28_01_959.jpg,IMG/right_2026_08_30_19_28_01_959.jpg,0,1,0,30.18766
IMG/center_2026_08_30_19_28_02_063.jpg,IMG/left_2026_08_30_19_28_02_063.jpg,IMG/right_2026_08_30_19_28_02_063.jpg,0,1,0,30.19001
IMG/center_2026_08_30_19_28_02_169.jpg,IMG/left_2026_08_30_19_28_02_169.jpg,IMG/right_2026_08_30_19_28_02_169.jpg,0,1,0,30.19027
IMG/center_2026_08_30_19_28_02_270.jpg,IMG/left_2026_08_30_19_28_02_270.jpg,IMG/right_2026_08_30_19_28_02_270.jpg,0,1,0,30.1903
IMG/center_2026_08_30_19_28_02_378.jpg,IMG/left_2026_08_30_19_28_02_378.jpg,IMG/right_2026_08_30_19_28_02_378.jpg,0,1,0,30.1903
IMG/center_2026_08_30_19_28_02_482.jpg,IMG/left_2026_08_30_19_28_02_482.jpg,IMG/right_2026_08_30_19_28_02_482.jpg,0,1,0,30.1903
IMG/center_2026_08_30_19_28_02_585.jpg,IMG/left_2026_08_30_19_28_02_585.jpg,IMG/right_2026_08_30_19_28_02_585.jpg,0,1,0,30.1903
IMG/center_2026_08_30_19_28_02_690.jpg,IMG/left_2026_08_30_19_28_02_690.jpg,IMG/right_2026_08_30_19_28_02_690.jpg,-0.1734933,1,0,30.18171
IMG/center_2026_08_30_19_28_02_794.jpg,IMG/left_2026_08_30_19_28_02_794.jpg,IMG/right_2026_08_30_19_28_02_794.jpg,0,1,0,30.19001
IMG/center_2026_08_30_19_28_02_897.jpg,IMG/left_2026_08_30_19_28_02_897.jpg,IMG/right_2026_08_30_19_28_02_897.jpg,0,1,0,30.19026
IMG/center_2026_08_30_19_28_02_999.jpg,IMG/left_2026_08_30_19_28_02_999.jpg,IMG/right_2026_08_30_19_28_02_999.jpg,0,1,0,30.1903
IMG/center_2026_08_30_19_28_03_101.jpg,IMG/left_2026_08_30_19_28_03_101.jpg,IMG/right_2026_08_30_19_28_03_101.jpg,0,1,0,30.1903
IMG/center_2026_08_30_19_28_03_202.jpg,IMG/left_2026_08_30_19_28_03_202.jpg,IMG/right_2026_08_30_19_28_03_202.jpg,-0.1454964,1,0,30.18464
IMG/center_2026_08_30_19_28_03_307.jpg,IMG/left_2026_08_30_19_28_03_307.jpg,IMG/right_2026_08_30_19_28_03_307.jpg,-0.09951483,1,0,30.18998
IMG/center_2026_08_30_19_28_03_408.jpg,IMG/left_2026_08_30_19_28_03_408.jpg,IMG/right_2026_08_30_19_28_03_408.jpg,0,1,0,30.18997
IMG/center_2026_08_30_19_28_03_511.jpg,IMG/left_2026_08_30_19_28_03_511.jpg,IMG/right_2026_08_30_19_28_03_511.jpg,0,1,0,30.19026
IMG/center_2026_08_30_19_28_03_616.jpg,IMG/left_2026_08_30_19_28_03_616.jpg,IMG/right_2026_08_30_19_28_03_616.jpg,0,1,0,30.19029
IMG/center_2026_08_30_19_28_03_718.jpg,IMG/left_2026_08_30_19_28_03_718.jpg,IMG/right_2026_08_30_19_28_03_718.jpg,-0.0977409,1,0,30.18807
IMG/center_2026_08_30_19_28_03_818.jpg,IMG/left_2026_08_30_19_28_03_818.jpg,IMG/right_2026_08_30_19_28_03_818.jpg,-0.2094582,1,0,30.18154
IMG/center_2026_08_30_19_28_03_923.jpg,IMG/left_2026_08_30_19_28_03_923.jpg,IMG/right_2026_08_30_19_28_03_923.jpg,0,1,0,30.18902
IMG/center_2026_08_30_19_28_04_028.jpg,IMG/left_2026_08_30_19_28_04_028.jpg,IMG/right_2026_08_30_19_28_04_028.jpg,0,1,0,30.19015
IMG/center_2026_08_30_19_28_04_131.jpg,IMG/left_2026_08_30_19_28_04_131.jpg,IMG/right_2026_08_30_19_28_04_131.jpg,0,1,0,30.19028
IMG/center_2026_08_30_19_28_04_237.jpg,IMG/left_2026_08_30_19_28_04_237.jpg,IMG/right_2026_08_30_19_28_04_237.jpg,-0.0208335,1,0,30.19023
IMG/center_2026_08_30_19_28_04_342.jpg,IMG/left_2026_08_30_19_28_04_342.jpg,IMG/right_2026_08_30_19_28_04_342.jpg,-0.2333325,1,0,30.1768
IMG/center_2026_08_30_19_28_04_447.jpg,IMG/left_2026_08_30_19_28_04_447.jpg,IMG/right_2026_08_30_19_28_04_447.jpg,0,1,0,30.18926
IMG/center_2026_08_30_19_28_04_548.jpg,IMG/left_2026_08_30_19_28_04_548.jpg,IMG/right_2026_08_30_19_28_04_548.jpg,0,1,0,30.19019
IMG/center_2026_08_30_19_28_04_651.jpg,IMG/left_2026_08_30_19_28_04_651.jpg,IMG/right_2026_08_30_19_28_04_651.jpg,-0.132405,1,0,30.18656
IMG/center_2026_08_30_19_28_04_757.jpg,IMG/left_2026_08_30_19_28_04_757.jpg,IMG/right_2026_08_30_19_28_04_757.jpg,-0.3667398,1,0,30.16475
IMG/center_2026_08_30_19_28_04_861.jpg,IMG/left_2026_08_30_19_28_04_861.jpg,IMG/right_2026_08_30_19_28_04_861.jpg,-0.0749238,1,0,30.19136
IMG/center_2026_08_30_19_28_04_962.jpg,IMG/left_2026_08_30_19_28_04_962.jpg,IMG/right_2026_08_30_19_28_04_962.jpg,0,1,0,30.18946
IMG/center_2026_08_30_19_28_05_063.jpg,IMG/left_2026_08_30_19_28_05_063.jpg,IMG/right_2026_08_30_19_28_05_063.jpg,0,1,0,30.19021
IMG/center_2026_08_30_19_28_05_166.jpg,IMG/left_2026_08_30_19_28_05_166.jpg,IMG/right_2026_08_30_19_28_05_166.jpg,0,1,0,30.19029
IMG/center_2026_08_30_19_28_05_270.jpg,IMG/left_2026_08_30_19_28_05_270.jpg,IMG/right_2026_08_30_19_28_05_270.jpg,0,1,0,30.19029
IMG/center_2026_08_30_19_28_05_372.jpg,IMG/left_2026_08_30_19_28_05_372.jpg,IMG/right_2026_08_30_19_28_05_372.jpg,0,1,0,30.1903
IMG/center_2026_08_30_19_28_05_473.jpg,IMG/left_2026_08_30_19_28_05_473.jpg,IMG/right_2026_08_30_19_28_05_473.jpg,-0.257505,1,0,30.17307
IMG/center_2026_08_30_19_28_05_578.jpg,IMG/left_2026_08_30_19_28_05_578.jpg,IMG/right_2026_08_30_19_28_05_578.jpg,-0.1290453,1,0,30.19071
IMG/center_2026_08_30_19_28_05_682.jpg,IMG/left_2026_08_30_19_28_05_682.jpg,IMG/right_2026_08_30_19_28_05_682.jpg,0,1,0,30.18949
IMG/center_2026_08_30_19_28_05_789.jpg,IMG/left_2026_08_30_19_28_05_789.jpg,IMG/right_2026_08_30_19_28_05_789.jpg,0,1,0,30.19019
IMG/center_2026_08_30_19_28_05_895.jpg,IMG/left_2026_08_30_19_28_05_895.jpg,IMG/right_2026_08_30_19_28_05_895.jpg,0,1,0,30.1903
IMG/center_2026_08_30_19_28_06_002.jpg,IMG/left_2026_08_30_19_28_06_002.jpg,IMG/right_2026_08_30_19_28_06_002.jpg,0,1,0,30.19031
IMG/center_2026_08_30_19_28_06_105.jpg,IMG/left_2026_08_30_19_28_06_105.jpg,IMG/right_2026_08_30_19_28_06_105.jpg,-0.1498803,1,0,30.18414
IMG/center_2026_08_30_19_28_06_207.jpg,IMG/left_2026_08_30_19_28_06_207.jpg,IMG/right_2026_08_30_19_28_06_207.jpg,-0.1095012,1,0,30.1904
IMG/center_2026_08_30_19_28_06_309.jpg,IMG/left_2026_08_30_19_28_06_309.jpg,IMG/right_2026_08_30_19_28_06_309.jpg,0,1,0,30.18983
IMG/center_2026_08_30_19_28_06_415.jpg,IMG/left_2026_08_30_19_28_06_415.jpg,IMG/right_2026_08_30_19_28_06_415.jpg,0,1,0,30.19026
IMG/center_2026_08_30_19_28_06_516.jpg,IMG/left_2026_08_30_19_28_06_516.jpg,IMG/right_2026_08_30_19_28_06_516.jpg,-0.0602157,1,0,30.18962
IMG/center_2026_08_30_19_28_06_617.jpg,IMG/left_2026_08_30_19_28_06_617.jpg,IMG/right_2026_08_30_19_28_06_617.jpg,0,1,0,30.19014
IMG/center_2026_08_30_19_28_06_718.jpg,IMG/left_2026_08_30_19_28_06_718.jpg,IMG/right_2026_08_30_19_28_06_718.jpg,0,1,0,30.19027
IMG/center_2026_08_30_19_28_06_823.jpg,IMG/left_2026_08_30_19_28_06_823.jpg,IMG/right_2026_08_30_19_28_06_823.jpg,0,1,0,30.1903
IMG/center_2026_08_30_19_28_06_934.jpg,IMG/left_2026_08_30_19_28_06_934.jpg,IMG/right_2026_08_30_19_28_06_934.jpg,-0.1657686,1,0,30.18301
IMG/center_2026_08_30_19_28_07_037.jpg,IMG/left_2026_08_30_19_28_07_037.jpg,IMG/right_2026_08_30_19_28_07_037.jpg,-0.01197782,1,0,30.19033
IMG/center_2026_08_30_19_28_07_136.jpg,IMG/left_2026_08_30_19_28_07_136.jpg,IMG/right_2026_08_30_19_28_07_136.jpg,0,1,0,30.19014
IMG/center_2026_08_30_19_28_07_238.jpg,IMG/left_2026_08_30_19_28_07_238.jpg,IMG/right_2026_08_30_19_28_07_238.jpg,0,1,0,30.19028
IMG/center_2026_08_30_19_28_07_342.jpg,IMG/left_2026_08_30_19_28_07_342.jpg,IMG/right_2026_08_30_19_28_07_342.jpg,-0.20826,1,0,30.1793
IMG/center_2026_08_30_19_28_07_447.jpg,IMG/left_2026_08_30_19_28_07_447.jpg,IMG/right_2026_08_30_19_28_07_447.jpg,-0.1699302,1,0,30.18904
IMG/center_2026_08_30_19_28_07_553.jpg,IMG/left_2026_08_30_19_28_07_553.jpg,IMG/right_2026_08_30_19_28_07_553.jpg,0,1,0,30.18963
IMG/center_2026_08_30_19_28_07_656.jpg,IMG/left_2026_08_30_19_28_07_656.jpg,IMG/right_2026_08_30_19_28_07_656.jpg,0,1,0,30.19023
IMG/center_2026_08_30_19_28_07_761.jpg,IMG/left_2026_08_30_19_28_07_761.jpg,IMG/right_2026_08_30_19_28_07_761.jpg,0,1,0,30.19029
IMG/center_2026_08_30_19_28_07_862.jpg,IMG/left_2026_08_30_19_28_07_862.jpg,IMG/right_2026_08_30_19_28_07_862.jpg,0,1,0,30.19029
IMG/center_2026_08_30_19_28_07_969.jpg,IMG/left_2026_08_30_19_28_07_969.jpg,IMG/right_2026_08_30_19_28_07_969.jpg,0,1,0,30.19029
IMG/center_2026_08_30_19_28_08_075.jpg,IMG/left_2026_08_30_19_28_08_075.jpg,IMG/right_2026_08_30_19_28_08_075.jpg,0,1,0,30.1903
IMG/center_2026_08_30_19_28_08_175.jpg,IMG/left_2026_08_30_19_28_08_175.jpg,IMG/right_2026_08_30_19_28_08_175.jpg,-0.0719526,1,0,30.18902
IMG/center_2026_08_30_19_28_08_279.jpg,IMG/left_2026_08_30_19_28_08_279.jpg,IMG/right_2026_08_30_19_28_08_279.jpg,-0.0469905,1,0,30.19052
IMG/center_2026_08_30_19_28_08_380.jpg,IMG/left_2026_08_30_19_28_08_380.jpg,IMG/right_2026_08_30_19_28_08_380.jpg,0,1,0,30.1902
IMG/center_2026_08_30_19_28_08_483.jpg,IMG/left_2026_08_30_19_28_08_483.jpg,IMG/right_2026_08_30_19_28_08_483.jpg,0,1,0,30.19028
IMG/center_2026_08_30_19_28_08_586.jpg,IMG/left_2026_08_30_19_28_08_586.jpg,IMG/right_2026_08_30_19_28_08_586.jpg,0,1,0,30.19029
IMG/center_2026_08_30_19_28_08_693.jpg,IMG/left_2026_08_30_19_28_08_693.jpg,IMG/right_2026_08_30_19_28_08_693.jpg,0,1,0,30.19029
IMG/center_2026_08_30_19_28_08_795.jpg,IMG/left_2026_08_30_19_28_08_795.jpg,IMG/right_2026_08_30_19_28_08_795.jpg,-0.1102575,1,0,30.18718
IMG/center_2026_08_30_19_28_08_898.jpg,IMG/left_2026_08_30_19_28_08_898.jpg,IMG/right_2026_08_30_19_28_08_898.jpg,0,1,0,30.19007
IMG/center_2026_08_30_19_28_09_002.jpg,IMG/left_2026_08_30_19_28_09_002.jpg,IMG/right_2026_08_30_19_28_09_002.jpg,0,1,0,30.19025
IMG/center_2026_08_30_19_28_09_107.jpg,IMG/left_2026_08_30_19_28_09_107.jpg,IMG/right_2026_08_30_19_28_09_107.jpg,0,1,0,30.19029
IMG/center_2026_08_30_19_28_09_212.jpg,IMG/left_2026_08_30_19_28_09_212.jpg,IMG/right_2026_08_30_19_28_09_212.jpg,0,1,0,30.1903
IMG/center_2026_08_30_19_28_09_319.jpg,IMG/left_2026_08_30_19_28_09_319.jpg,IMG/right_2026_08_30_19_28_09_319.jpg,0,1,0,30.1903
IMG/center_2026_08_30_19_28_09_426.jpg,IMG/left_2026_08_30_19_28_09_426.jpg,IMG/right_2026_08_30_19_28_09_426.jpg,0,1,0,30.1903
IMG/center_2026_08_30_19_28_09_526.jpg,IMG/left_2026_08_30_19_28_09_526.jpg,IMG/right_2026_08_30_19_28_09_526.jpg,0,1,0,30.1903
IMG/center_2026_08_30_19_28_09_627.jpg,IMG/left_2026_08_30_19_28_09_627.jpg,IMG/right_2026_08_30_19_28_09_627.jpg,0,1,0,30.19031
IMG/center_2026_08_30_19_28_09_727.jpg,IMG/left_2026_08_30_19_28_09_727.jpg,IMG/right_2026_08_30_19_28_09_727.jpg,0,1,0,30.1903
IMG/center_2026_08_30_19_28_09_831.jpg,IMG/left_2026_08_30_19_28_09_831.jpg,IMG/right_2026_08_30_19_28_09_831.jpg,0,1,0,30.1903
IMG/center_2026_08_30_19_28_09_935.jpg,IMG/left_2026_08_30_19_28_09_935.jpg,IMG/right_2026_08_30_19_28_09_935.jpg,0,1,0,30.1903
IMG/center_2026_08_30_19_28_10_037.jpg,IMG/left_2026_08_30_19_28_10_037.jpg,IMG/right_2026_08_30_19_28_10_037.jpg,0,1,0,30.1903
IMG/center_2026_08_30_19_28_10_139.jpg,IMG/left_2026_08_30_19_28_10_139.jpg,IMG/right_2026_08_30_19_28_10_139.jpg,0,1,0,30.1903
IMG/center_2026_08_30_19_28_10_245.jpg,IMG/left_2026_08_30_19_28_10_245.jpg,IMG/right_2026_08_30_19_28_10_245.jpg,0,1,0,30.1903
IMG/center_2026_08_30_19_28_10_350.jpg,IMG/left_2026_08_30_19_28_10_350.jpg,IMG/right_2026_08_30_19_28_10_350.jpg,-0.0669267,1,0,30.18923
IMG/center_2026_08_30_19_28_10_460.jpg,IMG/left_2026_08_30_19_28_10_460.jpg,IMG/right_2026_08_30_19_28_10_460.jpg,0,1,0,30.19005
IMG/center_2026_08_30_19_28_10_564.jpg,IMG/left_2026_08_30_19_28_10_564.jpg,IMG/right_2026_08_30_19_28_10_564.jpg,0,1,0,30.19027
IMG/center_2026_08_30_19_28_10_666.jpg,IMG/left_2026_08_30_19_28_10_666.jpg,IMG/right_2026_08_30_19_28_10_666.jpg,0,1,0,30.19029
IMG/center_2026_08_30_19_28_10_770.jpg,IMG/left_2026_08_30_19_28_10_770.jpg,IMG/right_2026_08_30_19_28_10_770.jpg,-0.0622938,1,0,30.18945
IMG/center_2026_08_30_19_28_10_876.jpg,IMG/left_2026_08_30_19_28_10_876.jpg,IMG/right_2026_08_30_19_28_10_876.jpg,-0.1301895,1,0,30.18952
IMG/center_2026_08_30_19_28_10_980.jpg,IMG/left_2026_08_30_19_28_10_980.jpg,IMG/right_2026_08_30_19_28_10_980.jpg,0,1,0,30.18982
IMG/center_2026_08_30_19_28_11_085.jpg,IMG/left_2026_08_30_19_28_11_085.jpg,IMG/right_2026_08_30_19_28_11_085.jpg,0,1,0,30.19023
IMG/center_2026_08_30_19_28_11_186.jpg,IMG/left_2026_08_30_19_28_11_186.jpg,IMG/right_2026_08_30_19_28_11_186.jpg,0,1,0,30.19029
IMG/center_2026_08_30_19_28_11_287.jpg,IMG/left_2026_08_30_19_28_11_287.jpg,IMG/right_2026_08_30_19_28_11_287.jpg,0,1,0,30.1903
IMG/center_2026_08_30_19_28_11_392.jpg,IMG/left_2026_08_30_19_28_11_392.jpg,IMG/right_2026_08_30_19_28_11_392.jpg,0,1,0,30.1903
IMG/center_2026_08_30_19_28_11_500.jpg,IMG/left_2026_08_30_19_28_11_500.jpg,IMG/right_2026_08_30_19_28_11_500.jpg,0,1,0,30.1903
IMG/center_2026_08_30_19_28_11_607.jpg,IMG/left_2026_08_30_19_28_11_607.jpg,IMG/right_2026_08_30_19_28_11_607.jpg,0,1,0,30.19029
IMG/center_2026_08_30_19_28_11_707.jpg,IMG/left_2026_08_30_19_28_11_707.jpg,IMG/right_2026_08_30_19_28_11_707.jpg,0,1,0,30.1903
IMG/center_2026_08_30_19_28_11_808.jpg,IMG/left_2026_08_30_19_28_11_808.jpg,IMG/right_2026_08_30_19_28_11_808.jpg,0,1,0,30.1903
IMG/center_2026_08_30_19_28_11_915.jpg,IMG/left_2026_08_30_19_28_11_915.jpg,IMG/right_2026_08_30_19_28_11_915.jpg,-0.1797708,1,0,30.18126
IMG/center_2026_08_30_19_28_12_016.jpg,IMG/left_2026_08_30_19_28_12_016.jpg,IMG/right_2026_08_30_19_28_12_016.jpg,-0.01709219,1,0,30.19039
IMG/center_2026_08_30_19_28_12_122.jpg,IMG/left_2026_08_30_19_28_12_122.jpg,IMG/right_2026_08_30_19_28_12_122.jpg,0,1,0,30.1901
IMG/center_2026_08_30_19_28_12_229.jpg,IMG/left_2026_08_30_19_28_12_229.jpg,IMG/right_2026_08_30_19_28_12_229.jpg,0,1,0,30.19027
IMG/center_2026_08_30_19_28_12_334.jpg,IMG/left_2026_08_30_19_28_12_334.jpg,IMG/right_2026_08_30_19_28_12_334.jpg,0,1,0,30.19029
IMG/center_2026_08_30_19_28_12_437.jpg,IMG/left_2026_08_30_19_28_12_437.jpg,IMG/right_2026_08_30_19_28_12_437.jpg,0,1,0,30.1903
IMG/center_2026_08_30_19_28_12_537.jpg,IMG/left_2026_08_30_19_28_12_537.jpg,IMG/right_2026_08_30_19_28_12_537.jpg,0,1,0,30.19029
IMG/center_2026_08_30_19_28_12_638.jpg,IMG/left_2026_08_30_19_28_12_638.jpg,IMG/right_2026_08_30_19_28_12_638.jpg,0,1,0,30.1903
IMG/center_2026_08_30_19_28_12_738.jpg,IMG/left_2026_08_30_19_28_12_738.jpg,IMG/right_2026_08_30_19_28_12_738.jpg,0,1,0,30.1903
IMG/center_2026_08_30_19_28_12_844.jpg,IMG/left_2026_08_30_19_28_12_844.jpg,IMG/right_2026_08_30_19_28_12_844.jpg,0,1,0,30.1903
IMG/center_2026_08_30_19_28_12_950.jpg,IMG/left_2026_08_30_19_28_12_950.jpg,IMG/right_2026_08_30_19_28_12_950.jpg,0,1,0,30.19031
IMG/center_2026_08_30_19_28_13_054.jpg,IMG/left_2026_08_30_19_28_13_054.jpg,IMG/right_2026_08_30_19_28_13_054.jpg,0,1,0,30.1903
IMG/center_2026_08_30_19_28_13_156.jpg,IMG/left_2026_08_30_19_28_13_156.jpg,IMG/right_2026_08_30_19_28_13_156.jpg,0,1,0,30.1903
IMG/center_2026_08_30_19_28_13_258.jpg,IMG/left_2026_08_30_19_28_13_258.jpg,IMG/right_2026_08_30_19_28_13_258.jpg,0,1,0,30.1903
IMG/center_2026_08_30_19_28_13_362.jpg,IMG/left_2026_08_30_19_28_13_362.jpg,IMG/right_2026_08_30_19_28_13_362.jpg,0,1,0,30.1903
IMG/center_2026_08_30_19_28_13_464.jpg,IMG/left_2026_08_30_19_28_13_464.jpg,IMG/right_2026_08_30_19_28_13_464.jpg,0,1,0,30.19029
IMG/center_2026_08_30_19_28_13_565.jpg,IMG/left_2026_08_30_19_28_13_565.jpg,IMG/right_2026_08_30_19_28_13_565.jpg,0,1,0,30.1903
IMG/center_2026_08_30_19_28_13_666.jpg,IMG/left_2026_08_30_19_28_13_666.jpg,IMG/right_2026_08_30_19_28_13_666.jpg,0,1,0,30.1903
IMG/center_2026_08_30_19_28_13_769.jpg,IMG/left_2026_08_30_19_28_13_769.jpg,IMG/right_2026_08_30_19_28_13_769.jpg,0,1,0,30.1903
IMG/center_2026_08_30_19_28_13_873.jpg,IMG/left_2026_08_30_19_28_13_873.jpg,IMG/right_2026_08_30_19_28_13_873.jpg,0,1,0,30.1903
IMG/center_2026_08_30_19_28_13_974.jpg,IMG/left_2026_08_30_19_28_13_974.jpg,IMG/right_2026_08_30_19_28_13_974.jpg,0,1,0,30.1903
IMG/center_2026_08_30_19_28_14_079.jpg,IMG/left_2026_08_30_19_28_14_079.jpg,IMG/right_2026_08_30_19_28_14_079.jpg,0,1,0,30.1903
IMG/center_2026_08_30_19_28_14_179.jpg,IMG/left_2026_08_30_19_28_14_179.jpg,IMG/right_2026_08_30_19_28_14_179.jpg,0,1,0,30.1903
IMG/center_2026_08_30_19_28_14_285.jpg,IMG/left_2026_08_30_19_28_14_285.jpg,IMG/right_2026_08_30_19_28_14_285.jpg,0,1,0,30.1903
IMG/center_2026_08_30_19_28_14_390.jpg,IMG/left_2026_08_30_19_28_14_390.jpg,IMG/right_2026_08_30_19_28_14_390.jpg,0,1,0,30.1903
IMG/center_2026_08_30_19_28_14_496.jpg,IMG/left_2026_08_30_19_28_14_496.jpg,IMG/right_2026_08_30_19_28_14_496.jpg,0,1,0,30.1903
IMG/center_2026_08_30_19_28_14_596.jpg,IMG/left_2026_08_30_19_28_14_596.jpg,IMG/right_2026_08_30_19_28_14_596.jpg,0,1,0,30.1903
IMG/center_2026_08_30_19_28_14_702.jpg,IMG/left_2026_08_30_19_28_14_702.jpg,IMG/right_2026_08_30_19_28_14_702.jpg,-0.2509548,1,0,30.17449
IMG/center_2026_08_30_19_28_14_804.jpg,IMG/left_2026_08_30_19_28_14_804.jpg,IMG/right_2026_08_30_19_28_14_804.jpg,-0.1745995,1,0,30.18917
IMG/center_2026_08_30_19_28_14_907.jpg,IMG/left_2026_08_30_19_28_14_907.jpg,IMG/right_2026_08_30_19_28_14_907.jpg,0,1,0,30.18906
IMG/center_2026_08_30_19_28_15_011.jpg,IMG/left_2026_08_30_19_28_15_011.jpg,IMG/right_2026_08_30_19_28_15_011.jpg,0,1,0,30.19013
IMG/center_2026_08_30_19_28_15_118.jpg,IMG/left_2026_08_30_19_28_15_118.jpg,IMG/right_2026_08_30_19_28_15_118.jpg,0,1,0,30.19029
IMG/center_2026_08_30_19_28_15_220.jpg,IMG/left_2026_08_30_19_28_15_220.jpg,IMG/right_2026_08_30_19_28_15_220.jpg,0,1,0,30.1903
IMG/center_2026_08_30_19_28_15_326.jpg,IMG/left_2026_08_30_19_28_15_326.jpg,IMG/right_2026_08_30_19_28_15_326.jpg,0,1,0,30.1903
IMG/center_2026_08_30_19_28_15_427.jpg,IMG/left_2026_08_30_19_28_15_427.jpg,IMG/right_2026_08_30_19_28_15_427.jpg,0,1,0,30.19029
IMG/center_2026_08_30_19_28_15_533.jpg,IMG/left_2026_08_30_19_28_15_533.jpg,IMG/right_2026_08_30_19_28_15_533.jpg,0,1,0,30.1903
IMG/center_2026_08_30_19_28_15_635.jpg,IMG/left_2026_08_30_19_28_15_635.jpg,IMG/right_2026_08_30_19_28_15_635.jpg,0,1,0,30.1903
IMG/center_2026_08_30_19_28_15_738.jpg,IMG/left_2026_08_30_19_28_15_738.jpg,IMG/right_2026_08_30_19_28_15_738.jpg,-0.1484328,1,0,30.18422
IMG/center_2026_08_30_19_28_15_842.jpg,IMG/left_2026_08_30_19_28_15_842.jpg,IMG/right_2026_08_30_19_28_15_842.jpg,-0.0676221,1,0,30.19035
IMG/center_2026_08_30_19_28_15_948.jpg,IMG/left_2026_08_30_19_28_15_948.jpg,IMG/right_2026_08_30_19_28_15_948.jpg,0,1,0,30.19
IMG/center_2026_08_30_19_28_16_048.jpg,IMG/left_2026_08_30_19_28_16_048.jpg,IMG/right_2026_08_30_19_28_16_048.jpg,0,1,0,30.19027
IMG/center_2026_08_30_19_28_16_153.jpg,IMG/left_2026_08_30_19_28_16_153.jpg,IMG/right_2026_08_30_19_28_16_153.jpg,0,1,0,30.1903
IMG/center_2026_08_30_19_28_16_260.jpg,IMG/left_2026_08_30_19_28_16_260.jpg,IMG/right_2026_08_30_19_28_16_260.jpg,0,1,0,30.1903
IMG/center_2026_08_30_19_28_16_365.jpg,IMG/left_2026_08_30_19_28_16_365.jpg,IMG/right_2026_08_30_19_28_16_365.jpg,0,1,0,30.1903
IMG/center_2026_08_30_19_28_16_468.jpg,IMG/left_2026_08_30_19_28_16_468.jpg,IMG/right_2026_08_30_19_28_16_468.jpg,0,1,0,30.1903
IMG/center_2026_08_30_19_28_16_572.jpg,IMG/left_2026_08_30_19_28_16_572.jpg,IMG/right_2026_08_30_19_28_16_572.jpg,-0.1687359,1,0,30.18242
IMG/center_2026_08_30_19_28_16_673.jpg,IMG/left_2026_08_30_19_28_16_673.jpg,IMG/right_2026_08_30_19_28_16_673.jpg,-0.1043481,1,0,30.19031
IMG/center_2026_08_30_19_28_16_775.jpg,IMG/left_2026_08_30_19_28_16_775.jpg,IMG/right_2026_08_30_19_28_16_775.jpg,0,1,0,30.18983
IMG/center_2026_08_30_19_28_16_875.jpg,IMG/left_2026_08_30_19_28_16_875.jpg,IMG/right_2026_08_30_19_28_16_875.jpg,0,1,0,30.19023
IMG/center_2026_08_30_19_28_16_978.jpg,IMG/left_2026_08_30_19_28_16_978.jpg,IMG/right_2026_08_30_19_28_16_978.jpg,-0.3077223,1,0,30.16846
IMG/center_2026_08_30_19_28_17_078.jpg,IMG/left_2026_08_30_19_28_17_078.jpg,IMG/right_2026_08_30_19_28_17_078.jpg,-0.1191888,1,0,30.19142
IMG/center_2026_08_30_19_28_17_181.jpg,IMG/left_2026_08_30_19_28_17_181.jpg,IMG/right_2026_08_30_19_28_17_181.jpg,0,1,0,30.18944
IMG/center_2026_08_30_19_28_17_286.jpg,IMG/left_2026_08_30_19_28_17_286.jpg,IMG/right_2026_08_30_19_28_17_286.jpg,0,1,0,21.6272
IMG/center_2026_08_30_19_28_17_389.jpg,IMG/left_2026_08_30_19_28_17_389.jpg,IMG/right_2026_08_30_19_28_17_389.jpg,0,1,0,21.62929
IMG/center_2026_08_30_19_28_17_495.jpg,IMG/left_2026_08_30_19_28_17_495.jpg,IMG/right_2026_08_30_19_28_17_495.jpg,0,1,0,21.71798
IMG/center_2026_08_30_19_28_17_598.jpg,IMG/left_2026_08_30_19_28_17_598.jpg,IMG/right_2026_08_30_19_28_17_598.jpg,0,1,0,22.06263
IMG/center_2026_08_30_19_28_17_703.jpg,IMG/left_2026_08_30_19_28_17_703.jpg,IMG/right_2026_08_30_19_28_17_703.jpg,0,1,0,17.84358
IMG/center_2026_08_30_19_28_17_804.jpg,IMG/left_2026_08_30_19_28_17_804.jpg,IMG/right_2026_08_30_19_28_17_804.jpg,-0.2352852,1,0,2.073439
IMG/center_2026_08_30_19_28_17_910.jpg,IMG/left_2026_08_30_19_28_17_910.jpg,IMG/right_2026_08_30_19_28_17_910.jpg,-0.3555681,1,0,1.490727
IMG/center_2026_08_30_19_28_18_015.jpg,IMG/left_2026_08_30_19_28_18_015.jpg,IMG/right_2026_08_30_19_28_18_015.jpg,0,1,0,1.074576
IMG/center_2026_08_30_19_28_18_121.jpg,IMG/left_2026_08_30_19_28_18_121.jpg,IMG/right_2026_08_30_19_28_18_121.jpg,-0.1633458,1,0,0.753269
IMG/center_2026_08_30_19_28_18_223.jpg,IMG/left_2026_08_30_19_28_18_223.jpg,IMG/right_2026_08_30_19_28_18_223.jpg,-0.4918848,1,0,0.3843351
IMG/center_2026_08_30_19_28_18_328.jpg,IMG/left_2026_08_30_19_28_18_328.jpg,IMG/right_2026_08_30_19_28_18_328.jpg,-0.765527,1,0,0.2425933
IMG/center_2026_08_30_19_28_18_437.jpg,IMG/left_2026_08_30_19_28_18_437.jpg,IMG/right_2026_08_30_19_28_18_437.jpg,-1,1,0,0.173201
IMG/center_2026_08_30_19_28_18_537.jpg,IMG/left_2026_08_30_19_28_18_537.jpg,IMG/right_2026_08_30_19_28_18_537.jpg,-1,1,0,0.4276152
IMG/center_2026_08_30_19_28_18_640.jpg,IMG/left_2026_08_30_19_28_18_640.jpg,IMG/right_2026_08_30_19_28_18_640.jpg,-1,1,0,0.1502334
IMG/center_2026_08_30_19_28_18_740.jpg,IMG/left_2026_08_30_19_28_18_740.jpg,IMG/right_2026_08_30_19_28_18_740.jpg,-1,1,0,0.04677621
IMG/center_2026_08_30_19_28_18_846.jpg,IMG/left_2026_08_30_19_28_18_846.jpg,IMG/right_2026_08_30_19_28_18_846.jpg,-1,1,0,0.08577789
IMG/center_2026_08_30_19_28_18_950.jpg,IMG/left_2026_08_30_19_28_18_950.jpg,IMG/right_2026_08_30_19_28_18_950.jpg,-1,1,0,0.05287128
IMG/center_2026_08_30_19_28_19_053.jpg,IMG/left_2026_08_30_19_28_19_053.jpg,IMG/right_2026_08_30_19_28_19_053.jpg,-0.8398933,0.9391639,0,0.02251192
IMG/center_2026_08_30_19_28_19_160.jpg,IMG/left_2026_08_30_19_28_19_160.jpg,IMG/right_2026_08_30_19_28_19_160.jpg,-0.5442664,0.643537,0,0.005299886
IMG/center_2026_08_30_19_28_19_264.jpg,IMG/left_2026_08_30_19_28_19_264.jpg,IMG/right_2026_08_30_19_28_19_264.jpg,-0.2288988,0.3281694,0,0.003087731
IMG/center_2026_08_30_19_28_19_370.jpg,IMG/left_2026_08_30_19_28_19_370.jpg,IMG/right_2026_08_30_19_28_19_370.jpg,0,0.03942569,0,0.00870333
IMG/center_2026_08_30_19_28_19_471.jpg,IMG/left_2026_08_30_19_28_19_471.jpg,IMG/right_2026_08_30_19_28_19_471.jpg,0.2611386,0,0.2892747,0.01945433
IMG/center_2026_08_30_19_28_19_577.jpg,IMG/left_2026_08_30_19_28_19_577.jpg,IMG/right_2026_08_30_19_28_19_577.jpg,0.6176478,0,0.6457839,0.009770232
IMG/center_2026_08_30_19_28_19_681.jpg,IMG/left_2026_08_30_19_28_19_681.jpg,IMG/right_2026_08_30_19_28_19_681.jpg,0.9110058,0,0.9391419,0.003024076
IMG/center_2026_08_30_19_28_19_783.jpg,IMG/left_2026_08_30_19_28_19_783.jpg,IMG/right_2026_08_30_19_28_19_783.jpg,1,0,1,0.01361298
IMG/center_2026_08_30_19_28_19_887.jpg,IMG/left_2026_08_30_19_28_19_887.jpg,IMG/right_2026_08_30_19_28_19_887.jpg,1,0,1,0.01011808
IMG/center_2026_08_30_19_28_19_989.jpg,IMG/left_2026_08_30_19_28_19_989.jpg,IMG/right_2026_08_30_19_28_19_989.jpg,1,0,1,0.003100984
IMG/center_2026_08_30_19_28_20_091.jpg,IMG/left_2026_08_30_19_28_20_091.jpg,IMG/right_2026_08_30_19_28_20_091.jpg,1,0,1,0.0104751
IMG/center_2026_08_30_19_28_20_195.jpg,IMG/left_2026_08_30_19_28_20_195.jpg,IMG/right_2026_08_30_19_28_20_195.jpg,1,0,0.9781237,0.006613418
IMG/center_2026_08_30_19_28_20_299.jpg,IMG/left_2026_08_30_19_28_20_299.jpg,IMG/right_2026_08_30_19_28_20_299.jpg,0.690546,0,0.6686698,0.006903288
IMG/center_2026_08_30_19_28_20_401.jpg,IMG/left_2026_08_30_19_28_20_401.jpg,IMG/right_2026_08_30_19_28_20_401.jpg,-0.2220396,0.1238142,0,0.01698794
IMG/center_2026_08_30_19_28_20_503.jpg,IMG/left_2026_08_30_19_28_20_503.jpg,IMG/right_2026_08_30_19_28_20_503.jpg,-0.5286237,0.4303983,0,0.01748794
IMG/center_2026_08_30_19_28_20_609.jpg,IMG/left_2026_08_30_19_28_20_609.jpg,IMG/right_2026_08_30_19_28_20_609.jpg,-0.840273,0.7420476,0,0.02014033
IMG/center_2026_08_30_19_28_20_708.jpg,IMG/left_2026_08_30_19_28_20_708.jpg,IMG/right_2026_08_30_19_28_20_708.jpg,-1,1,0,0.02076073
IMG/center_2026_08_30_19_28_20_811.jpg,IMG/left_2026_08_30_19_28_20_811.jpg,IMG/right_2026_08_30_19_28_20_811.jpg,-1,1,0,0.01725993
IMG/center_2026_08_30_19_28_20_917.jpg,IMG/left_2026_08_30_19_28_20_917.jpg,IMG/right_2026_08_30_19_28_20_917.jpg,-1,1,0,0.001062073
IMG/center_2026_08_30_19_28_21_021.jpg,IMG/left_2026_08_30_19_28_21_021.jpg,IMG/right_2026_08_30_19_28_21_021.jpg,-1,1,0,0.004701917
IMG/center_2026_08_30_19_28_21_125.jpg,IMG/left_2026_08_30_19_28_21_125.jpg,IMG/right_2026_08_30_19_28_21_125.jpg,-1,1,0,0.003916145
IMG/center_2026_08_30_19_28_21_230.jpg,IMG/left_2026_08_30_19_28_21_230.jpg,IMG/right_2026_08_30_19_28_21_230.jpg,-1,1,0,0.005499291
IMG/center_2026_08_30_19_28_21_332.jpg,IMG/left_2026_08_30_19_28_21_332.jpg,IMG/right_2026_08_30_19_28_21_332.jpg,-1,1,0,0.002715512
IMG/center_2026_08_30_19_28_21_437.jpg,IMG/left_2026_08_30_19_28_21_437.jpg,IMG/right_2026_08_30_19_28_21_437.jpg,-1,1,0,0.002373591
IMG/center_2026_08_30_19_28_21_540.jpg,IMG/left_2026_08_30_19_28_21_540.jpg,IMG/right_2026_08_30_19_28_21_540.jpg,-1,1,0,0.008352797
IMG/center_2026_08_30_19_28_21_644.jpg,IMG/left_2026_08_30_19_28_21_644.jpg,IMG/right_2026_08_30_19_28_21_644.jpg,-1,1,0,0.010749
IMG/center_2026_08_30_19_28_21_746.jpg,IMG/left_2026_08_30_19_28_21_746.jpg,IMG/right_2026_08_30_19_28_21_746.jpg,-1,1,0,0.001962062
IMG/center_2026_08_30_19_28_21_855.jpg,IMG/left_2026_08_30_19_28_21_855.jpg,IMG/right_2026_08_30_19_28_21_855.jpg,-1,1,0,0.002368139
IMG/center_2026_08_30_19_28_21_959.jpg,IMG/left_2026_08_30_19_28_21_959.jpg,IMG/right_2026_08_30_19_28_21_959.jpg,-0.9130561,0.7047839,0,0.01121484
IMG/center_2026_08_30_19_28_22_060.jpg,IMG/left_2026_08_30_19_28_22_060.jpg,IMG/right_2026_08_30_19_28_22_060.jpg,-0.6117802,0.403508,0,0.01588926
IMG/center_2026_08_30_19_28_22_160.jpg,IMG/left_2026_08_30_19_28_22_160.jpg,IMG/right_2026_08_30_19_28_22_160.jpg,0.1671768,0,0.1879053,0.02508514
IMG/center_2026_08_30_19_28_22_264.jpg,IMG/left_2026_08_30_19_28_22_264.jpg,IMG/right_2026_08_30_19_28_22_264.jpg,0.4785738,0,0.4993023,0.01171678
IMG/center_2026_08_30_19_28_22_364.jpg,IMG/left_2026_08_30_19_28_22_364.jpg,IMG/right_2026_08_30_19_28_22_364.jpg,0.7622334,0,0.7829619,0.01885091
IMG/center_2026_08_30_19_28_22_468.jpg,IMG/left_2026_08_30_19_28_22_468.jpg,IMG/right_2026_08_30_19_28_22_468.jpg,1,0,1,0.02063085
IMG/center_2026_08_30_19_28_22_570.jpg,IMG/left_2026_08_30_19_28_22_570.jpg,IMG/right_2026_08_30_19_28_22_570.jpg,0.7877619,0,0.7404672,0.006479146
IMG/center_2026_08_30_19_28_22_676.jpg,IMG/left_2026_08_30_19_28_22_676.jpg,IMG/right_2026_08_30_19_28_22_676.jpg,0.4245626,0,0.377268,0.009654293
IMG/center_2026_08_30_19_28_22_781.jpg,IMG/left_2026_08_30_19_28_22_781.jpg,IMG/right_2026_08_30_19_28_22_781.jpg,0,0.2457768,0,0.02408847
IMG/center_2026_08_30_19_28_22_884.jpg,IMG/left_2026_08_30_19_28_22_884.jpg,IMG/right_2026_08_30_19_28_22_884.jpg,-0.3042528,0.5500296,0,0.02239684
IMG/center_2026_08_30_19_28_22_989.jpg,IMG/left_2026_08_30_19_28_22_989.jpg,IMG/right_2026_08_30_19_28_22_989.jpg,-0.6197025,0.8654793,0,0.03110778
IMG/center_2026_08_30_19_28_23_090.jpg,IMG/left_2026_08_30_19_28_23_090.jpg,IMG/right_2026_08_30_19_28_23_090.jpg,-0.9049201,1,0,0.02351181
IMG/center_2026_08_30_19_28_23_195.jpg,IMG/left_2026_08_30_19_28_23_195.jpg,IMG/right_2026_08_30_19_28_23_195.jpg,-1,1,0,0.01312588
IMG/center_2026_08_30_19_28_23_299.jpg,IMG/left_2026_08_30_19_28_23_299.jpg,IMG/right_2026_08_30_19_28_23_299.jpg,-1,1,0,0.005433771
IMG/center_2026_08_30_19_28_23_399.jpg,IMG/left_2026_08_30_19_28_23_399.jpg,IMG/right_2026_08_30_19_28_23_399.jpg,-1,1,0,0.001186231
IMG/center_2026_08_30_19_28_23_501.jpg,IMG/left_2026_08_30_19_28_23_501.jpg,IMG/right_2026_08_30_19_28_23_501.jpg,-0.8739825,0.8321571,0,0.002582233
IMG/center_2026_08_30_19_28_23_601.jpg,IMG/left_2026_08_30_19_28_23_601.jpg,IMG/right_2026_08_30_19_28_23_601.jpg,-0.5721919,0.5303665,0,0.01413155
IMG/center_2026_08_30_19_28_23_705.jpg,IMG/left_2026_08_30_19_28_23_705.jpg,IMG/right_2026_08_30_19_28_23_705.jpg,-0.2790613,0.2372359,0,0.01397157
IMG/center_2026_08_30_19_28_23_811.jpg,IMG/left_2026_08_30_19_28_23_811.jpg,IMG/right_2026_08_30_19_28_23_811.jpg,0,0,0,0.01554845
IMG/center_2026_08_30_19_28_23_911.jpg,IMG/left_2026_08_30_19_28_23_911.jpg,IMG/right_2026_08_30_19_28_23_911.jpg,0,0,0,0.01241052
IMG/center_2026_08_30_19_28_24_015.jpg,IMG/left_2026_08_30_19_28_24_015.jpg,IMG/right_2026_08_30_19_28_24_015.jpg,0,0,0,0.001806565
IMG/center_2026_08_30_19_28_24_118.jpg,IMG/left_2026_08_30_19_28_24_118.jpg,IMG/right_2026_08_30_19_28_24_118.jpg,0,0,0,0.007575596
IMG/center_2026_08_30_19_28_24_218.jpg,IMG/left_2026_08_30_19_28_24_218.jpg,IMG/right_2026_08_30_19_28_24_218.jpg,0,0,0,0.001199647
IMG/center_2026_08_30_19_28_24_320.jpg,IMG/left_2026_08_30_19_28_24_320.jpg,IMG/right_2026_08_30_19_28_24_320.jpg,0,0,0,0.00146487
IMG/center_2026_08_30_19_28_24_420.jpg,IMG/left_2026_08_30_19_28_24_420.jpg,IMG/right_2026_08_30_19_28_24_420.jpg,0,0,0,0.00380317
IMG/center_2026_08_30_19_28_24_520.jpg,IMG/left_2026_08_30_19_28_24_520.jpg,IMG/right_2026_08_30_19_28_24_520.jpg,0,0,0,0.002101014
IMG/center_2026_08_30_19_28_24_624.jpg,IMG/left_2026_08_30_19_28_24_624.jpg,IMG/right_2026_08_30_19_28_24_624.jpg,0,0,0,0.0004693787
IMG/center_2026_08_30_19_28_24_726.jpg,IMG/left_2026_08_30_19_28_24_726.jpg,IMG/right_2026_08_30_19_28_24_726.jpg,0,0,0,0.003721681
IMG/center_2026_08_30_19_28_24_830.jpg,IMG/left_2026_08_30_19_28_24_830.jpg,IMG/right_2026_08_30_19_28_24_830.jpg,0,0,0,0.02428617
IMG/center_2026_08_30_19_28_24_930.jpg,IMG/left_2026_08_30_19_28_24_930.jpg,IMG/right_2026_08_30_19_28_24_930.jpg,0,0,0,0.02869027
IMG/center_2026_08_30_19_28_25_038.jpg,IMG/left_2026_08_30_19_28_25_038.jpg,IMG/right_2026_08_30_19_28_25_038.jpg,0,0,0,0.01917925
IMG/center_2026_08_30_19_28_25_144.jpg,IMG/left_2026_08_30_19_28_25_144.jpg,IMG/right_2026_08_30_19_28_25_144.jpg,0,0,0,0.009176639
IMG/center_2026_08_30_19_28_25_250.jpg,IMG/left_2026_08_30_19_28_25_250.jpg,IMG/right_2026_08_30_19_28_25_250.jpg,0,0,0,0.003544992
IMG/center_2026_08_30_19_28_25_350.jpg,IMG/left_2026_08_30_19_28_25_350.jpg,IMG/right_2026_08_30_19_28_25_350.jpg,0,0,0,0.001922794
IMG/center_2026_08_30_19_28_25_451.jpg,IMG/left_2026_08_30_19_28_25_451.jpg,IMG/right_2026_08_30_19_28_25_451.jpg,0,0,0,0.0006917881
IMG/center_2026_08_30_19_28_25_554.jpg,IMG/left_2026_08_30_19_28_25_554.jpg,IMG/right_2026_08_30_19_28_25_554.jpg,0,0,0,0.00172692
IMG/center_2026_08_30_19_28_25_659.jpg,IMG/left_2026_08_30_19_28_25_659.jpg,IMG/right_2026_08_30_19_28_25_659.jpg,0,0,0,0.001705295
IMG/center_2026_08_30_19_28_25_765.jpg,IMG/left_2026_08_30_19_28_25_765.jpg,IMG/right_2026_08_30_19_28_25_765.jpg,0,0,0,0.001967134
IMG/center_2026_08_30_19_28_25_867.jpg,IMG/left_2026_08_30_19_28_25_867.jpg,IMG/right_2026_08_30_19_28_25_867.jpg,0,0,0,0.00242303
