IMG\center_2026_08_31_21_50_53_074.jpg,IMG\left_2026_08_31_21_50_53_074.jpg,IMG\right_2026_08_31_21_50_53_074.jpg, 0, 0, 0, 6.403504
IMG\center_2026_08_31_21_50_53_181.jpg,IMG\left_2026_08_31_21_50_53_181.jpg,IMG\right_2026_08_31_21_50_53_181.jpg, 0, 0, 0, 6.339233
IMG\center_2026_08_31_21_50_53_282.jpg,IMG\left_2026_08_31_21_50_53_282.jpg,IMG\right_2026_08_31_21_50_53_282.jpg, 0, 0, 0, 6.275608
IMG\center_2026_08_31_21_50_53_383.jpg,IMG\left_2026_08_31_21_50_53_383.jpg,IMG\right_2026_08_31_21_50_53_383.jpg, 0, 0, 0, 6.212621
IMG\center_2026_08_31_21_50_53_485.jpg,IMG\left_2026_08_31_21_50_53_485.jpg,IMG\right_2026_08_31_21_50_53_485.jpg, 0, 0, 0, 6.13787
IMG\center_2026_08_31_21_50_53_590.jpg,IMG\left_2026_08_31_21_50_53_590.jpg,IMG\right_2026_08_31_21_50_53_590.jpg, 0, 0, 0, 6.076268
IMG\center_2026_08_31_21_50_53_695.jpg,IMG\left_2026_08_31_21_50_53_695.jpg,IMG\right_2026_08_31_21_50_53_695.jpg, 0, 0, 0, 6.014926
IMG\center_2026_08_31_21_50_53_798.jpg,IMG\left_2026_08_31_21_50_53_798.jpg,IMG\right_2026_08_31_21_50_53_798.jpg, 0, 0, 0, 5.953975
IMG\center_2026_08_31_21_50_53_905.jpg,IMG\left_2026_08_31_21_50_53_905.jpg,IMG\right_2026_08_31_21_50_53_905.jpg, 0, 0, 0, 5.880868
IMG\center_2026_08_31_21_50_54_006.jpg,IMG\left_2026_08_31_21_50_54_006.jpg,IMG\right_2026_08_31_21_50_54_006.jpg, 0, 0.2546955, 0, 5.974054
IMG\center_2026_08_31_21_50_54_105.jpg,IMG\left_2026_08_31_21_50_54_105.jpg,IMG\right_2026_08_31_21_50_54_105.jpg, 0, 0.5567859, 0, 6.431466
IMG\center_2026_08_31_21_50_54_207.jpg,IMG\left_2026_08_31_21_50_54_207.jpg,IMG\right_2026_08_31_21_50_54_207.jpg, 0, 0.859175, 0, 7.239795
IMG\center_2026_08_31_21_50_54_307.jpg,IMG\left_2026_08_31_21_50_54_307.jpg,IMG\right_2026_08_31_21_50_54_307.jpg, -0.3016083, 1, 0, 8.319027
IMG\center_2026_08_31_21_50_54_415.jpg,IMG\left_2026_08_31_21_50_54_415.jpg,IMG\right_2026_08_31_21_50_54_415.jpg, -0.004296912, 1, 0, 9.438139
IMG\center_2026_08_31_21_50_54_518.jpg,IMG\left_2026_08_31_21_50_54_518.jpg,IMG\right_2026_08_31_21_50_54_518.jpg, 0, 1, 0, 10.54733
IMG\center_2026_08_31_21_50_54_619.jpg,IMG\left_2026_08_31_21_50_54_619.jpg,IMG\right_2026_08_31_21_50_54_619.jpg, 0, 1, 0, 11.48079
IMG\center_2026_08_31_21_50_54_727.jpg,IMG\left_2026_08_31_21_50_54_727.jpg,IMG\right_2026_08_31_21_50_54_727.jpg, 0, 0.975478, 0, 12.94754
IMG\center_2026_08_31_21_50_54_828.jpg,IMG\left_2026_08_31_21_50_54_828.jpg,IMG\right_2026_08_31_21_50_54_828.jpg, 0, 0.6710421, 0, 13.77326
IMG\center_2026_08_31_21_50_54_929.jpg,IMG\left_2026_08_31_21_50_54_929.jpg,IMG\right_2026_08_31_21_50_54_929.jpg, 0, 0.7583648, 0, 14.23564
IMG\center_2026_08_31_21_50_55_034.jpg,IMG\left_2026_08_31_21_50_55_034.jpg,IMG\right_2026_08_31_21_50_55_034.jpg, 0, 1, 0, 15.40684
IMG\center_2026_08_31_21_50_55_134.jpg,IMG\left_2026_08_31_21_50_55_134.jpg,IMG\right_2026_08_31_21_50_55_134.jpg, -0.08221559, 1, 0, 16.4912
IMG\center_2026_08_31_21_50_55_235.jpg,IMG\left_2026_08_31_21_50_55_235.jpg,IMG\right_2026_08_31_21_50_55_235.jpg, -0.3807006, 1, 0, 17.34783
IMG\center_2026_08_31_21_50_55_338.jpg,IMG\left_2026_08_31_21_50_55_338.jpg,IMG\right_2026_08_31_21_50_55_338.jpg, -0.3058107, 1, 0, 18.44663
IMG\center_2026_08_31_21_50_55_444.jpg,IMG\left_2026_08_31_21_50_55_444.jpg,IMG\right_2026_08_31_21_50_55_444.jpg, 0, 1, 0, 19.65372
IMG\center_2026_08_31_21_50_55_546.jpg,IMG\left_2026_08_31_21_50_55_546.jpg,IMG\right_2026_08_31_21_50_55_546.jpg, 0, 1, 0, 20.55231
IMG\center_2026_08_31_21_50_55_650.jpg,IMG\left_2026_08_31_21_50_55_650.jpg,IMG\right_2026_08_31_21_50_55_650.jpg, 0, 1, 0, 21.62585
IMG\center_2026_08_31_21_50_55_755.jpg,IMG\left_2026_08_31_21_50_55_755.jpg,IMG\right_2026_08_31_21_50_55_755.jpg, -0.2491776, 1, 0, 22.5499
IMG\center_2026_08_31_21_50_55_856.jpg,IMG\left_2026_08_31_21_50_55_856.jpg,IMG\right_2026_08_31_21_50_55_856.jpg, -0.5528802, 1, 0, 23.39484
IMG\center_2026_08_31_21_50_55_960.jpg,IMG\left_2026_08_31_21_50_55_960.jpg,IMG\right_2026_08_31_21_50_55_960.jpg, -0.8460456, 1, 0, 24.04313
IMG\center_2026_08_31_21_50_56_063.jpg,IMG\left_2026_08_31_21_50_56_063.jpg,IMG\right_2026_08_31_21_50_56_063.jpg, -0.5802074, 1, 0, 24.89329
IMG\center_2026_08_31_21_50_56_166.jpg,IMG\left_2026_08_31_21_50_56_166.jpg,IMG\right_2026_08_31_21_50_56_166.jpg, -0.2276255, 1, 0, 26.08786
IMG\center_2026_08_31_21_50_56_273.jpg,IMG\left_2026_08_31_21_50_56_273.jpg,IMG\right_2026_08_31_21_50_56_273.jpg, 0, 1, 0, 27.01544
IMG\center_2026_08_31_21_50_56_377.jpg,IMG\left_2026_08_31_21_50_56_377.jpg,IMG\right_2026_08_31_21_50_56_377.jpg, 0, 1, 0, 27.94422
IMG\center_2026_08_31_21_50_56_483.jpg,IMG\left_2026_08_31_21_50_56_483.jpg,IMG\right_2026_08_31_21_50_56_483.jpg, 0, 1, 0, 28.87282
IMG\center_2026_08_31_21_50_56_588.jpg,IMG\left_2026_08_31_21_50_56_588.jpg,IMG\right_2026_08_31_21_50_56_588.jpg, 0, 1, 0, 29.97678
IMG\center_2026_08_31_21_50_56_689.jpg,IMG\left_2026_08_31_21_50_56_689.jpg,IMG\right_2026_08_31_21_50_56_689.jpg, 0, 1, 0, 30.19061
IMG\center_2026_08_31_21_50_56_790.jpg,IMG\left_2026_08_31_21_50_56_790.jpg,IMG\right_2026_08_31_21_50_56_790.jpg, 0, 1, 0, 30.19044
IMG\center_2026_08_31_21_50_56_890.jpg,IMG\left_2026_08_31_21_50_56_890.jpg,IMG\right_2026_08_31_21_50_56_890.jpg, 0, 1, 0, 30.19127
IMG\center_2026_08_31_21_50_56_995.jpg,IMG\left_2026_08_31_21_50_56_995.jpg,IMG\right_2026_08_31_21_50_56_995.jpg, 0, 1, 0, 30.19018
IMG\center_2026_08_31_21_50_57_096.jpg,IMG\left_2026_08_31_21_50_57_096.jpg,IMG\right_2026_08_31_21_50_57_096.jpg, 0, 1, 0, 30.19031
IMG\center_2026_08_31_21_50_57_200.jpg,IMG\left_2026_08_31_21_50_57_200.jpg,IMG\right_2026_08_31_21_50_57_200.jpg, -0.0710766, 1, 0, 30.18913
IMG\center_2026_08_31_21_50_57_301.jpg,IMG\left_2026_08_31_21_50_57_301.jpg,IMG\right_2026_08_31_21_50_57_301.jpg, -0.3759213, 1, 0, 30.15814
IMG\center_2026_08_31_21_50_57_409.jpg,IMG\left_2026_08_31_21_50_57_409.jpg,IMG\right_2026_08_31_21_50_57_409.jpg, -0.2650497, 1, 0, 30.18964
IMG\center_2026_08_31_21_50_57_510.jpg,IMG\left_2026_08_31_21_50_57_510.jpg,IMG\right_2026_08_31_21_50_57_510.jpg, 0, 1, 0, 30.18622
IMG\center_2026_08_31_21_50_57_612.jpg,IMG\left_2026_08_31_21_50_57_612.jpg,IMG\right_2026_08_31_21_50_57_612.jpg, 0, 1, 0, 30.18978
IMG\center_2026_08_31_21_50_57_716.jpg,IMG\left_2026_08_31_21_50_57_716.jpg,IMG\right_2026_08_31_21_50_57_716.jpg, 0, 1, 0, 30.19009
IMG\center_2026_08_31_21_50_57_820.jpg,IMG\left_2026_08_31_21_50_57_820.jpg,IMG\right_2026_08_31_21_50_57_820.jpg, 0, 1, 0, 30.19009
IMG\center_2026_08_31_21_50_57_923.jpg,IMG\left_2026_08_31_21_50_57_923.jpg,IMG\right_2026_08_31_21_50_57_923.jpg, 0, 1, 0, 30.18986
IMG\center_2026_08_31_21_50_58_028.jpg,IMG\left_2026_08_31_21_50_58_028.jpg,IMG\right_2026_08_31_21_50_58_028.jpg, 0, 1, 0, 30.18983
IMG\center_2026_08_31_21_50_58_131.jpg,IMG\left_2026_08_31_21_50_58_131.jpg,IMG\right_2026_08_31_21_50_58_131.jpg, 0, 1, 0, 30.18994
IMG\center_2026_08_31_21_50_58_234.jpg,IMG\left_2026_08_31_21_50_58_234.jpg,IMG\right_2026_08_31_21_50_58_234.jpg, 0, 1, 0, 30.18995
IMG\center_2026_08_31_21_50_58_335.jpg,IMG\left_2026_08_31_21_50_58_335.jpg,IMG\right_2026_08_31_21_50_58_335.jpg, 0, 1, 0, 30.19003
IMG\center_2026_08_31_21_50_58_441.jpg,IMG\left_2026_08_31_21_50_58_441.jpg,IMG\right_2026_08_31_21_50_58_441.jpg, 0, 1, 0, 30.19049
IMG\center_2026_08_31_21_50_58_545.jpg,IMG\left_2026_08_31_21_50_58_545.jpg,IMG\right_2026_08_31_21_50_58_545.jpg, 0, 1, 0, 30.18985
IMG\center_2026_08_31_21_50_58_646.jpg,IMG\left_2026_08_31_21_50_58_646.jpg,IMG\right_2026_08_31_21_50_58_646.jpg, 0, 1, 0, 30.19076
IMG\center_2026_08_31_21_50_58_748.jpg,IMG\left_2026_08_31_21_50_58_748.jpg,IMG\right_2026_08_31_21_50_58_748.jpg, 0, 1, 0, 30.19044
IMG\center_2026_08_31_21_50_58_851.jpg,IMG\left_2026_08_31_21_50_58_851.jpg,IMG\right_2026_08_31_21_50_58_851.jpg, -0.2240865, 1, 0, 30.17712
IMG\center_2026_08_31_21_50_58_956.jpg,IMG\left_2026_08_31_21_50_58_956.jpg,IMG\right_2026_08_31_21_50_58_956.jpg, -0.190635, 1, 0, 30.18743
IMG\center_2026_08_31_21_50_59_059.jpg,IMG\left_2026_08_31_21_50_59_059.jpg,IMG\right_2026_08_31_21_50_59_059.jpg, 0, 1, 0, 30.18921
IMG\center_2026_08_31_21_50_59_160.jpg,IMG\left_2026_08_31_21_50_59_160.jpg,IMG\right_2026_08_31_21_50_59_160.jpg, 0, 1, 0, 30.19039
IMG\center_2026_08_31_21_50_59_263.jpg,IMG\left_2026_08_31_21_50_59_263.jpg,IMG\right_2026_08_31_21_50_59_263.jpg, 0, 1, 0, 30.1918
IMG\center_2026_08_31_21_50_59_368.jpg,IMG\left_2026_08_31_21_50_59_368.jpg,IMG\right_2026_08_31_21_50_59_368.jpg, 0, 1, 0, 30.19076
IMG\center_2026_08_31_21_50_59_472.jpg,IMG\left_2026_08_31_21_50_59_472.jpg,IMG\right_2026_08_31_21_50_59_472.jpg, -0.2025159, 1, 0, 30.17885
IMG\center_2026_08_31_21_50_59_574.jpg,IMG\left_2026_08_31_21_50_59_574.jpg,IMG\right_2026_08_31_21_50_59_574.jpg, -0.5122848, 1, 0, 30.13891
IMG\center_2026_08_31_21_50_59_677.jpg,IMG\left_2026_08_31_21_50_59_677.jpg,IMG\right_2026_08_31_21_50_59_677.jpg, -0.5637372, 1, 0, 30.1579
IMG\center_2026_08_31_21_50_59_779.jpg,IMG\left_2026_08_31_21_50_59_779.jpg,IMG\right_2026_08_31_21_50_59_779.jpg, -0.260034, 1, 0, 30.19645
IMG\center_2026_08_31_21_50_59_885.jpg,IMG\left_2026_08_31_21_50_59_885.jpg,IMG\right_2026_08_31_21_50_59_885.jpg, 0, 1, 0, 30.1849
IMG\center_2026_08_31_21_50_59_987.jpg,IMG\left_2026_08_31_21_50_59_987.jpg,IMG\right_2026_08_31_21_50_59_987.jpg, 0, 1, 0, 30.18987
IMG\center_2026_08_31_21_51_00_090.jpg,IMG\left_2026_08_31_21_51_00_090.jpg,IMG\right_2026_08_31_21_51_00_090.jpg, 0, 1, 0, 30.19
IMG\center_2026_08_31_21_51_00_192.jpg,IMG\left_2026_08_31_21_51_00_192.jpg,IMG\right_2026_08_31_21_51_00_192.jpg, 0, 1, 0, 30.18998
IMG\center_2026_08_31_21_51_00_293.jpg,IMG\left_2026_08_31_21_51_00_293.jpg,IMG\right_2026_08_31_21_51_00_293.jpg, 0, 1, 0, 30.18995
IMG\center_2026_08_31_21_51_00_396.jpg,IMG\left_2026_08_31_21_51_00_396.jpg,IMG\right_2026_08_31_21_51_00_396.jpg, 0, 1, 0, 30.19061
IMG\center_2026_08_31_21_51_00_499.jpg,IMG\left_2026_08_31_21_51_00_499.jpg,IMG\right_2026_08_31_21_51_00_499.jpg, 0, 1, 0, 30.19025
IMG\center_2026_08_31_21_51_00_599.jpg,IMG\left_2026_08_31_21_51_00_599.jpg,IMG\right_2026_08_31_21_51_00_599.jpg, 0, 1, 0, 30.19094
IMG\center_2026_08_31_21_51_00_702.jpg,IMG\left_2026_08_31_21_51_00_702.jpg,IMG\right_2026_08_31_21_51_00_702.jpg, 0, 1, 0, 30.1905
IMG\center_2026_08_31_21_51_00_803.jpg,IMG\left_2026_08_31_21_51_00_803.jpg,IMG\right_2026_08_31_21_51_00_803.jpg, 0, 1, 0, 30.19038
IMG\center_2026_08_31_21_51_00_910.jpg,IMG\left_2026_08_31_21_51_00_910.jpg,IMG\right_2026_08_31_21_51_00_910.jpg, 0, 1, 0, 30.19041
IMG\center_2026_08_31_21_51_01_012.jpg,IMG\left_2026_08_31_21_51_01_012.jpg,IMG\right_2026_08_31_21_51_01_012.jpg, 0, 1, 0, 30.19148
IMG\center_2026_08_31_21_51_01_114.jpg,IMG\left_2026_08_31_21_51_01_114.jpg,IMG\right_2026_08_31_21_51_01_114.jpg, 0, 1, 0, 30.18939
IMG\center_2026_08_31_21_51_01_220.jpg,IMG\left_2026_08_31_21_51_01_220.jpg,IMG\right_2026_08_31_21_51_01_220.jpg, 0, 1, 0, 30.19061
IMG\center_2026_08_31_21_51_01_321.jpg,IMG\left_2026_08_31_21_51_01_321.jpg,IMG\right_2026_08_31_21_51_01_321.jpg, -0.173082, 1, 0, 30.184
IMG\center_2026_08_31_21_51_01_428.jpg,IMG\left_2026_08_31_21_51_01_428.jpg,IMG\right_2026_08_31_21_51_01_428.jpg, -0.3210633, 1, 0, 30.17618
IMG\center_2026_08_31_21_51_01_531.jpg,IMG\left_2026_08_31_21_51_01_531.jpg,IMG\right_2026_08_31_21_51_01_531.jpg, -0.03281946, 1, 0, 30.18921
IMG\center_2026_08_31_21_51_01_632.jpg,IMG\left_2026_08_31_21_51_01_632.jpg,IMG\right_2026_08_31_21_51_01_632.jpg, 0, 1, 0, 30.1897
IMG\center_2026_08_31_21_51_01_735.jpg,IMG\left_2026_08_31_21_51_01_735.jpg,IMG\right_2026_08_31_21_51_01_735.jpg, 0, 1, 0, 30.19029
IMG\center_2026_08_31_21_51_01_841.jpg,IMG\left_2026_08_31_21_51_01_841.jpg,IMG\right_2026_08_31_21_51_01_841.jpg, -0.0859344, 1, 0, 30.18901
IMG\center_2026_08_31_21_51_01_946.jpg,IMG\left_2026_08_31_21_51_01_946.jpg,IMG\right_2026_08_31_21_51_01_946.jpg, -0.2731366, 1, 0, 30.17749
IMG\center_2026_08_31_21_51_02_047.jpg,IMG\left_2026_08_31_21_51_02_047.jpg,IMG\right_2026_08_31_21_51_02_047.jpg, 0, 1, 0, 30.18851
IMG\center_2026_08_31_21_51_02_153.jpg,IMG\left_2026_08_31_21_51_02_153.jpg,IMG\right_2026_08_31_21_51_02_153.jpg, 0, 1, 0, 30.19002
IMG\center_2026_08_31_21_51_02_254.jpg,IMG\left_2026_08_31_21_51_02_254.jpg,IMG\right_2026_08_31_21_51_02_254.jpg, 0, 1, 0, 30.19026
IMG\center_2026_08_31_21_51_02_357.jpg,IMG\left_2026_08_31_21_51_02_357.jpg,IMG\right_2026_08_31_21_51_02_357.jpg, -0.2380911, 1, 0, 30.17602
IMG\center_2026_08_31_21_51_02_460.jpg,IMG\left_2026_08_31_21_51_02_460.jpg,IMG\right_2026_08_31_21_51_02_460.jpg, -0.5249238, 1, 0, 30.13799
IMG\center_2026_08_31_21_51_02_566.jpg,IMG\left_2026_08_31_21_51_02_566.jpg,IMG\right_2026_08_31_21_51_02_566.jpg, -0.2506617, 1, 0, 30.19329
IMG\center_2026_08_31_21_51_02_670.jpg,IMG\left_2026_08_31_21_51_02_670.jpg,IMG\right_2026_08_31_21_51_02_670.jpg, 0, 1, 0, 30.1857
IMG\center_2026_08_31_21_51_02_773.jpg,IMG\left_2026_08_31_21_51_02_773.jpg,IMG\right_2026_08_31_21_51_02_773.jpg, 0, 1, 0, 30.18984
IMG\center_2026_08_31_21_51_02_876.jpg,IMG\left_2026_08_31_21_51_02_876.jpg,IMG\right_2026_08_31_21_51_02_876.jpg, 0, 1, 0, 30.19029
IMG\center_2026_08_31_21_51_02_981.jpg,IMG\left_2026_08_31_21_51_02_981.jpg,IMG\right_2026_08_31_21_51_02_981.jpg, 0, 1, 0, 30.19031
IMG\center_2026_08_31_21_51_03_087.jpg,IMG\left_2026_08_31_21_51_03_087.jpg,IMG\right_2026_08_31_21_51_03_087.jpg, 0, 1, 0, 30.19032
IMG\center_2026_08_31_21_51_03_191.jpg,IMG\left_2026_08_31_21_51_03_191.jpg,IMG\right_2026_08_31_21_51_03_191.jpg, 0, 1, 0, 30.19027
IMG\center_2026_08_31_21_51_03_295.jpg,IMG\left_2026_08_31_21_51_03_295.jpg,IMG\right_2026_08_31_21_51_03_295.jpg, 0, 1, 0, 30.1903
IMG\center_2026_08_31_21_51_03_395.jpg,IMG\left_2026_08_31_21_51_03_395.jpg,IMG\right_2026_08_31_21_51_03_395.jpg, 0, 1, 0, 30.18979
IMG\center_2026_08_31_21_51_03_502.jpg,IMG\left_2026_08_31_21_51_03_502.jpg,IMG\right_2026_08_31_21_51_03_502.jpg, 0, 1, 0, 30.19012
IMG\center_2026_08_31_21_51_03_607.jpg,IMG\left_2026_08_31_21_51_03_607.jpg,IMG\right_2026_08_31_21_51_03_607.jpg, 0, 1, 0, 30.18975
IMG\center_2026_08_31_21_51_03_708.jpg,IMG\left_2026_08_31_21_51_03_708.jpg,IMG\right_2026_08_31_21_51_03_708.jpg, 0, 1, 0, 30.19001
IMG\center_2026_08_31_21_51_03_813.jpg,IMG\left_2026_08_31_21_51_03_813.jpg,IMG\right_2026_08_31_21_51_03_813.jpg, 0, 1, 0, 30.19004
IMG\center_2026_08_31_21_51_03_919.jpg,IMG\left_2026_08_31_21_51_03_919.jpg,IMG\right_2026_08_31_21_51_03_919.jpg, 0, 1, 0, 30.18965
IMG\center_2026_08_31_21_51_04_020.jpg,IMG\left_2026_08_31_21_51_04_020.jpg,IMG\right_2026_08_31_21_51_04_020.jpg, 0, 1, 0, 30.19031
IMG\center_2026_08_31_21_51_04_120.jpg,IMG\left_2026_08_31_21_51_04_120.jpg,IMG\right_2026_08_31_21_51_04_120.jpg, 0, 1, 0, 30.18999
IMG\center_2026_08_31_21_51_04_225.jpg,IMG\left_2026_08_31_21_51_04_225.jpg,IMG\right_2026_08_31_21_51_04_225.jpg, 0, 1, 0, 30.19036
IMG\center_2026_08_31_21_51_04_327.jpg,IMG\left_2026_08_31_21_51_04_327.jpg,IMG\right_2026_08_31_21_51_04_327.jpg, 0, 1, 0, 30.19029
IMG\center_2026_08_31_21_51_04_433.jpg,IMG\left_2026_08_31_21_51_04_433.jpg,IMG\right_2026_08_31_21_51_04_433.jpg, 0, 1, 0, 30.19032
IMG\center_2026_08_31_21_51_04_535.jpg,IMG\left_2026_08_31_21_51_04_535.jpg,IMG\right_2026_08_31_21_51_04_535.jpg, 0, 1, 0, 30.19032
IMG\center_2026_08_31_21_51_04_637.jpg,IMG\left_2026_08_31_21_51_04_637.jpg,IMG\right_2026_08_31_21_51_04_637.jpg, 0, 1, 0, 30.19026
IMG\center_2026_08_31_21_51_04_736.jpg,IMG\left_2026_08_31_21_51_04_736.jpg,IMG\right_2026_08_31_21_51_04_736.jpg, 0, 1, 0, 30.19097
IMG\center_2026_08_31_21_51_04_838.jpg,IMG\left_2026_08_31_21_51_04_838.jpg,IMG\right_2026_08_31_21_51_04_838.jpg, 0, 1, 0, 30.1905
IMG\center_2026_08_31_21_51_04_939.jpg,IMG\left_2026_08_31_21_51_04_939.jpg,IMG\right_2026_08_31_21_51_04_939.jpg, 0, 1, 0, 30.18995
IMG\center_2026_08_31_21_51_05_045.jpg,IMG\left_2026_08_31_21_51_05_045.jpg,IMG\right_2026_08_31_21_51_05_045.jpg, 0, 1, 0, 30.19051
IMG\center_2026_08_31_21_51_05_150.jpg,IMG\left_2026_08_31_21_51_05_150.jpg,IMG\right_2026_08_31_21_51_05_150.jpg, 0, 1, 0, 30.19046
IMG\center_2026_08_31_21_51_05_252.jpg,IMG\left_2026_08_31_21_51_05_252.jpg,IMG\right_2026_08_31_21_51_05_252.jpg, 0, 1, 0, 30.19024
IMG\center_2026_08_31_21_51_05_355.jpg,IMG\left_2026_08_31_21_51_05_355.jpg,IMG\right_2026_08_31_21_51_05_355.jpg, 0, 1, 0, 30.19033
IMG\center_2026_08_31_21_51_05_456.jpg,IMG\left_2026_08_31_21_51_05_456.jpg,IMG\right_2026_08_31_21_51_05_456.jpg, 0, 1, 0, 30.19012
IMG\center_2026_08_31_21_51_05_560.jpg,IMG\left_2026_08_31_21_51_05_560.jpg,IMG\right_2026_08_31_21_51_05_560.jpg, -0.1790256, 1, 0, 30.18152
IMG\center_2026_08_31_21_51_05_666.jpg,IMG\left_2026_08_31_21_51_05_666.jpg,IMG\right_2026_08_31_21_51_05_666.jpg, -0.2339859, 1, 0, 30.18602
IMG\center_2026_08_31_21_51_05_767.jpg,IMG\left_2026_08_31_21_51_05_767.jpg,IMG\right_2026_08_31_21_51_05_767.jpg, 0, 1, 0, 30.18802
IMG\center_2026_08_31_21_51_05_869.jpg,IMG\left_2026_08_31_21_51_05_869.jpg,IMG\right_2026_08_31_21_51_05_869.jpg, 0, 1, 0, 30.19004
IMG\center_2026_08_31_21_51_05_971.jpg,IMG\left_2026_08_31_21_51_05_971.jpg,IMG\right_2026_08_31_21_51_05_971.jpg, 0, 1, 0, 30.19027
IMG\center_2026_08_31_21_51_06_075.jpg,IMG\left_2026_08_31_21_51_06_075.jpg,IMG\right_2026_08_31_21_51_06_075.jpg, 0, 1, 0, 30.19028
IMG\center_2026_08_31_21_51_06_180.jpg,IMG\left_2026_08_31_21_51_06_180.jpg,IMG\right_2026_08_31_21_51_06_180.jpg, 0, 1, 0, 30.19032
IMG\center_2026_08_31_21_51_06_286.jpg,IMG\left_2026_08_31_21_51_06_286.jpg,IMG\right_2026_08_31_21_51_06_286.jpg, 0, 1, 0, 30.19028
IMG\center_2026_08_31_21_51_06_385.jpg,IMG\left_2026_08_31_21_51_06_385.jpg,IMG\right_2026_08_31_21_51_06_385.jpg, 0, 1, 0, 30.19018
IMG\center_2026_08_31_21_51_06_490.jpg,IMG\left_2026_08_31_21_51_06_490.jpg,IMG\right_2026_08_31_21_51_06_490.jpg, 0, 1, 0, 30.19029
IMG\center_2026_08_31_21_51_06_595.jpg,IMG\left_2026_08_31_21_51_06_595.jpg,IMG\right_2026_08_31_21_51_06_595.jpg, 0, 1, 0, 30.19032
IMG\center_2026_08_31_21_51_06_697.jpg,IMG\left_2026_08_31_21_51_06_697.jpg,IMG\right_2026_08_31_21_51_06_697.jpg, 0, 1, 0, 30.19029
IMG\center_2026_08_31_21_51_06_801.jpg,IMG\left_2026_08_31_21_51_06_801.jpg,IMG\right_2026_08_31_21_51_06_801.jpg, 0, 1, 0, 30.19029
IMG\center_2026_08_31_21_51_06_905.jpg,IMG\left_2026_08_31_21_51_06_905.jpg,IMG\right_2026_08_31_21_51_06_905.jpg, -0.037062, 1, 0, 30.18998
IMG\center_2026_08_31_21_51_07_005.jpg,IMG\left_2026_08_31_21_51_07_005.jpg,IMG\right_2026_08_31_21_51_07_005.jpg, -0.3405201, 1, 0, 30.16287
IMG\center_2026_08_31_21_51_07_108.jpg,IMG\left_2026_08_31_21_51_07_108.jpg,IMG\right_2026_08_31_21_51_07_108.jpg, -0.03177057, 1, 0, 30.19015
IMG\center_2026_08_31_21_51_07_211.jpg,IMG\left_2026_08_31_21_51_07_211.jpg,IMG\right_2026_08_31_21_51_07_211.jpg, 0, 1, 0, 30.18989
IMG\center_2026_08_31_21_51_07_314.jpg,IMG\left_2026_08_31_21_51_07_314.jpg,IMG\right_2026_08_31_21_51_07_314.jpg, 0, 1, 0, 30.19026
IMG\center_2026_08_31_21_51_07_415.jpg,IMG\left_2026_08_31_21_51_07_415.jpg,IMG\right_2026_08_31_21_51_07_415.jpg, 0, 1, 0, 30.19029
IMG\center_2026_08_31_21_51_07_515.jpg,IMG\left_2026_08_31_21_51_07_515.jpg,IMG\right_2026_08_31_21_51_07_515.jpg, 0, 1, 0, 30.19032
IMG\center_2026_08_31_21_51_07_617.jpg,IMG\left_2026_08_31_21_51_07_617.jpg,IMG\right_2026_08_31_21_51_07_617.jpg, 0, 1, 0, 30.19028
IMG\center_2026_08_31_21_51_07_723.jpg,IMG\left_2026_08_31_21_51_07_723.jpg,IMG\right_2026_08_31_21_51_07_723.jpg, 0, 1, 0, 30.1903
IMG\center_2026_08_31_21_51_07_824.jpg,IMG\left_2026_08_31_21_51_07_824.jpg,IMG\right_2026_08_31_21_51_07_824.jpg, 0, 1, 0, 30.19031
IMG\center_2026_08_31_21_51_07_928.jpg,IMG\left_2026_08_31_21_51_07_928.jpg,IMG\right_2026_08_31_21_51_07_928.jpg, 0, 1, 0, 30.19032
IMG\center_2026_08_31_21_51_08_033.jpg,IMG\left_2026_08_31_21_51_08_033.jpg,IMG\right_2026_08_31_21_51_08_033.jpg, 0, 1, 0, 30.19031
IMG\center_2026_08_31_21_51_08_136.jpg,IMG\left_2026_08_31_21_51_08_136.jpg,IMG\right_2026_08_31_21_51_08_136.jpg, 0, 1, 0, 30.19013
IMG\center_2026_08_31_21_51_08_241.jpg,IMG\left_2026_08_31_21_51_08_241.jpg,IMG\right_2026_08_31_21_51_08_241.jpg, 0, 1, 0, 30.19032
IMG\center_2026_08_31_21_51_08_342.jpg,IMG\left_2026_08_31_21_51_08_342.jpg,IMG\right_2026_08_31_21_51_08_342.jpg, 0, 1, 0, 30.19026
IMG\center_2026_08_31_21_51_08_448.jpg,IMG\left_2026_08_31_21_51_08_448.jpg,IMG\right_2026_08_31_21_51_08_448.jpg, 0, 1, 0, 30.19032
IMG\center_2026_08_31_21_51_08_551.jpg,IMG\left_2026_08_31_21_51_08_551.jpg,IMG\right_2026_08_31_21_51_08_551.jpg, 0, 1, 0, 30.1903
IMG\center_2026_08_31_21_51_08_655.jpg,IMG\left_2026_08_31_21_51_08_655.jpg,IMG\right_2026_08_31_21_51_08_655.jpg, 0, 1, 0, 30.1903
IMG\center_2026_08_31_21_51_08_760.jpg,IMG\left_2026_08_31_21_51_08_760.jpg,IMG\right_2026_08_31_21_51_08_760.jpg, 0, 1, 0, 30.19032
IMG\center_2026_08_31_21_51_08_861.jpg,IMG\left_2026_08_31_21_51_08_861.jpg,IMG\right_2026_08_31_21_51_08_861.jpg, 0, 1, 0, 30.26188
IMG\center_2026_08_31_21_51_08_967.jpg,IMG\left_2026_08_31_21_51_08_967.jpg,IMG\right_2026_08_31_21_51_08_967.jpg, 0, 1, 0, 30.19716
IMG\center_2026_08_31_21_51_09_071.jpg,IMG\left_2026_08_31_21_51_09_071.jpg,IMG\right_2026_08_31_21_51_09_071.jpg, -0.1092789, 1, 0, 30.31917
IMG\center_2026_08_31_21_51_09_172.jpg,IMG\left_2026_08_31_21_51_09_172.jpg,IMG\right_2026_08_31_21_51_09_172.jpg, -0.2952567, 1, 0, 30.16552
IMG\center_2026_08_31_21_51_09_277.jpg,IMG\left_2026_08_31_21_51_09_277.jpg,IMG\right_2026_08_31_21_51_09_277.jpg, 0, 1, 0, 30.18748
IMG\center_2026_08_31_21_51_09_379.jpg,IMG\left_2026_08_31_21_51_09_379.jpg,IMG\right_2026_08_31_21_51_09_379.jpg, 0, 1, 0, 30.18951
IMG\center_2026_08_31_21_51_09_485.jpg,IMG\left_2026_08_31_21_51_09_485.jpg,IMG\right_2026_08_31_21_51_09_485.jpg, 0, 1, 0, 30.18994
IMG\center_2026_08_31_21_51_09_590.jpg,IMG\left_2026_08_31_21_51_09_590.jpg,IMG\right_2026_08_31_21_51_09_590.jpg, 0, 1, 0, 30.18996
IMG\center_2026_08_31_21_51_09_695.jpg,IMG\left_2026_08_31_21_51_09_695.jpg,IMG\right_2026_08_31_21_51_09_695.jpg, 0, 1, 0, 30.18994
IMG\center_2026_08_31_21_51_09_803.jpg,IMG\left_2026_08_31_21_51_09_803.jpg,IMG\right_2026_08_31_21_51_09_803.jpg, 0, 1, 0, 30.18996
IMG\center_2026_08_31_21_51_09_904.jpg,IMG\left_2026_08_31_21_51_09_904.jpg,IMG\right_2026_08_31_21_51_09_904.jpg, 0, 1, 0, 30.18996
IMG\center_2026_08_31_21_51_10_012.jpg,IMG\left_2026_08_31_21_51_10_012.jpg,IMG\right_2026_08_31_21_51_10_012.jpg, 0, 1, 0, 30.18996
IMG\center_2026_08_31_21_51_10_112.jpg,IMG\left_2026_08_31_21_51_10_112.jpg,IMG\right_2026_08_31_21_51_10_112.jpg, 0, 1, 0, 30.18995
IMG\center_2026_08_31_21_51_10_213.jpg,IMG\left_2026_08_31_21_51_10_213.jpg,IMG\right_2026_08_31_21_51_10_213.jpg, 0, 1, 0, 30.18996
IMG\center_2026_08_31_21_51_10_317.jpg,IMG\left_2026_08_31_21_51_10_317.jpg,IMG\right_2026_08_31_21_51_10_317.jpg, 0, 1, 0, 30.18996
IMG\center_2026_08_31_21_51_10_421.jpg,IMG\left_2026_08_31_21_51_10_421.jpg,IMG\right_2026_08_31_21_51_10_421.jpg, 0, 1, 0, 30.18998
IMG\center_2026_08_31_21_51_10_523.jpg,IMG\left_2026_08_31_21_51_10_523.jpg,IMG\right_2026_08_31_21_51_10_523.jpg, 0, 1, 0, 30.18998
IMG\center_2026_08_31_21_51_10_629.jpg,IMG\left_2026_08_31_21_51_10_629.jpg,IMG\right_2026_08_31_21_51_10_629.jpg, 0, 1, 0, 30.18996
IMG\center_2026_08_31_21_51_10_733.jpg,IMG\left_2026_08_31_21_51_10_733.jpg,IMG\right_2026_08_31_21_51_10_733.jpg, 0, 1, 0, 30.18997
IMG\center_2026_08_31_21_51_10_833.jpg,IMG\left_2026_08_31_21_51_10_833.jpg,IMG\right_2026_08_31_21_51_10_833.jpg, 0, 1, 0, 30.18996
IMG\center_2026_08_31_21_51_10_934.jpg,IMG\left_2026_08_31_21_51_10_934.jpg,IMG\right_2026_08_31_21_51_10_934.jpg, 0, 1, 0, 30.18997
IMG\center_2026_08_31_21_51_11_039.jpg,IMG\left_2026_08_31_21_51_11_039.jpg,IMG\right_2026_08_31_21_51_11_039.jpg, 0, 1, 0, 30.18997
IMG\center_2026_08_31_21_51_11_143.jpg,IMG\left_2026_08_31_21_51_11_143.jpg,IMG\right_2026_08_31_21_51_11_143.jpg, 0, 1, 0, 30.18998
IMG\center_2026_08_31_21_51_11_250.jpg,IMG\left_2026_08_31_21_51_11_250.jpg,IMG\right_2026_08_31_21_51_11_250.jpg, 0, 1, 0, 30.18995
IMG\center_2026_08_31_21_51_11_350.jpg,IMG\left_2026_08_31_21_51_11_350.jpg,IMG\right_2026_08_31_21_51_11_350.jpg, 0, 1, 0, 30.18998
IMG\center_2026_08_31_21_51_11_450.jpg,IMG\left_2026_08_31_21_51_11_450.jpg,IMG\right_2026_08_31_21_51_11_450.jpg, 0, 1, 0, 30.18997
IMG\center_2026_08_31_21_51_11_553.jpg,IMG\left_2026_08_31_21_51_11_553.jpg,IMG\right_2026_08_31_21_51_11_553.jpg, 0, 1, 0, 30.18995
IMG\center_2026_08_31_21_51_11_654.jpg,IMG\left_2026_08_31_21_51_11_654.jpg,IMG\right_2026_08_31_21_51_11_654.jpg, 0, 1, 0, 30.18997
IMG\center_2026_08_31_21_51_11_756.jpg,IMG\left_2026_08_31_21_51_11_756.jpg,IMG\right_2026_08_31_21_51_11_756.jpg, 0, 1, 0, 30.18995
IMG\center_2026_08_31_21_51_11_859.jpg,IMG\left_2026_08_31_21_51_11_859.jpg,IMG\right_2026_08_31_21_51_11_859.jpg, 0, 1, 0, 30.18996
IMG\center_2026_08_31_21_51_11_959.jpg,IMG\left_2026_08_31_21_51_11_959.jpg,IMG\right_2026_08_31_21_51_11_959.jpg, 0, 1, 0, 30.18997
IMG\center_2026_08_31_21_51_12_061.jpg,IMG\left_2026_08_31_21_51_12_061.jpg,IMG\right_2026_08_31_21_51_12_061.jpg, 0, 1, 0, 30.18995
IMG\center_2026_08_31_21_51_12_162.jpg,IMG\left_2026_08_31_21_51_12_162.jpg,IMG\right_2026_08_31_21_51_12_162.jpg, 0, 0.743488, 0, 30.13834
IMG\center_2026_08_31_21_51_12_265.jpg,IMG\left_2026_08_31_21_51_12_265.jpg,IMG\right_2026_08_31_21_51_12_265.jpg, 0, 0.3902799, 0, 30.04269
IMG\center_2026_08_31_21_51_12_370.jpg,IMG\left_2026_08_31_21_51_12_370.jpg,IMG\right_2026_08_31_21_51_12_370.jpg, 0, 0.07697406, 0, 29.95072
IMG\center_2026_08_31_21_51_12_474.jpg,IMG\left_2026_08_31_21_51_12_474.jpg,IMG\right_2026_08_31_21_51_12_474.jpg, 0, 0, 0, 29.66281
IMG\center_2026_08_31_21_51_12_577.jpg,IMG\left_2026_08_31_21_51_12_577.jpg,IMG\right_2026_08_31_21_51_12_577.jpg, 0, 0, 0, 29.36334
IMG\center_2026_08_31_21_51_12_683.jpg,IMG\left_2026_08_31_21_51_12_683.jpg,IMG\right_2026_08_31_21_51_12_683.jpg, 0, 0, 0, 29.06689
IMG\center_2026_08_31_21_51_12_791.jpg,IMG\left_2026_08_31_21_51_12_791.jpg,IMG\right_2026_08_31_21_51_12_791.jpg, 0, 0, 0, 28.71506
IMG\center_2026_08_31_21_51_12_895.jpg,IMG\left_2026_08_31_21_51_12_895.jpg,IMG\right_2026_08_31_21_51_12_895.jpg, 0, 0, 0, 28.42511
IMG\center_2026_08_31_21_51_12_998.jpg,IMG\left_2026_08_31_21_51_12_998.jpg,IMG\right_2026_08_31_21_51_12_998.jpg, 0, 0, 0, 28.13807
IMG\center_2026_08_31_21_51_13_104.jpg,IMG\left_2026_08_31_21_51_13_104.jpg,IMG\right_2026_08_31_21_51_13_104.jpg, 0, 0, 0, 27.85392
IMG\center_2026_08_31_21_51_13_207.jpg,IMG\left_2026_08_31_21_51_13_207.jpg,IMG\right_2026_08_31_21_51_13_207.jpg, 0, 0, 0, 27.5167
IMG\center_2026_08_31_21_51_13_307.jpg,IMG\left_2026_08_31_21_51_13_307.jpg,IMG\right_2026_08_31_21_51_13_307.jpg, 0, 0, 0, 27.2388
IMG\center_2026_08_31_21_51_13_410.jpg,IMG\left_2026_08_31_21_51_13_410.jpg,IMG\right_2026_08_31_21_51_13_410.jpg, 0, 0, 0, 26.96368
IMG\center_2026_08_31_21_51_13_512.jpg,IMG\left_2026_08_31_21_51_13_512.jpg,IMG\right_2026_08_31_21_51_13_512.jpg, 0, 0, 0, 26.69133
IMG\center_2026_08_31_21_51_13_612.jpg,IMG\left_2026_08_31_21_51_13_612.jpg,IMG\right_2026_08_31_21_51_13_612.jpg, 0, 0, 0, 26.42172
IMG\center_2026_08_31_21_51_13_715.jpg,IMG\left_2026_08_31_21_51_13_715.jpg,IMG\right_2026_08_31_21_51_13_715.jpg, 0, 0, 0, 26.15481
IMG\center_2026_08_31_21_52_18_219.jpg,IMG\left_2026_08_31_21_52_18_219.jpg,IMG\right_2026_08_31_21_52_18_219.jpg, 0, 1, 0, 30.19028
IMG\center_2026_08_31_21_52_18_321.jpg,IMG\left_2026_08_31_21_52_18_321.jpg,IMG\right_2026_08_31_21_52_18_321.jpg, 0, 1, 0, 30.19031
IMG\center_2026_08_31_21_52_18_425.jpg,IMG\left_2026_08_31_21_52_18_425.jpg,IMG\right_2026_08_31_21_52_18_425.jpg, 0, 1, 0, 30.1903
IMG\center_2026_08_31_21_52_18_529.jpg,IMG\left_2026_08_31_21_52_18_529.jpg,IMG\right_2026_08_31_21_52_18_529.jpg, -0.1688598, 1, 0, 30.18242
IMG\center_2026_08_31_21_52_18_632.jpg,IMG\left_2026_08_31_21_52_18_632.jpg,IMG\right_2026_08_31_21_52_18_632.jpg, -0.3073119, 1, 0, 30.17292
IMG\center_2026_08_31_21_52_18_738.jpg,IMG\left_2026_08_31_21_52_18_738.jpg,IMG\right_2026_08_31_21_52_18_738.jpg, -0.02871147, 1, 0, 30.18946
IMG\center_2026_08_31_21_52_18_841.jpg,IMG\left_2026_08_31_21_52_18_841.jpg,IMG\right_2026_08_31_21_52_18_841.jpg, 0, 1, 0, 30.18979
IMG\center_2026_08_31_21_52_18_946.jpg,IMG\left_2026_08_31_21_52_18_946.jpg,IMG\right_2026_08_31_21_52_18_946.jpg, 0, 1, 0, 30.19027
IMG\center_2026_08_31_21_52_19_046.jpg,IMG\left_2026_08_31_21_52_19_046.jpg,IMG\right_2026_08_31_21_52_19_046.jpg, -0.0263076, 1, 0, 30.19019
IMG\center_2026_08_31_21_52_19_150.jpg,IMG\left_2026_08_31_21_52_19_150.jpg,IMG\right_2026_08_31_21_52_19_150.jpg, -0.3360582, 1, 0, 30.16356
IMG\center_2026_08_31_21_52_19_256.jpg,IMG\left_2026_08_31_21_52_19_256.jpg,IMG\right_2026_08_31_21_52_19_256.jpg, -0.04062421, 1, 0, 30.19063
IMG\center_2026_08_31_21_52_19_358.jpg,IMG\left_2026_08_31_21_52_19_358.jpg,IMG\right_2026_08_31_21_52_19_358.jpg, 0, 1, 0, 30.18992
IMG\center_2026_08_31_21_52_19_464.jpg,IMG\left_2026_08_31_21_52_19_464.jpg,IMG\right_2026_08_31_21_52_19_464.jpg, 0, 1, 0, 30.19025
IMG\center_2026_08_31_21_52_19_571.jpg,IMG\left_2026_08_31_21_52_19_571.jpg,IMG\right_2026_08_31_21_52_19_571.jpg, 0, 1, 0, 30.19032
IMG\center_2026_08_31_21_52_19_677.jpg,IMG\left_2026_08_31_21_52_19_677.jpg,IMG\right_2026_08_31_21_52_19_677.jpg, 0, 1, 0, 30.19032
IMG\center_2026_08_31_21_52_19_783.jpg,IMG\left_2026_08_31_21_52_19_783.jpg,IMG\right_2026_08_31_21_52_19_783.jpg, 0, 1, 0, 30.19028
IMG\center_2026_08_31_21_52_19_885.jpg,IMG\left_2026_08_31_21_52_19_885.jpg,IMG\right_2026_08_31_21_52_19_885.jpg, -0.3079158, 1, 0, 30.1677
IMG\center_2026_08_31_21_52_19_988.jpg,IMG\left_2026_08_31_21_52_19_988.jpg,IMG\right_2026_08_31_21_52_19_988.jpg, -0.001254903, 1, 0, 30.18938
IMG\center_2026_08_31_21_52_20_090.jpg,IMG\left_2026_08_31_21_52_20_090.jpg,IMG\right_2026_08_31_21_52_20_090.jpg, 0, 1, 0, 30.18984
IMG\center_2026_08_31_21_52_20_194.jpg,IMG\left_2026_08_31_21_52_20_194.jpg,IMG\right_2026_08_31_21_52_20_194.jpg, 0, 1, 0, 30.19027
IMG\center_2026_08_31_21_52_20_297.jpg,IMG\left_2026_08_31_21_52_20_297.jpg,IMG\right_2026_08_31_21_52_20_297.jpg, 0, 1, 0, 30.19033
IMG\center_2026_08_31_21_52_20_400.jpg,IMG\left_2026_08_31_21_52_20_400.jpg,IMG\right_2026_08_31_21_52_20_400.jpg, 0, 1, 0, 30.19029
IMG\center_2026_08_31_21_52_20_500.jpg,IMG\left_2026_08_31_21_52_20_500.jpg,IMG\right_2026_08_31_21_52_20_500.jpg, 0, 1, 0, 30.19028
IMG\center_2026_08_31_21_52_20_601.jpg,IMG\left_2026_08_31_21_52_20_601.jpg,IMG\right_2026_08_31_21_52_20_601.jpg, 0, 1, 0, 30.19027
IMG\center_2026_08_31_21_52_20_704.jpg,IMG\left_2026_08_31_21_52_20_704.jpg,IMG\right_2026_08_31_21_52_20_704.jpg, -0.1060296, 1, 0, 30.1872
IMG\center_2026_08_31_21_52_20_807.jpg,IMG\left_2026_08_31_21_52_20_807.jpg,IMG\right_2026_08_31_21_52_20_807.jpg, -0.3917196, 1, 0, 30.16047
IMG\center_2026_08_31_21_52_20_913.jpg,IMG\left_2026_08_31_21_52_20_913.jpg,IMG\right_2026_08_31_21_52_20_913.jpg, -0.09182494, 1, 0, 30.19136
IMG\center_2026_08_31_21_52_21_018.jpg,IMG\left_2026_08_31_21_52_21_018.jpg,IMG\right_2026_08_31_21_52_21_018.jpg, 0, 1, 0, 30.18953
IMG\center_2026_08_31_21_52_21_124.jpg,IMG\left_2026_08_31_21_52_21_124.jpg,IMG\right_2026_08_31_21_52_21_124.jpg, 0, 1, 0, 30.19021
IMG\center_2026_08_31_21_52_21_227.jpg,IMG\left_2026_08_31_21_52_21_227.jpg,IMG\right_2026_08_31_21_52_21_227.jpg, 0, 1, 0, 30.1903
IMG\center_2026_08_31_21_52_21_335.jpg,IMG\left_2026_08_31_21_52_21_335.jpg,IMG\right_2026_08_31_21_52_21_335.jpg, 0, 1, 0, 30.19029
IMG\center_2026_08_31_21_52_21_437.jpg,IMG\left_2026_08_31_21_52_21_437.jpg,IMG\right_2026_08_31_21_52_21_437.jpg, 0, 1, 0, 30.19032
IMG\center_2026_08_31_21_52_21_542.jpg,IMG\left_2026_08_31_21_52_21_542.jpg,IMG\right_2026_08_31_21_52_21_542.jpg, 0, 1, 0, 30.19028
IMG\center_2026_08_31_21_52_21_647.jpg,IMG\left_2026_08_31_21_52_21_647.jpg,IMG\right_2026_08_31_21_52_21_647.jpg, 0, 1, 0, 30.19045
IMG\center_2026_08_31_21_52_21_752.jpg,IMG\left_2026_08_31_21_52_21_752.jpg,IMG\right_2026_08_31_21_52_21_752.jpg, 0, 1, 0, 30.1903
IMG\center_2026_08_31_21_52_21_856.jpg,IMG\left_2026_08_31_21_52_21_856.jpg,IMG\right_2026_08_31_21_52_21_856.jpg, -0.0841392, 1, 0, 30.18905
IMG\center_2026_08_31_21_52_21_957.jpg,IMG\left_2026_08_31_21_52_21_957.jpg,IMG\right_2026_08_31_21_52_21_957.jpg, -0.3978744, 1, 0, 30.15505
IMG\center_2026_08_31_21_52_22_057.jpg,IMG\left_2026_08_31_21_52_22_057.jpg,IMG\right_2026_08_31_21_52_22_057.jpg, -0.5238129, 1, 0, 30.15178
IMG\center_2026_08_31_21_52_22_162.jpg,IMG\left_2026_08_31_21_52_22_162.jpg,IMG\right_2026_08_31_21_52_22_162.jpg, -0.2266024, 1, 0, 30.19464
IMG\center_2026_08_31_21_52_22_265.jpg,IMG\left_2026_08_31_21_52_22_265.jpg,IMG\right_2026_08_31_21_52_22_265.jpg, 0, 1, 0, 30.18715
IMG\center_2026_08_31_21_52_22_368.jpg,IMG\left_2026_08_31_21_52_22_368.jpg,IMG\right_2026_08_31_21_52_22_368.jpg, 0, 1, 0, 30.19018
IMG\center_2026_08_31_21_52_22_468.jpg,IMG\left_2026_08_31_21_52_22_468.jpg,IMG\right_2026_08_31_21_52_22_468.jpg, 0, 1, 0, 30.18994
IMG\center_2026_08_31_21_52_22_569.jpg,IMG\left_2026_08_31_21_52_22_569.jpg,IMG\right_2026_08_31_21_52_22_569.jpg, 0, 1, 0, 30.18991
IMG\center_2026_08_31_21_52_22_673.jpg,IMG\left_2026_08_31_21_52_22_673.jpg,IMG\right_2026_08_31_21_52_22_673.jpg, 0, 1, 0, 30.19069
IMG\center_2026_08_31_21_52_22_775.jpg,IMG\left_2026_08_31_21_52_22_775.jpg,IMG\right_2026_08_31_21_52_22_775.jpg, 0, 1, 0, 30.19015
IMG\center_2026_08_31_21_52_22_881.jpg,IMG\left_2026_08_31_21_52_22_881.jpg,IMG\right_2026_08_31_21_52_22_881.jpg, 0, 1, 0, 30.19007
IMG\center_2026_08_31_21_52_22_987.jpg,IMG\left_2026_08_31_21_52_22_987.jpg,IMG\right_2026_08_31_21_52_22_987.jpg, 0, 1, 0, 30.19007
IMG\center_2026_08_31_21_52_23_087.jpg,IMG\left_2026_08_31_21_52_23_087.jpg,IMG\right_2026_08_31_21_52_23_087.jpg, 0, 1, 0, 30.19011
IMG\center_2026_08_31_21_52_23_187.jpg,IMG\left_2026_08_31_21_52_23_187.jpg,IMG\right_2026_08_31_21_52_23_187.jpg, 0, 1, 0, 30.19067
IMG\center_2026_08_31_21_52_23_292.jpg,IMG\left_2026_08_31_21_52_23_292.jpg,IMG\right_2026_08_31_21_52_23_292.jpg, 0, 1, 0, 30.19042
IMG\center_2026_08_31_21_52_23_394.jpg,IMG\left_2026_08_31_21_52_23_394.jpg,IMG\right_2026_08_31_21_52_23_394.jpg, 0, 1, 0, 30.19134
IMG\center_2026_08_31_21_52_23_499.jpg,IMG\left_2026_08_31_21_52_23_499.jpg,IMG\right_2026_08_31_21_52_23_499.jpg, 0, 1, 0, 30.19071
IMG\center_2026_08_31_21_52_23_603.jpg,IMG\left_2026_08_31_21_52_23_603.jpg,IMG\right_2026_08_31_21_52_23_603.jpg, 0, 1, 0, 30.19057
IMG\center_2026_08_31_21_52_23_703.jpg,IMG\left_2026_08_31_21_52_23_703.jpg,IMG\right_2026_08_31_21_52_23_703.jpg, -0.3043431, 1, 0, 30.16756
IMG\center_2026_08_31_21_52_23_805.jpg,IMG\left_2026_08_31_21_52_23_805.jpg,IMG\right_2026_08_31_21_52_23_805.jpg, -0.2024988, 1, 0, 30.19011
IMG\center_2026_08_31_21_52_23_908.jpg,IMG\left_2026_08_31_21_52_23_908.jpg,IMG\right_2026_08_31_21_52_23_908.jpg, 0, 1, 0, 30.18885
IMG\center_2026_08_31_21_52_24_013.jpg,IMG\left_2026_08_31_21_52_24_013.jpg,IMG\right_2026_08_31_21_52_24_013.jpg, 0, 1, 0, 30.18994
IMG\center_2026_08_31_21_52_24_118.jpg,IMG\left_2026_08_31_21_52_24_118.jpg,IMG\right_2026_08_31_21_52_24_118.jpg, 0, 1, 0, 30.19065
IMG\center_2026_08_31_21_52_24_223.jpg,IMG\left_2026_08_31_21_52_24_223.jpg,IMG\right_2026_08_31_21_52_24_223.jpg, -0.1173159, 1, 0, 30.18764
IMG\center_2026_08_31_21_52_24_323.jpg,IMG\left_2026_08_31_21_52_24_323.jpg,IMG\right_2026_08_31_21_52_24_323.jpg, -0.4033767, 1, 0, 30.15577
IMG\center_2026_08_31_21_52_24_422.jpg,IMG\left_2026_08_31_21_52_24_422.jpg,IMG\right_2026_08_31_21_52_24_422.jpg, -0.2039184, 1, 0, 30.19098
IMG\center_2026_08_31_21_52_24_529.jpg,IMG\left_2026_08_31_21_52_24_529.jpg,IMG\right_2026_08_31_21_52_24_529.jpg, 0, 1, 0, 30.18867
IMG\center_2026_08_31_21_52_24_630.jpg,IMG\left_2026_08_31_21_52_24_630.jpg,IMG\right_2026_08_31_21_52_24_630.jpg, 0, 1, 0, 30.19018
IMG\center_2026_08_31_21_52_24_730.jpg,IMG\left_2026_08_31_21_52_24_730.jpg,IMG\right_2026_08_31_21_52_24_730.jpg, -0.1014945, 1, 0, 30.18855
IMG\center_2026_08_31_21_52_24_832.jpg,IMG\left_2026_08_31_21_52_24_832.jpg,IMG\right_2026_08_31_21_52_24_832.jpg, -0.4030188, 1, 0, 30.1562
IMG\center_2026_08_31_21_52_24_932.jpg,IMG\left_2026_08_31_21_52_24_932.jpg,IMG\right_2026_08_31_21_52_24_932.jpg, -0.4632102, 1, 0, 30.16901
IMG\center_2026_08_31_21_52_25_033.jpg,IMG\left_2026_08_31_21_52_25_033.jpg,IMG\right_2026_08_31_21_52_25_033.jpg, -0.161824, 1, 0, 30.19422
IMG\center_2026_08_31_21_52_25_136.jpg,IMG\left_2026_08_31_21_52_25_136.jpg,IMG\right_2026_08_31_21_52_25_136.jpg, 0, 1, 0, 30.18809
IMG\center_2026_08_31_21_52_25_241.jpg,IMG\left_2026_08_31_21_52_25_241.jpg,IMG\right_2026_08_31_21_52_25_241.jpg, 0, 1, 0, 30.19018
IMG\center_2026_08_31_21_52_25_347.jpg,IMG\left_2026_08_31_21_52_25_347.jpg,IMG\right_2026_08_31_21_52_25_347.jpg, 0, 1, 0, 30.19042
IMG\center_2026_08_31_21_52_25_450.jpg,IMG\left_2026_08_31_21_52_25_450.jpg,IMG\right_2026_08_31_21_52_25_450.jpg, 0, 1, 0, 30.19033
IMG\center_2026_08_31_21_52_25_556.jpg,IMG\left_2026_08_31_21_52_25_556.jpg,IMG\right_2026_08_31_21_52_25_556.jpg, 0, 1, 0, 30.19031
IMG\center_2026_08_31_21_52_25_661.jpg,IMG\left_2026_08_31_21_52_25_661.jpg,IMG\right_2026_08_31_21_52_25_661.jpg, 0, 1, 0, 30.19028
IMG\center_2026_08_31_21_52_25_763.jpg,IMG\left_2026_08_31_21_52_25_763.jpg,IMG\right_2026_08_31_21_52_25_763.jpg, -0.0368142, 1, 0, 30.18998
IMG\center_2026_08_31_21_52_25_866.jpg,IMG\left_2026_08_31_21_52_25_866.jpg,IMG\right_2026_08_31_21_52_25_866.jpg, -0.4034241, 1, 0, 30.15408
IMG\center_2026_08_31_21_52_25_971.jpg,IMG\left_2026_08_31_21_52_25_971.jpg,IMG\right_2026_08_31_21_52_25_971.jpg, -0.1051092, 1, 0, 30.19162
IMG\center_2026_08_31_21_52_26_077.jpg,IMG\left_2026_08_31_21_52_26_077.jpg,IMG\right_2026_08_31_21_52_26_077.jpg, 0, 1, 0, 30.18935
IMG\center_2026_08_31_21_52_26_182.jpg,IMG\left_2026_08_31_21_52_26_182.jpg,IMG\right_2026_08_31_21_52_26_182.jpg, 0, 1, 0, 30.19018
IMG\center_2026_08_31_21_52_26_286.jpg,IMG\left_2026_08_31_21_52_26_286.jpg,IMG\right_2026_08_31_21_52_26_286.jpg, -0.0218703, 1, 0, 30.19029
IMG\center_2026_08_31_21_52_26_390.jpg,IMG\left_2026_08_31_21_52_26_390.jpg,IMG\right_2026_08_31_21_52_26_390.jpg, -0.3326187, 1, 0, 30.16452
IMG\center_2026_08_31_21_52_26_491.jpg,IMG\left_2026_08_31_21_52_26_491.jpg,IMG\right_2026_08_31_21_52_26_491.jpg, -0.2553261, 1, 0, 30.18687
IMG\center_2026_08_31_21_52_26_591.jpg,IMG\left_2026_08_31_21_52_26_591.jpg,IMG\right_2026_08_31_21_52_26_591.jpg, 0, 1, 0, 30.18697
IMG\center_2026_08_31_21_52_26_694.jpg,IMG\left_2026_08_31_21_52_26_694.jpg,IMG\right_2026_08_31_21_52_26_694.jpg, 0, 1, 0, 30.19041
IMG\center_2026_08_31_21_52_26_799.jpg,IMG\left_2026_08_31_21_52_26_799.jpg,IMG\right_2026_08_31_21_52_26_799.jpg, 0, 1, 0, 30.19028
IMG\center_2026_08_31_21_52_26_903.jpg,IMG\left_2026_08_31_21_52_26_903.jpg,IMG\right_2026_08_31_21_52_26_903.jpg, 0, 1, 0, 30.1907
IMG\center_2026_08_31_21_52_27_008.jpg,IMG\left_2026_08_31_21_52_27_008.jpg,IMG\right_2026_08_31_21_52_27_008.jpg, 0, 1, 0, 30.19024
IMG\center_2026_08_31_21_52_27_110.jpg,IMG\left_2026_08_31_21_52_27_110.jpg,IMG\right_2026_08_31_21_52_27_110.jpg, 0, 1, 0, 30.19072
IMG\center_2026_08_31_21_52_27_211.jpg,IMG\left_2026_08_31_21_52_27_211.jpg,IMG\right_2026_08_31_21_52_27_211.jpg, 0, 1, 0, 30.1909
IMG\center_2026_08_31_21_52_27_312.jpg,IMG\left_2026_08_31_21_52_27_312.jpg,IMG\right_2026_08_31_21_52_27_312.jpg, 0, 1, 0, 30.19101
IMG\center_2026_08_31_21_52_27_420.jpg,IMG\left_2026_08_31_21_52_27_420.jpg,IMG\right_2026_08_31_21_52_27_420.jpg, 0, 1, 0, 30.19062
IMG\center_2026_08_31_21_52_27_523.jpg,IMG\left_2026_08_31_21_52_27_523.jpg,IMG\right_2026_08_31_21_52_27_523.jpg, 0, 1, 0, 30.19124
IMG\center_2026_08_31_21_52_27_630.jpg,IMG\left_2026_08_31_21_52_27_630.jpg,IMG\right_2026_08_31_21_52_27_630.jpg, 0, 1, 0, 30.19025
IMG\center_2026_08_31_21_52_27_731.jpg,IMG\left_2026_08_31_21_52_27_731.jpg,IMG\right_2026_08_31_21_52_27_731.jpg, 0, 1, 0, 30.19027
IMG\center_2026_08_31_21_52_27_831.jpg,IMG\left_2026_08_31_21_52_27_831.jpg,IMG\right_2026_08_31_21_52_27_831.jpg, -0.07572, 1, 0, 30.18892
IMG\center_2026_08_31_21_52_27_932.jpg,IMG\left_2026_08_31_21_52_27_932.jpg,IMG\right_2026_08_31_21_52_27_932.jpg, -0.3805968, 1, 0, 30.15766
IMG\center_2026_08_31_21_52_28_037.jpg,IMG\left_2026_08_31_21_52_28_037.jpg,IMG\right_2026_08_31_21_52_28_037.jpg, -0.1060084, 1, 0, 30.19151
IMG\center_2026_08_31_21_52_28_139.jpg,IMG\left_2026_08_31_21_52_28_139.jpg,IMG\right_2026_08_31_21_52_28_139.jpg, 0, 1, 0, 30.18933
IMG\center_2026_08_31_21_52_28_244.jpg,IMG\left_2026_08_31_21_52_28_244.jpg,IMG\right_2026_08_31_21_52_28_244.jpg, 0, 1, 0, 30.19019
IMG\center_2026_08_31_21_52_28_349.jpg,IMG\left_2026_08_31_21_52_28_349.jpg,IMG\right_2026_08_31_21_52_28_349.jpg, 0, 1, 0, 30.19032
IMG\center_2026_08_31_21_52_28_452.jpg,IMG\left_2026_08_31_21_52_28_452.jpg,IMG\right_2026_08_31_21_52_28_452.jpg, -0.2903205, 1, 0, 30.16989
IMG\center_2026_08_31_21_52_28_559.jpg,IMG\left_2026_08_31_21_52_28_559.jpg,IMG\right_2026_08_31_21_52_28_559.jpg, -0.2946097, 1, 0, 30.18391
IMG\center_2026_08_31_21_52_28_660.jpg,IMG\left_2026_08_31_21_52_28_660.jpg,IMG\right_2026_08_31_21_52_28_660.jpg, 0, 1, 0, 30.18792
IMG\center_2026_08_31_21_52_28_765.jpg,IMG\left_2026_08_31_21_52_28_765.jpg,IMG\right_2026_08_31_21_52_28_765.jpg, 0, 1, 0, 30.19002
IMG\center_2026_08_31_21_52_28_868.jpg,IMG\left_2026_08_31_21_52_28_868.jpg,IMG\right_2026_08_31_21_52_28_868.jpg, 0, 1, 0, 30.19035
IMG\center_2026_08_31_21_52_28_970.jpg,IMG\left_2026_08_31_21_52_28_970.jpg,IMG\right_2026_08_31_21_52_28_970.jpg, 0, 1, 0, 30.19028
IMG\center_2026_08_31_21_52_29_075.jpg,IMG\left_2026_08_31_21_52_29_075.jpg,IMG\right_2026_08_31_21_52_29_075.jpg, 0, 1, 0, 30.1903
IMG\center_2026_08_31_21_52_29_179.jpg,IMG\left_2026_08_31_21_52_29_179.jpg,IMG\right_2026_08_31_21_52_29_179.jpg, -0.0434478, 1, 0, 30.18985
IMG\center_2026_08_31_21_52_29_283.jpg,IMG\left_2026_08_31_21_52_29_283.jpg,IMG\right_2026_08_31_21_52_29_283.jpg, -0.2747931, 1, 0, 30.17218
IMG\center_2026_08_31_21_52_29_389.jpg,IMG\left_2026_08_31_21_52_29_389.jpg,IMG\right_2026_08_31_21_52_29_389.jpg, 0, 1, 0, 30.18923
IMG\center_2026_08_31_21_52_29_492.jpg,IMG\left_2026_08_31_21_52_29_492.jpg,IMG\right_2026_08_31_21_52_29_492.jpg, 0, 1, 0, 30.19016
IMG\center_2026_08_31_21_52_29_594.jpg,IMG\left_2026_08_31_21_52_29_594.jpg,IMG\right_2026_08_31_21_52_29_594.jpg, 0, 1, 0, 30.19035
IMG\center_2026_08_31_21_52_29_695.jpg,IMG\left_2026_08_31_21_52_29_695.jpg,IMG\right_2026_08_31_21_52_29_695.jpg, 0, 1, 0, 30.19028
IMG\center_2026_08_31_21_52_29_798.jpg,IMG\left_2026_08_31_21_52_29_798.jpg,IMG\right_2026_08_31_21_52_29_798.jpg, 0, 1, 0, 30.19028
IMG\center_2026_08_31_21_52_29_904.jpg,IMG\left_2026_08_31_21_52_29_904.jpg,IMG\right_2026_08_31_21_52_29_904.jpg, 0, 1, 0, 30.18994
IMG\center_2026_08_31_21_52_30_007.jpg,IMG\left_2026_08_31_21_52_30_007.jpg,IMG\right_2026_08_31_21_52_30_007.jpg, 0, 1, 0, 30.1902
IMG\center_2026_08_31_21_52_30_110.jpg,IMG\left_2026_08_31_21_52_30_110.jpg,IMG\right_2026_08_31_21_52_30_110.jpg, 0, 1, 0, 30.1903
IMG\center_2026_08_31_21_52_30_217.jpg,IMG\left_2026_08_31_21_52_30_217.jpg,IMG\right_2026_08_31_21_52_30_217.jpg, 0, 1, 0, 30.18948
IMG\center_2026_08_31_21_52_30_321.jpg,IMG\left_2026_08_31_21_52_30_321.jpg,IMG\right_2026_08_31_21_52_30_321.jpg, 0, 1, 0, 30.19033
IMG\center_2026_08_31_21_52_30_422.jpg,IMG\left_2026_08_31_21_52_30_422.jpg,IMG\right_2026_08_31_21_52_30_422.jpg, 0, 1, 0, 30.18991
IMG\center_2026_08_31_21_52_30_526.jpg,IMG\left_2026_08_31_21_52_30_526.jpg,IMG\right_2026_08_31_21_52_30_526.jpg, 0, 1, 0, 30.19038
IMG\center_2026_08_31_21_52_30_629.jpg,IMG\left_2026_08_31_21_52_30_629.jpg,IMG\right_2026_08_31_21_52_30_629.jpg, 0, 1, 0, 30.19031
IMG\center_2026_08_31_21_52_30_729.jpg,IMG\left_2026_08_31_21_52_30_729.jpg,IMG\right_2026_08_31_21_52_30_729.jpg, 0, 1, 0, 30.19034
IMG\center_2026_08_31_21_52_30_831.jpg,IMG\left_2026_08_31_21_52_30_831.jpg,IMG\right_2026_08_31_21_52_30_831.jpg, 0, 1, 0, 30.19027
IMG\center_2026_08_31_21_52_30_936.jpg,IMG\left_2026_08_31_21_52_30_936.jpg,IMG\right_2026_08_31_21_52_30_936.jpg, 0, 1, 0, 30.19035
IMG\center_2026_08_31_21_52_31_041.jpg,IMG\left_2026_08_31_21_52_31_041.jpg,IMG\right_2026_08_31_21_52_31_041.jpg, 0, 1, 0, 30.18965
IMG\center_2026_08_31_21_52_31_142.jpg,IMG\left_2026_08_31_21_52_31_142.jpg,IMG\right_2026_08_31_21_52_31_142.jpg, 0, 1, 0, 30.1905
IMG\center_2026_08_31_21_52_31_245.jpg,IMG\left_2026_08_31_21_52_31_245.jpg,IMG\right_2026_08_31_21_52_31_245.jpg, 0, 1, 0, 30.18951
IMG\center_2026_08_31_21_52_31_345.jpg,IMG\left_2026_08_31_21_52_31_345.jpg,IMG\right_2026_08_31_21_52_31_345.jpg, 0, 1, 0, 30.19039
IMG\center_2026_08_31_21_52_31_447.jpg,IMG\left_2026_08_31_21_52_31_447.jpg,IMG\right_2026_08_31_21_52_31_447.jpg, 0, 1, 0, 30.1903
IMG\center_2026_08_31_21_52_31_550.jpg,IMG\left_2026_08_31_21_52_31_550.jpg,IMG\right_2026_08_31_21_52_31_550.jpg, 0, 1, 0, 30.19026
IMG\center_2026_08_31_21_52_31_654.jpg,IMG\left_2026_08_31_21_52_31_654.jpg,IMG\right_2026_08_31_21_52_31_654.jpg, 0, 1, 0, 30.19029
IMG\center_2026_08_31_21_52_31_756.jpg,IMG\left_2026_08_31_21_52_31_756.jpg,IMG\right_2026_08_31_21_52_31_756.jpg, 0, 1, 0, 30.19032
IMG\center_2026_08_31_21_52_31_857.jpg,IMG\left_2026_08_31_21_52_31_857.jpg,IMG\right_2026_08_31_21_52_31_857.jpg, 0, 1, 0, 30.19031
IMG\center_2026_08_31_21_52_31_961.jpg,IMG\left_2026_08_31_21_52_31_961.jpg,IMG\right_2026_08_31_21_52_31_961.jpg, 0, 1, 0, 30.19029
IMG\center_2026_08_31_21_52_32_066.jpg,IMG\left_2026_08_31_21_52_32_066.jpg,IMG\right_2026_08_31_21_52_32_066.jpg, 0, 1, 0, 30.19029
IMG\center_2026_08_31_21_52_32_167.jpg,IMG\left_2026_08_31_21_52_32_167.jpg,IMG\right_2026_08_31_21_52_32_167.jpg, -0.2280441, 1, 0, 30.1763
IMG\center_2026_08_31_21_52_32_272.jpg,IMG\left_2026_08_31_21_52_32_272.jpg,IMG\right_2026_08_31_21_52_32_272.jpg, -0.3440286, 1, 0, 30.17292
IMG\center_2026_08_31_21_52_32_375.jpg,IMG\left_2026_08_31_21_52_32_375.jpg,IMG\right_2026_08_31_21_52_32_375.jpg, -0.03892678, 1, 0, 30.18975
IMG\center_2026_08_31_21_52_32_475.jpg,IMG\left_2026_08_31_21_52_32_475.jpg,IMG\right_2026_08_31_21_52_32_475.jpg, 0, 1, 0, 30.18959
IMG\center_2026_08_31_21_52_32_578.jpg,IMG\left_2026_08_31_21_52_32_578.jpg,IMG\right_2026_08_31_21_52_32_578.jpg, 0, 1, 0, 30.19022
IMG\center_2026_08_31_21_52_32_681.jpg,IMG\left_2026_08_31_21_52_32_681.jpg,IMG\right_2026_08_31_21_52_32_681.jpg, 0, 1, 0, 30.19031
IMG\center_2026_08_31_21_52_32_783.jpg,IMG\left_2026_08_31_21_52_32_783.jpg,IMG\right_2026_08_31_21_52_32_783.jpg, -0.1572246, 1, 0, 30.18406
IMG\center_2026_08_31_21_52_32_885.jpg,IMG\left_2026_08_31_21_52_32_885.jpg,IMG\right_2026_08_31_21_52_32_885.jpg, -0.1492668, 1, 0, 30.18963
IMG\center_2026_08_31_21_52_32_986.jpg,IMG\left_2026_08_31_21_52_32_986.jpg,IMG\right_2026_08_31_21_52_32_986.jpg, 0, 1, 0, 30.18958
IMG\center_2026_08_31_21_52_33_087.jpg,IMG\left_2026_08_31_21_52_33_087.jpg,IMG\right_2026_08_31_21_52_33_087.jpg, 0, 1, 0, 30.19021
IMG\center_2026_08_31_21_52_33_191.jpg,IMG\left_2026_08_31_21_52_33_191.jpg,IMG\right_2026_08_31_21_52_33_191.jpg, 0, 1, 0, 30.19028
IMG\center_2026_08_31_21_52_33_293.jpg,IMG\left_2026_08_31_21_52_33_293.jpg,IMG\right_2026_08_31_21_52_33_293.jpg, 0, 1, 0, 30.19028
IMG\center_2026_08_31_21_52_33_397.jpg,IMG\left_2026_08_31_21_52_33_397.jpg,IMG\right_2026_08_31_21_52_33_397.jpg, 0, 1, 0, 30.18999
IMG\center_2026_08_31_21_52_33_500.jpg,IMG\left_2026_08_31_21_52_33_500.jpg,IMG\right_2026_08_31_21_52_33_500.jpg, 0, 1, 0, 30.19004
IMG\center_2026_08_31_21_52_33_606.jpg,IMG\left_2026_08_31_21_52_33_606.jpg,IMG\right_2026_08_31_21_52_33_606.jpg, 0, 1, 0, 30.1897
IMG\center_2026_08_31_21_52_33_707.jpg,IMG\left_2026_08_31_21_52_33_707.jpg,IMG\right_2026_08_31_21_52_33_707.jpg, 0, 1, 0, 30.19007
IMG\center_2026_08_31_21_52_33_812.jpg,IMG\left_2026_08_31_21_52_33_812.jpg,IMG\right_2026_08_31_21_52_33_812.jpg, 0, 1, 0, 30.19
IMG\center_2026_08_31_21_52_33_914.jpg,IMG\left_2026_08_31_21_52_33_914.jpg,IMG\right_2026_08_31_21_52_33_914.jpg, 0, 1, 0, 30.19015
IMG\center_2026_08_31_21_52_34_017.jpg,IMG\left_2026_08_31_21_52_34_017.jpg,IMG\right_2026_08_31_21_52_34_017.jpg, 0, 1, 0, 30.19004
IMG\center_2026_08_31_21_52_34_118.jpg,IMG\left_2026_08_31_21_52_34_118.jpg,IMG\right_2026_08_31_21_52_34_118.jpg, 0, 1, 0, 30.19004
IMG\center_2026_08_31_21_52_34_224.jpg,IMG\left_2026_08_31_21_52_34_224.jpg,IMG\right_2026_08_31_21_52_34_224.jpg, 0, 1, 0, 30.19005
IMG\center_2026_08_31_21_52_34_332.jpg,IMG\left_2026_08_31_21_52_34_332.jpg,IMG\right_2026_08_31_21_52_34_332.jpg, 0, 1, 0, 30.06109
IMG\center_2026_08_31_21_52_34_434.jpg,IMG\left_2026_08_31_21_52_34_434.jpg,IMG\right_2026_08_31_21_52_34_434.jpg, 0, 1, 0, 30.33332
IMG\center_2026_08_31_21_52_34_538.jpg,IMG\left_2026_08_31_21_52_34_538.jpg,IMG\right_2026_08_31_21_52_34_538.jpg, 0, 1, 0, 30.17488
IMG\center_2026_08_31_21_52_34_644.jpg,IMG\left_2026_08_31_21_52_34_644.jpg,IMG\right_2026_08_31_21_52_34_644.jpg, 0, 1, 0, 30.23048
IMG\center_2026_08_31_21_52_34_745.jpg,IMG\left_2026_08_31_21_52_34_745.jpg,IMG\right_2026_08_31_21_52_34_745.jpg, 0, 1, 0, 30.18797
IMG\center_2026_08_31_21_52_34_847.jpg,IMG\left_2026_08_31_21_52_34_847.jpg,IMG\right_2026_08_31_21_52_34_847.jpg, 0, 1, 0, 30.18983
IMG\center_2026_08_31_21_55_14_430.jpg,IMG\left_2026_08_31_21_55_14_430.jpg,IMG\right_2026_08_31_21_55_14_430.jpg, 0, 1, 0, 30.18922
IMG\center_2026_08_31_21_55_14_534.jpg,IMG\left_2026_08_31_21_55_14_534.jpg,IMG\right_2026_08_31_21_55_14_534.jpg, 0, 1, 0, 30.18976
IMG\center_2026_08_31_21_55_14_634.jpg,IMG\left_2026_08_31_21_55_14_634.jpg,IMG\right_2026_08_31_21_55_14_634.jpg, 0, 1, 0, 30.19003
IMG\center_2026_08_31_21_55_14_737.jpg,IMG\left_2026_08_31_21_55_14_737.jpg,IMG\right_2026_08_31_21_55_14_737.jpg, 0, 1, 0, 30.19003
IMG\center_2026_08_31_21_55_14_843.jpg,IMG\left_2026_08_31_21_55_14_843.jpg,IMG\right_2026_08_31_21_55_14_843.jpg, 0, 1, 0, 30.19012
IMG\center_2026_08_31_21_55_14_946.jpg,IMG\left_2026_08_31_21_55_14_946.jpg,IMG\right_2026_08_31_21_55_14_946.jpg, -0.1256226, 1, 0, 30.18597
IMG\center_2026_08_31_21_55_15_049.jpg,IMG\left_2026_08_31_21_55_15_049.jpg,IMG\right_2026_08_31_21_55_15_049.jpg, -0.4351218, 1, 0, 30.15028
IMG\center_2026_08_31_21_55_15_155.jpg,IMG\left_2026_08_31_21_55_15_155.jpg,IMG\right_2026_08_31_21_55_15_155.jpg, -0.646791, 1, 0, 30.13034
IMG\center_2026_08_31_21_55_15_260.jpg,IMG\left_2026_08_31_21_55_15_260.jpg,IMG\right_2026_08_31_21_55_15_260.jpg, -0.3089175, 1, 0, 30.19548
IMG\center_2026_08_31_21_55_15_364.jpg,IMG\left_2026_08_31_21_55_15_364.jpg,IMG\right_2026_08_31_21_55_15_364.jpg, -0.01437331, 1, 0, 30.18542
IMG\center_2026_08_31_21_55_15_467.jpg,IMG\left_2026_08_31_21_55_15_467.jpg,IMG\right_2026_08_31_21_55_15_467.jpg, 0, 1, 0, 30.1893
IMG\center_2026_08_31_21_55_15_572.jpg,IMG\left_2026_08_31_21_55_15_572.jpg,IMG\right_2026_08_31_21_55_15_572.jpg, 0, 1, 0, 30.19078
IMG\center_2026_08_31_21_55_15_675.jpg,IMG\left_2026_08_31_21_55_15_675.jpg,IMG\right_2026_08_31_21_55_15_675.jpg, 0, 1, 0, 30.19098
IMG\center_2026_08_31_21_55_15_778.jpg,IMG\left_2026_08_31_21_55_15_778.jpg,IMG\right_2026_08_31_21_55_15_778.jpg, 0, 1, 0, 30.1913
IMG\center_2026_08_31_21_55_15_883.jpg,IMG\left_2026_08_31_21_55_15_883.jpg,IMG\right_2026_08_31_21_55_15_883.jpg, 0, 1, 0, 30.1905
IMG\center_2026_08_31_21_55_15_987.jpg,IMG\left_2026_08_31_21_55_15_987.jpg,IMG\right_2026_08_31_21_55_15_987.jpg, 0, 1, 0, 30.19109
IMG\center_2026_08_31_21_55_16_089.jpg,IMG\left_2026_08_31_21_55_16_089.jpg,IMG\right_2026_08_31_21_55_16_089.jpg, 0, 1, 0, 30.19022
IMG\center_2026_08_31_21_55_16_191.jpg,IMG\left_2026_08_31_21_55_16_191.jpg,IMG\right_2026_08_31_21_55_16_191.jpg, 0, 1, 0, 30.19043
IMG\center_2026_08_31_21_55_16_295.jpg,IMG\left_2026_08_31_21_55_16_295.jpg,IMG\right_2026_08_31_21_55_16_295.jpg, 0, 1, 0, 30.19031
IMG\center_2026_08_31_21_55_16_399.jpg,IMG\left_2026_08_31_21_55_16_399.jpg,IMG\right_2026_08_31_21_55_16_399.jpg, 0, 1, 0, 30.19033
IMG\center_2026_08_31_21_55_16_500.jpg,IMG\left_2026_08_31_21_55_16_500.jpg,IMG\right_2026_08_31_21_55_16_500.jpg, 0, 1, 0, 30.19035
IMG\center_2026_08_31_21_55_16_605.jpg,IMG\left_2026_08_31_21_55_16_605.jpg,IMG\right_2026_08_31_21_55_16_605.jpg, 0, 1, 0, 30.19031
IMG\center_2026_08_31_21_55_16_711.jpg,IMG\left_2026_08_31_21_55_16_711.jpg,IMG\right_2026_08_31_21_55_16_711.jpg, 0, 1, 0, 30.19028
IMG\center_2026_08_31_21_55_16_815.jpg,IMG\left_2026_08_31_21_55_16_815.jpg,IMG\right_2026_08_31_21_55_16_815.jpg, 0, 1, 0, 30.19028
IMG\center_2026_08_31_21_55_16_918.jpg,IMG\left_2026_08_31_21_55_16_918.jpg,IMG\right_2026_08_31_21_55_16_918.jpg, 0, 1, 0, 30.19034
IMG\center_2026_08_31_21_55_17_021.jpg,IMG\left_2026_08_31_21_55_17_021.jpg,IMG\right_2026_08_31_21_55_17_021.jpg, 0, 1, 0, 30.19013
IMG\center_2026_08_31_21_55_17_125.jpg,IMG\left_2026_08_31_21_55_17_125.jpg,IMG\right_2026_08_31_21_55_17_125.jpg, 0, 1, 0, 30.19028
IMG\center_2026_08_31_21_55_17_229.jpg,IMG\left_2026_08_31_21_55_17_229.jpg,IMG\right_2026_08_31_21_55_17_229.jpg, 0, 1, 0, 30.19062
IMG\center_2026_08_31_21_55_17_335.jpg,IMG\left_2026_08_31_21_55_17_335.jpg,IMG\right_2026_08_31_21_55_17_335.jpg, 0, 1, 0, 30.1903
IMG\center_2026_08_31_21_55_17_435.jpg,IMG\left_2026_08_31_21_55_17_435.jpg,IMG\right_2026_08_31_21_55_17_435.jpg, 0, 1, 0, 30.1903
IMG\center_2026_08_31_21_55_17_540.jpg,IMG\left_2026_08_31_21_55_17_540.jpg,IMG\right_2026_08_31_21_55_17_540.jpg, -0.3375984, 1, 0, 30.16355
IMG\center_2026_08_31_21_55_17_646.jpg,IMG\left_2026_08_31_21_55_17_646.jpg,IMG\right_2026_08_31_21_55_17_646.jpg, -0.4096941, 1, 0, 30.171
IMG\center_2026_08_31_21_55_17_751.jpg,IMG\left_2026_08_31_21_55_17_751.jpg,IMG\right_2026_08_31_21_55_17_751.jpg, -0.1150241, 1, 0, 30.19234
IMG\center_2026_08_31_21_55_17_852.jpg,IMG\left_2026_08_31_21_55_17_852.jpg,IMG\right_2026_08_31_21_55_17_852.jpg, 0, 1, 0, 30.18863
IMG\center_2026_08_31_21_55_17_957.jpg,IMG\left_2026_08_31_21_55_17_957.jpg,IMG\right_2026_08_31_21_55_17_957.jpg, 0, 1, 0, 30.19013
IMG\center_2026_08_31_21_55_18_064.jpg,IMG\left_2026_08_31_21_55_18_064.jpg,IMG\right_2026_08_31_21_55_18_064.jpg, 0, 1, 0, 30.19027
IMG\center_2026_08_31_21_55_18_168.jpg,IMG\left_2026_08_31_21_55_18_168.jpg,IMG\right_2026_08_31_21_55_18_168.jpg, 0, 1, 0, 30.1903
IMG\center_2026_08_31_21_55_18_273.jpg,IMG\left_2026_08_31_21_55_18_273.jpg,IMG\right_2026_08_31_21_55_18_273.jpg, 0, 1, 0, 30.19029
IMG\center_2026_08_31_21_55_18_376.jpg,IMG\left_2026_08_31_21_55_18_376.jpg,IMG\right_2026_08_31_21_55_18_376.jpg, 0, 1, 0, 30.19029
IMG\center_2026_08_31_21_55_18_482.jpg,IMG\left_2026_08_31_21_55_18_482.jpg,IMG\right_2026_08_31_21_55_18_482.jpg, -0.1770342, 1, 0, 30.18169
IMG\center_2026_08_31_21_55_18_587.jpg,IMG\left_2026_08_31_21_55_18_587.jpg,IMG\right_2026_08_31_21_55_18_587.jpg, -0.2374128, 1, 0, 30.18419
IMG\center_2026_08_31_21_55_18_688.jpg,IMG\left_2026_08_31_21_55_18_688.jpg,IMG\right_2026_08_31_21_55_18_688.jpg, 0, 1, 0, 30.18821
IMG\center_2026_08_31_21_55_18_790.jpg,IMG\left_2026_08_31_21_55_18_790.jpg,IMG\right_2026_08_31_21_55_18_790.jpg, 0, 1, 0, 30.19029
IMG\center_2026_08_31_21_55_18_896.jpg,IMG\left_2026_08_31_21_55_18_896.jpg,IMG\right_2026_08_31_21_55_18_896.jpg, 0, 1, 0, 30.1902
IMG\center_2026_08_31_21_55_18_999.jpg,IMG\left_2026_08_31_21_55_18_999.jpg,IMG\right_2026_08_31_21_55_18_999.jpg, -0.0838602, 1, 0, 30.18876
IMG\center_2026_08_31_21_55_19_099.jpg,IMG\left_2026_08_31_21_55_19_099.jpg,IMG\right_2026_08_31_21_55_19_099.jpg, -0.3843267, 1, 0, 30.15772
IMG\center_2026_08_31_21_55_19_200.jpg,IMG\left_2026_08_31_21_55_19_200.jpg,IMG\right_2026_08_31_21_55_19_200.jpg, -0.6882393, 1, 0, 30.11561
IMG\center_2026_08_31_21_55_19_303.jpg,IMG\left_2026_08_31_21_55_19_303.jpg,IMG\right_2026_08_31_21_55_19_303.jpg, -0.6575463, 1, 0, 30.15619
IMG\center_2026_08_31_21_55_19_403.jpg,IMG\left_2026_08_31_21_55_19_403.jpg,IMG\right_2026_08_31_21_55_19_403.jpg, -0.3574095, 1, 0, 30.1984
IMG\center_2026_08_31_21_55_19_507.jpg,IMG\left_2026_08_31_21_55_19_507.jpg,IMG\right_2026_08_31_21_55_19_507.jpg, -0.04737745, 1, 0, 30.18672
IMG\center_2026_08_31_21_55_19_612.jpg,IMG\left_2026_08_31_21_55_19_612.jpg,IMG\right_2026_08_31_21_55_19_612.jpg, 0, 1, 0, 30.18799
IMG\center_2026_08_31_21_55_19_713.jpg,IMG\left_2026_08_31_21_55_19_713.jpg,IMG\right_2026_08_31_21_55_19_713.jpg, 0, 1, 0, 30.18926
IMG\center_2026_08_31_21_55_19_818.jpg,IMG\left_2026_08_31_21_55_19_818.jpg,IMG\right_2026_08_31_21_55_19_818.jpg, 0, 1, 0, 30.19158
IMG\center_2026_08_31_21_55_19_922.jpg,IMG\left_2026_08_31_21_55_19_922.jpg,IMG\right_2026_08_31_21_55_19_922.jpg, 0, 1, 0, 30.18823
IMG\center_2026_08_31_21_55_20_024.jpg,IMG\left_2026_08_31_21_55_20_024.jpg,IMG\right_2026_08_31_21_55_20_024.jpg, 0, 1, 0, 30.19419
IMG\center_2026_08_31_21_55_20_127.jpg,IMG\left_2026_08_31_21_55_20_127.jpg,IMG\right_2026_08_31_21_55_20_127.jpg, 0, 1, 0, 30.18191
IMG\center_2026_08_31_21_55_20_230.jpg,IMG\left_2026_08_31_21_55_20_230.jpg,IMG\right_2026_08_31_21_55_20_230.jpg, 0, 1, 0, 30.19157
IMG\center_2026_08_31_21_55_20_330.jpg,IMG\left_2026_08_31_21_55_20_330.jpg,IMG\right_2026_08_31_21_55_20_330.jpg, 0, 1, 0, 30.21379
IMG\center_2026_08_31_21_55_20_438.jpg,IMG\left_2026_08_31_21_55_20_438.jpg,IMG\right_2026_08_31_21_55_20_438.jpg, 0, 1, 0, 30.14149
IMG\center_2026_08_31_21_55_20_540.jpg,IMG\left_2026_08_31_21_55_20_540.jpg,IMG\right_2026_08_31_21_55_20_540.jpg, 0, 1, 0, 30.1556
IMG\center_2026_08_31_21_55_20_643.jpg,IMG\left_2026_08_31_21_55_20_643.jpg,IMG\right_2026_08_31_21_55_20_643.jpg, 0, 1, 0, 30.19022
IMG\center_2026_08_31_21_55_20_746.jpg,IMG\left_2026_08_31_21_55_20_746.jpg,IMG\right_2026_08_31_21_55_20_746.jpg, 0, 1, 0, 30.16635
IMG\center_2026_08_31_21_55_20_847.jpg,IMG\left_2026_08_31_21_55_20_847.jpg,IMG\right_2026_08_31_21_55_20_847.jpg, 0, 1, 0, 30.20103
IMG\center_2026_08_31_21_55_20_952.jpg,IMG\left_2026_08_31_21_55_20_952.jpg,IMG\right_2026_08_31_21_55_20_952.jpg, 0, 1, 0, 30.19178
IMG\center_2026_08_31_21_55_21_059.jpg,IMG\left_2026_08_31_21_55_21_059.jpg,IMG\right_2026_08_31_21_55_21_059.jpg, 0, 1, 0, 30.19129
IMG\center_2026_08_31_21_55_21_163.jpg,IMG\left_2026_08_31_21_55_21_163.jpg,IMG\right_2026_08_31_21_55_21_163.jpg, 0, 1, 0, 30.14531
IMG\center_2026_08_31_21_55_21_271.jpg,IMG\left_2026_08_31_21_55_21_271.jpg,IMG\right_2026_08_31_21_55_21_271.jpg, 0, 1, 0, 30.1779
IMG\center_2026_08_31_21_55_21_377.jpg,IMG\left_2026_08_31_21_55_21_377.jpg,IMG\right_2026_08_31_21_55_21_377.jpg, 0, 1, 0, 30.16696
IMG\center_2026_08_31_21_55_21_479.jpg,IMG\left_2026_08_31_21_55_21_479.jpg,IMG\right_2026_08_31_21_55_21_479.jpg, 0, 1, 0, 30.20634
IMG\center_2026_08_31_21_55_21_580.jpg,IMG\left_2026_08_31_21_55_21_580.jpg,IMG\right_2026_08_31_21_55_21_580.jpg, 0, 1, 0, 30.19049
IMG\center_2026_08_31_21_55_21_682.jpg,IMG\left_2026_08_31_21_55_21_682.jpg,IMG\right_2026_08_31_21_55_21_682.jpg, 0, 1, 0, 30.19152
IMG\center_2026_08_31_21_55_21_786.jpg,IMG\left_2026_08_31_21_55_21_786.jpg,IMG\right_2026_08_31_21_55_21_786.jpg, 0, 1, 0, 30.19153
IMG\center_2026_08_31_21_55_21_889.jpg,IMG\left_2026_08_31_21_55_21_889.jpg,IMG\right_2026_08_31_21_55_21_889.jpg, 0, 1, 0, 30.19112
IMG\center_2026_08_31_21_55_21_996.jpg,IMG\left_2026_08_31_21_55_21_996.jpg,IMG\right_2026_08_31_21_55_21_996.jpg, 0, 1, 0, 30.19336
IMG\center_2026_08_31_21_55_22_103.jpg,IMG\left_2026_08_31_21_55_22_103.jpg,IMG\right_2026_08_31_21_55_22_103.jpg, -0.1488645, 1, 0, 30.18473
IMG\center_2026_08_31_21_55_22_205.jpg,IMG\left_2026_08_31_21_55_22_205.jpg,IMG\right_2026_08_31_21_55_22_205.jpg, -0.1736559, 1, 0, 30.18824
IMG\center_2026_08_31_21_55_22_307.jpg,IMG\left_2026_08_31_21_55_22_307.jpg,IMG\right_2026_08_31_21_55_22_307.jpg, 0, 1, 0, 30.19036
IMG\center_2026_08_31_21_55_22_407.jpg,IMG\left_2026_08_31_21_55_22_407.jpg,IMG\right_2026_08_31_21_55_22_407.jpg, 0, 1, 0, 30.18997
IMG\center_2026_08_31_21_55_22_512.jpg,IMG\left_2026_08_31_21_55_22_512.jpg,IMG\right_2026_08_31_21_55_22_512.jpg, -0.0204333, 1, 0, 30.19066
IMG\center_2026_08_31_21_55_22_613.jpg,IMG\left_2026_08_31_21_55_22_613.jpg,IMG\right_2026_08_31_21_55_22_613.jpg, -0.3286554, 1, 0, 30.1647
IMG\center_2026_08_31_21_55_22_714.jpg,IMG\left_2026_08_31_21_55_22_714.jpg,IMG\right_2026_08_31_21_55_22_714.jpg, -0.6310923, 1, 0, 30.12484
IMG\center_2026_08_31_21_55_22_821.jpg,IMG\left_2026_08_31_21_55_22_821.jpg,IMG\right_2026_08_31_21_55_22_821.jpg, -0.3505298, 1, 0, 30.19251
IMG\center_2026_08_31_21_55_22_921.jpg,IMG\left_2026_08_31_21_55_22_921.jpg,IMG\right_2026_08_31_21_55_22_921.jpg, -0.04975096, 1, 0, 30.18881
IMG\center_2026_08_31_21_55_23_022.jpg,IMG\left_2026_08_31_21_55_23_022.jpg,IMG\right_2026_08_31_21_55_23_022.jpg, 0, 1, 0, 30.18916
IMG\center_2026_08_31_21_55_23_127.jpg,IMG\left_2026_08_31_21_55_23_127.jpg,IMG\right_2026_08_31_21_55_23_127.jpg, 0, 1, 0, 30.19021
IMG\center_2026_08_31_21_55_23_228.jpg,IMG\left_2026_08_31_21_55_23_228.jpg,IMG\right_2026_08_31_21_55_23_228.jpg, 0, 1, 0, 30.19029
IMG\center_2026_08_31_21_55_23_328.jpg,IMG\left_2026_08_31_21_55_23_328.jpg,IMG\right_2026_08_31_21_55_23_328.jpg, 0, 1, 0, 30.19029
IMG\center_2026_08_31_21_55_23_431.jpg,IMG\left_2026_08_31_21_55_23_431.jpg,IMG\right_2026_08_31_21_55_23_431.jpg, 0, 1, 0, 30.18977
IMG\center_2026_08_31_21_55_23_534.jpg,IMG\left_2026_08_31_21_55_23_534.jpg,IMG\right_2026_08_31_21_55_23_534.jpg, 0, 1, 0, 30.1903
IMG\center_2026_08_31_21_55_23_640.jpg,IMG\left_2026_08_31_21_55_23_640.jpg,IMG\right_2026_08_31_21_55_23_640.jpg, 0, 1, 0, 30.19029
IMG\center_2026_08_31_21_55_23_746.jpg,IMG\left_2026_08_31_21_55_23_746.jpg,IMG\right_2026_08_31_21_55_23_746.jpg, 0, 1, 0, 30.19027
IMG\center_2026_08_31_21_55_23_849.jpg,IMG\left_2026_08_31_21_55_23_849.jpg,IMG\right_2026_08_31_21_55_23_849.jpg, 0, 1, 0, 30.19029
IMG\center_2026_08_31_21_55_23_954.jpg,IMG\left_2026_08_31_21_55_23_954.jpg,IMG\right_2026_08_31_21_55_23_954.jpg, -0.0575454, 1, 0, 30.18947
IMG\center_2026_08_31_21_55_24_055.jpg,IMG\left_2026_08_31_21_55_24_055.jpg,IMG\right_2026_08_31_21_55_24_055.jpg, -0.0321264, 1, 0, 30.19058
IMG\center_2026_08_31_21_55_24_157.jpg,IMG\left_2026_08_31_21_55_24_157.jpg,IMG\right_2026_08_31_21_55_24_157.jpg, 0, 1, 0, 30.19038
IMG\center_2026_08_31_21_55_24_261.jpg,IMG\left_2026_08_31_21_55_24_261.jpg,IMG\right_2026_08_31_21_55_24_261.jpg, -0.145284, 1, 0, 30.18535
IMG\center_2026_08_31_21_55_24_366.jpg,IMG\left_2026_08_31_21_55_24_366.jpg,IMG\right_2026_08_31_21_55_24_366.jpg, -0.3973083, 1, 0, 30.15773
IMG\center_2026_08_31_21_55_24_468.jpg,IMG\left_2026_08_31_21_55_24_468.jpg,IMG\right_2026_08_31_21_55_24_468.jpg, -0.0920928, 1, 0, 30.19164
IMG\center_2026_08_31_21_55_24_568.jpg,IMG\left_2026_08_31_21_55_24_568.jpg,IMG\right_2026_08_31_21_55_24_568.jpg, 0, 1, 0, 30.18939
IMG\center_2026_08_31_21_55_24_673.jpg,IMG\left_2026_08_31_21_55_24_673.jpg,IMG\right_2026_08_31_21_55_24_673.jpg, -0.2300322, 1, 0, 30.18062
IMG\center_2026_08_31_21_55_24_773.jpg,IMG\left_2026_08_31_21_55_24_773.jpg,IMG\right_2026_08_31_21_55_24_773.jpg, -0.1132389, 1, 0, 30.19147
IMG\center_2026_08_31_21_55_24_879.jpg,IMG\left_2026_08_31_21_55_24_879.jpg,IMG\right_2026_08_31_21_55_24_879.jpg, 0, 1, 0, 30.18995
IMG\center_2026_08_31_21_55_24_986.jpg,IMG\left_2026_08_31_21_55_24_986.jpg,IMG\right_2026_08_31_21_55_24_986.jpg, 0, 1, 0, 30.19033
IMG\center_2026_08_31_21_55_25_089.jpg,IMG\left_2026_08_31_21_55_25_089.jpg,IMG\right_2026_08_31_21_55_25_089.jpg, 0, 1, 0, 30.19029
IMG\center_2026_08_31_21_55_25_195.jpg,IMG\left_2026_08_31_21_55_25_195.jpg,IMG\right_2026_08_31_21_55_25_195.jpg, 0, 1, 0, 30.19032
IMG\center_2026_08_31_21_55_25_298.jpg,IMG\left_2026_08_31_21_55_25_298.jpg,IMG\right_2026_08_31_21_55_25_298.jpg, 0, 1, 0, 30.19029
IMG\center_2026_08_31_21_55_25_402.jpg,IMG\left_2026_08_31_21_55_25_402.jpg,IMG\right_2026_08_31_21_55_25_402.jpg, 0, 1, 0, 30.1903
IMG\center_2026_08_31_21_55_25_508.jpg,IMG\left_2026_08_31_21_55_25_508.jpg,IMG\right_2026_08_31_21_55_25_508.jpg, 0, 1, 0, 30.19032
IMG\center_2026_08_31_21_55_25_611.jpg,IMG\left_2026_08_31_21_55_25_611.jpg,IMG\right_2026_08_31_21_55_25_611.jpg, 0, 1, 0, 30.19032
IMG\center_2026_08_31_21_55_25_713.jpg,IMG\left_2026_08_31_21_55_25_713.jpg,IMG\right_2026_08_31_21_55_25_713.jpg, 0, 1, 0, 30.19033
IMG\center_2026_08_31_21_55_25_815.jpg,IMG\left_2026_08_31_21_55_25_815.jpg,IMG\right_2026_08_31_21_55_25_815.jpg, 0, 1, 0, 30.19033
IMG\center_2026_08_31_21_55_25_918.jpg,IMG\left_2026_08_31_21_55_25_918.jpg,IMG\right_2026_08_31_21_55_25_918.jpg, 0, 1, 0, 30.19029
IMG\center_2026_08_31_21_55_26_021.jpg,IMG\left_2026_08_31_21_55_26_021.jpg,IMG\right_2026_08_31_21_55_26_021.jpg, 0, 1, 0, 30.19029
IMG\center_2026_08_31_21_55_26_122.jpg,IMG\left_2026_08_31_21_55_26_122.jpg,IMG\right_2026_08_31_21_55_26_122.jpg, 0, 1, 0, 30.19029
IMG\center_2026_08_31_21_55_26_228.jpg,IMG\left_2026_08_31_21_55_26_228.jpg,IMG\right_2026_08_31_21_55_26_228.jpg, 0, 1, 0, 30.19034
IMG\center_2026_08_31_21_55_26_328.jpg,IMG\left_2026_08_31_21_55_26_328.jpg,IMG\right_2026_08_31_21_55_26_328.jpg, 0, 1, 0, 30.19031
IMG\center_2026_08_31_21_55_26_429.jpg,IMG\left_2026_08_31_21_55_26_429.jpg,IMG\right_2026_08_31_21_55_26_429.jpg, 0, 1, 0, 30.19033
IMG\center_2026_08_31_21_55_26_531.jpg,IMG\left_2026_08_31_21_55_26_531.jpg,IMG\right_2026_08_31_21_55_26_531.jpg, 0, 1, 0, 30.19031
IMG\center_2026_08_31_21_55_26_635.jpg,IMG\left_2026_08_31_21_55_26_635.jpg,IMG\right_2026_08_31_21_55_26_635.jpg, 0, 1, 0, 30.19029
IMG\center_2026_08_31_21_55_26_739.jpg,IMG\left_2026_08_31_21_55_26_739.jpg,IMG\right_2026_08_31_21_55_26_739.jpg, 0, 1, 0, 30.19029
IMG\center_2026_08_31_21_55_26_840.jpg,IMG\left_2026_08_31_21_55_26_840.jpg,IMG\right_2026_08_31_21_55_26_840.jpg, 0, 1, 0, 30.19032
IMG\center_2026_08_31_21_55_26_941.jpg,IMG\left_2026_08_31_21_55_26_941.jpg,IMG\right_2026_08_31_21_55_26_941.jpg, 0, 1, 0, 30.19029
IMG\center_2026_08_31_21_55_27_045.jpg,IMG\left_2026_08_31_21_55_27_045.jpg,IMG\right_2026_08_31_21_55_27_045.jpg, 0, 1, 0, 30.19031
IMG\center_2026_08_31_21_55_27_152.jpg,IMG\left_2026_08_31_21_55_27_152.jpg,IMG\right_2026_08_31_21_55_27_152.jpg, -0.0414225, 1, 0, 30.1899
IMG\center_2026_08_31_21_55_27_257.jpg,IMG\left_2026_08_31_21_55_27_257.jpg,IMG\right_2026_08_31_21_55_27_257.jpg, -0.3388641, 1, 0, 30.16261
IMG\center_2026_08_31_21_55_27_359.jpg,IMG\left_2026_08_31_21_55_27_359.jpg,IMG\right_2026_08_31_21_55_27_359.jpg, -0.07464236, 1, 0, 30.19121
IMG\center_2026_08_31_21_55_27_460.jpg,IMG\left_2026_08_31_21_55_27_460.jpg,IMG\right_2026_08_31_21_55_27_460.jpg, 0, 1, 0, 30.18964
IMG\center_2026_08_31_21_55_27_567.jpg,IMG\left_2026_08_31_21_55_27_567.jpg,IMG\right_2026_08_31_21_55_27_567.jpg, 0, 1, 0, 30.19023
IMG\center_2026_08_31_21_55_27_668.jpg,IMG\left_2026_08_31_21_55_27_668.jpg,IMG\right_2026_08_31_21_55_27_668.jpg, 0, 1, 0, 30.19029
IMG\center_2026_08_31_21_55_27_769.jpg,IMG\left_2026_08_31_21_55_27_769.jpg,IMG\right_2026_08_31_21_55_27_769.jpg, 0, 1, 0, 30.19032
IMG\center_2026_08_31_21_55_27_874.jpg,IMG\left_2026_08_31_21_55_27_874.jpg,IMG\right_2026_08_31_21_55_27_874.jpg, 0, 1, 0, 30.19028
IMG\center_2026_08_31_21_55_27_978.jpg,IMG\left_2026_08_31_21_55_27_978.jpg,IMG\right_2026_08_31_21_55_27_978.jpg, 0, 1, 0, 30.1903
IMG\center_2026_08_31_21_55_28_081.jpg,IMG\left_2026_08_31_21_55_28_081.jpg,IMG\right_2026_08_31_21_55_28_081.jpg, 0, 1, 0, 30.19018
IMG\center_2026_08_31_21_55_28_182.jpg,IMG\left_2026_08_31_21_55_28_182.jpg,IMG\right_2026_08_31_21_55_28_182.jpg, 0, 1, 0, 30.19033
IMG\center_2026_08_31_21_55_28_283.jpg,IMG\left_2026_08_31_21_55_28_283.jpg,IMG\right_2026_08_31_21_55_28_283.jpg, 0, 1, 0, 30.19039
IMG\center_2026_08_31_21_55_28_384.jpg,IMG\left_2026_08_31_21_55_28_384.jpg,IMG\right_2026_08_31_21_55_28_384.jpg, 0, 1, 0, 30.19032
IMG\center_2026_08_31_21_55_28_488.jpg,IMG\left_2026_08_31_21_55_28_488.jpg,IMG\right_2026_08_31_21_55_28_488.jpg, 0, 1, 0, 30.19031
IMG\center_2026_08_31_21_55_28_591.jpg,IMG\left_2026_08_31_21_55_28_591.jpg,IMG\right_2026_08_31_21_55_28_591.jpg, 0, 1, 0, 30.1903
IMG\center_2026_08_31_21_55_28_696.jpg,IMG\left_2026_08_31_21_55_28_696.jpg,IMG\right_2026_08_31_21_55_28_696.jpg, 0, 1, 0, 30.19032
IMG\center_2026_08_31_21_55_28_802.jpg,IMG\left_2026_08_31_21_55_28_802.jpg,IMG\right_2026_08_31_21_55_28_802.jpg, 0, 1, 0, 30.19031
IMG\center_2026_08_31_21_55_28_905.jpg,IMG\left_2026_08_31_21_55_28_905.jpg,IMG\right_2026_08_31_21_55_28_905.jpg, 0, 1, 0, 30.1903
IMG\center_2026_08_31_21_55_29_014.jpg,IMG\left_2026_08_31_21_55_29_014.jpg,IMG\right_2026_08_31_21_55_29_014.jpg, 0, 1, 0, 30.19034
IMG\center_2026_08_31_21_55_29_121.jpg,IMG\left_2026_08_31_21_55_29_121.jpg,IMG\right_2026_08_31_21_55_29_121.jpg, 0, 1, 0, 30.19029
IMG\center_2026_08_31_21_55_29_222.jpg,IMG\left_2026_08_31_21_55_29_222.jpg,IMG\right_2026_08_31_21_55_29_222.jpg, 0, 1, 0, 30.19029
IMG\center_2026_08_31_21_55_29_327.jpg,IMG\left_2026_08_31_21_55_29_327.jpg,IMG\right_2026_08_31_21_55_29_327.jpg, 0, 1, 0, 30.19034
IMG\center_2026_08_31_21_55_29_428.jpg,IMG\left_2026_08_31_21_55_29_428.jpg,IMG\right_2026_08_31_21_55_29_428.jpg, 0, 1, 0, 30.19031
IMG\center_2026_08_31_21_55_29_529.jpg,IMG\left_2026_08_31_21_55_29_529.jpg,IMG\right_2026_08_31_21_55_29_529.jpg, 0, 1, 0, 30.19031
IMG\center_2026_08_31_21_55_29_635.jpg,IMG\left_2026_08_31_21_55_29_635.jpg,IMG\right_2026_08_31_21_55_29_635.jpg, 0, 1, 0, 30.19028
IMG\center_2026_08_31_21_55_29_740.jpg,IMG\left_2026_08_31_21_55_29_740.jpg,IMG\right_2026_08_31_21_55_29_740.jpg, 0, 1, 0, 30.17668
IMG\center_2026_08_31_21_55_29_840.jpg,IMG\left_2026_08_31_21_55_29_840.jpg,IMG\right_2026_08_31_21_55_29_840.jpg, 0, 1, 0, 30.18937
IMG\center_2026_08_31_21_55_29_946.jpg,IMG\left_2026_08_31_21_55_29_946.jpg,IMG\right_2026_08_31_21_55_29_946.jpg, 0, 1, 0, 30.22557
IMG\center_2026_08_31_21_55_30_047.jpg,IMG\left_2026_08_31_21_55_30_047.jpg,IMG\right_2026_08_31_21_55_30_047.jpg, 0, 1, 0, 30.18802
IMG\center_2026_08_31_21_55_30_148.jpg,IMG\left_2026_08_31_21_55_30_148.jpg,IMG\right_2026_08_31_21_55_30_148.jpg, 0, 1, 0, 30.18952
IMG\center_2026_08_31_21_55_30_251.jpg,IMG\left_2026_08_31_21_55_30_251.jpg,IMG\right_2026_08_31_21_55_30_251.jpg, 0, 1, 0, 30.18979
IMG\center_2026_08_31_21_55_30_351.jpg,IMG\left_2026_08_31_21_55_30_351.jpg,IMG\right_2026_08_31_21_55_30_351.jpg, 0, 1, 0, 30.18982
IMG\center_2026_08_31_21_56_38_145.jpg,IMG\left_2026_08_31_21_56_38_145.jpg,IMG\right_2026_08_31_21_56_38_145.jpg, 0, 1, 0, 30.19029
IMG\center_2026_08_31_21_56_38_248.jpg,IMG\left_2026_08_31_21_56_38_248.jpg,IMG\right_2026_08_31_21_56_38_248.jpg, 0, 1, 0, 30.19029
IMG\center_2026_08_31_21_56_38_353.jpg,IMG\left_2026_08_31_21_56_38_353.jpg,IMG\right_2026_08_31_21_56_38_353.jpg, 0, 1, 0, 30.19031
IMG\center_2026_08_31_21_56_38_459.jpg,IMG\left_2026_08_31_21_56_38_459.jpg,IMG\right_2026_08_31_21_56_38_459.jpg, 0, 1, 0, 30.19031
IMG\center_2026_08_31_21_56_38_561.jpg,IMG\left_2026_08_31_21_56_38_561.jpg,IMG\right_2026_08_31_21_56_38_561.jpg, 0, 1, 0, 30.19028
IMG\center_2026_08_31_21_56_38_664.jpg,IMG\left_2026_08_31_21_56_38_664.jpg,IMG\right_2026_08_31_21_56_38_664.jpg, 0, 1, 0, 30.19031
IMG\center_2026_08_31_21_56_38_771.jpg,IMG\left_2026_08_31_21_56_38_771.jpg,IMG\right_2026_08_31_21_56_38_771.jpg, 0, 1, 0, 30.1903
IMG\center_2026_08_31_21_56_38_872.jpg,IMG\left_2026_08_31_21_56_38_872.jpg,IMG\right_2026_08_31_21_56_38_872.jpg, 0, 1, 0, 30.19022
IMG\center_2026_08_31_21_56_38_973.jpg,IMG\left_2026_08_31_21_56_38_973.jpg,IMG\right_2026_08_31_21_56_38_973.jpg, 0, 1, 0, 30.19032
IMG\center_2026_08_31_21_56_39_077.jpg,IMG\left_2026_08_31_21_56_39_077.jpg,IMG\right_2026_08_31_21_56_39_077.jpg, 0, 1, 0, 30.19031
IMG\center_2026_08_31_21_56_39_184.jpg,IMG\left_2026_08_31_21_56_39_184.jpg,IMG\right_2026_08_31_21_56_39_184.jpg, 0, 1, 0, 30.19033
IMG\center_2026_08_31_21_56_39_286.jpg,IMG\left_2026_08_31_21_56_39_286.jpg,IMG\right_2026_08_31_21_56_39_286.jpg, 0, 1, 0, 30.19029
IMG\center_2026_08_31_21_56_39_389.jpg,IMG\left_2026_08_31_21_56_39_389.jpg,IMG\right_2026_08_31_21_56_39_389.jpg, 0, 1, 0, 30.19031
IMG\center_2026_08_31_21_56_39_489.jpg,IMG\left_2026_08_31_21_56_39_489.jpg,IMG\right_2026_08_31_21_56_39_489.jpg, -0.1024935, 1, 0, 30.18751
IMG\center_2026_08_31_21_56_39_591.jpg,IMG\left_2026_08_31_21_56_39_591.jpg,IMG\right_2026_08_31_21_56_39_591.jpg, -0.3575031, 1, 0, 30.16261
IMG\center_2026_08_31_21_56_39_691.jpg,IMG\left_2026_08_31_21_56_39_691.jpg,IMG\right_2026_08_31_21_56_39_691.jpg, -0.05307056, 1, 0, 30.19056
IMG\center_2026_08_31_21_56_39_799.jpg,IMG\left_2026_08_31_21_56_39_799.jpg,IMG\right_2026_08_31_21_56_39_799.jpg, 0, 1, 0, 30.18987
IMG\center_2026_08_31_21_56_39_902.jpg,IMG\left_2026_08_31_21_56_39_902.jpg,IMG\right_2026_08_31_21_56_39_902.jpg, 0, 1, 0, 30.19002
IMG\center_2026_08_31_21_56_40_005.jpg,IMG\left_2026_08_31_21_56_40_005.jpg,IMG\right_2026_08_31_21_56_40_005.jpg, 0, 1, 0, 30.1903
IMG\center_2026_08_31_21_56_40_105.jpg,IMG\left_2026_08_31_21_56_40_105.jpg,IMG\right_2026_08_31_21_56_40_105.jpg, -0.30105, 1, 0, 30.16906
IMG\center_2026_08_31_21_56_40_212.jpg,IMG\left_2026_08_31_21_56_40_212.jpg,IMG\right_2026_08_31_21_56_40_212.jpg, -0.2214404, 1, 0, 30.18787
IMG\center_2026_08_31_21_56_40_314.jpg,IMG\left_2026_08_31_21_56_40_314.jpg,IMG\right_2026_08_31_21_56_40_314.jpg, 0, 1, 0, 30.18797
IMG\center_2026_08_31_21_56_40_421.jpg,IMG\left_2026_08_31_21_56_40_421.jpg,IMG\right_2026_08_31_21_56_40_421.jpg, 0, 1, 0, 30.19013
IMG\center_2026_08_31_21_56_40_526.jpg,IMG\left_2026_08_31_21_56_40_526.jpg,IMG\right_2026_08_31_21_56_40_526.jpg, 0, 1, 0, 30.19031
IMG\center_2026_08_31_21_56_40_627.jpg,IMG\left_2026_08_31_21_56_40_627.jpg,IMG\right_2026_08_31_21_56_40_627.jpg, 0, 1, 0, 30.19031
IMG\center_2026_08_31_21_56_40_732.jpg,IMG\left_2026_08_31_21_56_40_732.jpg,IMG\right_2026_08_31_21_56_40_732.jpg, 0, 1, 0, 30.19032
IMG\center_2026_08_31_21_56_40_832.jpg,IMG\left_2026_08_31_21_56_40_832.jpg,IMG\right_2026_08_31_21_56_40_832.jpg, 0, 1, 0, 30.19027
IMG\center_2026_08_31_21_56_40_933.jpg,IMG\left_2026_08_31_21_56_40_933.jpg,IMG\right_2026_08_31_21_56_40_933.jpg, 0, 1, 0, 30.19022
IMG\center_2026_08_31_21_56_41_039.jpg,IMG\left_2026_08_31_21_56_41_039.jpg,IMG\right_2026_08_31_21_56_41_039.jpg, -0.0493746, 1, 0, 30.18965
IMG\center_2026_08_31_21_56_41_145.jpg,IMG\left_2026_08_31_21_56_41_145.jpg,IMG\right_2026_08_31_21_56_41_145.jpg, -0.3656496, 1, 0, 30.15893
IMG\center_2026_08_31_21_56_41_248.jpg,IMG\left_2026_08_31_21_56_41_248.jpg,IMG\right_2026_08_31_21_56_41_248.jpg, -0.07667278, 1, 0, 30.19117
IMG\center_2026_08_31_21_56_41_349.jpg,IMG\left_2026_08_31_21_56_41_349.jpg,IMG\right_2026_08_31_21_56_41_349.jpg, 0, 1, 0, 30.1897
IMG\center_2026_08_31_21_56_41_449.jpg,IMG\left_2026_08_31_21_56_41_449.jpg,IMG\right_2026_08_31_21_56_41_449.jpg, 0, 1, 0, 30.19021
IMG\center_2026_08_31_21_56_41_550.jpg,IMG\left_2026_08_31_21_56_41_550.jpg,IMG\right_2026_08_31_21_56_41_550.jpg, 0, 1, 0, 30.19033
IMG\center_2026_08_31_21_56_41_654.jpg,IMG\left_2026_08_31_21_56_41_654.jpg,IMG\right_2026_08_31_21_56_41_654.jpg, 0, 1, 0, 30.19033
IMG\center_2026_08_31_21_56_41_756.jpg,IMG\left_2026_08_31_21_56_41_756.jpg,IMG\right_2026_08_31_21_56_41_756.jpg, 0, 1, 0, 30.19012
IMG\center_2026_08_31_21_56_41_862.jpg,IMG\left_2026_08_31_21_56_41_862.jpg,IMG\right_2026_08_31_21_56_41_862.jpg, 0, 1, 0, 30.1903
IMG\center_2026_08_31_21_56_41_968.jpg,IMG\left_2026_08_31_21_56_41_968.jpg,IMG\right_2026_08_31_21_56_41_968.jpg, -0.0689871, 1, 0, 30.18881
IMG\center_2026_08_31_21_56_42_073.jpg,IMG\left_2026_08_31_21_56_42_073.jpg,IMG\right_2026_08_31_21_56_42_073.jpg, -0.385431, 1, 0, 30.15663
IMG\center_2026_08_31_21_56_42_178.jpg,IMG\left_2026_08_31_21_56_42_178.jpg,IMG\right_2026_08_31_21_56_42_178.jpg, -0.2397453, 1, 0, 30.1892
IMG\center_2026_08_31_21_56_42_283.jpg,IMG\left_2026_08_31_21_56_42_283.jpg,IMG\right_2026_08_31_21_56_42_283.jpg, 0, 1, 0, 30.18822
IMG\center_2026_08_31_21_56_42_385.jpg,IMG\left_2026_08_31_21_56_42_385.jpg,IMG\right_2026_08_31_21_56_42_385.jpg, 0, 1, 0, 30.19044
IMG\center_2026_08_31_21_56_42_491.jpg,IMG\left_2026_08_31_21_56_42_491.jpg,IMG\right_2026_08_31_21_56_42_491.jpg, 0, 1, 0, 30.18983
IMG\center_2026_08_31_21_56_42_593.jpg,IMG\left_2026_08_31_21_56_42_593.jpg,IMG\right_2026_08_31_21_56_42_593.jpg, 0, 1, 0, 30.19
IMG\center_2026_08_31_21_56_42_695.jpg,IMG\left_2026_08_31_21_56_42_695.jpg,IMG\right_2026_08_31_21_56_42_695.jpg, 0, 1, 0, 30.19011
IMG\center_2026_08_31_21_56_42_803.jpg,IMG\left_2026_08_31_21_56_42_803.jpg,IMG\right_2026_08_31_21_56_42_803.jpg, 0, 1, 0, 30.18849
IMG\center_2026_08_31_21_56_42_905.jpg,IMG\left_2026_08_31_21_56_42_905.jpg,IMG\right_2026_08_31_21_56_42_905.jpg, 0, 1, 0, 30.19051
IMG\center_2026_08_31_21_56_43_007.jpg,IMG\left_2026_08_31_21_56_43_007.jpg,IMG\right_2026_08_31_21_56_43_007.jpg, 0, 1, 0, 30.19033
IMG\center_2026_08_31_21_56_43_112.jpg,IMG\left_2026_08_31_21_56_43_112.jpg,IMG\right_2026_08_31_21_56_43_112.jpg, 0, 1, 0, 30.19035
IMG\center_2026_08_31_21_56_43_213.jpg,IMG\left_2026_08_31_21_56_43_213.jpg,IMG\right_2026_08_31_21_56_43_213.jpg, 0, 1, 0, 30.19035
IMG\center_2026_08_31_21_56_43_320.jpg,IMG\left_2026_08_31_21_56_43_320.jpg,IMG\right_2026_08_31_21_56_43_320.jpg, 0, 1, 0, 30.19035
IMG\center_2026_08_31_21_56_43_426.jpg,IMG\left_2026_08_31_21_56_43_426.jpg,IMG\right_2026_08_31_21_56_43_426.jpg, 0, 1, 0, 30.19003
IMG\center_2026_08_31_21_56_43_532.jpg,IMG\left_2026_08_31_21_56_43_532.jpg,IMG\right_2026_08_31_21_56_43_532.jpg, 0, 1, 0, 30.19022
IMG\center_2026_08_31_21_56_43_633.jpg,IMG\left_2026_08_31_21_56_43_633.jpg,IMG\right_2026_08_31_21_56_43_633.jpg, 0, 1, 0, 30.1911
IMG\center_2026_08_31_21_56_43_735.jpg,IMG\left_2026_08_31_21_56_43_735.jpg,IMG\right_2026_08_31_21_56_43_735.jpg, 0, 1, 0, 30.19011
IMG\center_2026_08_31_21_56_43_840.jpg,IMG\left_2026_08_31_21_56_43_840.jpg,IMG\right_2026_08_31_21_56_43_840.jpg, -0.1165593, 1, 0, 30.18671
IMG\center_2026_08_31_21_56_43_941.jpg,IMG\left_2026_08_31_21_56_43_941.jpg,IMG\right_2026_08_31_21_56_43_941.jpg, -0.4199895, 1, 0, 30.15134
IMG\center_2026_08_31_21_56_44_043.jpg,IMG\left_2026_08_31_21_56_44_043.jpg,IMG\right_2026_08_31_21_56_44_043.jpg, -0.4904836, 1, 0, 30.16463
IMG\center_2026_08_31_21_56_44_149.jpg,IMG\left_2026_08_31_21_56_44_149.jpg,IMG\right_2026_08_31_21_56_44_149.jpg, -0.1913578, 1, 0, 30.19507
IMG\center_2026_08_31_21_56_44_255.jpg,IMG\left_2026_08_31_21_56_44_255.jpg,IMG\right_2026_08_31_21_56_44_255.jpg, 0, 1, 0, 30.18708
IMG\center_2026_08_31_21_56_44_359.jpg,IMG\left_2026_08_31_21_56_44_359.jpg,IMG\right_2026_08_31_21_56_44_359.jpg, 0, 1, 0, 30.19006
IMG\center_2026_08_31_21_56_44_466.jpg,IMG\left_2026_08_31_21_56_44_466.jpg,IMG\right_2026_08_31_21_56_44_466.jpg, -0.0986229, 1, 0, 30.18886
IMG\center_2026_08_31_21_56_44_568.jpg,IMG\left_2026_08_31_21_56_44_568.jpg,IMG\right_2026_08_31_21_56_44_568.jpg, -0.4079069, 1, 0, 30.15611
IMG\center_2026_08_31_21_56_44_673.jpg,IMG\left_2026_08_31_21_56_44_673.jpg,IMG\right_2026_08_31_21_56_44_673.jpg, -0.3148311, 1, 0, 30.18622
IMG\center_2026_08_31_21_56_44_778.jpg,IMG\left_2026_08_31_21_56_44_778.jpg,IMG\right_2026_08_31_21_56_44_778.jpg, -0.01623782, 1, 0, 30.18773
IMG\center_2026_08_31_21_56_44_882.jpg,IMG\left_2026_08_31_21_56_44_882.jpg,IMG\right_2026_08_31_21_56_44_882.jpg, 0, 1, 0, 30.18987
IMG\center_2026_08_31_21_56_44_984.jpg,IMG\left_2026_08_31_21_56_44_984.jpg,IMG\right_2026_08_31_21_56_44_984.jpg, 0, 1, 0, 30.19029
IMG\center_2026_08_31_21_56_45_087.jpg,IMG\left_2026_08_31_21_56_45_087.jpg,IMG\right_2026_08_31_21_56_45_087.jpg, 0, 1, 0, 30.19036
IMG\center_2026_08_31_21_56_45_187.jpg,IMG\left_2026_08_31_21_56_45_187.jpg,IMG\right_2026_08_31_21_56_45_187.jpg, 0, 1, 0, 30.1903
IMG\center_2026_08_31_21_56_45_291.jpg,IMG\left_2026_08_31_21_56_45_291.jpg,IMG\right_2026_08_31_21_56_45_291.jpg, -0.09945991, 1, 0, 30.18779
IMG\center_2026_08_31_21_56_45_393.jpg,IMG\left_2026_08_31_21_56_45_393.jpg,IMG\right_2026_08_31_21_56_45_393.jpg, -0.4033464, 1, 0, 30.15456
IMG\center_2026_08_31_21_56_45_498.jpg,IMG\left_2026_08_31_21_56_45_498.jpg,IMG\right_2026_08_31_21_56_45_498.jpg, -0.2684865, 1, 0, 30.18915
IMG\center_2026_08_31_21_56_45_601.jpg,IMG\left_2026_08_31_21_56_45_601.jpg,IMG\right_2026_08_31_21_56_45_601.jpg, 0, 1, 0, 30.18753
IMG\center_2026_08_31_21_56_45_701.jpg,IMG\left_2026_08_31_21_56_45_701.jpg,IMG\right_2026_08_31_21_56_45_701.jpg, 0, 1, 0, 30.19042
IMG\center_2026_08_31_21_56_45_801.jpg,IMG\left_2026_08_31_21_56_45_801.jpg,IMG\right_2026_08_31_21_56_45_801.jpg, 0, 1, 0, 30.19027
IMG\center_2026_08_31_21_56_45_906.jpg,IMG\left_2026_08_31_21_56_45_906.jpg,IMG\right_2026_08_31_21_56_45_906.jpg, 0, 1, 0, 30.19029
IMG\center_2026_08_31_21_56_46_012.jpg,IMG\left_2026_08_31_21_56_46_012.jpg,IMG\right_2026_08_31_21_56_46_012.jpg, 0, 1, 0, 30.19032
IMG\center_2026_08_31_21_56_46_112.jpg,IMG\left_2026_08_31_21_56_46_112.jpg,IMG\right_2026_08_31_21_56_46_112.jpg, 0, 1, 0, 30.1903
IMG\center_2026_08_31_21_56_46_219.jpg,IMG\left_2026_08_31_21_56_46_219.jpg,IMG\right_2026_08_31_21_56_46_219.jpg, -0.2228604, 1, 0, 30.17722
IMG\center_2026_08_31_21_56_46_324.jpg,IMG\left_2026_08_31_21_56_46_324.jpg,IMG\right_2026_08_31_21_56_46_324.jpg, -0.5383452, 1, 0, 30.13499
IMG\center_2026_08_31_21_56_46_427.jpg,IMG\left_2026_08_31_21_56_46_427.jpg,IMG\right_2026_08_31_21_56_46_427.jpg, -0.3799442, 1, 0, 30.18554
IMG\center_2026_08_31_21_56_46_531.jpg,IMG\left_2026_08_31_21_56_46_531.jpg,IMG\right_2026_08_31_21_56_46_531.jpg, -0.06701515, 1, 0, 30.19031
IMG\center_2026_08_31_21_56_46_632.jpg,IMG\left_2026_08_31_21_56_46_632.jpg,IMG\right_2026_08_31_21_56_46_632.jpg, 0, 1, 0, 30.18849
IMG\center_2026_08_31_21_56_46_736.jpg,IMG\left_2026_08_31_21_56_46_736.jpg,IMG\right_2026_08_31_21_56_46_736.jpg, 0, 1, 0, 30.18982
IMG\center_2026_08_31_21_56_46_841.jpg,IMG\left_2026_08_31_21_56_46_841.jpg,IMG\right_2026_08_31_21_56_46_841.jpg, 0, 1, 0, 30.18924
IMG\center_2026_08_31_21_56_46_942.jpg,IMG\left_2026_08_31_21_56_46_942.jpg,IMG\right_2026_08_31_21_56_46_942.jpg, 0, 1, 0, 30.19016
IMG\center_2026_08_31_21_56_47_047.jpg,IMG\left_2026_08_31_21_56_47_047.jpg,IMG\right_2026_08_31_21_56_47_047.jpg, 0, 1, 0, 30.18896
IMG\center_2026_08_31_21_56_47_154.jpg,IMG\left_2026_08_31_21_56_47_154.jpg,IMG\right_2026_08_31_21_56_47_154.jpg, 0, 1, 0, 30.19041
IMG\center_2026_08_31_21_56_47_255.jpg,IMG\left_2026_08_31_21_56_47_255.jpg,IMG\right_2026_08_31_21_56_47_255.jpg, 0, 1, 0, 30.1902
IMG\center_2026_08_31_21_56_47_360.jpg,IMG\left_2026_08_31_21_56_47_360.jpg,IMG\right_2026_08_31_21_56_47_360.jpg, 0, 1, 0, 30.19014
IMG\center_2026_08_31_21_56_47_465.jpg,IMG\left_2026_08_31_21_56_47_465.jpg,IMG\right_2026_08_31_21_56_47_465.jpg, 0, 1, 0, 30.19013
IMG\center_2026_08_31_21_56_47_569.jpg,IMG\left_2026_08_31_21_56_47_569.jpg,IMG\right_2026_08_31_21_56_47_569.jpg, 0, 1, 0, 30.19063
IMG\center_2026_08_31_21_56_47_676.jpg,IMG\left_2026_08_31_21_56_47_676.jpg,IMG\right_2026_08_31_21_56_47_676.jpg, 0, 1, 0, 30.19042
IMG\center_2026_08_31_21_56_47_778.jpg,IMG\left_2026_08_31_21_56_47_778.jpg,IMG\right_2026_08_31_21_56_47_778.jpg, 0, 1, 0, 30.19095
IMG\center_2026_08_31_21_56_47_882.jpg,IMG\left_2026_08_31_21_56_47_882.jpg,IMG\right_2026_08_31_21_56_47_882.jpg, 0, 1, 0, 30.19062
IMG\center_2026_08_31_21_56_47_985.jpg,IMG\left_2026_08_31_21_56_47_985.jpg,IMG\right_2026_08_31_21_56_47_985.jpg, 0, 1, 0, 30.19059
IMG\center_2026_08_31_21_56_48_092.jpg,IMG\left_2026_08_31_21_56_48_092.jpg,IMG\right_2026_08_31_21_56_48_092.jpg, 0, 1, 0, 30.19058
IMG\center_2026_08_31_21_56_48_195.jpg,IMG\left_2026_08_31_21_56_48_195.jpg,IMG\right_2026_08_31_21_56_48_195.jpg, -0.1162137, 1, 0, 30.19045
IMG\center_2026_08_31_21_56_48_301.jpg,IMG\left_2026_08_31_21_56_48_301.jpg,IMG\right_2026_08_31_21_56_48_301.jpg, 0, 1, 0, 30.18983
IMG\center_2026_08_31_21_56_48_402.jpg,IMG\left_2026_08_31_21_56_48_402.jpg,IMG\right_2026_08_31_21_56_48_402.jpg, 0, 1, 0, 30.19418
IMG\center_2026_08_31_21_56_48_509.jpg,IMG\left_2026_08_31_21_56_48_509.jpg,IMG\right_2026_08_31_21_56_48_509.jpg, 0, 1, 0, 30.19014
IMG\center_2026_08_31_21_56_48_615.jpg,IMG\left_2026_08_31_21_56_48_615.jpg,IMG\right_2026_08_31_21_56_48_615.jpg, -0.2296323, 1, 0, 30.1769
IMG\center_2026_08_31_21_56_48_716.jpg,IMG\left_2026_08_31_21_56_48_716.jpg,IMG\right_2026_08_31_21_56_48_716.jpg, -0.5349357, 1, 0, 30.13709
IMG\center_2026_08_31_21_56_48_823.jpg,IMG\left_2026_08_31_21_56_48_823.jpg,IMG\right_2026_08_31_21_56_48_823.jpg, -0.5706795, 1, 0, 30.16576
IMG\center_2026_08_31_21_56_48_925.jpg,IMG\left_2026_08_31_21_56_48_925.jpg,IMG\right_2026_08_31_21_56_48_925.jpg, -0.2625234, 1, 0, 30.19763
IMG\center_2026_08_31_21_56_49_029.jpg,IMG\left_2026_08_31_21_56_49_029.jpg,IMG\right_2026_08_31_21_56_49_029.jpg, 0, 1, 0, 30.18433
IMG\center_2026_08_31_21_56_49_129.jpg,IMG\left_2026_08_31_21_56_49_129.jpg,IMG\right_2026_08_31_21_56_49_129.jpg, 0, 1, 0, 30.1895
IMG\center_2026_08_31_21_56_49_232.jpg,IMG\left_2026_08_31_21_56_49_232.jpg,IMG\right_2026_08_31_21_56_49_232.jpg, 0, 1, 0, 30.19028
IMG\center_2026_08_31_21_56_49_336.jpg,IMG\left_2026_08_31_21_56_49_336.jpg,IMG\right_2026_08_31_21_56_49_336.jpg, 0, 1, 0, 30.19031
IMG\center_2026_08_31_21_56_49_439.jpg,IMG\left_2026_08_31_21_56_49_439.jpg,IMG\right_2026_08_31_21_56_49_439.jpg, 0, 1, 0, 30.18965
IMG\center_2026_08_31_21_56_49_539.jpg,IMG\left_2026_08_31_21_56_49_539.jpg,IMG\right_2026_08_31_21_56_49_539.jpg, 0, 1, 0, 30.18997
IMG\center_2026_08_31_21_56_49_643.jpg,IMG\left_2026_08_31_21_56_49_643.jpg,IMG\right_2026_08_31_21_56_49_643.jpg, 0, 1, 0, 30.1889
IMG\center_2026_08_31_21_56_49_746.jpg,IMG\left_2026_08_31_21_56_49_746.jpg,IMG\right_2026_08_31_21_56_49_746.jpg, 0, 1, 0, 30.18996
IMG\center_2026_08_31_21_56_49_848.jpg,IMG\left_2026_08_31_21_56_49_848.jpg,IMG\right_2026_08_31_21_56_49_848.jpg, 0, 1, 0, 30.18993
IMG\center_2026_08_31_21_56_49_951.jpg,IMG\left_2026_08_31_21_56_49_951.jpg,IMG\right_2026_08_31_21_56_49_951.jpg, 0, 1, 0, 30.19017
IMG\center_2026_08_31_21_56_50_054.jpg,IMG\left_2026_08_31_21_56_50_054.jpg,IMG\right_2026_08_31_21_56_50_054.jpg, 0, 1, 0, 30.19003
IMG\center_2026_08_31_21_56_50_161.jpg,IMG\left_2026_08_31_21_56_50_161.jpg,IMG\right_2026_08_31_21_56_50_161.jpg, 0, 1, 0, 30.19004
IMG\center_2026_08_31_21_56_50_262.jpg,IMG\left_2026_08_31_21_56_50_262.jpg,IMG\right_2026_08_31_21_56_50_262.jpg, 0, 1, 0, 30.19002
IMG\center_2026_08_31_21_56_50_368.jpg,IMG\left_2026_08_31_21_56_50_368.jpg,IMG\right_2026_08_31_21_56_50_368.jpg, 0, 1, 0, 30.19003
IMG\center_2026_08_31_21_56_50_472.jpg,IMG\left_2026_08_31_21_56_50_472.jpg,IMG\right_2026_08_31_21_56_50_472.jpg, 0, 1, 0, 30.19028
IMG\center_2026_08_31_21_56_50_577.jpg,IMG\left_2026_08_31_21_56_50_577.jpg,IMG\right_2026_08_31_21_56_50_577.jpg, 0, 1, 0, 30.19016
IMG\center_2026_08_31_21_56_50_678.jpg,IMG\left_2026_08_31_21_56_50_678.jpg,IMG\right_2026_08_31_21_56_50_678.jpg, 0, 1, 0, 30.19063
IMG\center_2026_08_31_21_56_50_781.jpg,IMG\left_2026_08_31_21_56_50_781.jpg,IMG\right_2026_08_31_21_56_50_781.jpg, 0, 1, 0, 30.1903
IMG\center_2026_08_31_21_56_50_884.jpg,IMG\left_2026_08_31_21_56_50_884.jpg,IMG\right_2026_08_31_21_56_50_884.jpg, 0, 1, 0, 30.19025
IMG\center_2026_08_31_21_56_50_986.jpg,IMG\left_2026_08_31_21_56_50_986.jpg,IMG\right_2026_08_31_21_56_50_986.jpg, 0, 1, 0, 30.19027
IMG\center_2026_08_31_21_56_51_087.jpg,IMG\left_2026_08_31_21_56_51_087.jpg,IMG\right_2026_08_31_21_56_51_087.jpg, 0, 1, 0, 30.1903
IMG\center_2026_08_31_21_56_51_192.jpg,IMG\left_2026_08_31_21_56_51_192.jpg,IMG\right_2026_08_31_21_56_51_192.jpg, 0, 1, 0, 30.19026
IMG\center_2026_08_31_21_56_51_293.jpg,IMG\left_2026_08_31_21_56_51_293.jpg,IMG\right_2026_08_31_21_56_51_293.jpg, 0, 1, 0, 30.19043
IMG\center_2026_08_31_21_56_51_396.jpg,IMG\left_2026_08_31_21_56_51_396.jpg,IMG\right_2026_08_31_21_56_51_396.jpg, 0, 1, 0, 30.19037
IMG\center_2026_08_31_21_56_51_500.jpg,IMG\left_2026_08_31_21_56_51_500.jpg,IMG\right_2026_08_31_21_56_51_500.jpg, 0, 1, 0, 30.19058
IMG\center_2026_08_31_21_56_51_605.jpg,IMG\left_2026_08_31_21_56_51_605.jpg,IMG\right_2026_08_31_21_56_51_605.jpg, 0, 1, 0, 30.19048
IMG\center_2026_08_31_21_56_51_710.jpg,IMG\left_2026_08_31_21_56_51_710.jpg,IMG\right_2026_08_31_21_56_51_710.jpg, 0, 1, 0, 30.1905
IMG\center_2026_08_31_21_56_51_812.jpg,IMG\left_2026_08_31_21_56_51_812.jpg,IMG\right_2026_08_31_21_56_51_812.jpg, 0, 1, 0, 30.19044
IMG\center_2026_08_31_21_56_51_918.jpg,IMG\left_2026_08_31_21_56_51_918.jpg,IMG\right_2026_08_31_21_56_51_918.jpg, 0, 1, 0, 30.19048
IMG\center_2026_08_31_21_56_52_021.jpg,IMG\left_2026_08_31_21_56_52_021.jpg,IMG\right_2026_08_31_21_56_52_021.jpg, 0, 1, 0, 30.19023
IMG\center_2026_08_31_21_56_52_125.jpg,IMG\left_2026_08_31_21_56_52_125.jpg,IMG\right_2026_08_31_21_56_52_125.jpg, 0, 1, 0, 30.19062
IMG\center_2026_08_31_21_56_52_226.jpg,IMG\left_2026_08_31_21_56_52_226.jpg,IMG\right_2026_08_31_21_56_52_226.jpg, 0, 1, 0, 30.18992
IMG\center_2026_08_31_21_56_52_331.jpg,IMG\left_2026_08_31_21_56_52_331.jpg,IMG\right_2026_08_31_21_56_52_331.jpg, 0, 1, 0, 30.19071
IMG\center_2026_08_31_21_56_52_434.jpg,IMG\left_2026_08_31_21_56_52_434.jpg,IMG\right_2026_08_31_21_56_52_434.jpg, 0, 1, 0, 30.1907
IMG\center_2026_08_31_21_56_52_535.jpg,IMG\left_2026_08_31_21_56_52_535.jpg,IMG\right_2026_08_31_21_56_52_535.jpg, 0, 1, 0, 30.19065
IMG\center_2026_08_31_21_56_52_641.jpg,IMG\left_2026_08_31_21_56_52_641.jpg,IMG\right_2026_08_31_21_56_52_641.jpg, -0.1491282, 1, 0, 30.18404
IMG\center_2026_08_31_21_56_52_747.jpg,IMG\left_2026_08_31_21_56_52_747.jpg,IMG\right_2026_08_31_21_56_52_747.jpg, -0.1742265, 1, 0, 30.1877
IMG\center_2026_08_31_21_56_52_849.jpg,IMG\left_2026_08_31_21_56_52_849.jpg,IMG\right_2026_08_31_21_56_52_849.jpg, 0, 1, 0, 30.18972
IMG\center_2026_08_31_21_56_52_952.jpg,IMG\left_2026_08_31_21_56_52_952.jpg,IMG\right_2026_08_31_21_56_52_952.jpg, 0, 1, 0, 30.18991
IMG\center_2026_08_31_21_56_53_054.jpg,IMG\left_2026_08_31_21_56_53_054.jpg,IMG\right_2026_08_31_21_56_53_054.jpg, 0, 1, 0, 30.19028
IMG\center_2026_08_31_21_56_53_158.jpg,IMG\left_2026_08_31_21_56_53_158.jpg,IMG\right_2026_08_31_21_56_53_158.jpg, -0.3119397, 1, 0, 30.16773
IMG\center_2026_08_31_21_56_53_261.jpg,IMG\left_2026_08_31_21_56_53_261.jpg,IMG\right_2026_08_31_21_56_53_261.jpg, -0.2101437, 1, 0, 30.18962
IMG\center_2026_08_31_21_56_53_362.jpg,IMG\left_2026_08_31_21_56_53_362.jpg,IMG\right_2026_08_31_21_56_53_362.jpg, 0, 1, 0, 30.18809
IMG\center_2026_08_31_21_56_53_466.jpg,IMG\left_2026_08_31_21_56_53_466.jpg,IMG\right_2026_08_31_21_56_53_466.jpg, 0, 1, 0, 30.19006
IMG\center_2026_08_31_21_56_53_571.jpg,IMG\left_2026_08_31_21_56_53_571.jpg,IMG\right_2026_08_31_21_56_53_571.jpg, 0, 1, 0, 30.19029
IMG\center_2026_08_31_21_56_53_675.jpg,IMG\left_2026_08_31_21_56_53_675.jpg,IMG\right_2026_08_31_21_56_53_675.jpg, 0, 1, 0, 30.19064
IMG\center_2026_08_31_21_56_53_779.jpg,IMG\left_2026_08_31_21_56_53_779.jpg,IMG\right_2026_08_31_21_56_53_779.jpg, 0, 1, 0, 30.19019
IMG\center_2026_08_31_21_56_53_883.jpg,IMG\left_2026_08_31_21_56_53_883.jpg,IMG\right_2026_08_31_21_56_53_883.jpg, 0, 1, 0, 30.19059
IMG\center_2026_08_31_21_56_53_983.jpg,IMG\left_2026_08_31_21_56_53_983.jpg,IMG\right_2026_08_31_21_56_53_983.jpg, 0, 1, 0, 30.19034
IMG\center_2026_08_31_21_56_54_087.jpg,IMG\left_2026_08_31_21_56_54_087.jpg,IMG\right_2026_08_31_21_56_54_087.jpg, 0, 1, 0, 30.19016
IMG\center_2026_08_31_21_56_54_187.jpg,IMG\left_2026_08_31_21_56_54_187.jpg,IMG\right_2026_08_31_21_56_54_187.jpg, 0, 1, 0, 30.19015
IMG\center_2026_08_31_21_56_54_288.jpg,IMG\left_2026_08_31_21_56_54_288.jpg,IMG\right_2026_08_31_21_56_54_288.jpg, 0, 1, 0, 30.19014
IMG\center_2026_08_31_21_56_54_394.jpg,IMG\left_2026_08_31_21_56_54_394.jpg,IMG\right_2026_08_31_21_56_54_394.jpg, 0, 1, 0, 30.19016
IMG\center_2026_08_31_21_56_54_495.jpg,IMG\left_2026_08_31_21_56_54_495.jpg,IMG\right_2026_08_31_21_56_54_495.jpg, 0, 1, 0, 30.19015
IMG\center_2026_08_31_21_56_54_601.jpg,IMG\left_2026_08_31_21_56_54_601.jpg,IMG\right_2026_08_31_21_56_54_601.jpg, 0, 1, 0, 30.1901
IMG\center_2026_08_31_21_56_54_703.jpg,IMG\left_2026_08_31_21_56_54_703.jpg,IMG\right_2026_08_31_21_56_54_703.jpg, 0, 1, 0, 30.19022
IMG\center_2026_08_31_21_56_54_805.jpg,IMG\left_2026_08_31_21_56_54_805.jpg,IMG\right_2026_08_31_21_56_54_805.jpg, 0, 1, 0, 30.1902
IMG\center_2026_08_31_21_56_54_911.jpg,IMG\left_2026_08_31_21_56_54_911.jpg,IMG\right_2026_08_31_21_56_54_911.jpg, 0, 1, 0, 30.19033
IMG\center_2026_08_31_21_56_55_015.jpg,IMG\left_2026_08_31_21_56_55_015.jpg,IMG\right_2026_08_31_21_56_55_015.jpg, 0, 1, 0, 30.19027
IMG\center_2026_08_31_21_56_55_122.jpg,IMG\left_2026_08_31_21_56_55_122.jpg,IMG\right_2026_08_31_21_56_55_122.jpg, 0, 1, 0, 30.19026
IMG\center_2026_08_31_21_56_55_223.jpg,IMG\left_2026_08_31_21_56_55_223.jpg,IMG\right_2026_08_31_21_56_55_223.jpg, 0, 1, 0, 30.19028
IMG\center_2026_08_31_21_56_55_326.jpg,IMG\left_2026_08_31_21_56_55_326.jpg,IMG\right_2026_08_31_21_56_55_326.jpg, 0, 1, 0, 30.07722
IMG\center_2026_08_31_21_56_55_433.jpg,IMG\left_2026_08_31_21_56_55_433.jpg,IMG\right_2026_08_31_21_56_55_433.jpg, 0, 1, 0, 30.33113
IMG\center_2026_08_31_21_56_55_533.jpg,IMG\left_2026_08_31_21_56_55_533.jpg,IMG\right_2026_08_31_21_56_55_533.jpg, -0.0389355, 1, 0, 30.05837
IMG\center_2026_08_31_21_56_55_637.jpg,IMG\left_2026_08_31_21_56_55_637.jpg,IMG\right_2026_08_31_21_56_55_637.jpg, 0, 1, 0, 30.20284
IMG\center_2026_08_31_21_56_55_740.jpg,IMG\left_2026_08_31_21_56_55_740.jpg,IMG\right_2026_08_31_21_56_55_740.jpg, 0, 1, 0, 30.18889
IMG\center_2026_08_31_21_56_55_847.jpg,IMG\left_2026_08_31_21_56_55_847.jpg,IMG\right_2026_08_31_21_56_55_847.jpg, 0, 1, 0, 30.1898
IMG\center_2026_08_31_21_56_55_950.jpg,IMG\left_2026_08_31_21_56_55_950.jpg,IMG\right_2026_08_31_21_56_55_950.jpg, 0, 1, 0, 30.18993
IMG\center_2026_08_31_21_56_56_050.jpg,IMG\left_2026_08_31_21_56_56_050.jpg,IMG\right_2026_08_31_21_56_56_050.jpg, 0, 1, 0, 30.18991
IMG\center_2026_08_31_21_56_56_157.jpg,IMG\left_2026_08_31_21_56_56_157.jpg,IMG\right_2026_08_31_21_56_56_157.jpg, 0, 1, 0, 30.1899
IMG\center_2026_08_31_21_56_56_263.jpg,IMG\left_2026_08_31_21_56_56_263.jpg,IMG\right_2026_08_31_21_56_56_263.jpg, 0, 1, 0, 30.18989
IMG\center_2026_08_31_21_56_56_367.jpg,IMG\left_2026_08_31_21_56_56_367.jpg,IMG\right_2026_08_31_21_56_56_367.jpg, 0, 1, 0, 30.18989
IMG\center_2026_08_31_21_56_56_472.jpg,IMG\left_2026_08_31_21_56_56_472.jpg,IMG\right_2026_08_31_21_56_56_472.jpg, 0, 1, 0, 30.1899
IMG\center_2026_08_31_21_58_00_729.jpg,IMG\left_2026_08_31_21_58_00_729.jpg,IMG\right_2026_08_31_21_58_00_729.jpg, 0, 1, 0, 30.19027
IMG\center_2026_08_31_21_58_00_833.jpg,IMG\left_2026_08_31_21_58_00_833.jpg,IMG\right_2026_08_31_21_58_00_833.jpg, 0, 1, 0, 30.1903
IMG\center_2026_08_31_21_58_00_935.jpg,IMG\left_2026_08_31_21_58_00_935.jpg,IMG\right_2026_08_31_21_58_00_935.jpg, 0, 1, 0, 30.19036
IMG\center_2026_08_31_21_58_01_039.jpg,IMG\left_2026_08_31_21_58_01_039.jpg,IMG\right_2026_08_31_21_58_01_039.jpg, 0, 1, 0, 30.1903
IMG\center_2026_08_31_21_58_01_142.jpg,IMG\left_2026_08_31_21_58_01_142.jpg,IMG\right_2026_08_31_21_58_01_142.jpg, 0, 1, 0, 30.1903
IMG\center_2026_08_31_21_58_01_246.jpg,IMG\left_2026_08_31_21_58_01_246.jpg,IMG\right_2026_08_31_21_58_01_246.jpg, 0, 1, 0, 30.19036
IMG\center_2026_08_31_21_58_01_345.jpg,IMG\left_2026_08_31_21_58_01_345.jpg,IMG\right_2026_08_31_21_58_01_345.jpg, 0, 1, 0, 30.19028
IMG\center_2026_08_31_21_58_01_448.jpg,IMG\left_2026_08_31_21_58_01_448.jpg,IMG\right_2026_08_31_21_58_01_448.jpg, 0, 1, 0, 30.19028
IMG\center_2026_08_31_21_58_01_550.jpg,IMG\left_2026_08_31_21_58_01_550.jpg,IMG\right_2026_08_31_21_58_01_550.jpg, 0, 1, 0, 30.19028
IMG\center_2026_08_31_21_58_01_658.jpg,IMG\left_2026_08_31_21_58_01_658.jpg,IMG\right_2026_08_31_21_58_01_658.jpg, 0, 1, 0, 30.19029
IMG\center_2026_08_31_21_58_01_765.jpg,IMG\left_2026_08_31_21_58_01_765.jpg,IMG\right_2026_08_31_21_58_01_765.jpg, 0, 1, 0, 30.19031
IMG\center_2026_08_31_21_58_01_870.jpg,IMG\left_2026_08_31_21_58_01_870.jpg,IMG\right_2026_08_31_21_58_01_870.jpg, 0, 1, 0, 30.19033
IMG\center_2026_08_31_21_58_01_976.jpg,IMG\left_2026_08_31_21_58_01_976.jpg,IMG\right_2026_08_31_21_58_01_976.jpg, 0, 1, 0, 30.19029
IMG\center_2026_08_31_21_58_02_080.jpg,IMG\left_2026_08_31_21_58_02_080.jpg,IMG\right_2026_08_31_21_58_02_080.jpg, -0.0794526, 1, 0, 30.18871
IMG\center_2026_08_31_21_58_02_186.jpg,IMG\left_2026_08_31_21_58_02_186.jpg,IMG\right_2026_08_31_21_58_02_186.jpg, -0.3776816, 1, 0, 30.15865
IMG\center_2026_08_31_21_58_02_290.jpg,IMG\left_2026_08_31_21_58_02_290.jpg,IMG\right_2026_08_31_21_58_02_290.jpg, -0.2277996, 1, 0, 30.1897
IMG\center_2026_08_31_21_58_02_391.jpg,IMG\left_2026_08_31_21_58_02_391.jpg,IMG\right_2026_08_31_21_58_02_391.jpg, 0, 1, 0, 30.18768
IMG\center_2026_08_31_21_58_02_495.jpg,IMG\left_2026_08_31_21_58_02_495.jpg,IMG\right_2026_08_31_21_58_02_495.jpg, 0, 1, 0, 30.18996
IMG\center_2026_08_31_21_58_02_601.jpg,IMG\left_2026_08_31_21_58_02_601.jpg,IMG\right_2026_08_31_21_58_02_601.jpg, 0, 1, 0, 30.19025
IMG\center_2026_08_31_21_58_02_701.jpg,IMG\left_2026_08_31_21_58_02_701.jpg,IMG\right_2026_08_31_21_58_02_701.jpg, 0, 1, 0, 30.19033
IMG\center_2026_08_31_21_58_02_807.jpg,IMG\left_2026_08_31_21_58_02_807.jpg,IMG\right_2026_08_31_21_58_02_807.jpg, 0, 1, 0, 30.19017
IMG\center_2026_08_31_21_58_02_915.jpg,IMG\left_2026_08_31_21_58_02_915.jpg,IMG\right_2026_08_31_21_58_02_915.jpg, 0, 1, 0, 30.19021
IMG\center_2026_08_31_21_58_03_016.jpg,IMG\left_2026_08_31_21_58_03_016.jpg,IMG\right_2026_08_31_21_58_03_016.jpg, -0.2052801, 1, 0, 30.17901
IMG\center_2026_08_31_21_58_03_119.jpg,IMG\left_2026_08_31_21_58_03_119.jpg,IMG\right_2026_08_31_21_58_03_119.jpg, -0.1999425, 1, 0, 30.18837
IMG\center_2026_08_31_21_58_03_224.jpg,IMG\left_2026_08_31_21_58_03_224.jpg,IMG\right_2026_08_31_21_58_03_224.jpg, 0, 1, 0, 30.18886
IMG\center_2026_08_31_21_58_03_330.jpg,IMG\left_2026_08_31_21_58_03_330.jpg,IMG\right_2026_08_31_21_58_03_330.jpg, 0, 1, 0, 30.19027
IMG\center_2026_08_31_21_58_03_432.jpg,IMG\left_2026_08_31_21_58_03_432.jpg,IMG\right_2026_08_31_21_58_03_432.jpg, 0, 1, 0, 30.19025
IMG\center_2026_08_31_21_58_03_536.jpg,IMG\left_2026_08_31_21_58_03_536.jpg,IMG\right_2026_08_31_21_58_03_536.jpg, 0, 1, 0, 30.19036
IMG\center_2026_08_31_21_58_03_640.jpg,IMG\left_2026_08_31_21_58_03_640.jpg,IMG\right_2026_08_31_21_58_03_640.jpg, 0, 1, 0, 30.19029
IMG\center_2026_08_31_21_58_03_744.jpg,IMG\left_2026_08_31_21_58_03_744.jpg,IMG\right_2026_08_31_21_58_03_744.jpg, 0, 1, 0, 30.19029
IMG\center_2026_08_31_21_58_03_851.jpg,IMG\left_2026_08_31_21_58_03_851.jpg,IMG\right_2026_08_31_21_58_03_851.jpg, 0, 1, 0, 30.19033
IMG\center_2026_08_31_21_58_03_955.jpg,IMG\left_2026_08_31_21_58_03_955.jpg,IMG\right_2026_08_31_21_58_03_955.jpg, -0.0812715, 1, 0, 30.18866
IMG\center_2026_08_31_21_58_04_059.jpg,IMG\left_2026_08_31_21_58_04_059.jpg,IMG\right_2026_08_31_21_58_04_059.jpg, -0.4213326, 1, 0, 30.15215
IMG\center_2026_08_31_21_58_04_161.jpg,IMG\left_2026_08_31_21_58_04_161.jpg,IMG\right_2026_08_31_21_58_04_161.jpg, -0.1165323, 1, 0, 30.19175
IMG\center_2026_08_31_21_58_04_267.jpg,IMG\left_2026_08_31_21_58_04_267.jpg,IMG\right_2026_08_31_21_58_04_267.jpg, 0, 1, 0, 30.18917
IMG\center_2026_08_31_21_58_04_373.jpg,IMG\left_2026_08_31_21_58_04_373.jpg,IMG\right_2026_08_31_21_58_04_373.jpg, 0, 1, 0, 30.19019
IMG\center_2026_08_31_21_58_04_478.jpg,IMG\left_2026_08_31_21_58_04_478.jpg,IMG\right_2026_08_31_21_58_04_478.jpg, 0, 1, 0, 30.19025
IMG\center_2026_08_31_21_58_04_581.jpg,IMG\left_2026_08_31_21_58_04_581.jpg,IMG\right_2026_08_31_21_58_04_581.jpg, 0, 1, 0, 30.19022
IMG\center_2026_08_31_21_58_04_684.jpg,IMG\left_2026_08_31_21_58_04_684.jpg,IMG\right_2026_08_31_21_58_04_684.jpg, 0, 1, 0, 30.19032
IMG\center_2026_08_31_21_58_04_787.jpg,IMG\left_2026_08_31_21_58_04_787.jpg,IMG\right_2026_08_31_21_58_04_787.jpg, 0, 1, 0, 30.19034
IMG\center_2026_08_31_21_58_04_888.jpg,IMG\left_2026_08_31_21_58_04_888.jpg,IMG\right_2026_08_31_21_58_04_888.jpg, 0, 1, 0, 30.19024
IMG\center_2026_08_31_21_58_04_994.jpg,IMG\left_2026_08_31_21_58_04_994.jpg,IMG\right_2026_08_31_21_58_04_994.jpg, 0, 1, 0, 30.19025
IMG\center_2026_08_31_21_58_05_102.jpg,IMG\left_2026_08_31_21_58_05_102.jpg,IMG\right_2026_08_31_21_58_05_102.jpg, 0, 1, 0, 30.1903
IMG\center_2026_08_31_21_58_05_206.jpg,IMG\left_2026_08_31_21_58_05_206.jpg,IMG\right_2026_08_31_21_58_05_206.jpg, 0, 1, 0, 30.19028
IMG\center_2026_08_31_21_58_05_313.jpg,IMG\left_2026_08_31_21_58_05_313.jpg,IMG\right_2026_08_31_21_58_05_313.jpg, 0, 1, 0, 30.19029
IMG\center_2026_08_31_21_58_05_414.jpg,IMG\left_2026_08_31_21_58_05_414.jpg,IMG\right_2026_08_31_21_58_05_414.jpg, 0, 1, 0, 30.19031
IMG\center_2026_08_31_21_58_05_518.jpg,IMG\left_2026_08_31_21_58_05_518.jpg,IMG\right_2026_08_31_21_58_05_518.jpg, 0, 1, 0, 30.19024
IMG\center_2026_08_31_21_58_05_625.jpg,IMG\left_2026_08_31_21_58_05_625.jpg,IMG\right_2026_08_31_21_58_05_625.jpg, -0.221052, 1, 0, 30.17728
IMG\center_2026_08_31_21_58_05_728.jpg,IMG\left_2026_08_31_21_58_05_728.jpg,IMG\right_2026_08_31_21_58_05_728.jpg, -0.2111334, 1, 0, 30.18676
IMG\center_2026_08_31_21_58_05_832.jpg,IMG\left_2026_08_31_21_58_05_832.jpg,IMG\right_2026_08_31_21_58_05_832.jpg, 0, 1, 0, 30.18843
IMG\center_2026_08_31_21_58_05_936.jpg,IMG\left_2026_08_31_21_58_05_936.jpg,IMG\right_2026_08_31_21_58_05_936.jpg, 0, 1, 0, 30.19003
IMG\center_2026_08_31_21_58_06_041.jpg,IMG\left_2026_08_31_21_58_06_041.jpg,IMG\right_2026_08_31_21_58_06_041.jpg, 0, 1, 0, 30.19029
IMG\center_2026_08_31_21_58_06_141.jpg,IMG\left_2026_08_31_21_58_06_141.jpg,IMG\right_2026_08_31_21_58_06_141.jpg, -0.2310681, 1, 0, 30.17747
IMG\center_2026_08_31_21_58_06_242.jpg,IMG\left_2026_08_31_21_58_06_242.jpg,IMG\right_2026_08_31_21_58_06_242.jpg, -0.3574761, 1, 0, 30.17009
IMG\center_2026_08_31_21_58_06_344.jpg,IMG\left_2026_08_31_21_58_06_344.jpg,IMG\right_2026_08_31_21_58_06_344.jpg, -0.04970587, 1, 0, 30.19023
IMG\center_2026_08_31_21_58_06_451.jpg,IMG\left_2026_08_31_21_58_06_451.jpg,IMG\right_2026_08_31_21_58_06_451.jpg, 0, 1, 0, 30.18955
IMG\center_2026_08_31_21_58_06_554.jpg,IMG\left_2026_08_31_21_58_06_554.jpg,IMG\right_2026_08_31_21_58_06_554.jpg, 0, 1, 0, 30.1902
IMG\center_2026_08_31_21_58_06_655.jpg,IMG\left_2026_08_31_21_58_06_655.jpg,IMG\right_2026_08_31_21_58_06_655.jpg, 0, 1, 0, 30.19029
IMG\center_2026_08_31_21_58_06_757.jpg,IMG\left_2026_08_31_21_58_06_757.jpg,IMG\right_2026_08_31_21_58_06_757.jpg, 0, 1, 0, 30.19029
IMG\center_2026_08_31_21_58_06_861.jpg,IMG\left_2026_08_31_21_58_06_861.jpg,IMG\right_2026_08_31_21_58_06_861.jpg, -0.0221646, 1, 0, 30.1902
IMG\center_2026_08_31_21_58_06_961.jpg,IMG\left_2026_08_31_21_58_06_961.jpg,IMG\right_2026_08_31_21_58_06_961.jpg, -0.3230904, 1, 0, 30.16507
IMG\center_2026_08_31_21_58_07_061.jpg,IMG\left_2026_08_31_21_58_07_061.jpg,IMG\right_2026_08_31_21_58_07_061.jpg, -0.2518395, 1, 0, 30.18724
IMG\center_2026_08_31_21_58_07_163.jpg,IMG\left_2026_08_31_21_58_07_163.jpg,IMG\right_2026_08_31_21_58_07_163.jpg, 0, 1, 0, 30.18733
IMG\center_2026_08_31_21_58_07_268.jpg,IMG\left_2026_08_31_21_58_07_268.jpg,IMG\right_2026_08_31_21_58_07_268.jpg, 0, 1, 0, 30.18991
IMG\center_2026_08_31_21_58_07_370.jpg,IMG\left_2026_08_31_21_58_07_370.jpg,IMG\right_2026_08_31_21_58_07_370.jpg, 0, 1, 0, 30.19026
IMG\center_2026_08_31_21_58_07_473.jpg,IMG\left_2026_08_31_21_58_07_473.jpg,IMG\right_2026_08_31_21_58_07_473.jpg, 0, 1, 0, 30.1903
IMG\center_2026_08_31_21_58_07_575.jpg,IMG\left_2026_08_31_21_58_07_575.jpg,IMG\right_2026_08_31_21_58_07_575.jpg, 0, 1, 0, 30.19021
IMG\center_2026_08_31_21_58_07_685.jpg,IMG\left_2026_08_31_21_58_07_685.jpg,IMG\right_2026_08_31_21_58_07_685.jpg, -0.0257958, 1, 0, 30.1901
IMG\center_2026_08_31_21_58_07_786.jpg,IMG\left_2026_08_31_21_58_07_786.jpg,IMG\right_2026_08_31_21_58_07_786.jpg, -0.3263814, 1, 0, 30.16402
IMG\center_2026_08_31_21_58_07_887.jpg,IMG\left_2026_08_31_21_58_07_887.jpg,IMG\right_2026_08_31_21_58_07_887.jpg, -0.1356993, 1, 0, 30.19124
IMG\center_2026_08_31_21_58_07_993.jpg,IMG\left_2026_08_31_21_58_07_993.jpg,IMG\right_2026_08_31_21_58_07_993.jpg, 0, 1, 0, 30.18932
IMG\center_2026_08_31_21_58_08_096.jpg,IMG\left_2026_08_31_21_58_08_096.jpg,IMG\right_2026_08_31_21_58_08_096.jpg, 0, 1, 0, 30.19075
IMG\center_2026_08_31_21_58_08_199.jpg,IMG\left_2026_08_31_21_58_08_199.jpg,IMG\right_2026_08_31_21_58_08_199.jpg, 0, 1, 0, 30.19036
IMG\center_2026_08_31_21_58_08_299.jpg,IMG\left_2026_08_31_21_58_08_299.jpg,IMG\right_2026_08_31_21_58_08_299.jpg, 0, 1, 0, 30.19032
IMG\center_2026_08_31_21_58_08_403.jpg,IMG\left_2026_08_31_21_58_08_403.jpg,IMG\right_2026_08_31_21_58_08_403.jpg, 0, 1, 0, 30.19029
IMG\center_2026_08_31_21_58_08_504.jpg,IMG\left_2026_08_31_21_58_08_504.jpg,IMG\right_2026_08_31_21_58_08_504.jpg, 0, 1, 0, 30.18942
IMG\center_2026_08_31_21_58_08_606.jpg,IMG\left_2026_08_31_21_58_08_606.jpg,IMG\right_2026_08_31_21_58_08_606.jpg, -0.20961, 1, 0, 30.1777
IMG\center_2026_08_31_21_58_08_710.jpg,IMG\left_2026_08_31_21_58_08_710.jpg,IMG\right_2026_08_31_21_58_08_710.jpg, -0.3593016, 1, 0, 30.16605
IMG\center_2026_08_31_21_58_08_811.jpg,IMG\left_2026_08_31_21_58_08_811.jpg,IMG\right_2026_08_31_21_58_08_811.jpg, -0.05032166, 1, 0, 30.1904
IMG\center_2026_08_31_21_58_08_913.jpg,IMG\left_2026_08_31_21_58_08_913.jpg,IMG\right_2026_08_31_21_58_08_913.jpg, 0, 1, 0, 30.18952
IMG\center_2026_08_31_21_58_09_014.jpg,IMG\left_2026_08_31_21_58_09_014.jpg,IMG\right_2026_08_31_21_58_09_014.jpg, -0.0873393, 1, 0, 30.18951
IMG\center_2026_08_31_21_58_09_118.jpg,IMG\left_2026_08_31_21_58_09_118.jpg,IMG\right_2026_08_31_21_58_09_118.jpg, -0.107382, 1, 0, 30.19051
IMG\center_2026_08_31_21_58_09_220.jpg,IMG\left_2026_08_31_21_58_09_220.jpg,IMG\right_2026_08_31_21_58_09_220.jpg, 0, 1, 0, 30.19002
IMG\center_2026_08_31_21_58_09_327.jpg,IMG\left_2026_08_31_21_58_09_327.jpg,IMG\right_2026_08_31_21_58_09_327.jpg, 0, 1, 0, 30.19026
IMG\center_2026_08_31_21_58_09_431.jpg,IMG\left_2026_08_31_21_58_09_431.jpg,IMG\right_2026_08_31_21_58_09_431.jpg, -0.2895933, 1, 0, 30.17025
IMG\center_2026_08_31_21_58_09_535.jpg,IMG\left_2026_08_31_21_58_09_535.jpg,IMG\right_2026_08_31_21_58_09_535.jpg, -0.581197, 1, 0, 30.13152
IMG\center_2026_08_31_21_58_09_643.jpg,IMG\left_2026_08_31_21_58_09_643.jpg,IMG\right_2026_08_31_21_58_09_643.jpg, -0.7488819, 1, 0, 30.12782
IMG\center_2026_08_31_21_58_09_746.jpg,IMG\left_2026_08_31_21_58_09_746.jpg,IMG\right_2026_08_31_21_58_09_746.jpg, -0.4390451, 1, 0, 30.1976
IMG\center_2026_08_31_21_58_09_850.jpg,IMG\left_2026_08_31_21_58_09_850.jpg,IMG\right_2026_08_31_21_58_09_850.jpg, -0.1452404, 1, 0, 30.19437
IMG\center_2026_08_31_21_58_09_955.jpg,IMG\left_2026_08_31_21_58_09_955.jpg,IMG\right_2026_08_31_21_58_09_955.jpg, 0, 1, 0, 30.18807
IMG\center_2026_08_31_21_58_10_061.jpg,IMG\left_2026_08_31_21_58_10_061.jpg,IMG\right_2026_08_31_21_58_10_061.jpg, 0, 1, 0, 30.18902
IMG\center_2026_08_31_21_58_10_167.jpg,IMG\left_2026_08_31_21_58_10_167.jpg,IMG\right_2026_08_31_21_58_10_167.jpg, 0.2963025, 1, 0, 30.16501
IMG\center_2026_08_31_21_58_10_268.jpg,IMG\left_2026_08_31_21_58_10_268.jpg,IMG\right_2026_08_31_21_58_10_268.jpg, 0.4348329, 1, 0, 30.15905
IMG\center_2026_08_31_21_58_10_368.jpg,IMG\left_2026_08_31_21_58_10_368.jpg,IMG\right_2026_08_31_21_58_10_368.jpg, 0.1389104, 1, 0, 30.19134
IMG\center_2026_08_31_21_58_10_469.jpg,IMG\left_2026_08_31_21_58_10_469.jpg,IMG\right_2026_08_31_21_58_10_469.jpg, 0, 1, 0, 30.18791
IMG\center_2026_08_31_21_58_10_570.jpg,IMG\left_2026_08_31_21_58_10_570.jpg,IMG\right_2026_08_31_21_58_10_570.jpg, 0, 1, 0, 30.19027
IMG\center_2026_08_31_21_58_10_677.jpg,IMG\left_2026_08_31_21_58_10_677.jpg,IMG\right_2026_08_31_21_58_10_677.jpg, 0, 1, 0, 30.19036
IMG\center_2026_08_31_21_58_10_784.jpg,IMG\left_2026_08_31_21_58_10_784.jpg,IMG\right_2026_08_31_21_58_10_784.jpg, 0, 1, 0, 30.19108
IMG\center_2026_08_31_21_58_10_888.jpg,IMG\left_2026_08_31_21_58_10_888.jpg,IMG\right_2026_08_31_21_58_10_888.jpg, 0, 1, 0, 30.19066
IMG\center_2026_08_31_21_58_10_988.jpg,IMG\left_2026_08_31_21_58_10_988.jpg,IMG\right_2026_08_31_21_58_10_988.jpg, 0, 1, 0, 30.19061
IMG\center_2026_08_31_21_58_11_088.jpg,IMG\left_2026_08_31_21_58_11_088.jpg,IMG\right_2026_08_31_21_58_11_088.jpg, 0, 1, 0, 30.1906
IMG\center_2026_08_31_21_58_11_194.jpg,IMG\left_2026_08_31_21_58_11_194.jpg,IMG\right_2026_08_31_21_58_11_194.jpg, 0, 1, 0, 30.19197
IMG\center_2026_08_31_21_58_11_297.jpg,IMG\left_2026_08_31_21_58_11_297.jpg,IMG\right_2026_08_31_21_58_11_297.jpg, 0, 1, 0, 30.19097
IMG\center_2026_08_31_21_58_11_401.jpg,IMG\left_2026_08_31_21_58_11_401.jpg,IMG\right_2026_08_31_21_58_11_401.jpg, 0, 1, 0, 30.19196
IMG\center_2026_08_31_21_58_11_503.jpg,IMG\left_2026_08_31_21_58_11_503.jpg,IMG\right_2026_08_31_21_58_11_503.jpg, -0.1644642, 1, 0, 30.18196
IMG\center_2026_08_31_21_58_11_607.jpg,IMG\left_2026_08_31_21_58_11_607.jpg,IMG\right_2026_08_31_21_58_11_607.jpg, 0, 1, 0, 30.19014
IMG\center_2026_08_31_21_58_11_710.jpg,IMG\left_2026_08_31_21_58_11_710.jpg,IMG\right_2026_08_31_21_58_11_710.jpg, 0, 1, 0, 30.19233
IMG\center_2026_08_31_21_58_11_815.jpg,IMG\left_2026_08_31_21_58_11_815.jpg,IMG\right_2026_08_31_21_58_11_815.jpg, 0, 1, 0, 30.19005
IMG\center_2026_08_31_21_58_11_920.jpg,IMG\left_2026_08_31_21_58_11_920.jpg,IMG\right_2026_08_31_21_58_11_920.jpg, -0.1864239, 1, 0, 30.18347
IMG\center_2026_08_31_21_58_12_021.jpg,IMG\left_2026_08_31_21_58_12_021.jpg,IMG\right_2026_08_31_21_58_12_021.jpg, 0, 1, 0, 30.1897
IMG\center_2026_08_31_21_58_12_128.jpg,IMG\left_2026_08_31_21_58_12_128.jpg,IMG\right_2026_08_31_21_58_12_128.jpg, 0, 1, 0, 30.19018
IMG\center_2026_08_31_21_58_12_231.jpg,IMG\left_2026_08_31_21_58_12_231.jpg,IMG\right_2026_08_31_21_58_12_231.jpg, -0.2878551, 1, 0, 30.17167
IMG\center_2026_08_31_21_58_12_337.jpg,IMG\left_2026_08_31_21_58_12_337.jpg,IMG\right_2026_08_31_21_58_12_337.jpg, -0.5861646, 1, 0, 30.13109
IMG\center_2026_08_31_21_58_12_440.jpg,IMG\left_2026_08_31_21_58_12_440.jpg,IMG\right_2026_08_31_21_58_12_440.jpg, -0.5919507, 1, 0, 30.16762
IMG\center_2026_08_31_21_58_12_545.jpg,IMG\left_2026_08_31_21_58_12_545.jpg,IMG\right_2026_08_31_21_58_12_545.jpg, -0.2768557, 1, 0, 30.20095
IMG\center_2026_08_31_21_58_12_652.jpg,IMG\left_2026_08_31_21_58_12_652.jpg,IMG\right_2026_08_31_21_58_12_652.jpg, 0, 1, 0, 30.18526
IMG\center_2026_08_31_21_58_12_753.jpg,IMG\left_2026_08_31_21_58_12_753.jpg,IMG\right_2026_08_31_21_58_12_753.jpg, 0, 1, 0, 30.18934
IMG\center_2026_08_31_21_58_12_857.jpg,IMG\left_2026_08_31_21_58_12_857.jpg,IMG\right_2026_08_31_21_58_12_857.jpg, 0, 1, 0, 30.19029
IMG\center_2026_08_31_21_58_12_963.jpg,IMG\left_2026_08_31_21_58_12_963.jpg,IMG\right_2026_08_31_21_58_12_963.jpg, 0, 1, 0, 30.19033
IMG\center_2026_08_31_21_58_13_064.jpg,IMG\left_2026_08_31_21_58_13_064.jpg,IMG\right_2026_08_31_21_58_13_064.jpg, 0, 1, 0, 30.19029
IMG\center_2026_08_31_21_58_13_167.jpg,IMG\left_2026_08_31_21_58_13_167.jpg,IMG\right_2026_08_31_21_58_13_167.jpg, 0, 1, 0, 30.19032
IMG\center_2026_08_31_21_58_13_268.jpg,IMG\left_2026_08_31_21_58_13_268.jpg,IMG\right_2026_08_31_21_58_13_268.jpg, 0, 1, 0, 30.19027
IMG\center_2026_08_31_21_58_13_374.jpg,IMG\left_2026_08_31_21_58_13_374.jpg,IMG\right_2026_08_31_21_58_13_374.jpg, 0, 1, 0, 30.19041
IMG\center_2026_08_31_21_58_13_478.jpg,IMG\left_2026_08_31_21_58_13_478.jpg,IMG\right_2026_08_31_21_58_13_478.jpg, 0, 1, 0, 30.19031
IMG\center_2026_08_31_21_58_13_583.jpg,IMG\left_2026_08_31_21_58_13_583.jpg,IMG\right_2026_08_31_21_58_13_583.jpg, 0, 1, 0, 30.19038
IMG\center_2026_08_31_21_58_13_684.jpg,IMG\left_2026_08_31_21_58_13_684.jpg,IMG\right_2026_08_31_21_58_13_684.jpg, 0, 1, 0, 30.19029
IMG\center_2026_08_31_21_58_13_791.jpg,IMG\left_2026_08_31_21_58_13_791.jpg,IMG\right_2026_08_31_21_58_13_791.jpg, 0, 1, 0, 30.19027
IMG\center_2026_08_31_21_58_13_893.jpg,IMG\left_2026_08_31_21_58_13_893.jpg,IMG\right_2026_08_31_21_58_13_893.jpg, 0, 1, 0, 30.1903
IMG\center_2026_08_31_21_58_13_995.jpg,IMG\left_2026_08_31_21_58_13_995.jpg,IMG\right_2026_08_31_21_58_13_995.jpg, 0, 1, 0, 30.19032
IMG\center_2026_08_31_21_58_14_101.jpg,IMG\left_2026_08_31_21_58_14_101.jpg,IMG\right_2026_08_31_21_58_14_101.jpg, 0, 1, 0, 30.19051
IMG\center_2026_08_31_21_58_14_202.jpg,IMG\left_2026_08_31_21_58_14_202.jpg,IMG\right_2026_08_31_21_58_14_202.jpg, 0, 1, 0, 30.19027
IMG\center_2026_08_31_21_58_14_304.jpg,IMG\left_2026_08_31_21_58_14_304.jpg,IMG\right_2026_08_31_21_58_14_304.jpg, 0, 1, 0, 30.19038
IMG\center_2026_08_31_21_58_14_410.jpg,IMG\left_2026_08_31_21_58_14_410.jpg,IMG\right_2026_08_31_21_58_14_410.jpg, 0, 1, 0, 30.19029
IMG\center_2026_08_31_21_58_14_513.jpg,IMG\left_2026_08_31_21_58_14_513.jpg,IMG\right_2026_08_31_21_58_14_513.jpg, 0, 1, 0, 30.19032
IMG\center_2026_08_31_21_58_14_614.jpg,IMG\left_2026_08_31_21_58_14_614.jpg,IMG\right_2026_08_31_21_58_14_614.jpg, -0.2193744, 1, 0, 30.17745
IMG\center_2026_08_31_21_58_14_720.jpg,IMG\left_2026_08_31_21_58_14_720.jpg,IMG\right_2026_08_31_21_58_14_720.jpg, -0.2000487, 1, 0, 30.18887
IMG\center_2026_08_31_21_58_14_820.jpg,IMG\left_2026_08_31_21_58_14_820.jpg,IMG\right_2026_08_31_21_58_14_820.jpg, 0, 1, 0, 30.18873
IMG\center_2026_08_31_21_58_14_926.jpg,IMG\left_2026_08_31_21_58_14_926.jpg,IMG\right_2026_08_31_21_58_14_926.jpg, 0, 1, 0, 30.18977
IMG\center_2026_08_31_21_58_15_032.jpg,IMG\left_2026_08_31_21_58_15_032.jpg,IMG\right_2026_08_31_21_58_15_032.jpg, 0, 1, 0, 30.19029
IMG\center_2026_08_31_21_58_15_132.jpg,IMG\left_2026_08_31_21_58_15_132.jpg,IMG\right_2026_08_31_21_58_15_132.jpg, 0, 1, 0, 30.19033
IMG\center_2026_08_31_21_58_15_233.jpg,IMG\left_2026_08_31_21_58_15_233.jpg,IMG\right_2026_08_31_21_58_15_233.jpg, 0, 1, 0, 30.19017
IMG\center_2026_08_31_21_58_15_336.jpg,IMG\left_2026_08_31_21_58_15_336.jpg,IMG\right_2026_08_31_21_58_15_336.jpg, 0.1075077, 1, 0, 30.1872
IMG\center_2026_08_31_21_58_15_440.jpg,IMG\left_2026_08_31_21_58_15_440.jpg,IMG\right_2026_08_31_21_58_15_440.jpg, 0.2567436, 1, 0, 30.18113
IMG\center_2026_08_31_21_58_15_545.jpg,IMG\left_2026_08_31_21_58_15_545.jpg,IMG\right_2026_08_31_21_58_15_545.jpg, 0, 1, 0, 30.18817
IMG\center_2026_08_31_21_58_15_645.jpg,IMG\left_2026_08_31_21_58_15_645.jpg,IMG\right_2026_08_31_21_58_15_645.jpg, 0, 1, 0, 30.18999
IMG\center_2026_08_31_21_58_15_751.jpg,IMG\left_2026_08_31_21_58_15_751.jpg,IMG\right_2026_08_31_21_58_15_751.jpg, 0, 1, 0, 30.19023
IMG\center_2026_08_31_21_58_15_855.jpg,IMG\left_2026_08_31_21_58_15_855.jpg,IMG\right_2026_08_31_21_58_15_855.jpg, -0.1056657, 1, 0, 30.18681
IMG\center_2026_08_31_21_58_15_955.jpg,IMG\left_2026_08_31_21_58_15_955.jpg,IMG\right_2026_08_31_21_58_15_955.jpg, -0.3021972, 1, 0, 30.16957
IMG\center_2026_08_31_21_58_16_057.jpg,IMG\left_2026_08_31_21_58_16_057.jpg,IMG\right_2026_08_31_21_58_16_057.jpg, -0.01470633, 1, 0, 30.18934
IMG\center_2026_08_31_21_58_16_159.jpg,IMG\left_2026_08_31_21_58_16_159.jpg,IMG\right_2026_08_31_21_58_16_159.jpg, 0, 1, 0, 30.19002
IMG\center_2026_08_31_21_58_16_263.jpg,IMG\left_2026_08_31_21_58_16_263.jpg,IMG\right_2026_08_31_21_58_16_263.jpg, 0, 1, 0, 30.19026
IMG\center_2026_08_31_21_58_16_369.jpg,IMG\left_2026_08_31_21_58_16_369.jpg,IMG\right_2026_08_31_21_58_16_369.jpg, -0.1802847, 1, 0, 30.18265
IMG\center_2026_08_31_21_58_16_474.jpg,IMG\left_2026_08_31_21_58_16_474.jpg,IMG\right_2026_08_31_21_58_16_474.jpg, -0.05913571, 1, 0, 30.19087
IMG\center_2026_08_31_21_58_16_580.jpg,IMG\left_2026_08_31_21_58_16_580.jpg,IMG\right_2026_08_31_21_58_16_580.jpg, 0, 1, 0, 30.19019
IMG\center_2026_08_31_21_58_16_682.jpg,IMG\left_2026_08_31_21_58_16_682.jpg,IMG\right_2026_08_31_21_58_16_682.jpg, 0, 1, 0, 30.19027
IMG\center_2026_08_31_21_58_16_782.jpg,IMG\left_2026_08_31_21_58_16_782.jpg,IMG\right_2026_08_31_21_58_16_782.jpg, 0.0225492, 1, 0, 30.19022
IMG\center_2026_08_31_21_58_16_887.jpg,IMG\left_2026_08_31_21_58_16_887.jpg,IMG\right_2026_08_31_21_58_16_887.jpg, 0.2305398, 1, 0, 30.17549
IMG\center_2026_08_31_21_58_16_994.jpg,IMG\left_2026_08_31_21_58_16_994.jpg,IMG\right_2026_08_31_21_58_16_994.jpg, 0, 1, 0, 30.18922
IMG\center_2026_08_31_21_58_17_095.jpg,IMG\left_2026_08_31_21_58_17_095.jpg,IMG\right_2026_08_31_21_58_17_095.jpg, 0, 1, 0, 30.19016
IMG\center_2026_08_31_21_58_17_199.jpg,IMG\left_2026_08_31_21_58_17_199.jpg,IMG\right_2026_08_31_21_58_17_199.jpg, 0, 1, 0, 30.19029
IMG\center_2026_08_31_21_58_17_304.jpg,IMG\left_2026_08_31_21_58_17_304.jpg,IMG\right_2026_08_31_21_58_17_304.jpg, 0, 1, 0, 30.19032
IMG\center_2026_08_31_21_58_17_405.jpg,IMG\left_2026_08_31_21_58_17_405.jpg,IMG\right_2026_08_31_21_58_17_405.jpg, 0.0218694, 1, 0, 30.19019
IMG\center_2026_08_31_21_58_17_507.jpg,IMG\left_2026_08_31_21_58_17_507.jpg,IMG\right_2026_08_31_21_58_17_507.jpg, 0.3092055, 1, 0, 30.1671
IMG\center_2026_08_31_21_58_17_609.jpg,IMG\left_2026_08_31_21_58_17_609.jpg,IMG\right_2026_08_31_21_58_17_609.jpg, 0.1247265, 1, 0, 30.19124
IMG\center_2026_08_31_21_58_17_713.jpg,IMG\left_2026_08_31_21_58_17_713.jpg,IMG\right_2026_08_31_21_58_17_713.jpg, 0, 1, 0, 30.18938
IMG\center_2026_08_31_21_58_17_817.jpg,IMG\left_2026_08_31_21_58_17_817.jpg,IMG\right_2026_08_31_21_58_17_817.jpg, 0, 1, 0, 30.19017
IMG\center_2026_08_31_21_58_17_918.jpg,IMG\left_2026_08_31_21_58_17_918.jpg,IMG\right_2026_08_31_21_58_17_918.jpg, -0.1539252, 1, 0, 30.18269
IMG\center_2026_08_31_21_58_18_022.jpg,IMG\left_2026_08_31_21_58_18_022.jpg,IMG\right_2026_08_31_21_58_18_022.jpg, -0.2214822, 1, 0, 30.18529
IMG\center_2026_08_31_21_58_18_124.jpg,IMG\left_2026_08_31_21_58_18_124.jpg,IMG\right_2026_08_31_21_58_18_124.jpg, 0, 1, 0, 30.18867
IMG\center_2026_08_31_21_58_18_229.jpg,IMG\left_2026_08_31_21_58_18_229.jpg,IMG\right_2026_08_31_21_58_18_229.jpg, -0.05579371, 1, 0, 30.18966
IMG\center_2026_08_31_21_58_18_332.jpg,IMG\left_2026_08_31_21_58_18_332.jpg,IMG\right_2026_08_31_21_58_18_332.jpg, -0.3613098, 1, 0, 30.16363
IMG\center_2026_08_31_21_58_18_434.jpg,IMG\left_2026_08_31_21_58_18_434.jpg,IMG\right_2026_08_31_21_58_18_434.jpg, -0.1201122, 1, 0, 30.1911
IMG\center_2026_08_31_21_58_18_535.jpg,IMG\left_2026_08_31_21_58_18_535.jpg,IMG\right_2026_08_31_21_58_18_535.jpg, 0, 1, 0, 30.18932
IMG\center_2026_08_31_21_58_18_638.jpg,IMG\left_2026_08_31_21_58_18_638.jpg,IMG\right_2026_08_31_21_58_18_638.jpg, 0, 1, 0, 30.19007
IMG\center_2026_08_31_21_58_18_745.jpg,IMG\left_2026_08_31_21_58_18_745.jpg,IMG\right_2026_08_31_21_58_18_745.jpg, 0, 1, 0, 30.19026
IMG\center_2026_08_31_21_58_18_848.jpg,IMG\left_2026_08_31_21_58_18_848.jpg,IMG\right_2026_08_31_21_58_18_848.jpg, 0, 1, 0, 30.19027
IMG\center_2026_08_31_21_58_18_953.jpg,IMG\left_2026_08_31_21_58_18_953.jpg,IMG\right_2026_08_31_21_58_18_953.jpg, 0, 1, 0, 30.19029
IMG\center_2026_08_31_21_58_19_054.jpg,IMG\left_2026_08_31_21_58_19_054.jpg,IMG\right_2026_08_31_21_58_19_054.jpg, 0, 1, 0, 30.19027
IMG\center_2026_08_31_21_59_26_901.jpg,IMG\left_2026_08_31_21_59_26_901.jpg,IMG\right_2026_08_31_21_59_26_901.jpg, 0, 1, 0, 30.19032
IMG\center_2026_08_31_21_59_27_008.jpg,IMG\left_2026_08_31_21_59_27_008.jpg,IMG\right_2026_08_31_21_59_27_008.jpg, 0, 1, 0, 30.19
IMG\center_2026_08_31_21_59_27_108.jpg,IMG\left_2026_08_31_21_59_27_108.jpg,IMG\right_2026_08_31_21_59_27_108.jpg, -0.2785227, 1, 0, 30.17157
IMG\center_2026_08_31_21_59_27_214.jpg,IMG\left_2026_08_31_21_59_27_214.jpg,IMG\right_2026_08_31_21_59_27_214.jpg, -0.1997871, 1, 0, 30.18903
IMG\center_2026_08_31_21_59_27_316.jpg,IMG\left_2026_08_31_21_59_27_316.jpg,IMG\right_2026_08_31_21_59_27_316.jpg, 0, 1, 0, 30.18858
IMG\center_2026_08_31_21_59_27_417.jpg,IMG\left_2026_08_31_21_59_27_417.jpg,IMG\right_2026_08_31_21_59_27_417.jpg, 0, 1, 0, 30.18973
IMG\center_2026_08_31_21_59_27_521.jpg,IMG\left_2026_08_31_21_59_27_521.jpg,IMG\right_2026_08_31_21_59_27_521.jpg, 0, 1, 0, 30.1902
IMG\center_2026_08_31_21_59_27_622.jpg,IMG\left_2026_08_31_21_59_27_622.jpg,IMG\right_2026_08_31_21_59_27_622.jpg, -0.2513316, 1, 0, 30.17463
IMG\center_2026_08_31_21_59_27_723.jpg,IMG\left_2026_08_31_21_59_27_723.jpg,IMG\right_2026_08_31_21_59_27_723.jpg, -0.5523603, 1, 0, 30.13575
IMG\center_2026_08_31_21_59_27_827.jpg,IMG\left_2026_08_31_21_59_27_827.jpg,IMG\right_2026_08_31_21_59_27_827.jpg, -0.2597067, 1, 0, 30.19263
IMG\center_2026_08_31_21_59_27_935.jpg,IMG\left_2026_08_31_21_59_27_935.jpg,IMG\right_2026_08_31_21_59_27_935.jpg, 0, 1, 0, 30.18529
IMG\center_2026_08_31_21_59_28_040.jpg,IMG\left_2026_08_31_21_59_28_040.jpg,IMG\right_2026_08_31_21_59_28_040.jpg, 0, 1, 0, 30.19028
IMG\center_2026_08_31_21_59_28_140.jpg,IMG\left_2026_08_31_21_59_28_140.jpg,IMG\right_2026_08_31_21_59_28_140.jpg, 0, 1, 0, 30.19008
IMG\center_2026_08_31_21_59_28_246.jpg,IMG\left_2026_08_31_21_59_28_246.jpg,IMG\right_2026_08_31_21_59_28_246.jpg, 0, 1, 0, 30.19032
IMG\center_2026_08_31_21_59_28_351.jpg,IMG\left_2026_08_31_21_59_28_351.jpg,IMG\right_2026_08_31_21_59_28_351.jpg, 0, 1, 0, 30.19023
IMG\center_2026_08_31_21_59_28_455.jpg,IMG\left_2026_08_31_21_59_28_455.jpg,IMG\right_2026_08_31_21_59_28_455.jpg, 0, 1, 0, 30.19033
IMG\center_2026_08_31_21_59_28_557.jpg,IMG\left_2026_08_31_21_59_28_557.jpg,IMG\right_2026_08_31_21_59_28_557.jpg, 0, 1, 0, 30.19039
IMG\center_2026_08_31_21_59_28_663.jpg,IMG\left_2026_08_31_21_59_28_663.jpg,IMG\right_2026_08_31_21_59_28_663.jpg, 0, 1, 0, 30.19031
IMG\center_2026_08_31_21_59_28_767.jpg,IMG\left_2026_08_31_21_59_28_767.jpg,IMG\right_2026_08_31_21_59_28_767.jpg, 0, 1, 0, 30.19031
IMG\center_2026_08_31_21_59_28_870.jpg,IMG\left_2026_08_31_21_59_28_870.jpg,IMG\right_2026_08_31_21_59_28_870.jpg, 0, 1, 0, 30.19025
IMG\center_2026_08_31_21_59_28_972.jpg,IMG\left_2026_08_31_21_59_28_972.jpg,IMG\right_2026_08_31_21_59_28_972.jpg, 0, 1, 0, 30.19031
IMG\center_2026_08_31_21_59_29_075.jpg,IMG\left_2026_08_31_21_59_29_075.jpg,IMG\right_2026_08_31_21_59_29_075.jpg, 0, 1, 0, 30.19029
IMG\center_2026_08_31_21_59_29_182.jpg,IMG\left_2026_08_31_21_59_29_182.jpg,IMG\right_2026_08_31_21_59_29_182.jpg, 0, 1, 0, 30.18949
IMG\center_2026_08_31_21_59_29_284.jpg,IMG\left_2026_08_31_21_59_29_284.jpg,IMG\right_2026_08_31_21_59_29_284.jpg, 0, 1, 0, 30.1904
IMG\center_2026_08_31_21_59_29_391.jpg,IMG\left_2026_08_31_21_59_29_391.jpg,IMG\right_2026_08_31_21_59_29_391.jpg, 0, 1, 0, 30.19054
IMG\center_2026_08_31_21_59_29_491.jpg,IMG\left_2026_08_31_21_59_29_491.jpg,IMG\right_2026_08_31_21_59_29_491.jpg, 0, 1, 0, 30.1909
IMG\center_2026_08_31_21_59_29_592.jpg,IMG\left_2026_08_31_21_59_29_592.jpg,IMG\right_2026_08_31_21_59_29_592.jpg, 0, 1, 0, 30.19049
IMG\center_2026_08_31_21_59_29_695.jpg,IMG\left_2026_08_31_21_59_29_695.jpg,IMG\right_2026_08_31_21_59_29_695.jpg, 0, 1, 0, 30.19029
IMG\center_2026_08_31_21_59_29_798.jpg,IMG\left_2026_08_31_21_59_29_798.jpg,IMG\right_2026_08_31_21_59_29_798.jpg, 0, 1, 0, 30.19024
IMG\center_2026_08_31_21_59_29_903.jpg,IMG\left_2026_08_31_21_59_29_903.jpg,IMG\right_2026_08_31_21_59_29_903.jpg, 0, 1, 0, 30.19025
IMG\center_2026_08_31_21_59_30_005.jpg,IMG\left_2026_08_31_21_59_30_005.jpg,IMG\right_2026_08_31_21_59_30_005.jpg, 0, 1, 0, 30.1903
IMG\center_2026_08_31_21_59_30_109.jpg,IMG\left_2026_08_31_21_59_30_109.jpg,IMG\right_2026_08_31_21_59_30_109.jpg, 0, 1, 0, 30.19091
IMG\center_2026_08_31_21_59_30_213.jpg,IMG\left_2026_08_31_21_59_30_213.jpg,IMG\right_2026_08_31_21_59_30_213.jpg, 0, 1, 0, 30.1903
IMG\center_2026_08_31_21_59_30_315.jpg,IMG\left_2026_08_31_21_59_30_315.jpg,IMG\right_2026_08_31_21_59_30_315.jpg, -0.218322, 1, 0, 30.17786
IMG\center_2026_08_31_21_59_30_416.jpg,IMG\left_2026_08_31_21_59_30_416.jpg,IMG\right_2026_08_31_21_59_30_416.jpg, 0, 1, 0, 30.18979
IMG\center_2026_08_31_21_59_30_523.jpg,IMG\left_2026_08_31_21_59_30_523.jpg,IMG\right_2026_08_31_21_59_30_523.jpg, 0, 1, 0, 30.1902
IMG\center_2026_08_31_21_59_30_627.jpg,IMG\left_2026_08_31_21_59_30_627.jpg,IMG\right_2026_08_31_21_59_30_627.jpg, 0, 1, 0, 30.1903
IMG\center_2026_08_31_21_59_30_730.jpg,IMG\left_2026_08_31_21_59_30_730.jpg,IMG\right_2026_08_31_21_59_30_730.jpg, -0.2868834, 1, 0, 30.17059
IMG\center_2026_08_31_21_59_30_830.jpg,IMG\left_2026_08_31_21_59_30_830.jpg,IMG\right_2026_08_31_21_59_30_830.jpg, -0.5907084, 1, 0, 30.12974
IMG\center_2026_08_31_21_59_30_931.jpg,IMG\left_2026_08_31_21_59_30_931.jpg,IMG\right_2026_08_31_21_59_30_931.jpg, -0.5701698, 1, 0, 30.16519
IMG\center_2026_08_31_21_59_31_034.jpg,IMG\left_2026_08_31_21_59_31_034.jpg,IMG\right_2026_08_31_21_59_31_034.jpg, -0.2756634, 1, 0, 30.19738
IMG\center_2026_08_31_21_59_31_141.jpg,IMG\left_2026_08_31_21_59_31_141.jpg,IMG\right_2026_08_31_21_59_31_141.jpg, 0, 1, 0, 30.18504
IMG\center_2026_08_31_21_59_31_241.jpg,IMG\left_2026_08_31_21_59_31_241.jpg,IMG\right_2026_08_31_21_59_31_241.jpg, 0, 1, 0, 30.18989
IMG\center_2026_08_31_21_59_31_344.jpg,IMG\left_2026_08_31_21_59_31_344.jpg,IMG\right_2026_08_31_21_59_31_344.jpg, 0, 1, 0, 30.19028
IMG\center_2026_08_31_21_59_31_448.jpg,IMG\left_2026_08_31_21_59_31_448.jpg,IMG\right_2026_08_31_21_59_31_448.jpg, 0, 1, 0, 30.19038
IMG\center_2026_08_31_21_59_31_551.jpg,IMG\left_2026_08_31_21_59_31_551.jpg,IMG\right_2026_08_31_21_59_31_551.jpg, 0, 1, 0, 30.19035
IMG\center_2026_08_31_21_59_31_654.jpg,IMG\left_2026_08_31_21_59_31_654.jpg,IMG\right_2026_08_31_21_59_31_654.jpg, -0.029253, 1, 0, 30.18989
IMG\center_2026_08_31_21_59_31_755.jpg,IMG\left_2026_08_31_21_59_31_755.jpg,IMG\right_2026_08_31_21_59_31_755.jpg, -0.3152649, 1, 0, 30.16554
IMG\center_2026_08_31_21_59_31_859.jpg,IMG\left_2026_08_31_21_59_31_859.jpg,IMG\right_2026_08_31_21_59_31_859.jpg, -0.3688554, 1, 0, 30.1787
IMG\center_2026_08_31_21_59_31_963.jpg,IMG\left_2026_08_31_21_59_31_963.jpg,IMG\right_2026_08_31_21_59_31_963.jpg, -0.05962015, 1, 0, 30.19024
IMG\center_2026_08_31_21_59_32_068.jpg,IMG\left_2026_08_31_21_59_32_068.jpg,IMG\right_2026_08_31_21_59_32_068.jpg, 0, 1, 0, 30.18888
IMG\center_2026_08_31_21_59_32_169.jpg,IMG\left_2026_08_31_21_59_32_169.jpg,IMG\right_2026_08_31_21_59_32_169.jpg, 0, 1, 0, 30.19061
IMG\center_2026_08_31_21_59_32_275.jpg,IMG\left_2026_08_31_21_59_32_275.jpg,IMG\right_2026_08_31_21_59_32_275.jpg, 0, 1, 0, 30.18953
IMG\center_2026_08_31_21_59_32_380.jpg,IMG\left_2026_08_31_21_59_32_380.jpg,IMG\right_2026_08_31_21_59_32_380.jpg, 0, 1, 0, 30.19014
IMG\center_2026_08_31_21_59_32_481.jpg,IMG\left_2026_08_31_21_59_32_481.jpg,IMG\right_2026_08_31_21_59_32_481.jpg, 0, 1, 0, 30.19003
IMG\center_2026_08_31_21_59_32_583.jpg,IMG\left_2026_08_31_21_59_32_583.jpg,IMG\right_2026_08_31_21_59_32_583.jpg, 0.1012758, 1, 0, 30.18852
IMG\center_2026_08_31_21_59_32_689.jpg,IMG\left_2026_08_31_21_59_32_689.jpg,IMG\right_2026_08_31_21_59_32_689.jpg, 0.2619576, 1, 0, 30.17543
IMG\center_2026_08_31_21_59_32_792.jpg,IMG\left_2026_08_31_21_59_32_792.jpg,IMG\right_2026_08_31_21_59_32_792.jpg, 0, 1, 0, 30.18862
IMG\center_2026_08_31_21_59_32_899.jpg,IMG\left_2026_08_31_21_59_32_899.jpg,IMG\right_2026_08_31_21_59_32_899.jpg, 0, 1, 0, 30.19019
IMG\center_2026_08_31_21_59_32_999.jpg,IMG\left_2026_08_31_21_59_32_999.jpg,IMG\right_2026_08_31_21_59_32_999.jpg, 0, 1, 0, 30.19178
IMG\center_2026_08_31_21_59_33_103.jpg,IMG\left_2026_08_31_21_59_33_103.jpg,IMG\right_2026_08_31_21_59_33_103.jpg, 0, 1, 0, 30.19086
IMG\center_2026_08_31_21_59_33_209.jpg,IMG\left_2026_08_31_21_59_33_209.jpg,IMG\right_2026_08_31_21_59_33_209.jpg, -0.2973708, 1, 0, 30.16598
IMG\center_2026_08_31_21_59_33_311.jpg,IMG\left_2026_08_31_21_59_33_311.jpg,IMG\right_2026_08_31_21_59_33_311.jpg, -0.0365859, 1, 0, 30.19115
IMG\center_2026_08_31_21_59_33_413.jpg,IMG\left_2026_08_31_21_59_33_413.jpg,IMG\right_2026_08_31_21_59_33_413.jpg, 0, 1, 0, 30.1907
IMG\center_2026_08_31_21_59_33_515.jpg,IMG\left_2026_08_31_21_59_33_515.jpg,IMG\right_2026_08_31_21_59_33_515.jpg, -0.0543288, 1, 0, 30.18991
IMG\center_2026_08_31_21_59_33_616.jpg,IMG\left_2026_08_31_21_59_33_616.jpg,IMG\right_2026_08_31_21_59_33_616.jpg, -0.3533997, 1, 0, 30.16352
IMG\center_2026_08_31_21_59_33_716.jpg,IMG\left_2026_08_31_21_59_33_716.jpg,IMG\right_2026_08_31_21_59_33_716.jpg, -0.1276122, 1, 0, 30.19136
IMG\center_2026_08_31_21_59_33_822.jpg,IMG\left_2026_08_31_21_59_33_822.jpg,IMG\right_2026_08_31_21_59_33_822.jpg, 0, 1, 0, 30.18967
IMG\center_2026_08_31_21_59_33_925.jpg,IMG\left_2026_08_31_21_59_33_925.jpg,IMG\right_2026_08_31_21_59_33_925.jpg, -0.2932725, 1, 0, 30.17348
IMG\center_2026_08_31_21_59_34_028.jpg,IMG\left_2026_08_31_21_59_34_028.jpg,IMG\right_2026_08_31_21_59_34_028.jpg, -0.02114462, 1, 0, 30.19015
IMG\center_2026_08_31_21_59_34_131.jpg,IMG\left_2026_08_31_21_59_34_131.jpg,IMG\right_2026_08_31_21_59_34_131.jpg, 0, 1, 0, 30.19003
IMG\center_2026_08_31_21_59_34_236.jpg,IMG\left_2026_08_31_21_59_34_236.jpg,IMG\right_2026_08_31_21_59_34_236.jpg, -0.1186689, 1, 0, 30.1879
IMG\center_2026_08_31_21_59_34_341.jpg,IMG\left_2026_08_31_21_59_34_341.jpg,IMG\right_2026_08_31_21_59_34_341.jpg, -0.4829485, 1, 0, 30.14576
IMG\center_2026_08_31_21_59_34_445.jpg,IMG\left_2026_08_31_21_59_34_445.jpg,IMG\right_2026_08_31_21_59_34_445.jpg, -0.5166771, 1, 0, 30.16589
IMG\center_2026_08_31_21_59_34_551.jpg,IMG\left_2026_08_31_21_59_34_551.jpg,IMG\right_2026_08_31_21_59_34_551.jpg, -0.2021973, 1, 0, 30.196
IMG\center_2026_08_31_21_59_34_655.jpg,IMG\left_2026_08_31_21_59_34_655.jpg,IMG\right_2026_08_31_21_59_34_655.jpg, 0, 1, 0, 30.18611
IMG\center_2026_08_31_21_59_34_757.jpg,IMG\left_2026_08_31_21_59_34_757.jpg,IMG\right_2026_08_31_21_59_34_757.jpg, 0, 1, 0, 30.18991
IMG\center_2026_08_31_21_59_34_858.jpg,IMG\left_2026_08_31_21_59_34_858.jpg,IMG\right_2026_08_31_21_59_34_858.jpg, 0, 1, 0, 30.19028
IMG\center_2026_08_31_21_59_34_964.jpg,IMG\left_2026_08_31_21_59_34_964.jpg,IMG\right_2026_08_31_21_59_34_964.jpg, 0, 1, 0, 30.19061
IMG\center_2026_08_31_21_59_35_067.jpg,IMG\left_2026_08_31_21_59_35_067.jpg,IMG\right_2026_08_31_21_59_35_067.jpg, 0, 1, 0, 30.19033
IMG\center_2026_08_31_21_59_35_168.jpg,IMG\left_2026_08_31_21_59_35_168.jpg,IMG\right_2026_08_31_21_59_35_168.jpg, 0, 1, 0, 30.19031
IMG\center_2026_08_31_21_59_35_270.jpg,IMG\left_2026_08_31_21_59_35_270.jpg,IMG\right_2026_08_31_21_59_35_270.jpg, 0, 1, 0, 30.19034
IMG\center_2026_08_31_21_59_35_372.jpg,IMG\left_2026_08_31_21_59_35_372.jpg,IMG\right_2026_08_31_21_59_35_372.jpg, 0, 1, 0, 30.19033
IMG\center_2026_08_31_21_59_35_478.jpg,IMG\left_2026_08_31_21_59_35_478.jpg,IMG\right_2026_08_31_21_59_35_478.jpg, -0.271575, 1, 0, 30.17141
IMG\center_2026_08_31_21_59_35_582.jpg,IMG\left_2026_08_31_21_59_35_582.jpg,IMG\right_2026_08_31_21_59_35_582.jpg, -0.3023244, 1, 0, 30.18373
IMG\center_2026_08_31_21_59_35_685.jpg,IMG\left_2026_08_31_21_59_35_685.jpg,IMG\right_2026_08_31_21_59_35_685.jpg, -0.0138456, 1, 0, 30.18708
IMG\center_2026_08_31_21_59_35_790.jpg,IMG\left_2026_08_31_21_59_35_790.jpg,IMG\right_2026_08_31_21_59_35_790.jpg, 0, 1, 0, 30.18975
IMG\center_2026_08_31_21_59_35_894.jpg,IMG\left_2026_08_31_21_59_35_894.jpg,IMG\right_2026_08_31_21_59_35_894.jpg, 0, 1, 0, 30.19036
IMG\center_2026_08_31_21_59_36_000.jpg,IMG\left_2026_08_31_21_59_36_000.jpg,IMG\right_2026_08_31_21_59_36_000.jpg, 0, 1, 0, 30.19032
IMG\center_2026_08_31_21_59_36_108.jpg,IMG\left_2026_08_31_21_59_36_108.jpg,IMG\right_2026_08_31_21_59_36_108.jpg, 0, 1, 0, 30.19027
IMG\center_2026_08_31_21_59_36_210.jpg,IMG\left_2026_08_31_21_59_36_210.jpg,IMG\right_2026_08_31_21_59_36_210.jpg, 0, 1, 0, 30.19032
IMG\center_2026_08_31_21_59_36_314.jpg,IMG\left_2026_08_31_21_59_36_314.jpg,IMG\right_2026_08_31_21_59_36_314.jpg, 0, 1, 0, 30.19027
IMG\center_2026_08_31_21_59_36_418.jpg,IMG\left_2026_08_31_21_59_36_418.jpg,IMG\right_2026_08_31_21_59_36_418.jpg, 0, 1, 0, 30.18983
IMG\center_2026_08_31_21_59_36_518.jpg,IMG\left_2026_08_31_21_59_36_518.jpg,IMG\right_2026_08_31_21_59_36_518.jpg, 0, 1, 0, 30.19031
IMG\center_2026_08_31_21_59_36_625.jpg,IMG\left_2026_08_31_21_59_36_625.jpg,IMG\right_2026_08_31_21_59_36_625.jpg, 0, 1, 0, 30.19001
IMG\center_2026_08_31_21_59_36_731.jpg,IMG\left_2026_08_31_21_59_36_731.jpg,IMG\right_2026_08_31_21_59_36_731.jpg, 0, 1, 0, 30.19031
IMG\center_2026_08_31_21_59_36_835.jpg,IMG\left_2026_08_31_21_59_36_835.jpg,IMG\right_2026_08_31_21_59_36_835.jpg, 0, 1, 0, 30.1903
IMG\center_2026_08_31_21_59_36_937.jpg,IMG\left_2026_08_31_21_59_36_937.jpg,IMG\right_2026_08_31_21_59_36_937.jpg, 0, 1, 0, 30.19032
IMG\center_2026_08_31_21_59_37_037.jpg,IMG\left_2026_08_31_21_59_37_037.jpg,IMG\right_2026_08_31_21_59_37_037.jpg, 0, 1, 0, 30.1903
IMG\center_2026_08_31_21_59_37_142.jpg,IMG\left_2026_08_31_21_59_37_142.jpg,IMG\right_2026_08_31_21_59_37_142.jpg, -0.0207285, 1, 0, 30.19009
IMG\center_2026_08_31_21_59_37_245.jpg,IMG\left_2026_08_31_21_59_37_245.jpg,IMG\right_2026_08_31_21_59_37_245.jpg, -0.3131496, 1, 0, 30.16647
IMG\center_2026_08_31_21_59_37_348.jpg,IMG\left_2026_08_31_21_59_37_348.jpg,IMG\right_2026_08_31_21_59_37_348.jpg, -0.6171865, 1, 0, 30.12581
IMG\center_2026_08_31_21_59_37_452.jpg,IMG\left_2026_08_31_21_59_37_452.jpg,IMG\right_2026_08_31_21_59_37_452.jpg, -0.3032436, 1, 0, 30.19239
IMG\center_2026_08_31_21_59_37_557.jpg,IMG\left_2026_08_31_21_59_37_557.jpg,IMG\right_2026_08_31_21_59_37_557.jpg, -0.007302887, 1, 0, 30.1857
IMG\center_2026_08_31_21_59_37_658.jpg,IMG\left_2026_08_31_21_59_37_658.jpg,IMG\right_2026_08_31_21_59_37_658.jpg, 0, 1, 0, 30.18945
IMG\center_2026_08_31_21_59_37_764.jpg,IMG\left_2026_08_31_21_59_37_764.jpg,IMG\right_2026_08_31_21_59_37_764.jpg, 0, 1, 0, 30.19027
IMG\center_2026_08_31_21_59_37_865.jpg,IMG\left_2026_08_31_21_59_37_865.jpg,IMG\right_2026_08_31_21_59_37_865.jpg, 0, 1, 0, 30.19005
IMG\center_2026_08_31_21_59_37_966.jpg,IMG\left_2026_08_31_21_59_37_966.jpg,IMG\right_2026_08_31_21_59_37_966.jpg, 0.1984191, 1, 0, 30.17943
IMG\center_2026_08_31_21_59_38_072.jpg,IMG\left_2026_08_31_21_59_38_072.jpg,IMG\right_2026_08_31_21_59_38_072.jpg, 0.5118423, 1, 0, 30.13807
IMG\center_2026_08_31_21_59_38_174.jpg,IMG\left_2026_08_31_21_59_38_174.jpg,IMG\right_2026_08_31_21_59_38_174.jpg, 0.223914, 1, 0, 30.19194
IMG\center_2026_08_31_21_59_38_276.jpg,IMG\left_2026_08_31_21_59_38_276.jpg,IMG\right_2026_08_31_21_59_38_276.jpg, 0, 1, 0, 30.18696
IMG\center_2026_08_31_21_59_38_382.jpg,IMG\left_2026_08_31_21_59_38_382.jpg,IMG\right_2026_08_31_21_59_38_382.jpg, 0, 1, 0, 30.19063
IMG\center_2026_08_31_21_59_38_482.jpg,IMG\left_2026_08_31_21_59_38_482.jpg,IMG\right_2026_08_31_21_59_38_482.jpg, 0, 1, 0, 30.1903
IMG\center_2026_08_31_21_59_38_584.jpg,IMG\left_2026_08_31_21_59_38_584.jpg,IMG\right_2026_08_31_21_59_38_584.jpg, 0, 1, 0, 30.19081
IMG\center_2026_08_31_21_59_38_690.jpg,IMG\left_2026_08_31_21_59_38_690.jpg,IMG\right_2026_08_31_21_59_38_690.jpg, 0, 1, 0, 30.19018
IMG\center_2026_08_31_21_59_38_794.jpg,IMG\left_2026_08_31_21_59_38_794.jpg,IMG\right_2026_08_31_21_59_38_794.jpg, -0.2090964, 1, 0, 30.17859
IMG\center_2026_08_31_21_59_38_901.jpg,IMG\left_2026_08_31_21_59_38_901.jpg,IMG\right_2026_08_31_21_59_38_901.jpg, -0.3569484, 1, 0, 30.1745
IMG\center_2026_08_31_21_59_39_007.jpg,IMG\left_2026_08_31_21_59_39_007.jpg,IMG\right_2026_08_31_21_59_39_007.jpg, -0.05790237, 1, 0, 30.19016
IMG\center_2026_08_31_21_59_39_109.jpg,IMG\left_2026_08_31_21_59_39_109.jpg,IMG\right_2026_08_31_21_59_39_109.jpg, 0, 1, 0, 30.18942
IMG\center_2026_08_31_21_59_39_213.jpg,IMG\left_2026_08_31_21_59_39_213.jpg,IMG\right_2026_08_31_21_59_39_213.jpg, 0, 1, 0, 30.19018
IMG\center_2026_08_31_21_59_39_320.jpg,IMG\left_2026_08_31_21_59_39_320.jpg,IMG\right_2026_08_31_21_59_39_320.jpg, 0, 1, 0, 30.19027
IMG\center_2026_08_31_21_59_39_425.jpg,IMG\left_2026_08_31_21_59_39_425.jpg,IMG\right_2026_08_31_21_59_39_425.jpg, -0.2322918, 1, 0, 30.17711
IMG\center_2026_08_31_21_59_39_525.jpg,IMG\left_2026_08_31_21_59_39_525.jpg,IMG\right_2026_08_31_21_59_39_525.jpg, -0.1972611, 1, 0, 30.18806
IMG\center_2026_08_31_21_59_39_626.jpg,IMG\left_2026_08_31_21_59_39_626.jpg,IMG\right_2026_08_31_21_59_39_626.jpg, 0, 1, 0, 30.18908
IMG\center_2026_08_31_21_59_39_732.jpg,IMG\left_2026_08_31_21_59_39_732.jpg,IMG\right_2026_08_31_21_59_39_732.jpg, 0, 1, 0, 30.19014
IMG\center_2026_08_31_21_59_39_836.jpg,IMG\left_2026_08_31_21_59_39_836.jpg,IMG\right_2026_08_31_21_59_39_836.jpg, 0, 1, 0, 30.1903
IMG\center_2026_08_31_21_59_39_937.jpg,IMG\left_2026_08_31_21_59_39_937.jpg,IMG\right_2026_08_31_21_59_39_937.jpg, 0, 1, 0, 30.19031
IMG\center_2026_08_31_21_59_40_038.jpg,IMG\left_2026_08_31_21_59_40_038.jpg,IMG\right_2026_08_31_21_59_40_038.jpg, 0, 1, 0, 30.19034
IMG\center_2026_08_31_21_59_40_143.jpg,IMG\left_2026_08_31_21_59_40_143.jpg,IMG\right_2026_08_31_21_59_40_143.jpg, 0, 1, 0, 30.1903
IMG\center_2026_08_31_21_59_40_244.jpg,IMG\left_2026_08_31_21_59_40_244.jpg,IMG\right_2026_08_31_21_59_40_244.jpg, 0, 1, 0, 30.19008
IMG\center_2026_08_31_21_59_40_345.jpg,IMG\left_2026_08_31_21_59_40_345.jpg,IMG\right_2026_08_31_21_59_40_345.jpg, 0, 1, 0, 30.18971
IMG\center_2026_08_31_21_59_40_450.jpg,IMG\left_2026_08_31_21_59_40_450.jpg,IMG\right_2026_08_31_21_59_40_450.jpg, 0, 1, 0, 30.19004
IMG\center_2026_08_31_21_59_40_551.jpg,IMG\left_2026_08_31_21_59_40_551.jpg,IMG\right_2026_08_31_21_59_40_551.jpg, 0, 1, 0, 30.19016
IMG\center_2026_08_31_21_59_40_655.jpg,IMG\left_2026_08_31_21_59_40_655.jpg,IMG\right_2026_08_31_21_59_40_655.jpg, 0, 1, 0, 30.19047
IMG\center_2026_08_31_21_59_40_762.jpg,IMG\left_2026_08_31_21_59_40_762.jpg,IMG\right_2026_08_31_21_59_40_762.jpg, 0, 1, 0, 30.19021
IMG\center_2026_08_31_22_00_50_142.jpg,IMG\left_2026_08_31_22_00_50_142.jpg,IMG\right_2026_08_31_22_00_50_142.jpg, 0, 1, 0, 30.19028
IMG\center_2026_08_31_22_00_50_247.jpg,IMG\left_2026_08_31_22_00_50_247.jpg,IMG\right_2026_08_31_22_00_50_247.jpg, 0, 1, 0, 30.19031
IMG\center_2026_08_31_22_00_50_352.jpg,IMG\left_2026_08_31_22_00_50_352.jpg,IMG\right_2026_08_31_22_00_50_352.jpg, 0, 1, 0, 30.19013
IMG\center_2026_08_31_22_00_50_457.jpg,IMG\left_2026_08_31_22_00_50_457.jpg,IMG\right_2026_08_31_22_00_50_457.jpg, 0, 1, 0, 30.19031
IMG\center_2026_08_31_22_00_50_558.jpg,IMG\left_2026_08_31_22_00_50_558.jpg,IMG\right_2026_08_31_22_00_50_558.jpg, 0, 1, 0, 30.19032
IMG\center_2026_08_31_22_00_50_659.jpg,IMG\left_2026_08_31_22_00_50_659.jpg,IMG\right_2026_08_31_22_00_50_659.jpg, 0, 1, 0, 30.19029
IMG\center_2026_08_31_22_00_50_761.jpg,IMG\left_2026_08_31_22_00_50_761.jpg,IMG\right_2026_08_31_22_00_50_761.jpg, 0, 1, 0, 30.19029
IMG\center_2026_08_31_22_00_50_862.jpg,IMG\left_2026_08_31_22_00_50_862.jpg,IMG\right_2026_08_31_22_00_50_862.jpg, 0, 1, 0, 30.19031
IMG\center_2026_08_31_22_00_50_964.jpg,IMG\left_2026_08_31_22_00_50_964.jpg,IMG\right_2026_08_31_22_00_50_964.jpg, 0, 1, 0, 30.19032
IMG\center_2026_08_31_22_00_51_065.jpg,IMG\left_2026_08_31_22_00_51_065.jpg,IMG\right_2026_08_31_22_00_51_065.jpg, 0, 1, 0, 30.19033
IMG\center_2026_08_31_22_00_51_166.jpg,IMG\left_2026_08_31_22_00_51_166.jpg,IMG\right_2026_08_31_22_00_51_166.jpg, 0, 1, 0, 30.19017
IMG\center_2026_08_31_22_00_51_266.jpg,IMG\left_2026_08_31_22_00_51_266.jpg,IMG\right_2026_08_31_22_00_51_266.jpg, 0, 1, 0, 30.19024
IMG\center_2026_08_31_22_00_51_374.jpg,IMG\left_2026_08_31_22_00_51_374.jpg,IMG\right_2026_08_31_22_00_51_374.jpg, 0, 1, 0, 30.19032
IMG\center_2026_08_31_22_00_51_482.jpg,IMG\left_2026_08_31_22_00_51_482.jpg,IMG\right_2026_08_31_22_00_51_482.jpg, -0.1253502, 1, 0, 30.18593
IMG\center_2026_08_31_22_00_51_585.jpg,IMG\left_2026_08_31_22_00_51_585.jpg,IMG\right_2026_08_31_22_00_51_585.jpg, -0.4335573, 1, 0, 30.15026
IMG\center_2026_08_31_22_00_51_691.jpg,IMG\left_2026_08_31_22_00_51_691.jpg,IMG\right_2026_08_31_22_00_51_691.jpg, -0.2890842, 1, 0, 30.18824
IMG\center_2026_08_31_22_00_51_796.jpg,IMG\left_2026_08_31_22_00_51_796.jpg,IMG\right_2026_08_31_22_00_51_796.jpg, 0, 1, 0, 30.18622
IMG\center_2026_08_31_22_00_51_898.jpg,IMG\left_2026_08_31_22_00_51_898.jpg,IMG\right_2026_08_31_22_00_51_898.jpg, 0, 1, 0, 30.18966
IMG\center_2026_08_31_22_00_51_997.jpg,IMG\left_2026_08_31_22_00_51_997.jpg,IMG\right_2026_08_31_22_00_51_997.jpg, 0, 1, 0, 30.19019
IMG\center_2026_08_31_22_00_52_098.jpg,IMG\left_2026_08_31_22_00_52_098.jpg,IMG\right_2026_08_31_22_00_52_098.jpg, 0, 1, 0, 30.19026
IMG\center_2026_08_31_22_00_52_198.jpg,IMG\left_2026_08_31_22_00_52_198.jpg,IMG\right_2026_08_31_22_00_52_198.jpg, 0, 1, 0, 30.19049
IMG\center_2026_08_31_22_00_52_299.jpg,IMG\left_2026_08_31_22_00_52_299.jpg,IMG\right_2026_08_31_22_00_52_299.jpg, 0, 1, 0, 30.19026
IMG\center_2026_08_31_22_00_52_403.jpg,IMG\left_2026_08_31_22_00_52_403.jpg,IMG\right_2026_08_31_22_00_52_403.jpg, 0, 1, 0, 30.19023
IMG\center_2026_08_31_22_00_52_504.jpg,IMG\left_2026_08_31_22_00_52_504.jpg,IMG\right_2026_08_31_22_00_52_504.jpg, 0, 1, 0, 30.1903
IMG\center_2026_08_31_22_00_52_610.jpg,IMG\left_2026_08_31_22_00_52_610.jpg,IMG\right_2026_08_31_22_00_52_610.jpg, 0, 1, 0, 30.19025
IMG\center_2026_08_31_22_00_52_711.jpg,IMG\left_2026_08_31_22_00_52_711.jpg,IMG\right_2026_08_31_22_00_52_711.jpg, 0, 1, 0, 30.19036
IMG\center_2026_08_31_22_00_52_813.jpg,IMG\left_2026_08_31_22_00_52_813.jpg,IMG\right_2026_08_31_22_00_52_813.jpg, 0, 1, 0, 30.19031
IMG\center_2026_08_31_22_00_52_919.jpg,IMG\left_2026_08_31_22_00_52_919.jpg,IMG\right_2026_08_31_22_00_52_919.jpg, 0, 1, 0, 30.19033
IMG\center_2026_08_31_22_00_53_020.jpg,IMG\left_2026_08_31_22_00_53_020.jpg,IMG\right_2026_08_31_22_00_53_020.jpg, 0, 1, 0, 30.19028
IMG\center_2026_08_31_22_00_53_123.jpg,IMG\left_2026_08_31_22_00_53_123.jpg,IMG\right_2026_08_31_22_00_53_123.jpg, 0, 1, 0, 30.19031
IMG\center_2026_08_31_22_00_53_226.jpg,IMG\left_2026_08_31_22_00_53_226.jpg,IMG\right_2026_08_31_22_00_53_226.jpg, 0, 1, 0, 30.19027
IMG\center_2026_08_31_22_00_53_327.jpg,IMG\left_2026_08_31_22_00_53_327.jpg,IMG\right_2026_08_31_22_00_53_327.jpg, -0.0218085, 1, 0, 30.19009
IMG\center_2026_08_31_22_00_53_431.jpg,IMG\left_2026_08_31_22_00_53_431.jpg,IMG\right_2026_08_31_22_00_53_431.jpg, -0.3278613, 1, 0, 30.16416
IMG\center_2026_08_31_22_00_53_533.jpg,IMG\left_2026_08_31_22_00_53_533.jpg,IMG\right_2026_08_31_22_00_53_533.jpg, -0.0362037, 1, 0, 30.19025
IMG\center_2026_08_31_22_00_53_637.jpg,IMG\left_2026_08_31_22_00_53_637.jpg,IMG\right_2026_08_31_22_00_53_637.jpg, 0, 1, 0, 30.18991
IMG\center_2026_08_31_22_00_53_742.jpg,IMG\left_2026_08_31_22_00_53_742.jpg,IMG\right_2026_08_31_22_00_53_742.jpg, -0.0412836, 1, 0, 30.19015
IMG\center_2026_08_31_22_00_53_843.jpg,IMG\left_2026_08_31_22_00_53_843.jpg,IMG\right_2026_08_31_22_00_53_843.jpg, -0.3464628, 1, 0, 30.16344
IMG\center_2026_08_31_22_00_53_943.jpg,IMG\left_2026_08_31_22_00_53_943.jpg,IMG\right_2026_08_31_22_00_53_943.jpg, -0.6480529, 1, 0, 30.12315
IMG\center_2026_08_31_22_00_54_051.jpg,IMG\left_2026_08_31_22_00_54_051.jpg,IMG\right_2026_08_31_22_00_54_051.jpg, -0.3502096, 1, 0, 30.19184
IMG\center_2026_08_31_22_00_54_157.jpg,IMG\left_2026_08_31_22_00_54_157.jpg,IMG\right_2026_08_31_22_00_54_157.jpg, -0.05093776, 1, 0, 30.18905
IMG\center_2026_08_31_22_00_54_259.jpg,IMG\left_2026_08_31_22_00_54_259.jpg,IMG\right_2026_08_31_22_00_54_259.jpg, 0, 1, 0, 30.1895
IMG\center_2026_08_31_22_00_54_365.jpg,IMG\left_2026_08_31_22_00_54_365.jpg,IMG\right_2026_08_31_22_00_54_365.jpg, 0, 1, 0, 30.19023
IMG\center_2026_08_31_22_00_54_470.jpg,IMG\left_2026_08_31_22_00_54_470.jpg,IMG\right_2026_08_31_22_00_54_470.jpg, 0, 1, 0, 30.19033
IMG\center_2026_08_31_22_00_54_571.jpg,IMG\left_2026_08_31_22_00_54_571.jpg,IMG\right_2026_08_31_22_00_54_571.jpg, 0, 1, 0, 30.19029
IMG\center_2026_08_31_22_00_54_677.jpg,IMG\left_2026_08_31_22_00_54_677.jpg,IMG\right_2026_08_31_22_00_54_677.jpg, 0, 1, 0, 30.1903
IMG\center_2026_08_31_22_00_54_781.jpg,IMG\left_2026_08_31_22_00_54_781.jpg,IMG\right_2026_08_31_22_00_54_781.jpg, 0, 1, 0, 30.19032
IMG\center_2026_08_31_22_00_54_884.jpg,IMG\left_2026_08_31_22_00_54_884.jpg,IMG\right_2026_08_31_22_00_54_884.jpg, 0, 1, 0, 30.19026
IMG\center_2026_08_31_22_00_54_986.jpg,IMG\left_2026_08_31_22_00_54_986.jpg,IMG\right_2026_08_31_22_00_54_986.jpg, 0, 1, 0, 30.19032
IMG\center_2026_08_31_22_00_55_089.jpg,IMG\left_2026_08_31_22_00_55_089.jpg,IMG\right_2026_08_31_22_00_55_089.jpg, 0, 1, 0, 30.19028
IMG\center_2026_08_31_22_00_55_193.jpg,IMG\left_2026_08_31_22_00_55_193.jpg,IMG\right_2026_08_31_22_00_55_193.jpg, 0, 1, 0, 30.19029
IMG\center_2026_08_31_22_00_55_296.jpg,IMG\left_2026_08_31_22_00_55_296.jpg,IMG\right_2026_08_31_22_00_55_296.jpg, 0, 1, 0, 30.19029
IMG\center_2026_08_31_22_00_55_401.jpg,IMG\left_2026_08_31_22_00_55_401.jpg,IMG\right_2026_08_31_22_00_55_401.jpg, 0, 1, 0, 30.19029
IMG\center_2026_08_31_22_00_55_506.jpg,IMG\left_2026_08_31_22_00_55_506.jpg,IMG\right_2026_08_31_22_00_55_506.jpg, 0, 1, 0, 30.19035
IMG\center_2026_08_31_22_00_55_613.jpg,IMG\left_2026_08_31_22_00_55_613.jpg,IMG\right_2026_08_31_22_00_55_613.jpg, 0, 1, 0, 30.19029
IMG\center_2026_08_31_22_00_55_716.jpg,IMG\left_2026_08_31_22_00_55_716.jpg,IMG\right_2026_08_31_22_00_55_716.jpg, -0.2238609, 1, 0, 30.17696
IMG\center_2026_08_31_22_00_55_820.jpg,IMG\left_2026_08_31_22_00_55_820.jpg,IMG\right_2026_08_31_22_00_55_820.jpg, -0.5720829, 1, 0, 30.13233
IMG\center_2026_08_31_22_00_55_921.jpg,IMG\left_2026_08_31_22_00_55_921.jpg,IMG\right_2026_08_31_22_00_55_921.jpg, -0.2688444, 1, 0, 30.19223
IMG\center_2026_08_31_22_00_56_026.jpg,IMG\left_2026_08_31_22_00_56_026.jpg,IMG\right_2026_08_31_22_00_56_026.jpg, 0, 1, 0, 30.1861
IMG\center_2026_08_31_22_00_56_130.jpg,IMG\left_2026_08_31_22_00_56_130.jpg,IMG\right_2026_08_31_22_00_56_130.jpg, 0, 1, 0, 30.18969
IMG\center_2026_08_31_22_00_56_233.jpg,IMG\left_2026_08_31_22_00_56_233.jpg,IMG\right_2026_08_31_22_00_56_233.jpg, 0, 1, 0, 30.19028
IMG\center_2026_08_31_22_00_56_333.jpg,IMG\left_2026_08_31_22_00_56_333.jpg,IMG\right_2026_08_31_22_00_56_333.jpg, 0, 1, 0, 30.19029
IMG\center_2026_08_31_22_00_56_435.jpg,IMG\left_2026_08_31_22_00_56_435.jpg,IMG\right_2026_08_31_22_00_56_435.jpg, -0.2265885, 1, 0, 30.17722
IMG\center_2026_08_31_22_00_56_540.jpg,IMG\left_2026_08_31_22_00_56_540.jpg,IMG\right_2026_08_31_22_00_56_540.jpg, -0.1977796, 1, 0, 30.18866
IMG\center_2026_08_31_22_00_56_645.jpg,IMG\left_2026_08_31_22_00_56_645.jpg,IMG\right_2026_08_31_22_00_56_645.jpg, 0, 1, 0, 30.1888
IMG\center_2026_08_31_22_00_56_748.jpg,IMG\left_2026_08_31_22_00_56_748.jpg,IMG\right_2026_08_31_22_00_56_748.jpg, 0, 1, 0, 30.19013
IMG\center_2026_08_31_22_00_56_851.jpg,IMG\left_2026_08_31_22_00_56_851.jpg,IMG\right_2026_08_31_22_00_56_851.jpg, 0, 1, 0, 30.19031
IMG\center_2026_08_31_22_00_56_953.jpg,IMG\left_2026_08_31_22_00_56_953.jpg,IMG\right_2026_08_31_22_00_56_953.jpg, -0.2227518, 1, 0, 30.178
IMG\center_2026_08_31_22_00_57_054.jpg,IMG\left_2026_08_31_22_00_57_054.jpg,IMG\right_2026_08_31_22_00_57_054.jpg, -0.5366972, 1, 0, 30.13676
IMG\center_2026_08_31_22_00_57_155.jpg,IMG\left_2026_08_31_22_00_57_155.jpg,IMG\right_2026_08_31_22_00_57_155.jpg, -0.5623776, 1, 0, 30.16118
IMG\center_2026_08_31_22_00_57_261.jpg,IMG\left_2026_08_31_22_00_57_261.jpg,IMG\right_2026_08_31_22_00_57_261.jpg, -0.2077137, 1, 0, 30.19645
IMG\center_2026_08_31_22_00_57_363.jpg,IMG\left_2026_08_31_22_00_57_363.jpg,IMG\right_2026_08_31_22_00_57_363.jpg, 0, 1, 0, 30.18625
IMG\center_2026_08_31_22_00_57_465.jpg,IMG\left_2026_08_31_22_00_57_465.jpg,IMG\right_2026_08_31_22_00_57_465.jpg, 0, 1, 0, 30.18996
IMG\center_2026_08_31_22_00_57_572.jpg,IMG\left_2026_08_31_22_00_57_572.jpg,IMG\right_2026_08_31_22_00_57_572.jpg, 0, 1, 0, 30.18981
IMG\center_2026_08_31_22_00_57_680.jpg,IMG\left_2026_08_31_22_00_57_680.jpg,IMG\right_2026_08_31_22_00_57_680.jpg, 0.0499734, 1, 0, 30.18991
IMG\center_2026_08_31_22_00_57_784.jpg,IMG\left_2026_08_31_22_00_57_784.jpg,IMG\right_2026_08_31_22_00_57_784.jpg, 0.3627681, 1, 0, 30.15904
IMG\center_2026_08_31_22_00_57_887.jpg,IMG\left_2026_08_31_22_00_57_887.jpg,IMG\right_2026_08_31_22_00_57_887.jpg, 0.4932324, 1, 0, 30.15462
IMG\center_2026_08_31_22_00_57_990.jpg,IMG\left_2026_08_31_22_00_57_990.jpg,IMG\right_2026_08_31_22_00_57_990.jpg, 0.1816416, 1, 0, 30.19378
IMG\center_2026_08_31_22_00_58_098.jpg,IMG\left_2026_08_31_22_00_58_098.jpg,IMG\right_2026_08_31_22_00_58_098.jpg, 0, 1, 0, 30.18769
IMG\center_2026_08_31_22_00_58_204.jpg,IMG\left_2026_08_31_22_00_58_204.jpg,IMG\right_2026_08_31_22_00_58_204.jpg, -0.3178305, 1, 0, 30.15784
IMG\center_2026_08_31_22_00_58_310.jpg,IMG\left_2026_08_31_22_00_58_310.jpg,IMG\right_2026_08_31_22_00_58_310.jpg, -0.6176097, 1, 0, 30.12005
IMG\center_2026_08_31_22_00_58_411.jpg,IMG\left_2026_08_31_22_00_58_411.jpg,IMG\right_2026_08_31_22_00_58_411.jpg, -0.7801121, 1, 0, 30.11502
IMG\center_2026_08_31_22_00_58_515.jpg,IMG\left_2026_08_31_22_00_58_515.jpg,IMG\right_2026_08_31_22_00_58_515.jpg, -0.4788005, 1, 0, 30.1916
IMG\center_2026_08_31_22_00_58_618.jpg,IMG\left_2026_08_31_22_00_58_618.jpg,IMG\right_2026_08_31_22_00_58_618.jpg, -0.1703142, 1, 0, 30.19595
IMG\center_2026_08_31_22_00_58_724.jpg,IMG\left_2026_08_31_22_00_58_724.jpg,IMG\right_2026_08_31_22_00_58_724.jpg, 0, 1, 0, 30.1872
IMG\center_2026_08_31_22_00_58_827.jpg,IMG\left_2026_08_31_22_00_58_827.jpg,IMG\right_2026_08_31_22_00_58_827.jpg, 0, 1, 0, 30.19004
IMG\center_2026_08_31_22_00_58_930.jpg,IMG\left_2026_08_31_22_00_58_930.jpg,IMG\right_2026_08_31_22_00_58_930.jpg, 0.3011502, 1, 0, 30.16529
IMG\center_2026_08_31_22_00_59_035.jpg,IMG\left_2026_08_31_22_00_59_035.jpg,IMG\right_2026_08_31_22_00_59_035.jpg, 0.6016037, 1, 0, 30.12664
IMG\center_2026_08_31_22_00_59_141.jpg,IMG\left_2026_08_31_22_00_59_141.jpg,IMG\right_2026_08_31_22_00_59_141.jpg, 0.3282191, 1, 0, 30.1922
IMG\center_2026_08_31_22_00_59_247.jpg,IMG\left_2026_08_31_22_00_59_247.jpg,IMG\right_2026_08_31_22_00_59_247.jpg, 0.03048715, 1, 0, 30.1873
IMG\center_2026_08_31_22_00_59_352.jpg,IMG\left_2026_08_31_22_00_59_352.jpg,IMG\right_2026_08_31_22_00_59_352.jpg, 0, 1, 0, 30.18965
IMG\center_2026_08_31_22_00_59_454.jpg,IMG\left_2026_08_31_22_00_59_454.jpg,IMG\right_2026_08_31_22_00_59_454.jpg, -0.0622284, 1, 0, 30.18802
IMG\center_2026_08_31_22_00_59_558.jpg,IMG\left_2026_08_31_22_00_59_558.jpg,IMG\right_2026_08_31_22_00_59_558.jpg, -0.3230535, 1, 0, 30.16356
IMG\center_2026_08_31_22_00_59_660.jpg,IMG\left_2026_08_31_22_00_59_660.jpg,IMG\right_2026_08_31_22_00_59_660.jpg, 0, 1, 0, 30.18792
IMG\center_2026_08_31_22_00_59_761.jpg,IMG\left_2026_08_31_22_00_59_761.jpg,IMG\right_2026_08_31_22_00_59_761.jpg, 0, 1, 0, 30.18987
IMG\center_2026_08_31_22_00_59_862.jpg,IMG\left_2026_08_31_22_00_59_862.jpg,IMG\right_2026_08_31_22_00_59_862.jpg, -0.2560734, 1, 0, 30.1762
IMG\center_2026_08_31_22_00_59_966.jpg,IMG\left_2026_08_31_22_00_59_966.jpg,IMG\right_2026_08_31_22_00_59_966.jpg, -0.5464557, 1, 0, 30.13783
IMG\center_2026_08_31_22_01_00_073.jpg,IMG\left_2026_08_31_22_01_00_073.jpg,IMG\right_2026_08_31_22_01_00_073.jpg, -0.4352766, 1, 0, 30.18192
IMG\center_2026_08_31_22_01_00_175.jpg,IMG\left_2026_08_31_22_01_00_175.jpg,IMG\right_2026_08_31_22_01_00_175.jpg, -0.1329018, 1, 0, 30.19381
IMG\center_2026_08_31_22_01_00_275.jpg,IMG\left_2026_08_31_22_01_00_275.jpg,IMG\right_2026_08_31_22_01_00_275.jpg, 0, 1, 0, 30.18818
IMG\center_2026_08_31_22_01_00_375.jpg,IMG\left_2026_08_31_22_01_00_375.jpg,IMG\right_2026_08_31_22_01_00_375.jpg, 0, 1, 0, 30.19011
IMG\center_2026_08_31_22_01_00_477.jpg,IMG\left_2026_08_31_22_01_00_477.jpg,IMG\right_2026_08_31_22_01_00_477.jpg, 0, 1, 0, 30.18975
IMG\center_2026_08_31_22_01_00_584.jpg,IMG\left_2026_08_31_22_01_00_584.jpg,IMG\right_2026_08_31_22_01_00_584.jpg, 0, 1, 0, 30.19031
IMG\center_2026_08_31_22_01_00_687.jpg,IMG\left_2026_08_31_22_01_00_687.jpg,IMG\right_2026_08_31_22_01_00_687.jpg, 0, 1, 0, 30.19027
IMG\center_2026_08_31_22_01_00_789.jpg,IMG\left_2026_08_31_22_01_00_789.jpg,IMG\right_2026_08_31_22_01_00_789.jpg, 0, 1, 0, 30.1903
IMG\center_2026_08_31_22_01_00_891.jpg,IMG\left_2026_08_31_22_01_00_891.jpg,IMG\right_2026_08_31_22_01_00_891.jpg, 0, 1, 0, 30.19029
IMG\center_2026_08_31_22_01_00_992.jpg,IMG\left_2026_08_31_22_01_00_992.jpg,IMG\right_2026_08_31_22_01_00_992.jpg, 0, 1, 0, 30.1904
IMG\center_2026_08_31_22_01_01_095.jpg,IMG\left_2026_08_31_22_01_01_095.jpg,IMG\right_2026_08_31_22_01_01_095.jpg, 0, 1, 0, 30.19027
IMG\center_2026_08_31_22_01_01_201.jpg,IMG\left_2026_08_31_22_01_01_201.jpg,IMG\right_2026_08_31_22_01_01_201.jpg, -0.2180538, 1, 0, 30.17699
IMG\center_2026_08_31_22_01_01_303.jpg,IMG\left_2026_08_31_22_01_01_303.jpg,IMG\right_2026_08_31_22_01_01_303.jpg, -0.1879401, 1, 0, 30.18805
IMG\center_2026_08_31_22_01_01_403.jpg,IMG\left_2026_08_31_22_01_01_403.jpg,IMG\right_2026_08_31_22_01_01_403.jpg, 0, 1, 0, 30.18887
IMG\center_2026_08_31_22_01_01_509.jpg,IMG\left_2026_08_31_22_01_01_509.jpg,IMG\right_2026_08_31_22_01_01_509.jpg, 0, 1, 0, 30.19013
IMG\center_2026_08_31_22_01_01_612.jpg,IMG\left_2026_08_31_22_01_01_612.jpg,IMG\right_2026_08_31_22_01_01_612.jpg, 0, 1, 0, 30.19028
IMG\center_2026_08_31_22_01_01_721.jpg,IMG\left_2026_08_31_22_01_01_721.jpg,IMG\right_2026_08_31_22_01_01_721.jpg, 0, 1, 0, 30.19025
IMG\center_2026_08_31_22_01_01_821.jpg,IMG\left_2026_08_31_22_01_01_821.jpg,IMG\right_2026_08_31_22_01_01_821.jpg, 0, 1, 0, 30.19027
IMG\center_2026_08_31_22_01_01_925.jpg,IMG\left_2026_08_31_22_01_01_925.jpg,IMG\right_2026_08_31_22_01_01_925.jpg, 0, 1, 0, 30.19029
IMG\center_2026_08_31_22_01_02_027.jpg,IMG\left_2026_08_31_22_01_02_027.jpg,IMG\right_2026_08_31_22_01_02_027.jpg, 0, 1, 0, 30.19031
IMG\center_2026_08_31_22_01_02_127.jpg,IMG\left_2026_08_31_22_01_02_127.jpg,IMG\right_2026_08_31_22_01_02_127.jpg, -0.2013045, 1, 0, 30.17911
IMG\center_2026_08_31_22_01_02_231.jpg,IMG\left_2026_08_31_22_01_02_231.jpg,IMG\right_2026_08_31_22_01_02_231.jpg, -0.08544033, 1, 0, 30.19075
IMG\center_2026_08_31_22_01_02_332.jpg,IMG\left_2026_08_31_22_01_02_332.jpg,IMG\right_2026_08_31_22_01_02_332.jpg, 0, 1, 0, 30.18991
IMG\center_2026_08_31_22_01_02_433.jpg,IMG\left_2026_08_31_22_01_02_433.jpg,IMG\right_2026_08_31_22_01_02_433.jpg, 0, 1, 0, 30.19024
IMG\center_2026_08_31_22_01_02_534.jpg,IMG\left_2026_08_31_22_01_02_534.jpg,IMG\right_2026_08_31_22_01_02_534.jpg, 0, 1, 0, 30.1903
IMG\center_2026_08_31_22_01_02_639.jpg,IMG\left_2026_08_31_22_01_02_639.jpg,IMG\right_2026_08_31_22_01_02_639.jpg, 0, 1, 0, 30.1903
IMG\center_2026_08_31_22_01_02_741.jpg,IMG\left_2026_08_31_22_01_02_741.jpg,IMG\right_2026_08_31_22_01_02_741.jpg, 0, 1, 0, 30.1903
IMG\center_2026_08_31_22_01_02_844.jpg,IMG\left_2026_08_31_22_01_02_844.jpg,IMG\right_2026_08_31_22_01_02_844.jpg, 0, 1, 0, 30.19029
IMG\center_2026_08_31_22_01_02_949.jpg,IMG\left_2026_08_31_22_01_02_949.jpg,IMG\right_2026_08_31_22_01_02_949.jpg, 0, 1, 0, 30.19028
IMG\center_2026_08_31_22_01_03_050.jpg,IMG\left_2026_08_31_22_01_03_050.jpg,IMG\right_2026_08_31_22_01_03_050.jpg, 0, 1, 0, 30.19028
IMG\center_2026_08_31_22_01_03_157.jpg,IMG\left_2026_08_31_22_01_03_157.jpg,IMG\right_2026_08_31_22_01_03_157.jpg, 0, 1, 0, 30.19029
IMG\center_2026_08_31_22_01_03_262.jpg,IMG\left_2026_08_31_22_01_03_262.jpg,IMG\right_2026_08_31_22_01_03_262.jpg, 0, 1, 0, 30.19028
IMG\center_2026_08_31_22_01_03_364.jpg,IMG\left_2026_08_31_22_01_03_364.jpg,IMG\right_2026_08_31_22_01_03_364.jpg, 0, 1, 0, 30.19028
IMG\center_2026_08_31_22_01_03_468.jpg,IMG\left_2026_08_31_22_01_03_468.jpg,IMG\right_2026_08_31_22_01_03_468.jpg, 0, 1, 0, 30.19033
IMG\center_2026_08_31_22_01_03_572.jpg,IMG\left_2026_08_31_22_01_03_572.jpg,IMG\right_2026_08_31_22_01_03_572.jpg, -0.1036491, 1, 0, 30.18757
IMG\center_2026_08_31_22_01_03_676.jpg,IMG\left_2026_08_31_22_01_03_676.jpg,IMG\right_2026_08_31_22_01_03_676.jpg, -0.1423014, 1, 0, 30.1887
IMG\center_2026_08_31_22_01_03_777.jpg,IMG\left_2026_08_31_22_01_03_777.jpg,IMG\right_2026_08_31_22_01_03_777.jpg, 0, 1, 0, 30.18987
IMG\center_2026_08_31_22_01_03_879.jpg,IMG\left_2026_08_31_22_01_03_879.jpg,IMG\right_2026_08_31_22_01_03_879.jpg, 0, 1, 0, 30.19025
IMG\center_2026_08_31_22_01_03_980.jpg,IMG\left_2026_08_31_22_01_03_980.jpg,IMG\right_2026_08_31_22_01_03_980.jpg, -0.0771549, 1, 0, 30.18917
IMG\center_2026_08_31_22_01_04_086.jpg,IMG\left_2026_08_31_22_01_04_086.jpg,IMG\right_2026_08_31_22_01_04_086.jpg, -0.3770274, 1, 0, 30.15873
IMG\center_2026_08_31_22_01_04_188.jpg,IMG\left_2026_08_31_22_01_04_188.jpg,IMG\right_2026_08_31_22_01_04_188.jpg, -0.6817545, 1, 0, 30.11738
IMG\center_2026_08_31_22_01_04_294.jpg,IMG\left_2026_08_31_22_01_04_294.jpg,IMG\right_2026_08_31_22_01_04_294.jpg, -0.4267258, 1, 0, 30.18876
IMG\center_2026_08_31_22_01_04_397.jpg,IMG\left_2026_08_31_22_01_04_397.jpg,IMG\right_2026_08_31_22_01_04_397.jpg, -0.1150807, 1, 0, 30.19273
IMG\center_2026_08_31_22_01_04_499.jpg,IMG\left_2026_08_31_22_01_04_499.jpg,IMG\right_2026_08_31_22_01_04_499.jpg, 0, 1, 0, 30.18889
IMG\center_2026_08_31_22_01_04_599.jpg,IMG\left_2026_08_31_22_01_04_599.jpg,IMG\right_2026_08_31_22_01_04_599.jpg, 0.232506, 1, 0, 30.16929
IMG\center_2026_08_31_22_01_04_703.jpg,IMG\left_2026_08_31_22_01_04_703.jpg,IMG\right_2026_08_31_22_01_04_703.jpg, 0.5433409, 1, 0, 30.13059
IMG\center_2026_08_31_22_01_04_808.jpg,IMG\left_2026_08_31_22_01_04_808.jpg,IMG\right_2026_08_31_22_01_04_808.jpg, 0.3417736, 1, 0, 30.18519
IMG\center_2026_08_31_22_01_04_910.jpg,IMG\left_2026_08_31_22_01_04_910.jpg,IMG\right_2026_08_31_22_01_04_910.jpg, 0.03379298, 1, 0, 30.18644
IMG\center_2026_08_31_22_01_05_015.jpg,IMG\left_2026_08_31_22_01_05_015.jpg,IMG\right_2026_08_31_22_01_05_015.jpg, 0, 1, 0, 30.18878
IMG\center_2026_08_31_22_01_05_120.jpg,IMG\left_2026_08_31_22_01_05_120.jpg,IMG\right_2026_08_31_22_01_05_120.jpg, 0.1509774, 1, 0, 30.18686
IMG\center_2026_08_31_22_01_05_222.jpg,IMG\left_2026_08_31_22_01_05_222.jpg,IMG\right_2026_08_31_22_01_05_222.jpg, 0.3736899, 1, 0, 30.16493
IMG\center_2026_08_31_22_01_05_324.jpg,IMG\left_2026_08_31_22_01_05_324.jpg,IMG\right_2026_08_31_22_01_05_324.jpg, 0.06840002, 1, 0, 30.19147
IMG\center_2026_08_31_22_01_05_427.jpg,IMG\left_2026_08_31_22_01_05_427.jpg,IMG\right_2026_08_31_22_01_05_427.jpg, 0, 1, 0, 30.18998
IMG\center_2026_08_31_22_01_05_529.jpg,IMG\left_2026_08_31_22_01_05_529.jpg,IMG\right_2026_08_31_22_01_05_529.jpg, 0.2094447, 1, 0, 30.18278
IMG\center_2026_08_31_22_01_05_637.jpg,IMG\left_2026_08_31_22_01_05_637.jpg,IMG\right_2026_08_31_22_01_05_637.jpg, 0.2815071, 1, 0, 30.18245
IMG\center_2026_08_31_22_01_05_737.jpg,IMG\left_2026_08_31_22_01_05_737.jpg,IMG\right_2026_08_31_22_01_05_737.jpg, 0, 1, 0, 30.18903
IMG\center_2026_08_31_22_01_05_840.jpg,IMG\left_2026_08_31_22_01_05_840.jpg,IMG\right_2026_08_31_22_01_05_840.jpg, 0, 1, 0, 30.19017
IMG\center_2026_08_31_22_01_05_944.jpg,IMG\left_2026_08_31_22_01_05_944.jpg,IMG\right_2026_08_31_22_01_05_944.jpg, 0, 1, 0, 30.19062
IMG\center_2026_08_31_22_01_06_046.jpg,IMG\left_2026_08_31_22_01_06_046.jpg,IMG\right_2026_08_31_22_01_06_046.jpg, 0, 1, 0, 30.19003
IMG\center_2026_08_31_22_01_06_146.jpg,IMG\left_2026_08_31_22_01_06_146.jpg,IMG\right_2026_08_31_22_01_06_146.jpg, -0.06015391, 1, 0, 30.18941
IMG\center_2026_08_31_22_01_06_250.jpg,IMG\left_2026_08_31_22_01_06_250.jpg,IMG\right_2026_08_31_22_01_06_250.jpg, -0.2542758, 1, 0, 30.17446
IMG\center_2026_08_31_22_01_06_355.jpg,IMG\left_2026_08_31_22_01_06_355.jpg,IMG\right_2026_08_31_22_01_06_355.jpg, 0, 1, 0, 30.1888
IMG\center_2026_08_31_22_01_06_458.jpg,IMG\left_2026_08_31_22_01_06_458.jpg,IMG\right_2026_08_31_22_01_06_458.jpg, 0, 1, 0, 30.18872
IMG\center_2026_08_31_22_01_06_562.jpg,IMG\left_2026_08_31_22_01_06_562.jpg,IMG\right_2026_08_31_22_01_06_562.jpg, -0.3346035, 1, 0, 30.16644
IMG\center_2026_08_31_22_01_06_668.jpg,IMG\left_2026_08_31_22_01_06_668.jpg,IMG\right_2026_08_31_22_01_06_668.jpg, -0.2804292, 1, 0, 30.18636
IMG\center_2026_08_31_22_01_06_769.jpg,IMG\left_2026_08_31_22_01_06_769.jpg,IMG\right_2026_08_31_22_01_06_769.jpg, -0.07119843, 1, 0, 30.31268
IMG\center_2026_08_31_22_01_06_873.jpg,IMG\left_2026_08_31_22_01_06_873.jpg,IMG\right_2026_08_31_22_01_06_873.jpg, -0.02666944, 1, 0, 30.14668
IMG\center_2026_08_31_22_01_06_978.jpg,IMG\left_2026_08_31_22_01_06_978.jpg,IMG\right_2026_08_31_22_01_06_978.jpg, 0, 1, 0, 30.13088
IMG\center_2026_08_31_22_01_07_080.jpg,IMG\left_2026_08_31_22_01_07_080.jpg,IMG\right_2026_08_31_22_01_07_080.jpg, 0, 1, 0, 30.19334
IMG\center_2026_08_31_22_01_07_185.jpg,IMG\left_2026_08_31_22_01_07_185.jpg,IMG\right_2026_08_31_22_01_07_185.jpg, 0, 1, 0, 30.18901
IMG\center_2026_08_31_22_01_07_288.jpg,IMG\left_2026_08_31_22_01_07_288.jpg,IMG\right_2026_08_31_22_01_07_288.jpg, -0.0598014, 1, 0, 30.189
IMG\center_2026_08_31_22_01_07_388.jpg,IMG\left_2026_08_31_22_01_07_388.jpg,IMG\right_2026_08_31_22_01_07_388.jpg, -0.3570939, 1, 0, 30.16023
IMG\center_2026_08_31_22_01_07_490.jpg,IMG\left_2026_08_31_22_01_07_490.jpg,IMG\right_2026_08_31_22_01_07_490.jpg, -0.09817383, 1, 0, 30.19123
IMG\center_2026_08_31_22_01_07_592.jpg,IMG\left_2026_08_31_22_01_07_592.jpg,IMG\right_2026_08_31_22_01_07_592.jpg, 0, 1, 0, 30.18917
IMG\center_2026_08_31_22_01_07_696.jpg,IMG\left_2026_08_31_22_01_07_696.jpg,IMG\right_2026_08_31_22_01_07_696.jpg, 0, 1, 0, 30.18989
IMG\center_2026_08_31_22_01_07_800.jpg,IMG\left_2026_08_31_22_01_07_800.jpg,IMG\right_2026_08_31_22_01_07_800.jpg, 0, 1, 0, 30.18998
IMG\center_2026_08_31_22_01_07_900.jpg,IMG\left_2026_08_31_22_01_07_900.jpg,IMG\right_2026_08_31_22_01_07_900.jpg, 0, 1, 0, 30.18999
IMG\center_2026_08_31_22_01_08_002.jpg,IMG\left_2026_08_31_22_01_08_002.jpg,IMG\right_2026_08_31_22_01_08_002.jpg, 0, 1, 0, 30.19
