center,left,right,steering,throttle,brake,speed
IMG/center_2026_08_31_16_53_46_293.jpg,IMG/left_2026_08_31_16_53_46_293.jpg,IMG/right_2026_08_31_16_53_46_293.jpg,0.0,1.0,0.0,30.19029
IMG/center_2026_08_31_16_53_26_438.jpg,IMG/left_2026_08_31_16_53_26_438.jpg,IMG/right_2026_08_31_16_53_26_438.jpg,-0.6476228,1.0,0.0,28.03197
IMG\center_2026_08_31_22_00_52_711.jpg,IMG\left_2026_08_31_22_00_52_711.jpg,IMG\right_2026_08_31_22_00_52_711.jpg,0.0,1.0,0.0,30.19036
IMG\center_2026_08_31_21_59_37_452.jpg,IMG\left_2026_08_31_21_59_37_452.jpg,IMG\right_2026_08_31_21_59_37_452.jpg,-0.3032436,1.0,0.0,30.19239
IMG/center_2026_08_31_16_53_10_619.jpg,IMG/left_2026_08_31_16_53_10_619.jpg,IMG/right_2026_08_31_16_53_10_619.jpg,0.0,0.0,0.6092201,0.00087567
IMG/center_2026_08_31_16_55_05_617.jpg,IMG/left_2026_08_31_16_55_05_617.jpg,IMG/right_2026_08_31_16_55_05_617.jpg,0.0859637,1.0,0.0,30.19223
IMG/center_2026_08_31_16_54_38_376.jpg,IMG/left_2026_08_31_16_54_38_376.jpg,IMG/right_2026_08_31_16_54_38_376.jpg,0.7002299,1.0,0.0,30.16876
IMG/center_2026_08_31_16_54_25_875.jpg,IMG/left_2026_08_31_16_54_25_875.jpg,IMG/right_2026_08_31_16_54_25_875.jpg,0.6113847,1.0,0.0,30.18824
IMG/center_2026_08_31_16_52_40_815.jpg,IMG/left_2026_08_31_16_52_40_815.jpg,IMG/right_2026_08_31_16_52_40_815.jpg,-0.3377142,1.0,0.0,12.07766
IMG/center_2026_08_30_19_27_30_482.jpg,IMG/left_2026_08_30_19_27_30_482.jpg,IMG/right_2026_08_30_19_27_30_482.jpg,0.0,1.0,0.0,30.1898
IMG/center_2026_08_31_16_54_43_016.jpg,IMG/left_2026_08_31_16_54_43_016.jpg,IMG/right_2026_08_31_16_54_43_016.jpg,0.545149,1.0,0.0,30.13594
IMG/center_2026_08_30_19_24_07_342.jpg,IMG/left_2026_08_30_19_24_07_342.jpg,IMG/right_2026_08_30_19_24_07_342.jpg,0.0,0.0,0.0,7.83373e-05
IMG\center_2026_08_31_21_56_47_676.jpg,IMG\left_2026_08_31_21_56_47_676.jpg,IMG\right_2026_08_31_21_56_47_676.jpg,0.0,1.0,0.0,30.19042
IMG/center_2026_08_30_19_27_04_829.jpg,IMG/left_2026_08_30_19_27_04_829.jpg,IMG/right_2026_08_30_19_27_04_829.jpg,0.0,1.0,0.0,30.18996
IMG\center_2026_08_31_21_56_53_362.jpg,IMG\left_2026_08_31_21_56_53_362.jpg,IMG\right_2026_08_31_21_56_53_362.jpg,0.0,1.0,0.0,30.18809
IMG/center_2026_08_31_16_55_49_093.jpg,IMG/left_2026_08_31_16_55_49_093.jpg,IMG/right_2026_08_31_16_55_49_093.jpg,0.6430895,0.4663552,0.0,0.01024486
IMG/center_2026_08_31_16_54_34_246.jpg,IMG/left_2026_08_31_16_54_34_246.jpg,IMG/right_2026_08_31_16_54_34_246.jpg,-0.3648456,1.0,0.0,30.1412
IMG/center_2026_08_30_19_26_30_667.jpg,IMG/left_2026_08_30_19_26_30_667.jpg,IMG/right_2026_08_30_19_26_30_667.jpg,0.0,1.0,0.0,30.18994
IMG/center_2026_08_30_19_26_46_582.jpg,IMG/left_2026_08_30_19_26_46_582.jpg,IMG/right_2026_08_30_19_26_46_582.jpg,0.06403983,1.0,0.0,30.19185
IMG/center_2026_08_30_19_24_38_187.jpg,IMG/left_2026_08_30_19_24_38_187.jpg,IMG/right_2026_08_30_19_24_38_187.jpg,-0.1941747,1.0,0.0,30.18058
IMG/center_2026_08_30_19_25_32_912.jpg,IMG/left_2026_08_30_19_25_32_912.jpg,IMG/right_2026_08_30_19_25_32_912.jpg,-0.1259817,1.0,0.0,30.19131
IMG/center_2026_08_30_19_27_19_408.jpg,IMG/left_2026_08_30_19_27_19_408.jpg,IMG/right_2026_08_30_19_27_19_408.jpg,0.0,1.0,0.0,30.19031
IMG/center_2026_08_31_16_53_30_997.jpg,IMG/left_2026_08_31_16_53_30_997.jpg,IMG/right_2026_08_31_16_53_30_997.jpg,0.0,1.0,0.0,30.19033
IMG/center_2026_08_30_19_26_57_242.jpg,IMG/left_2026_08_30_19_26_57_242.jpg,IMG/right_2026_08_30_19_26_57_242.jpg,-0.251571,1.0,0.0,30.17769
IMG/center_2026_08_30_19_26_00_677.jpg,IMG/left_2026_08_30_19_26_00_677.jpg,IMG/right_2026_08_30_19_26_00_677.jpg,-0.1828008,1.0,0.0,30.18107
IMG/center_2026_08_30_19_24_51_209.jpg,IMG/left_2026_08_30_19_24_51_209.jpg,IMG/right_2026_08_30_19_24_51_209.jpg,-0.06994199,1.0,0.0,30.1915
IMG/center_2026_08_31_16_54_33_636.jpg,IMG/left_2026_08_31_16_54_33_636.jpg,IMG/right_2026_08_31_16_54_33_636.jpg,0.9255217,1.0,0.0,30.09542
IMG/center_2026_08_30_19_27_13_632.jpg,IMG/left_2026_08_30_19_27_13_632.jpg,IMG/right_2026_08_30_19_27_13_632.jpg,-0.09341578,1.0,0.0,30.18977
IMG\center_2026_08_31_21_50_58_335.jpg,IMG\left_2026_08_31_21_50_58_335.jpg,IMG\right_2026_08_31_21_50_58_335.jpg,0.0,1.0,0.0,30.19003
IMG/center_2026_08_31_16_54_43_749.jpg,IMG/left_2026_08_31_16_54_43_749.jpg,IMG/right_2026_08_31_16_54_43_749.jpg,0.0,1.0,0.0,30.19029
IMG/center_2026_08_31_16_54_41_973.jpg,IMG/left_2026_08_31_16_54_41_973.jpg,IMG/right_2026_08_31_16_54_41_973.jpg,-0.6198865,1.0,0.0,30.20561
IMG/center_2026_08_30_19_25_06_807.jpg,IMG/left_2026_08_30_19_25_06_807.jpg,IMG/right_2026_08_30_19_25_06_807.jpg,0.0,1.0,0.0,30.18991
IMG/center_2026_08_30_19_28_03_818.jpg,IMG/left_2026_08_30_19_28_03_818.jpg,IMG/right_2026_08_30_19_28_03_818.jpg,-0.2094582,1.0,0.0,30.18154
IMG/center_2026_08_30_19_24_58_618.jpg,IMG/left_2026_08_30_19_24_58_618.jpg,IMG/right_2026_08_30_19_24_58_618.jpg,0.0,1.0,0.0,30.19029
IMG/center_2026_08_30_19_28_04_342.jpg,IMG/left_2026_08_30_19_28_04_342.jpg,IMG/right_2026_08_30_19_28_04_342.jpg,-0.2333325,1.0,0.0,30.1768
IMG/center_2026_08_30_19_28_02_063.jpg,IMG/left_2026_08_30_19_28_02_063.jpg,IMG/right_2026_08_30_19_28_02_063.jpg,0.0,1.0,0.0,30.19001
IMG\center_2026_08_31_21_56_39_591.jpg,IMG\left_2026_08_31_21_56_39_591.jpg,IMG\right_2026_08_31_21_56_39_591.jpg,-0.3575031,1.0,0.0,30.16261
IMG/center_2026_08_31_16_54_07_218.jpg,IMG/left_2026_08_31_16_54_07_218.jpg,IMG/right_2026_08_31_16_54_07_218.jpg,-0.5175664,1.0,0.0,30.20293
IMG/center_2026_08_31_16_54_08_662.jpg,IMG/left_2026_08_31_16_54_08_662.jpg,IMG/right_2026_08_31_16_54_08_662.jpg,0.0,1.0,0.0,30.19108
IMG/center_2026_08_31_16_53_39_092.jpg,IMG/left_2026_08_31_16_53_39_092.jpg,IMG/right_2026_08_31_16_53_39_092.jpg,-0.5437356,1.0,0.0,30.13567
IMG/center_2026_08_31_16_52_37_627.jpg,IMG/left_2026_08_31_16_52_37_627.jpg,IMG/right_2026_08_31_16_52_37_627.jpg,0.0,0.0,0.0,7.822868e-05
IMG/center_2026_08_31_16_54_33_327.jpg,IMG/left_2026_08_31_16_54_33_327.jpg,IMG/right_2026_08_31_16_54_33_327.jpg,0.0,1.0,0.0,30.19011
IMG/center_2026_08_30_19_26_24_034.jpg,IMG/left_2026_08_30_19_26_24_034.jpg,IMG/right_2026_08_30_19_26_24_034.jpg,0.0,1.0,0.0,30.1903
IMG/center_2026_08_30_19_28_11_186.jpg,IMG/left_2026_08_30_19_28_11_186.jpg,IMG/right_2026_08_30_19_28_11_186.jpg,0.0,1.0,0.0,30.19029
IMG/center_2026_08_31_16_53_41_290.jpg,IMG/left_2026_08_31_16_53_41_290.jpg,IMG/right_2026_08_31_16_53_41_290.jpg,0.0,1.0,0.0,30.19051
IMG/center_2026_08_31_16_54_55_290.jpg,IMG/left_2026_08_31_16_54_55_290.jpg,IMG/right_2026_08_31_16_54_55_290.jpg,0.0383802,1.0,0.0,30.21463
IMG/center_2026_08_30_19_27_01_373.jpg,IMG/left_2026_08_30_19_27_01_373.jpg,IMG/right_2026_08_30_19_27_01_373.jpg,-0.1202274,1.0,0.0,30.18639
IMG/center_2026_08_31_16_55_26_976.jpg,IMG/left_2026_08_31_16_55_26_976.jpg,IMG/right_2026_08_31_16_55_26_976.jpg,0.5583994,1.0,0.0,30.20933
IMG/center_2026_08_30_19_25_57_540.jpg,IMG/left_2026_08_30_19_25_57_540.jpg,IMG/right_2026_08_30_19_25_57_540.jpg,0.0,1.0,0.0,30.19029
IMG/center_2026_08_31_16_53_47_437.jpg,IMG/left_2026_08_31_16_53_47_437.jpg,IMG/right_2026_08_31_16_53_47_437.jpg,0.0,1.0,0.0,30.18981
IMG/center_2026_08_30_19_24_30_022.jpg,IMG/left_2026_08_30_19_24_30_022.jpg,IMG/right_2026_08_30_19_24_30_022.jpg,0.0,1.0,0.0,30.19029
IMG/center_2026_08_31_16_55_36_878.jpg,IMG/left_2026_08_31_16_55_36_878.jpg,IMG/right_2026_08_31_16_55_36_878.jpg,-0.6471707,1.0,0.0,25.78403
IMG/center_2026_08_30_19_27_24_948.jpg,IMG/left_2026_08_30_19_27_24_948.jpg,IMG/right_2026_08_30_19_27_24_948.jpg,0.0,1.0,0.0,30.1903
IMG/center_2026_08_30_19_28_18_950.jpg,IMG/left_2026_08_30_19_28_18_950.jpg,IMG/right_2026_08_30_19_28_18_950.jpg,-1.0,1.0,0.0,0.05287128
IMG\center_2026_08_31_21_58_18_022.jpg,IMG\left_2026_08_31_21_58_18_022.jpg,IMG\right_2026_08_31_21_58_18_022.jpg,-0.2214822,1.0,0.0,30.18529
IMG\center_2026_08_31_21_52_26_799.jpg,IMG\left_2026_08_31_21_52_26_799.jpg,IMG\right_2026_08_31_21_52_26_799.jpg,0.0,1.0,0.0,30.19028
IMG/center_2026_08_30_19_25_37_460.jpg,IMG/left_2026_08_30_19_25_37_460.jpg,IMG/right_2026_08_30_19_25_37_460.jpg,0.0,1.0,0.0,30.19008
IMG/center_2026_08_30_19_26_28_478.jpg,IMG/left_2026_08_30_19_26_28_478.jpg,IMG/right_2026_08_30_19_26_28_478.jpg,0.0,1.0,0.0,30.18997
IMG/center_2026_08_30_19_27_13_319.jpg,IMG/left_2026_08_30_19_27_13_319.jpg,IMG/right_2026_08_30_19_27_13_319.jpg,0.0,1.0,0.0,30.19044
IMG/center_2026_08_30_19_24_24_421.jpg,IMG/left_2026_08_30_19_24_24_421.jpg,IMG/right_2026_08_30_19_24_24_421.jpg,-0.2427723,1.0,0.0,30.1745
IMG\center_2026_08_31_21_50_59_987.jpg,IMG\left_2026_08_31_21_50_59_987.jpg,IMG\right_2026_08_31_21_50_59_987.jpg,0.0,1.0,0.0,30.18987
IMG/center_2026_08_31_16_53_46_193.jpg,IMG/left_2026_08_31_16_53_46_193.jpg,IMG/right_2026_08_31_16_53_46_193.jpg,0.0,1.0,0.0,30.19031
IMG/center_2026_08_31_16_55_38_014.jpg,IMG/left_2026_08_31_16_55_38_014.jpg,IMG/right_2026_08_31_16_55_38_014.jpg,-0.3711427,1.0,0.0,30.20312
IMG/center_2026_08_30_19_25_21_510.jpg,IMG/left_2026_08_30_19_25_21_510.jpg,IMG/right_2026_08_30_19_25_21_510.jpg,0.0,1.0,0.0,30.1903
IMG\center_2026_08_31_22_00_59_558.jpg,IMG\left_2026_08_31_22_00_59_558.jpg,IMG\right_2026_08_31_22_00_59_558.jpg,-0.3230535,1.0,0.0,30.16356
IMG/center_2026_08_30_19_24_20_763.jpg,IMG/left_2026_08_30_19_24_20_763.jpg,IMG/right_2026_08_30_19_24_20_763.jpg,-0.1752987,1.0,0.0,30.18189
IMG/center_2026_08_30_19_24_49_859.jpg,IMG/left_2026_08_30_19_24_49_859.jpg,IMG/right_2026_08_30_19_24_49_859.jpg,0.0,1.0,0.0,30.19026
IMG/center_2026_08_30_19_28_19_264.jpg,IMG/left_2026_08_30_19_28_19_264.jpg,IMG/right_2026_08_30_19_28_19_264.jpg,-0.2288988,0.3281694,0.0,0.003087731
IMG/center_2026_08_31_16_54_36_410.jpg,IMG/left_2026_08_31_16_54_36_410.jpg,IMG/right_2026_08_31_16_54_36_410.jpg,-0.2387001,1.0,0.0,30.1698
IMG/center_2026_08_31_16_52_52_656.jpg,IMG/left_2026_08_31_16_52_52_656.jpg,IMG/right_2026_08_31_16_52_52_656.jpg,0.0,1.0,0.0,30.18897
IMG/center_2026_08_30_19_26_36_828.jpg,IMG/left_2026_08_30_19_26_36_828.jpg,IMG/right_2026_08_30_19_26_36_828.jpg,-0.1001946,1.0,0.0,30.19211
IMG/center_2026_08_30_19_27_09_224.jpg,IMG/left_2026_08_30_19_27_09_224.jpg,IMG/right_2026_08_30_19_27_09_224.jpg,-0.1731924,1.0,0.0,30.18098
IMG\center_2026_08_31_22_01_06_146.jpg,IMG\left_2026_08_31_22_01_06_146.jpg,IMG\right_2026_08_31_22_01_06_146.jpg,-0.06015391,1.0,0.0,30.18941
IMG/center_2026_08_31_16_55_41_540.jpg,IMG/left_2026_08_31_16_55_41_540.jpg,IMG/right_2026_08_31_16_55_41_540.jpg,-0.9674995,1.0,0.0,29.15278
IMG/center_2026_08_30_19_25_14_726.jpg,IMG/left_2026_08_30_19_25_14_726.jpg,IMG/right_2026_08_30_19_25_14_726.jpg,-0.06408,1.0,0.0,30.19054
IMG/center_2026_08_30_19_24_53_361.jpg,IMG/left_2026_08_30_19_24_53_361.jpg,IMG/right_2026_08_30_19_24_53_361.jpg,-0.1139412,1.0,0.0,30.18746
IMG/center_2026_08_30_19_24_08_666.jpg,IMG/left_2026_08_30_19_24_08_666.jpg,IMG/right_2026_08_30_19_24_08_666.jpg,-0.106029,0.106029,0.0,0.06072003
IMG\center_2026_08_31_21_52_25_347.jpg,IMG\left_2026_08_31_21_52_25_347.jpg,IMG\right_2026_08_31_21_52_25_347.jpg,0.0,1.0,0.0,30.19042
IMG\center_2026_08_31_21_56_41_968.jpg,IMG\left_2026_08_31_21_56_41_968.jpg,IMG\right_2026_08_31_21_56_41_968.jpg,-0.0689871,1.0,0.0,30.18881
IMG/center_2026_08_30_19_27_27_446.jpg,IMG/left_2026_08_30_19_27_27_446.jpg,IMG/right_2026_08_30_19_27_27_446.jpg,-0.0265824,1.0,0.0,30.19012
IMG/center_2026_08_31_16_52_38_762.jpg,IMG/left_2026_08_31_16_52_38_762.jpg,IMG/right_2026_08_31_16_52_38_762.jpg,0.0,0.0,0.0,7.895595e-05
IMG/center_2026_08_30_19_24_34_531.jpg,IMG/left_2026_08_30_19_24_34_531.jpg,IMG/right_2026_08_30_19_24_34_531.jpg,0.0,1.0,0.0,30.1903
IMG/center_2026_08_30_19_28_22_676.jpg,IMG/left_2026_08_30_19_28_22_676.jpg,IMG/right_2026_08_30_19_28_22_676.jpg,0.4245626,0.0,0.377268,0.009654293
IMG/center_2026_08_30_19_27_52_617.jpg,IMG/left_2026_08_30_19_27_52_617.jpg,IMG/right_2026_08_30_19_27_52_617.jpg,-0.2267538,1.0,0.0,30.17669
IMG/center_2026_08_31_16_55_15_802.jpg,IMG/left_2026_08_31_16_55_15_802.jpg,IMG/right_2026_08_31_16_55_15_802.jpg,0.5184622,1.0,0.0,30.16168
IMG\center_2026_08_31_21_52_23_805.jpg,IMG\left_2026_08_31_21_52_23_805.jpg,IMG\right_2026_08_31_21_52_23_805.jpg,-0.2024988,1.0,0.0,30.19011
IMG/center_2026_08_31_16_55_26_254.jpg,IMG/left_2026_08_31_16_55_26_254.jpg,IMG/right_2026_08_31_16_55_26_254.jpg,-0.2783098,1.0,0.0,30.19574
IMG/center_2026_08_31_16_54_15_565.jpg,IMG/left_2026_08_31_16_54_15_565.jpg,IMG/right_2026_08_31_16_54_15_565.jpg,0.0,1.0,0.0,30.19279
IMG/center_2026_08_31_16_54_36_205.jpg,IMG/left_2026_08_31_16_54_36_205.jpg,IMG/right_2026_08_31_16_54_36_205.jpg,0.06961583,1.0,0.0,30.18913
IMG/center_2026_08_31_16_55_47_009.jpg,IMG/left_2026_08_31_16_55_47_009.jpg,IMG/right_2026_08_31_16_55_47_009.jpg,0.0,1.0,0.0,29.95348
IMG\center_2026_08_31_21_58_07_786.jpg,IMG\left_2026_08_31_21_58_07_786.jpg,IMG\right_2026_08_31_21_58_07_786.jpg,-0.3263814,1.0,0.0,30.16402
IMG/center_2026_08_30_19_25_04_219.jpg,IMG/left_2026_08_30_19_25_04_219.jpg,IMG/right_2026_08_30_19_25_04_219.jpg,0.0,1.0,0.0,30.18995
IMG/center_2026_08_30_19_27_27_760.jpg,IMG/left_2026_08_30_19_27_27_760.jpg,IMG/right_2026_08_30_19_27_27_760.jpg,0.0,1.0,0.0,30.19022
IMG\center_2026_08_31_21_55_29_121.jpg,IMG\left_2026_08_31_21_55_29_121.jpg,IMG\right_2026_08_31_21_55_29_121.jpg,0.0,1.0,0.0,30.19029
IMG/center_2026_08_31_16_55_33_902.jpg,IMG/left_2026_08_31_16_55_33_902.jpg,IMG/right_2026_08_31_16_55_33_902.jpg,1.0,1.0,0.0,13.10867
IMG/center_2026_08_30_19_25_51_560.jpg,IMG/left_2026_08_30_19_25_51_560.jpg,IMG/right_2026_08_30_19_25_51_560.jpg,0.0,1.0,0.0,30.19018
IMG/center_2026_08_30_19_27_32_046.jpg,IMG/left_2026_08_30_19_27_32_046.jpg,IMG/right_2026_08_30_19_27_32_046.jpg,-0.2562786,1.0,0.0,30.17809
IMG\center_2026_08_31_21_58_04_161.jpg,IMG\left_2026_08_31_21_58_04_161.jpg,IMG\right_2026_08_31_21_58_04_161.jpg,-0.1165323,1.0,0.0,30.19175
IMG/center_2026_08_31_16_53_52_344.jpg,IMG/left_2026_08_31_16_53_52_344.jpg,IMG/right_2026_08_31_16_53_52_344.jpg,0.0,1.0,0.0,30.18728
IMG\center_2026_08_31_21_56_43_213.jpg,IMG\left_2026_08_31_21_56_43_213.jpg,IMG\right_2026_08_31_21_56_43_213.jpg,0.0,1.0,0.0,30.19035
IMG/center_2026_08_31_16_53_05_550.jpg,IMG/left_2026_08_31_16_53_05_550.jpg,IMG/right_2026_08_31_16_53_05_550.jpg,0.5819395,0.0,0.0,0.01573132
IMG/center_2026_08_30_19_27_36_791.jpg,IMG/left_2026_08_30_19_27_36_791.jpg,IMG/right_2026_08_30_19_27_36_791.jpg,-0.1065699,1.0,0.0,30.1802
IMG\center_2026_08_31_21_58_10_167.jpg,IMG\left_2026_08_31_21_58_10_167.jpg,IMG\right_2026_08_31_21_58_10_167.jpg,0.2963025,1.0,0.0,30.16501
IMG/center_2026_08_31_16_53_03_582.jpg,IMG/left_2026_08_31_16_53_03_582.jpg,IMG/right_2026_08_31_16_53_03_582.jpg,0.0,0.0,1.0,0.01155998
IMG\center_2026_08_31_21_51_00_499.jpg,IMG\left_2026_08_31_21_51_00_499.jpg,IMG\right_2026_08_31_21_51_00_499.jpg,0.0,1.0,0.0,30.19025
IMG/center_2026_08_31_16_54_50_500.jpg,IMG/left_2026_08_31_16_54_50_500.jpg,IMG/right_2026_08_31_16_54_50_500.jpg,0.888808,1.0,0.0,29.90423
IMG/center_2026_08_31_16_54_25_354.jpg,IMG/left_2026_08_31_16_54_25_354.jpg,IMG/right_2026_08_31_16_54_25_354.jpg,-0.1465842,1.0,0.0,30.19562
IMG/center_2026_08_30_19_27_24_220.jpg,IMG/left_2026_08_30_19_27_24_220.jpg,IMG/right_2026_08_30_19_27_24_220.jpg,0.0,1.0,0.0,30.19016
IMG/center_2026_08_30_19_25_03_910.jpg,IMG/left_2026_08_30_19_25_03_910.jpg,IMG/right_2026_08_30_19_25_03_910.jpg,0.0,1.0,0.0,30.18995
IMG/center_2026_08_30_19_25_24_719.jpg,IMG/left_2026_08_30_19_25_24_719.jpg,IMG/right_2026_08_30_19_25_24_719.jpg,0.2653236,1.0,0.0,30.19907
IMG/center_2026_08_31_16_54_26_806.jpg,IMG/left_2026_08_31_16_54_26_806.jpg,IMG/right_2026_08_31_16_54_26_806.jpg,-0.7294704,1.0,0.0,30.15557
IMG\center_2026_08_31_21_52_20_913.jpg,IMG\left_2026_08_31_21_52_20_913.jpg,IMG\right_2026_08_31_21_52_20_913.jpg,-0.09182494,1.0,0.0,30.19136
IMG\center_2026_08_31_21_51_02_357.jpg,IMG\left_2026_08_31_21_51_02_357.jpg,IMG\right_2026_08_31_21_51_02_357.jpg,-0.2380911,1.0,0.0,30.17602
IMG/center_2026_08_30_19_24_23_685.jpg,IMG/left_2026_08_30_19_24_23_685.jpg,IMG/right_2026_08_30_19_24_23_685.jpg,-0.282576,1.0,0.0,30.17057
IMG\center_2026_08_31_21_58_17_304.jpg,IMG\left_2026_08_31_21_58_17_304.jpg,IMG\right_2026_08_31_21_58_17_304.jpg,0.0,1.0,0.0,30.19032
IMG\center_2026_08_31_22_00_53_742.jpg,IMG\left_2026_08_31_22_00_53_742.jpg,IMG\right_2026_08_31_22_00_53_742.jpg,-0.0412836,1.0,0.0,30.19015
IMG/center_2026_08_31_16_53_47_227.jpg,IMG/left_2026_08_31_16_53_47_227.jpg,IMG/right_2026_08_31_16_53_47_227.jpg,0.0,1.0,0.0,30.18983
IMG/center_2026_08_30_19_27_47_116.jpg,IMG/left_2026_08_30_19_27_47_116.jpg,IMG/right_2026_08_30_19_27_47_116.jpg,0.0,1.0,0.0,30.19064
IMG/center_2026_08_30_19_28_01_136.jpg,IMG/left_2026_08_30_19_28_01_136.jpg,IMG/right_2026_08_30_19_28_01_136.jpg,0.0,1.0,0.0,30.19286
IMG/center_2026_08_31_16_53_28_710.jpg,IMG/left_2026_08_31_16_53_28_710.jpg,IMG/right_2026_08_31_16_53_28_710.jpg,0.0,1.0,0.0,30.1906
IMG\center_2026_08_31_21_55_18_273.jpg,IMG\left_2026_08_31_21_55_18_273.jpg,IMG\right_2026_08_31_21_55_18_273.jpg,0.0,1.0,0.0,30.19029
IMG/center_2026_08_31_16_54_07_943.jpg,IMG/left_2026_08_31_16_54_07_943.jpg,IMG/right_2026_08_31_16_54_07_943.jpg,0.5949891,1.0,0.0,30.12797
IMG/center_2026_08_30_19_27_31_736.jpg,IMG/left_2026_08_30_19_27_31_736.jpg,IMG/right_2026_08_30_19_27_31_736.jpg,0.0,1.0,0.0,30.1905
IMG/center_2026_08_30_19_26_17_102.jpg,IMG/left_2026_08_30_19_26_17_102.jpg,IMG/right_2026_08_30_19_26_17_102.jpg,-0.3018372,1.0,0.0,30.1671
IMG/center_2026_08_31_16_53_05_754.jpg,IMG/left_2026_08_31_16_53_05_754.jpg,IMG/right_2026_08_31_16_53_05_754.jpg,1.0,0.0,0.0,0.002028827
IMG/center_2026_08_31_16_54_31_067.jpg,IMG/left_2026_08_31_16_54_31_067.jpg,IMG/right_2026_08_31_16_54_31_067.jpg,-0.2272296,1.0,0.0,30.17647
IMG/center_2026_08_31_16_53_32_764.jpg,IMG/left_2026_08_31_16_53_32_764.jpg,IMG/right_2026_08_31_16_53_32_764.jpg,0.0,1.0,0.0,30.19009
IMG/center_2026_08_31_16_53_26_646.jpg,IMG/left_2026_08_31_16_53_26_646.jpg,IMG/right_2026_08_31_16_53_26_646.jpg,-0.04911252,1.0,0.0,29.93349
IMG\center_2026_08_31_21_52_26_591.jpg,IMG\left_2026_08_31_21_52_26_591.jpg,IMG\right_2026_08_31_21_52_26_591.jpg,0.0,1.0,0.0,30.18697
IMG/center_2026_08_31_16_55_38_539.jpg,IMG/left_2026_08_31_16_55_38_539.jpg,IMG/right_2026_08_31_16_55_38_539.jpg,0.6079117,1.0,0.0,30.15482
IMG/center_2026_08_30_19_25_34_359.jpg,IMG/left_2026_08_30_19_25_34_359.jpg,IMG/right_2026_08_30_19_25_34_359.jpg,-0.2383227,1.0,0.0,30.17911
IMG/center_2026_08_31_16_54_08_970.jpg,IMG/left_2026_08_31_16_54_08_970.jpg,IMG/right_2026_08_31_16_54_08_970.jpg,0.0,1.0,0.0,30.1906
IMG/center_2026_08_30_19_28_07_656.jpg,IMG/left_2026_08_30_19_28_07_656.jpg,IMG/right_2026_08_30_19_28_07_656.jpg,0.0,1.0,0.0,30.19023
IMG/center_2026_08_31_16_53_37_552.jpg,IMG/left_2026_08_31_16_53_37_552.jpg,IMG/right_2026_08_31_16_53_37_552.jpg,0.3394287,1.0,0.0,30.18982
IMG/center_2026_08_30_19_25_35_706.jpg,IMG/left_2026_08_30_19_25_35_706.jpg,IMG/right_2026_08_30_19_25_35_706.jpg,-0.1046016,1.0,0.0,30.1886
IMG/center_2026_08_30_19_28_17_910.jpg,IMG/left_2026_08_30_19_28_17_910.jpg,IMG/right_2026_08_30_19_28_17_910.jpg,-0.3555681,1.0,0.0,1.490727
IMG/center_2026_08_31_16_54_55_815.jpg,IMG/left_2026_08_31_16_54_55_815.jpg,IMG/right_2026_08_31_16_54_55_815.jpg,0.8410804,1.0,0.0,30.1715
IMG/center_2026_08_31_16_53_40_454.jpg,IMG/left_2026_08_31_16_53_40_454.jpg,IMG/right_2026_08_31_16_53_40_454.jpg,0.3241803,1.0,0.0,30.16389
IMG/center_2026_08_31_16_55_05_409.jpg,IMG/left_2026_08_31_16_55_05_409.jpg,IMG/right_2026_08_31_16_55_05_409.jpg,0.6849471,1.0,0.0,30.20617
IMG/center_2026_08_30_19_24_41_324.jpg,IMG/left_2026_08_30_19_24_41_324.jpg,IMG/right_2026_08_30_19_24_41_324.jpg,-0.2582628,1.0,0.0,30.17411
IMG/center_2026_08_30_19_24_48_720.jpg,IMG/left_2026_08_30_19_24_48_720.jpg,IMG/right_2026_08_30_19_24_48_720.jpg,0.0,1.0,0.0,30.19003
IMG/center_2026_08_30_19_28_05_578.jpg,IMG/left_2026_08_30_19_28_05_578.jpg,IMG/right_2026_08_30_19_28_05_578.jpg,-0.1290453,1.0,0.0,30.19071
IMG/center_2026_08_31_16_54_22_113.jpg,IMG/left_2026_08_31_16_54_22_113.jpg,IMG/right_2026_08_31_16_54_22_113.jpg,0.7293117,1.0,0.0,30.18891
IMG/center_2026_08_30_19_27_45_059.jpg,IMG/left_2026_08_30_19_27_45_059.jpg,IMG/right_2026_08_30_19_27_45_059.jpg,0.0,1.0,0.0,30.18984
IMG/center_2026_08_30_19_28_05_682.jpg,IMG/left_2026_08_30_19_28_05_682.jpg,IMG/right_2026_08_30_19_28_05_682.jpg,0.0,1.0,0.0,30.18949
IMG/center_2026_08_30_19_25_33_328.jpg,IMG/left_2026_08_30_19_25_33_328.jpg,IMG/right_2026_08_30_19_25_33_328.jpg,-0.455694,1.0,0.0,30.1486
IMG/center_2026_08_31_16_54_13_291.jpg,IMG/left_2026_08_31_16_54_13_291.jpg,IMG/right_2026_08_31_16_54_13_291.jpg,0.0,1.0,0.0,30.19029
IMG/center_2026_08_30_19_24_12_582.jpg,IMG/left_2026_08_30_19_24_12_582.jpg,IMG/right_2026_08_30_19_24_12_582.jpg,-0.0145458,1.0,0.0,30.18935
IMG/center_2026_08_30_19_25_53_582.jpg,IMG/left_2026_08_30_19_25_53_582.jpg,IMG/right_2026_08_30_19_25_53_582.jpg,-0.1620012,1.0,0.0,30.18352
IMG/center_2026_08_31_16_53_32_871.jpg,IMG/left_2026_08_31_16_53_32_871.jpg,IMG/right_2026_08_31_16_53_32_871.jpg,0.0,1.0,0.0,30.19085
IMG/center_2026_08_31_16_52_45_061.jpg,IMG/left_2026_08_31_16_52_45_061.jpg,IMG/right_2026_08_31_16_52_45_061.jpg,0.0,1.0,0.0,30.19358
IMG/center_2026_08_30_19_26_23_312.jpg,IMG/left_2026_08_30_19_26_23_312.jpg,IMG/right_2026_08_30_19_26_23_312.jpg,0.0,1.0,0.0,30.19031
IMG/center_2026_08_30_19_26_36_727.jpg,IMG/left_2026_08_30_19_26_36_727.jpg,IMG/right_2026_08_30_19_26_36_727.jpg,-0.3775455,1.0,0.0,30.18213
IMG/center_2026_08_30_19_28_23_399.jpg,IMG/left_2026_08_30_19_28_23_399.jpg,IMG/right_2026_08_30_19_28_23_399.jpg,-1.0,1.0,0.0,0.001186231
IMG/center_2026_08_30_19_25_10_848.jpg,IMG/left_2026_08_30_19_25_10_848.jpg,IMG/right_2026_08_30_19_25_10_848.jpg,-0.1086711,1.0,0.0,30.18703
IMG/center_2026_08_30_19_26_38_276.jpg,IMG/left_2026_08_30_19_26_38_276.jpg,IMG/right_2026_08_30_19_26_38_276.jpg,-0.3669228,1.0,0.0,30.16182
IMG/center_2026_08_31_16_54_01_639.jpg,IMG/left_2026_08_31_16_54_01_639.jpg,IMG/right_2026_08_31_16_54_01_639.jpg,-1.0,1.0,0.0,30.0861
IMG/center_2026_08_31_16_53_35_058.jpg,IMG/left_2026_08_31_16_53_35_058.jpg,IMG/right_2026_08_31_16_53_35_058.jpg,0.0,1.0,0.0,30.18995
IMG/center_2026_08_30_19_24_24_626.jpg,IMG/left_2026_08_30_19_24_24_626.jpg,IMG/right_2026_08_30_19_24_24_626.jpg,0.0,1.0,0.0,30.19013
IMG/center_2026_08_31_16_54_50_705.jpg,IMG/left_2026_08_31_16_54_50_705.jpg,IMG/right_2026_08_31_16_54_50_705.jpg,-0.2647716,1.0,0.0,30.44938
IMG\center_2026_08_31_22_01_02_844.jpg,IMG\left_2026_08_31_22_01_02_844.jpg,IMG\right_2026_08_31_22_01_02_844.jpg,0.0,1.0,0.0,30.19029
IMG/center_2026_08_31_16_54_54_445.jpg,IMG/left_2026_08_31_16_54_54_445.jpg,IMG/right_2026_08_31_16_54_54_445.jpg,0.0,1.0,0.0,30.1903
IMG/center_2026_08_30_19_27_11_005.jpg,IMG/left_2026_08_30_19_27_11_005.jpg,IMG/right_2026_08_30_19_27_11_005.jpg,0.13989,1.0,0.0,30.18543
IMG/center_2026_08_30_19_26_05_788.jpg,IMG/left_2026_08_30_19_26_05_788.jpg,IMG/right_2026_08_30_19_26_05_788.jpg,0.0,1.0,0.0,30.19028
IMG/center_2026_08_30_19_28_02_794.jpg,IMG/left_2026_08_30_19_28_02_794.jpg,IMG/right_2026_08_30_19_28_02_794.jpg,0.0,1.0,0.0,30.19001
IMG/center_2026_08_30_19_25_32_706.jpg,IMG/left_2026_08_30_19_25_32_706.jpg,IMG/right_2026_08_30_19_25_32_706.jpg,-0.196257,1.0,0.0,30.18159
IMG/center_2026_08_31_16_54_32_099.jpg,IMG/left_2026_08_31_16_54_32_099.jpg,IMG/right_2026_08_31_16_54_32_099.jpg,0.0,1.0,0.0,30.1903
IMG\center_2026_08_31_21_55_26_328.jpg,IMG\left_2026_08_31_21_55_26_328.jpg,IMG\right_2026_08_31_21_55_26_328.jpg,0.0,1.0,0.0,30.19031
IMG/center_2026_08_30_19_26_37_037.jpg,IMG/left_2026_08_30_19_26_37_037.jpg,IMG/right_2026_08_30_19_26_37_037.jpg,-0.5288439,1.0,0.0,30.14543
IMG\center_2026_08_31_22_00_50_457.jpg,IMG\left_2026_08_31_22_00_50_457.jpg,IMG\right_2026_08_31_22_00_50_457.jpg,0.0,1.0,0.0,30.19031
IMG/center_2026_08_30_19_25_12_927.jpg,IMG/left_2026_08_30_19_25_12_927.jpg,IMG/right_2026_08_30_19_25_12_927.jpg,0.0,1.0,0.0,30.19006
IMG/center_2026_08_31_16_54_51_421.jpg,IMG/left_2026_08_31_16_54_51_421.jpg,IMG/right_2026_08_31_16_54_51_421.jpg,0.0,1.0,0.0,30.1869
IMG/center_2026_08_31_16_53_59_260.jpg,IMG/left_2026_08_31_16_53_59_260.jpg,IMG/right_2026_08_31_16_53_59_260.jpg,-0.2349927,1.0,0.0,30.19166
IMG/center_2026_08_31_16_53_29_739.jpg,IMG/left_2026_08_31_16_53_29_739.jpg,IMG/right_2026_08_31_16_53_29_739.jpg,-0.1261104,1.0,0.0,30.18641
IMG/center_2026_08_30_19_28_10_876.jpg,IMG/left_2026_08_30_19_28_10_876.jpg,IMG/right_2026_08_30_19_28_10_876.jpg,-0.1301895,1.0,0.0,30.18952
IMG\center_2026_08_31_21_51_02_773.jpg,IMG\left_2026_08_31_21_51_02_773.jpg,IMG\right_2026_08_31_21_51_02_773.jpg,0.0,1.0,0.0,30.18984
IMG/center_2026_08_30_19_27_29_126.jpg,IMG/left_2026_08_30_19_27_29_126.jpg,IMG/right_2026_08_30_19_27_29_126.jpg,0.0,1.0,0.0,30.18981
IMG/center_2026_08_30_19_25_25_677.jpg,IMG/left_2026_08_30_19_25_25_677.jpg,IMG/right_2026_08_30_19_25_25_677.jpg,0.3221439,1.0,0.0,30.16806
IMG/center_2026_08_30_19_26_16_277.jpg,IMG/left_2026_08_30_19_26_16_277.jpg,IMG/right_2026_08_30_19_26_16_277.jpg,-0.2421624,1.0,0.0,30.1765
IMG/center_2026_08_30_19_27_38_536.jpg,IMG/left_2026_08_30_19_27_38_536.jpg,IMG/right_2026_08_30_19_27_38_536.jpg,-0.2924034,1.0,0.0,30.17881
IMG/center_2026_08_30_19_24_47_993.jpg,IMG/left_2026_08_30_19_24_47_993.jpg,IMG/right_2026_08_30_19_24_47_993.jpg,-0.2245758,1.0,0.0,30.17764
IMG/center_2026_08_30_19_24_15_575.jpg,IMG/left_2026_08_30_19_24_15_575.jpg,IMG/right_2026_08_30_19_24_15_575.jpg,-0.1789266,1.0,0.0,30.18204
IMG/center_2026_08_30_19_27_54_385.jpg,IMG/left_2026_08_30_19_27_54_385.jpg,IMG/right_2026_08_30_19_27_54_385.jpg,0.2753472,1.0,0.0,30.17093
IMG/center_2026_08_31_16_53_58_636.jpg,IMG/left_2026_08_31_16_53_58_636.jpg,IMG/right_2026_08_31_16_53_58_636.jpg,0.0,1.0,0.0,30.19082
IMG/center_2026_08_30_19_27_20_243.jpg,IMG/left_2026_08_30_19_27_20_243.jpg,IMG/right_2026_08_30_19_27_20_243.jpg,0.0,1.0,0.0,30.1902
IMG/center_2026_08_31_16_55_42_770.jpg,IMG/left_2026_08_31_16_55_42_770.jpg,IMG/right_2026_08_31_16_55_42_770.jpg,-1.0,1.0,0.0,17.67281
IMG/center_2026_08_31_16_53_07_098.jpg,IMG/left_2026_08_31_16_53_07_098.jpg,IMG/right_2026_08_31_16_53_07_098.jpg,-0.3814893,0.0,0.0,0.00124494
IMG/center_2026_08_31_16_55_36_054.jpg,IMG/left_2026_08_31_16_55_36_054.jpg,IMG/right_2026_08_31_16_55_36_054.jpg,-0.3456261,1.0,0.0,19.21981
IMG/center_2026_08_31_16_55_04_995.jpg,IMG/left_2026_08_31_16_55_04_995.jpg,IMG/right_2026_08_31_16_55_04_995.jpg,0.3007155,1.0,0.0,30.15372
IMG/center_2026_08_31_16_54_03_516.jpg,IMG/left_2026_08_31_16_54_03_516.jpg,IMG/right_2026_08_31_16_54_03_516.jpg,0.0,1.0,0.0,30.19023
IMG\center_2026_08_31_21_50_59_885.jpg,IMG\left_2026_08_31_21_50_59_885.jpg,IMG\right_2026_08_31_21_50_59_885.jpg,0.0,1.0,0.0,30.1849
IMG/center_2026_08_30_19_25_18_702.jpg,IMG/left_2026_08_30_19_25_18_702.jpg,IMG/right_2026_08_30_19_25_18_702.jpg,0.0,1.0,0.0,30.19034
IMG/center_2026_08_31_16_53_22_829.jpg,IMG/left_2026_08_31_16_53_22_829.jpg,IMG/right_2026_08_31_16_53_22_829.jpg,0.0,0.0,0.0,7.861463e-05
IMG/center_2026_08_30_19_24_50_069.jpg,IMG/left_2026_08_30_19_24_50_069.jpg,IMG/right_2026_08_30_19_24_50_069.jpg,-0.1236187,1.0,0.0,30.19161
IMG\center_2026_08_31_21_56_43_941.jpg,IMG\left_2026_08_31_21_56_43_941.jpg,IMG\right_2026_08_31_21_56_43_941.jpg,-0.4199895,1.0,0.0,30.15134
IMG\center_2026_08_31_21_59_37_037.jpg,IMG\left_2026_08_31_21_59_37_037.jpg,IMG\right_2026_08_31_21_59_37_037.jpg,0.0,1.0,0.0,30.1903
IMG/center_2026_08_30_19_26_13_572.jpg,IMG/left_2026_08_30_19_26_13_572.jpg,IMG/right_2026_08_30_19_26_13_572.jpg,0.0,1.0,0.0,30.19009
IMG/center_2026_08_30_19_26_20_197.jpg,IMG/left_2026_08_30_19_26_20_197.jpg,IMG/right_2026_08_30_19_26_20_197.jpg,-0.2343201,1.0,0.0,30.17686
IMG/center_2026_08_31_16_54_51_941.jpg,IMG/left_2026_08_31_16_54_51_941.jpg,IMG/right_2026_08_31_16_54_51_941.jpg,0.0,1.0,0.0,30.19029
IMG/center_2026_08_30_19_28_02_378.jpg,IMG/left_2026_08_30_19_28_02_378.jpg,IMG/right_2026_08_30_19_28_02_378.jpg,0.0,1.0,0.0,30.1903
IMG/center_2026_08_31_16_55_11_514.jpg,IMG/left_2026_08_31_16_55_11_514.jpg,IMG/right_2026_08_31_16_55_11_514.jpg,0.0,1.0,0.0,4.525272
IMG/center_2026_08_30_19_27_09_750.jpg,IMG/left_2026_08_30_19_27_09_750.jpg,IMG/right_2026_08_30_19_27_09_750.jpg,-0.1437081,1.0,0.0,30.18443
IMG/center_2026_08_31_16_54_10_202.jpg,IMG/left_2026_08_31_16_54_10_202.jpg,IMG/right_2026_08_31_16_54_10_202.jpg,-0.339806,1.0,0.0,30.2061
IMG/center_2026_08_31_16_53_49_003.jpg,IMG/left_2026_08_31_16_53_49_003.jpg,IMG/right_2026_08_31_16_53_49_003.jpg,-0.2239137,1.0,0.0,30.19879
IMG/center_2026_08_31_16_55_04_374.jpg,IMG/left_2026_08_31_16_55_04_374.jpg,IMG/right_2026_08_31_16_55_04_374.jpg,-0.5458835,1.0,0.0,30.13599
IMG/center_2026_08_31_16_53_37_344.jpg,IMG/left_2026_08_31_16_53_37_344.jpg,IMG/right_2026_08_31_16_53_37_344.jpg,0.194391,1.0,0.0,30.18007
IMG/center_2026_08_30_19_25_14_307.jpg,IMG/left_2026_08_30_19_25_14_307.jpg,IMG/right_2026_08_30_19_25_14_307.jpg,-0.0516651,1.0,0.0,30.18863
IMG/center_2026_08_31_16_54_19_484.jpg,IMG/left_2026_08_31_16_54_19_484.jpg,IMG/right_2026_08_31_16_54_19_484.jpg,0.0,1.0,0.0,30.18967
IMG/center_2026_08_31_16_53_35_576.jpg,IMG/left_2026_08_31_16_53_35_576.jpg,IMG/right_2026_08_31_16_53_35_576.jpg,-0.4619034,1.0,0.0,30.18011
IMG/center_2026_08_31_16_53_29_636.jpg,IMG/left_2026_08_31_16_53_29_636.jpg,IMG/right_2026_08_31_16_53_29_636.jpg,0.0,1.0,0.0,30.1909
IMG/center_2026_08_30_19_26_17_309.jpg,IMG/left_2026_08_30_19_26_17_309.jpg,IMG/right_2026_08_30_19_26_17_309.jpg,0.0,1.0,0.0,30.19015
IMG/center_2026_08_31_16_53_43_585.jpg,IMG/left_2026_08_31_16_53_43_585.jpg,IMG/right_2026_08_31_16_53_43_585.jpg,-0.8372989,1.0,0.0,30.14044
IMG\center_2026_08_31_22_01_06_873.jpg,IMG\left_2026_08_31_22_01_06_873.jpg,IMG\right_2026_08_31_22_01_06_873.jpg,-0.02666944,1.0,0.0,30.14668
IMG/center_2026_08_30_19_25_25_142.jpg,IMG/left_2026_08_30_19_25_25_142.jpg,IMG/right_2026_08_30_19_25_25_142.jpg,0.0780267,1.0,0.0,30.18917
IMG/center_2026_08_30_19_24_58_724.jpg,IMG/left_2026_08_30_19_24_58_724.jpg,IMG/right_2026_08_30_19_24_58_724.jpg,0.0,1.0,0.0,30.1903
IMG/center_2026_08_31_16_54_34_347.jpg,IMG/left_2026_08_31_16_54_34_347.jpg,IMG/right_2026_08_31_16_54_34_347.jpg,-0.6656929,1.0,0.0,30.11404
IMG\center_2026_08_31_21_51_02_254.jpg,IMG\left_2026_08_31_21_51_02_254.jpg,IMG\right_2026_08_31_21_51_02_254.jpg,0.0,1.0,0.0,30.19026
IMG/center_2026_08_30_19_27_41_030.jpg,IMG/left_2026_08_30_19_27_41_030.jpg,IMG/right_2026_08_30_19_27_41_030.jpg,-0.3348582,1.0,0.0,30.17863
IMG/center_2026_08_31_16_55_12_043.jpg,IMG/left_2026_08_31_16_55_12_043.jpg,IMG/right_2026_08_31_16_55_12_043.jpg,0.0,1.0,0.0,10.4308
IMG/center_2026_08_31_16_54_43_432.jpg,IMG/left_2026_08_31_16_54_43_432.jpg,IMG/right_2026_08_31_16_54_43_432.jpg,0.1448589,1.0,0.0,30.19542
IMG/center_2026_08_31_16_54_02_575.jpg,IMG/left_2026_08_31_16_54_02_575.jpg,IMG/right_2026_08_31_16_54_02_575.jpg,0.0,1.0,0.0,30.19021
IMG/center_2026_08_30_19_27_15_958.jpg,IMG/left_2026_08_30_19_27_15_958.jpg,IMG/right_2026_08_30_19_27_15_958.jpg,0.0,1.0,0.0,30.19044
IMG/center_2026_08_31_16_53_05_235.jpg,IMG/left_2026_08_31_16_53_05_235.jpg,IMG/right_2026_08_31_16_53_05_235.jpg,0.20792,0.0,0.0,0.001078113
IMG/center_2026_08_30_19_28_10_770.jpg,IMG/left_2026_08_30_19_28_10_770.jpg,IMG/right_2026_08_30_19_28_10_770.jpg,-0.0622938,1.0,0.0,30.18945
IMG\center_2026_08_31_21_51_01_428.jpg,IMG\left_2026_08_31_21_51_01_428.jpg,IMG\right_2026_08_31_21_51_01_428.jpg,-0.3210633,1.0,0.0,30.17618
IMG/center_2026_08_30_19_25_25_356.jpg,IMG/left_2026_08_30_19_25_25_356.jpg,IMG/right_2026_08_30_19_25_25_356.jpg,0.1279548,1.0,0.0,30.1925
IMG/center_2026_08_30_19_26_02_866.jpg,IMG/left_2026_08_30_19_26_02_866.jpg,IMG/right_2026_08_30_19_26_02_866.jpg,0.0,1.0,0.0,30.1903
IMG/center_2026_08_31_16_54_51_014.jpg,IMG/left_2026_08_31_16_54_51_014.jpg,IMG/right_2026_08_31_16_54_51_014.jpg,-1.0,1.0,0.0,30.09177
IMG/center_2026_08_30_19_25_30_657.jpg,IMG/left_2026_08_30_19_25_30_657.jpg,IMG/right_2026_08_30_19_25_30_657.jpg,-0.0525813,1.0,0.0,30.18974
IMG/center_2026_08_30_19_27_28_399.jpg,IMG/left_2026_08_30_19_27_28_399.jpg,IMG/right_2026_08_30_19_27_28_399.jpg,-0.1935936,1.0,0.0,30.18006
IMG\center_2026_08_31_21_55_22_307.jpg,IMG\left_2026_08_31_21_55_22_307.jpg,IMG\right_2026_08_31_21_55_22_307.jpg,0.0,1.0,0.0,30.19036
IMG/center_2026_08_30_19_28_04_131.jpg,IMG/left_2026_08_30_19_28_04_131.jpg,IMG/right_2026_08_30_19_28_04_131.jpg,0.0,1.0,0.0,30.19028
IMG/center_2026_08_31_16_53_59_673.jpg,IMG/left_2026_08_31_16_53_59_673.jpg,IMG/right_2026_08_31_16_53_59_673.jpg,0.0,1.0,0.0,30.18981
IMG\center_2026_08_31_21_51_02_981.jpg,IMG\left_2026_08_31_21_51_02_981.jpg,IMG\right_2026_08_31_21_51_02_981.jpg,0.0,1.0,0.0,30.19031
IMG/center_2026_08_30_19_27_36_894.jpg,IMG/left_2026_08_30_19_27_36_894.jpg,IMG/right_2026_08_30_19_27_36_894.jpg,-0.2681016,1.0,0.0,30.18085
IMG/center_2026_08_30_19_24_20_039.jpg,IMG/left_2026_08_30_19_24_20_039.jpg,IMG/right_2026_08_30_19_24_20_039.jpg,-0.1604751,1.0,0.0,30.18853
IMG\center_2026_08_31_21_58_11_503.jpg,IMG\left_2026_08_31_21_58_11_503.jpg,IMG\right_2026_08_31_21_58_11_503.jpg,-0.1644642,1.0,0.0,30.18196
IMG/center_2026_08_31_16_55_25_840.jpg,IMG/left_2026_08_31_16_55_25_840.jpg,IMG/right_2026_08_31_16_55_25_840.jpg,0.0,1.0,0.0,30.19073
IMG/center_2026_08_30_19_25_52_935.jpg,IMG/left_2026_08_30_19_25_52_935.jpg,IMG/right_2026_08_30_19_25_52_935.jpg,0.0,1.0,0.0,30.18978
IMG/center_2026_08_31_16_54_29_520.jpg,IMG/left_2026_08_31_16_54_29_520.jpg,IMG/right_2026_08_31_16_54_29_520.jpg,0.0,1.0,0.0,30.20053
IMG/center_2026_08_30_19_27_56_255.jpg,IMG/left_2026_08_30_19_27_56_255.jpg,IMG/right_2026_08_30_19_27_56_255.jpg,-0.1741503,1.0,0.0,30.18129
IMG/center_2026_08_30_19_26_04_739.jpg,IMG/left_2026_08_30_19_26_04_739.jpg,IMG/right_2026_08_30_19_26_04_739.jpg,-0.08217658,1.0,0.0,30.19034
IMG/center_2026_08_30_19_26_48_866.jpg,IMG/left_2026_08_30_19_26_48_866.jpg,IMG/right_2026_08_30_19_26_48_866.jpg,0.2234343,1.0,0.0,30.1745
IMG\center_2026_08_31_21_58_15_440.jpg,IMG\left_2026_08_31_21_58_15_440.jpg,IMG\right_2026_08_31_21_58_15_440.jpg,0.2567436,1.0,0.0,30.18113
IMG/center_2026_08_31_16_55_38_331.jpg,IMG/left_2026_08_31_16_55_38_331.jpg,IMG/right_2026_08_31_16_55_38_331.jpg,0.3134499,1.0,0.0,30.16034
IMG\center_2026_08_31_21_51_09_172.jpg,IMG\left_2026_08_31_21_51_09_172.jpg,IMG\right_2026_08_31_21_51_09_172.jpg,-0.2952567,1.0,0.0,30.16552
IMG/center_2026_08_31_16_53_00_056.jpg,IMG/left_2026_08_31_16_53_00_056.jpg,IMG/right_2026_08_31_16_53_00_056.jpg,-1.0,0.9928837,0.0,9.487617
IMG/center_2026_08_30_19_28_19_471.jpg,IMG/left_2026_08_30_19_28_19_471.jpg,IMG/right_2026_08_30_19_28_19_471.jpg,0.2611386,0.0,0.2892747,0.01945433
IMG/center_2026_08_30_19_26_02_135.jpg,IMG/left_2026_08_30_19_26_02_135.jpg,IMG/right_2026_08_30_19_26_02_135.jpg,0.0,1.0,0.0,30.19029
IMG/center_2026_08_30_19_28_18_223.jpg,IMG/left_2026_08_30_19_28_18_223.jpg,IMG/right_2026_08_30_19_28_18_223.jpg,-0.4918848,1.0,0.0,0.3843351
IMG/center_2026_08_30_19_26_59_612.jpg,IMG/left_2026_08_30_19_26_59_612.jpg,IMG/right_2026_08_30_19_26_59_612.jpg,-0.2010129,1.0,0.0,30.18968
IMG/center_2026_08_30_19_25_23_172.jpg,IMG/left_2026_08_30_19_25_23_172.jpg,IMG/right_2026_08_30_19_25_23_172.jpg,0.411064,1.0,0.0,30.15326
IMG/center_2026_08_30_19_27_17_840.jpg,IMG/left_2026_08_30_19_27_17_840.jpg,IMG/right_2026_08_30_19_27_17_840.jpg,0.0,1.0,0.0,30.1903
IMG\center_2026_08_31_21_51_09_071.jpg,IMG\left_2026_08_31_21_51_09_071.jpg,IMG\right_2026_08_31_21_51_09_071.jpg,-0.1092789,1.0,0.0,30.31917
IMG/center_2026_08_31_16_55_48_674.jpg,IMG/left_2026_08_31_16_55_48_674.jpg,IMG/right_2026_08_31_16_55_48_674.jpg,0.8636433,1.0,0.0,0.01593382
IMG/center_2026_08_30_19_26_38_176.jpg,IMG/left_2026_08_30_19_26_38_176.jpg,IMG/right_2026_08_30_19_26_38_176.jpg,-0.0658167,1.0,0.0,30.19043
IMG/center_2026_08_30_19_25_08_775.jpg,IMG/left_2026_08_30_19_25_08_775.jpg,IMG/right_2026_08_30_19_25_08_775.jpg,0.0,1.0,0.0,30.0631
IMG/center_2026_08_30_19_28_17_495.jpg,IMG/left_2026_08_30_19_28_17_495.jpg,IMG/right_2026_08_30_19_28_17_495.jpg,0.0,1.0,0.0,21.71798
IMG/center_2026_08_31_16_55_30_809.jpg,IMG/left_2026_08_31_16_55_30_809.jpg,IMG/right_2026_08_31_16_55_30_809.jpg,-0.2731443,1.0,0.0,30.17141
IMG/center_2026_08_31_16_54_27_542.jpg,IMG/left_2026_08_31_16_54_27_542.jpg,IMG/right_2026_08_31_16_54_27_542.jpg,0.1861467,1.0,0.0,30.18049
IMG/center_2026_08_31_16_53_31_409.jpg,IMG/left_2026_08_31_16_53_31_409.jpg,IMG/right_2026_08_31_16_53_31_409.jpg,-0.6292155,1.0,0.0,30.12521
IMG/center_2026_08_30_19_24_14_646.jpg,IMG/left_2026_08_30_19_24_14_646.jpg,IMG/right_2026_08_30_19_24_14_646.jpg,-0.2762895,1.0,0.0,30.17112
IMG/center_2026_08_31_16_55_42_871.jpg,IMG/left_2026_08_31_16_55_42_871.jpg,IMG/right_2026_08_31_16_55_42_871.jpg,-1.0,1.0,0.0,18.7604
IMG/center_2026_08_31_16_55_23_245.jpg,IMG/left_2026_08_31_16_55_23_245.jpg,IMG/right_2026_08_31_16_55_23_245.jpg,-1.0,1.0,0.0,30.07847
IMG/center_2026_08_31_16_52_37_834.jpg,IMG/left_2026_08_31_16_52_37_834.jpg,IMG/right_2026_08_31_16_52_37_834.jpg,0.0,0.0,0.0,7.898246e-05
IMG/center_2026_08_30_19_27_31_327.jpg,IMG/left_2026_08_30_19_27_31_327.jpg,IMG/right_2026_08_30_19_27_31_327.jpg,0.0,1.0,0.0,30.19012
IMG/center_2026_08_30_19_25_59_829.jpg,IMG/left_2026_08_30_19_25_59_829.jpg,IMG/right_2026_08_30_19_25_59_829.jpg,0.0,1.0,0.0,30.19029
IMG/center_2026_08_30_19_28_05_473.jpg,IMG/left_2026_08_30_19_28_05_473.jpg,IMG/right_2026_08_30_19_28_05_473.jpg,-0.257505,1.0,0.0,30.17307
IMG/center_2026_08_30_19_28_23_090.jpg,IMG/left_2026_08_30_19_28_23_090.jpg,IMG/right_2026_08_30_19_28_23_090.jpg,-0.9049201,1.0,0.0,0.02351181
IMG/center_2026_08_31_16_55_42_464.jpg,IMG/left_2026_08_31_16_55_42_464.jpg,IMG/right_2026_08_31_16_55_42_464.jpg,-1.0,1.0,0.0,17.07396
IMG\center_2026_08_31_22_01_06_562.jpg,IMG\left_2026_08_31_22_01_06_562.jpg,IMG\right_2026_08_31_22_01_06_562.jpg,-0.3346035,1.0,0.0,30.16644
IMG/center_2026_08_30_19_27_04_725.jpg,IMG/left_2026_08_30_19_27_04_725.jpg,IMG/right_2026_08_30_19_27_04_725.jpg,0.0,1.0,0.0,30.18908
IMG/center_2026_08_31_16_54_16_792.jpg,IMG/left_2026_08_31_16_54_16_792.jpg,IMG/right_2026_08_31_16_54_16_792.jpg,-0.9341431,1.0,0.0,30.09463
IMG/center_2026_08_30_19_28_24_520.jpg,IMG/left_2026_08_30_19_28_24_520.jpg,IMG/right_2026_08_30_19_28_24_520.jpg,0.0,0.0,0.0,0.002101014
IMG/center_2026_08_31_16_55_17_167.jpg,IMG/left_2026_08_31_16_55_17_167.jpg,IMG/right_2026_08_31_16_55_17_167.jpg,-0.6403444,1.0,0.0,30.12269
IMG/center_2026_08_30_19_24_44_886.jpg,IMG/left_2026_08_30_19_24_44_886.jpg,IMG/right_2026_08_30_19_24_44_886.jpg,-0.242928,1.0,0.0,30.17534
IMG\center_2026_08_31_21_51_02_670.jpg,IMG\left_2026_08_31_21_51_02_670.jpg,IMG\right_2026_08_31_21_51_02_670.jpg,0.0,1.0,0.0,30.1857
IMG/center_2026_08_30_19_25_41_331.jpg,IMG/left_2026_08_30_19_25_41_331.jpg,IMG/right_2026_08_30_19_25_41_331.jpg,0.0,1.0,0.0,30.18964
IMG\center_2026_08_31_21_51_01_012.jpg,IMG\left_2026_08_31_21_51_01_012.jpg,IMG\right_2026_08_31_21_51_01_012.jpg,0.0,1.0,0.0,30.19148
IMG/center_2026_08_31_16_53_37_136.jpg,IMG/left_2026_08_31_16_53_37_136.jpg,IMG/right_2026_08_31_16_53_37_136.jpg,0.0,1.0,0.0,30.18807
IMG/center_2026_08_31_16_54_27_750.jpg,IMG/left_2026_08_31_16_54_27_750.jpg,IMG/right_2026_08_31_16_54_27_750.jpg,0.4438467,1.0,0.0,30.18016
IMG/center_2026_08_30_19_26_19_578.jpg,IMG/left_2026_08_30_19_26_19_578.jpg,IMG/right_2026_08_30_19_26_19_578.jpg,-0.1493343,1.0,0.0,30.18468
IMG/center_2026_08_31_16_52_41_018.jpg,IMG/left_2026_08_31_16_52_41_018.jpg,IMG/right_2026_08_31_16_52_41_018.jpg,0.0,1.0,0.0,14.08669
IMG\center_2026_08_31_21_51_01_946.jpg,IMG\left_2026_08_31_21_51_01_946.jpg,IMG\right_2026_08_31_21_51_01_946.jpg,-0.2731366,1.0,0.0,30.17749
IMG/center_2026_08_31_16_55_26_463.jpg,IMG/left_2026_08_31_16_55_26_463.jpg,IMG/right_2026_08_31_16_55_26_463.jpg,0.2967165,1.0,0.0,30.15441
IMG/center_2026_08_30_19_26_30_355.jpg,IMG/left_2026_08_30_19_26_30_355.jpg,IMG/right_2026_08_30_19_26_30_355.jpg,0.0,1.0,0.0,30.18997
IMG/center_2026_08_30_19_27_25_794.jpg,IMG/left_2026_08_30_19_27_25_794.jpg,IMG/right_2026_08_30_19_27_25_794.jpg,0.0,1.0,0.0,30.19034
IMG\center_2026_08_31_21_56_49_539.jpg,IMG\left_2026_08_31_21_56_49_539.jpg,IMG\right_2026_08_31_21_56_49_539.jpg,0.0,1.0,0.0,30.18997
IMG/center_2026_08_30_19_28_01_751.jpg,IMG/left_2026_08_30_19_28_01_751.jpg,IMG/right_2026_08_30_19_28_01_751.jpg,-0.3078075,1.0,0.0,30.16726
IMG\center_2026_08_31_21_59_32_583.jpg,IMG\left_2026_08_31_21_59_32_583.jpg,IMG\right_2026_08_31_21_59_32_583.jpg,0.1012758,1.0,0.0,30.18852
IMG\center_2026_08_31_21_58_02_701.jpg,IMG\left_2026_08_31_21_58_02_701.jpg,IMG\right_2026_08_31_21_58_02_701.jpg,0.0,1.0,0.0,30.19033
IMG/center_2026_08_31_16_54_31_789.jpg,IMG/left_2026_08_31_16_54_31_789.jpg,IMG/right_2026_08_31_16_54_31_789.jpg,0.0,1.0,0.0,30.1903
IMG/center_2026_08_31_16_52_38_556.jpg,IMG/left_2026_08_31_16_52_38_556.jpg,IMG/right_2026_08_31_16_52_38_556.jpg,0.0,0.0,0.0,7.816831e-05
IMG/center_2026_08_31_16_55_18_844.jpg,IMG/left_2026_08_31_16_55_18_844.jpg,IMG/right_2026_08_31_16_55_18_844.jpg,-0.0872331,1.0,0.0,30.18575
IMG/center_2026_08_30_19_28_00_207.jpg,IMG/left_2026_08_30_19_28_00_207.jpg,IMG/right_2026_08_30_19_28_00_207.jpg,0.0,1.0,0.0,30.19036
IMG/center_2026_08_31_16_55_21_046.jpg,IMG/left_2026_08_31_16_55_21_046.jpg,IMG/right_2026_08_31_16_55_21_046.jpg,0.0,1.0,0.0,30.18947
IMG\center_2026_08_31_21_55_26_941.jpg,IMG\left_2026_08_31_21_55_26_941.jpg,IMG\right_2026_08_31_21_55_26_941.jpg,0.0,1.0,0.0,30.19029
IMG/center_2026_08_31_16_53_50_678.jpg,IMG/left_2026_08_31_16_53_50_678.jpg,IMG/right_2026_08_31_16_53_50_678.jpg,0.0,1.0,0.0,30.1243
IMG/center_2026_08_30_19_25_46_141.jpg,IMG/left_2026_08_30_19_25_46_141.jpg,IMG/right_2026_08_30_19_25_46_141.jpg,-0.1709301,1.0,0.0,30.18204
IMG/center_2026_08_31_16_54_30_135.jpg,IMG/left_2026_08_31_16_54_30_135.jpg,IMG/right_2026_08_31_16_54_30_135.jpg,-0.424128,1.0,0.0,30.15181
IMG/center_2026_08_31_16_54_56_758.jpg,IMG/left_2026_08_31_16_54_56_758.jpg,IMG/right_2026_08_31_16_54_56_758.jpg,-0.5289258,1.0,0.0,30.14275
IMG/center_2026_08_30_19_27_36_285.jpg,IMG/left_2026_08_30_19_27_36_285.jpg,IMG/right_2026_08_30_19_27_36_285.jpg,0.0,1.0,0.0,30.19006
IMG/center_2026_08_31_16_55_08_411.jpg,IMG/left_2026_08_31_16_55_08_411.jpg,IMG/right_2026_08_31_16_55_08_411.jpg,0.0,0.0,1.0,4.407603
IMG/center_2026_08_30_19_24_34_008.jpg,IMG/left_2026_08_30_19_24_34_008.jpg,IMG/right_2026_08_30_19_24_34_008.jpg,0.0,1.0,0.0,30.19029
IMG\center_2026_08_31_21_50_58_234.jpg,IMG\left_2026_08_31_21_50_58_234.jpg,IMG\right_2026_08_31_21_50_58_234.jpg,0.0,1.0,0.0,30.18995
IMG/center_2026_08_31_16_53_43_276.jpg,IMG/left_2026_08_31_16_53_43_276.jpg,IMG/right_2026_08_31_16_53_43_276.jpg,-0.3492603,1.0,0.0,30.1609
IMG/center_2026_08_31_16_54_14_838.jpg,IMG/left_2026_08_31_16_54_14_838.jpg,IMG/right_2026_08_31_16_54_14_838.jpg,0.1741982,1.0,0.0,30.19391
IMG\center_2026_08_31_21_56_48_716.jpg,IMG\left_2026_08_31_21_56_48_716.jpg,IMG\right_2026_08_31_21_56_48_716.jpg,-0.5349357,1.0,0.0,30.13709
IMG/center_2026_08_31_16_54_09_479.jpg,IMG/left_2026_08_31_16_54_09_479.jpg,IMG/right_2026_08_31_16_54_09_479.jpg,0.0,1.0,0.0,30.18901
IMG/center_2026_08_31_16_53_44_518.jpg,IMG/left_2026_08_31_16_53_44_518.jpg,IMG/right_2026_08_31_16_53_44_518.jpg,0.7144239,1.0,0.0,30.12463
IMG/center_2026_08_31_16_54_14_020.jpg,IMG/left_2026_08_31_16_54_14_020.jpg,IMG/right_2026_08_31_16_54_14_020.jpg,-0.6297045,1.0,0.0,30.14699
IMG/center_2026_08_30_19_27_23_805.jpg,IMG/left_2026_08_30_19_27_23_805.jpg,IMG/right_2026_08_30_19_27_23_805.jpg,-0.1119225,1.0,0.0,30.18695
IMG/center_2026_08_30_19_28_22_989.jpg,IMG/left_2026_08_30_19_28_22_989.jpg,IMG/right_2026_08_30_19_28_22_989.jpg,-0.6197025,0.8654793,0.0,0.03110778
IMG/center_2026_08_31_16_55_08_728.jpg,IMG/left_2026_08_31_16_55_08_728.jpg,IMG/right_2026_08_31_16_55_08_728.jpg,0.0,0.0,1.0,3.186854
IMG/center_2026_08_30_19_25_01_936.jpg,IMG/left_2026_08_30_19_25_01_936.jpg,IMG/right_2026_08_30_19_25_01_936.jpg,0.0,1.0,0.0,30.18948
IMG/center_2026_08_30_19_28_17_804.jpg,IMG/left_2026_08_30_19_28_17_804.jpg,IMG/right_2026_08_30_19_28_17_804.jpg,-0.2352852,1.0,0.0,2.073439
IMG/center_2026_08_30_19_27_01_987.jpg,IMG/left_2026_08_30_19_27_01_987.jpg,IMG/right_2026_08_30_19_27_01_987.jpg,-0.3062694,1.0,0.0,30.18374
IMG\center_2026_08_31_21_58_15_545.jpg,IMG\left_2026_08_31_21_58_15_545.jpg,IMG\right_2026_08_31_21_58_15_545.jpg,0.0,1.0,0.0,30.18817
IMG/center_2026_08_30_19_26_31_289.jpg,IMG/left_2026_08_30_19_26_31_289.jpg,IMG/right_2026_08_30_19_26_31_289.jpg,0.0,1.0,0.0,30.18995
IMG/center_2026_08_30_19_24_39_238.jpg,IMG/left_2026_08_30_19_24_39_238.jpg,IMG/right_2026_08_30_19_24_39_238.jpg,0.0,1.0,0.0,30.19031
IMG/center_2026_08_30_19_27_01_478.jpg,IMG/left_2026_08_30_19_27_01_478.jpg,IMG/right_2026_08_30_19_27_01_478.jpg,-0.415713,1.0,0.0,30.1527
IMG\center_2026_08_31_22_01_03_468.jpg,IMG\left_2026_08_31_22_01_03_468.jpg,IMG\right_2026_08_31_22_01_03_468.jpg,0.0,1.0,0.0,30.19033
IMG/center_2026_08_30_19_24_55_221.jpg,IMG/left_2026_08_30_19_24_55_221.jpg,IMG/right_2026_08_30_19_24_55_221.jpg,-0.2232324,1.0,0.0,30.17657
IMG/center_2026_08_30_19_24_26_799.jpg,IMG/left_2026_08_30_19_24_26_799.jpg,IMG/right_2026_08_30_19_24_26_799.jpg,0.0,1.0,0.0,30.1903
IMG/center_2026_08_30_19_28_06_207.jpg,IMG/left_2026_08_30_19_28_06_207.jpg,IMG/right_2026_08_30_19_28_06_207.jpg,-0.1095012,1.0,0.0,30.1904
IMG/center_2026_08_30_19_26_36_310.jpg,IMG/left_2026_08_30_19_26_36_310.jpg,IMG/right_2026_08_30_19_26_36_310.jpg,-0.2481444,1.0,0.0,30.18934
IMG/center_2026_08_30_19_24_33_274.jpg,IMG/left_2026_08_30_19_24_33_274.jpg,IMG/right_2026_08_30_19_24_33_274.jpg,0.0,1.0,0.0,30.19031
IMG/center_2026_08_30_19_25_43_115.jpg,IMG/left_2026_08_30_19_25_43_115.jpg,IMG/right_2026_08_30_19_25_43_115.jpg,0.0,1.0,0.0,30.1899
IMG/center_2026_08_30_19_25_19_639.jpg,IMG/left_2026_08_30_19_25_19_639.jpg,IMG/right_2026_08_30_19_25_19_639.jpg,0.0,1.0,0.0,30.19032
IMG\center_2026_08_31_21_50_55_960.jpg,IMG\left_2026_08_31_21_50_55_960.jpg,IMG\right_2026_08_31_21_50_55_960.jpg,-0.8460456,1.0,0.0,24.04313
IMG/center_2026_08_31_16_55_49_820.jpg,IMG/left_2026_08_31_16_55_49_820.jpg,IMG/right_2026_08_31_16_55_49_820.jpg,0.0,0.0,1.0,0.004801722
IMG/center_2026_08_31_16_52_54_133.jpg,IMG/left_2026_08_31_16_52_54_133.jpg,IMG/right_2026_08_31_16_52_54_133.jpg,0.0,1.0,0.0,30.18949
IMG/center_2026_08_30_19_24_56_046.jpg,IMG/left_2026_08_30_19_24_56_046.jpg,IMG/right_2026_08_30_19_24_56_046.jpg,0.0,1.0,0.0,30.19029
IMG\center_2026_08_31_21_58_06_242.jpg,IMG\left_2026_08_31_21_58_06_242.jpg,IMG\right_2026_08_31_21_58_06_242.jpg,-0.3574761,1.0,0.0,30.17009
IMG/center_2026_08_31_16_52_53_506.jpg,IMG/left_2026_08_31_16_52_53_506.jpg,IMG/right_2026_08_31_16_52_53_506.jpg,0.0907398,1.0,0.0,30.18827
IMG/center_2026_08_31_16_54_12_465.jpg,IMG/left_2026_08_31_16_54_12_465.jpg,IMG/right_2026_08_31_16_54_12_465.jpg,0.0,1.0,0.0,30.18912
IMG/center_2026_08_30_19_26_54_354.jpg,IMG/left_2026_08_30_19_26_54_354.jpg,IMG/right_2026_08_30_19_26_54_354.jpg,0.0,1.0,0.0,30.19027
IMG/center_2026_08_30_19_24_47_682.jpg,IMG/left_2026_08_30_19_24_47_682.jpg,IMG/right_2026_08_30_19_24_47_682.jpg,0.0,1.0,0.0,30.18985
IMG/center_2026_08_31_16_53_49_840.jpg,IMG/left_2026_08_31_16_53_49_840.jpg,IMG/right_2026_08_31_16_53_49_840.jpg,0.1700161,1.0,0.0,30.19229
IMG\center_2026_08_31_22_00_53_943.jpg,IMG\left_2026_08_31_22_00_53_943.jpg,IMG\right_2026_08_31_22_00_53_943.jpg,-0.6480529,1.0,0.0,30.12315
IMG/center_2026_08_31_16_55_11_827.jpg,IMG/left_2026_08_31_16_55_11_827.jpg,IMG/right_2026_08_31_16_55_11_827.jpg,0.0,1.0,0.0,7.968857
IMG/center_2026_08_31_16_55_20_310.jpg,IMG/left_2026_08_31_16_55_20_310.jpg,IMG/right_2026_08_31_16_55_20_310.jpg,0.5142321,1.0,0.0,30.1411
IMG/center_2026_08_30_19_26_43_586.jpg,IMG/left_2026_08_30_19_26_43_586.jpg,IMG/right_2026_08_30_19_26_43_586.jpg,0.0,1.0,0.0,30.19029
IMG\center_2026_08_31_21_51_13_307.jpg,IMG\left_2026_08_31_21_51_13_307.jpg,IMG\right_2026_08_31_21_51_13_307.jpg,0.0,0.0,0.0,27.2388
IMG/center_2026_08_30_19_24_43_735.jpg,IMG/left_2026_08_30_19_24_43_735.jpg,IMG/right_2026_08_30_19_24_43_735.jpg,-0.1065162,1.0,0.0,30.18922
IMG/center_2026_08_30_19_27_30_375.jpg,IMG/left_2026_08_30_19_27_30_375.jpg,IMG/right_2026_08_30_19_27_30_375.jpg,-0.09334289,1.0,0.0,30.19018
IMG/center_2026_08_30_19_27_38_434.jpg,IMG/left_2026_08_30_19_27_38_434.jpg,IMG/right_2026_08_30_19_27_38_434.jpg,-0.16947,1.0,0.0,30.18262
IMG/center_2026_08_30_19_27_45_267.jpg,IMG/left_2026_08_30_19_27_45_267.jpg,IMG/right_2026_08_30_19_27_45_267.jpg,0.0,1.0,0.0,30.19007
IMG/center_2026_08_30_19_24_29_284.jpg,IMG/left_2026_08_30_19_24_29_284.jpg,IMG/right_2026_08_30_19_24_29_284.jpg,-0.2213072,1.0,0.0,30.1844
IMG\center_2026_08_31_22_01_05_222.jpg,IMG\left_2026_08_31_22_01_05_222.jpg,IMG\right_2026_08_31_22_01_05_222.jpg,0.3736899,1.0,0.0,30.16493
IMG/center_2026_08_30_19_28_24_420.jpg,IMG/left_2026_08_30_19_28_24_420.jpg,IMG/right_2026_08_30_19_28_24_420.jpg,0.0,0.0,0.0,0.00380317
IMG\center_2026_08_31_21_56_52_641.jpg,IMG\left_2026_08_31_21_56_52_641.jpg,IMG\right_2026_08_31_21_56_52_641.jpg,-0.1491282,1.0,0.0,30.18404
IMG/center_2026_08_31_16_52_54_963.jpg,IMG/left_2026_08_31_16_52_54_963.jpg,IMG/right_2026_08_31_16_52_54_963.jpg,0.0,1.0,0.0,30.18411
IMG/center_2026_08_30_19_26_32_965.jpg,IMG/left_2026_08_30_19_26_32_965.jpg,IMG/right_2026_08_30_19_26_32_965.jpg,-0.1753422,1.0,0.0,30.18883
IMG/center_2026_08_31_16_55_34_519.jpg,IMG/left_2026_08_31_16_55_34_519.jpg,IMG/right_2026_08_31_16_55_34_519.jpg,1.0,1.0,0.0,11.18324
IMG\center_2026_08_31_21_58_18_332.jpg,IMG\left_2026_08_31_21_58_18_332.jpg,IMG\right_2026_08_31_21_58_18_332.jpg,-0.3613098,1.0,0.0,30.16363
IMG/center_2026_08_30_19_25_48_841.jpg,IMG/left_2026_08_30_19_25_48_841.jpg,IMG/right_2026_08_30_19_25_48_841.jpg,0.0,1.0,0.0,30.19027
IMG/center_2026_08_30_19_26_05_052.jpg,IMG/left_2026_08_30_19_26_05_052.jpg,IMG/right_2026_08_30_19_26_05_052.jpg,0.0,1.0,0.0,30.19028
IMG/center_2026_08_30_19_26_03_389.jpg,IMG/left_2026_08_30_19_26_03_389.jpg,IMG/right_2026_08_30_19_26_03_389.jpg,0.0,1.0,0.0,30.19022
IMG\center_2026_08_31_21_55_21_163.jpg,IMG\left_2026_08_31_21_55_21_163.jpg,IMG\right_2026_08_31_21_55_21_163.jpg,0.0,1.0,0.0,30.14531
IMG\center_2026_08_31_21_52_20_500.jpg,IMG\left_2026_08_31_21_52_20_500.jpg,IMG\right_2026_08_31_21_52_20_500.jpg,0.0,1.0,0.0,30.19028
IMG\center_2026_08_31_22_01_03_157.jpg,IMG\left_2026_08_31_22_01_03_157.jpg,IMG\right_2026_08_31_22_01_03_157.jpg,0.0,1.0,0.0,30.19029
IMG/center_2026_08_30_19_24_46_440.jpg,IMG/left_2026_08_30_19_24_46_440.jpg,IMG/right_2026_08_30_19_24_46_440.jpg,0.0,1.0,0.0,30.18927
IMG\center_2026_08_31_21_52_25_033.jpg,IMG\left_2026_08_31_21_52_25_033.jpg,IMG\right_2026_08_31_21_52_25_033.jpg,-0.161824,1.0,0.0,30.19422
IMG/center_2026_08_31_16_55_30_916.jpg,IMG/left_2026_08_31_16_55_30_916.jpg,IMG/right_2026_08_31_16_55_30_916.jpg,-0.4497909,1.0,0.0,30.15557
IMG/center_2026_08_31_16_54_07_016.jpg,IMG/left_2026_08_31_16_54_07_016.jpg,IMG/right_2026_08_31_16_54_07_016.jpg,-0.9436815,1.0,0.0,30.09443
IMG/center_2026_08_30_19_27_48_159.jpg,IMG/left_2026_08_30_19_27_48_159.jpg,IMG/right_2026_08_30_19_27_48_159.jpg,0.0,1.0,0.0,30.18993
IMG/center_2026_08_31_16_54_52_257.jpg,IMG/left_2026_08_31_16_54_52_257.jpg,IMG/right_2026_08_31_16_54_52_257.jpg,-0.632798,1.0,0.0,30.12344
IMG/center_2026_08_30_19_24_35_997.jpg,IMG/left_2026_08_30_19_24_35_997.jpg,IMG/right_2026_08_30_19_24_35_997.jpg,0.0,1.0,0.0,30.19031
IMG/center_2026_08_30_19_26_07_675.jpg,IMG/left_2026_08_30_19_26_07_675.jpg,IMG/right_2026_08_30_19_26_07_675.jpg,0.0,1.0,0.0,30.19028
IMG/center_2026_08_30_19_25_19_329.jpg,IMG/left_2026_08_30_19_25_19_329.jpg,IMG/right_2026_08_30_19_25_19_329.jpg,0.0,1.0,0.0,30.1903
IMG/center_2026_08_30_19_24_30_873.jpg,IMG/left_2026_08_30_19_24_30_873.jpg,IMG/right_2026_08_30_19_24_30_873.jpg,0.0,1.0,0.0,30.1903
IMG/center_2026_08_30_19_25_08_987.jpg,IMG/left_2026_08_30_19_25_08_987.jpg,IMG/right_2026_08_30_19_25_08_987.jpg,-0.0677508,1.0,0.0,30.06511
IMG/center_2026_08_30_19_27_42_796.jpg,IMG/left_2026_08_30_19_27_42_796.jpg,IMG/right_2026_08_30_19_27_42_796.jpg,0.0,1.0,0.0,30.19002
IMG/center_2026_08_31_16_53_50_261.jpg,IMG/left_2026_08_31_16_53_50_261.jpg,IMG/right_2026_08_31_16_53_50_261.jpg,0.3829956,1.0,0.0,30.2907
IMG/center_2026_08_30_19_26_00_148.jpg,IMG/left_2026_08_30_19_26_00_148.jpg,IMG/right_2026_08_30_19_26_00_148.jpg,-0.03010081,1.0,0.0,30.19017
IMG\center_2026_08_31_21_58_14_720.jpg,IMG\left_2026_08_31_21_58_14_720.jpg,IMG\right_2026_08_31_21_58_14_720.jpg,-0.2000487,1.0,0.0,30.18887
IMG/center_2026_08_30_19_26_35_471.jpg,IMG/left_2026_08_30_19_26_35_471.jpg,IMG/right_2026_08_30_19_26_35_471.jpg,-0.2154915,1.0,0.0,30.18412
IMG/center_2026_08_31_16_55_42_360.jpg,IMG/left_2026_08_31_16_55_42_360.jpg,IMG/right_2026_08_31_16_55_42_360.jpg,-1.0,1.0,0.0,16.87357
IMG/center_2026_08_30_19_25_43_334.jpg,IMG/left_2026_08_30_19_25_43_334.jpg,IMG/right_2026_08_30_19_25_43_334.jpg,-0.2551809,1.0,0.0,30.17451
IMG/center_2026_08_31_16_54_18_656.jpg,IMG/left_2026_08_31_16_54_18_656.jpg,IMG/right_2026_08_31_16_54_18_656.jpg,0.0,1.0,0.0,30.18975
IMG/center_2026_08_30_19_28_22_160.jpg,IMG/left_2026_08_30_19_28_22_160.jpg,IMG/right_2026_08_30_19_28_22_160.jpg,0.1671768,0.0,0.1879053,0.02508514
IMG/center_2026_08_30_19_24_56_974.jpg,IMG/left_2026_08_30_19_24_56_974.jpg,IMG/right_2026_08_30_19_24_56_974.jpg,-0.1239645,1.0,0.0,30.18909
IMG/center_2026_08_31_16_53_52_444.jpg,IMG/left_2026_08_31_16_53_52_444.jpg,IMG/right_2026_08_31_16_53_52_444.jpg,0.0,1.0,0.0,30.19005
IMG/center_2026_08_30_19_25_38_087.jpg,IMG/left_2026_08_30_19_25_38_087.jpg,IMG/right_2026_08_30_19_25_38_087.jpg,-0.2771103,1.0,0.0,30.17235
IMG/center_2026_08_30_19_25_20_053.jpg,IMG/left_2026_08_30_19_25_20_053.jpg,IMG/right_2026_08_30_19_25_20_053.jpg,0.0,1.0,0.0,30.1903
IMG/center_2026_08_31_16_54_36_001.jpg,IMG/left_2026_08_31_16_54_36_001.jpg,IMG/right_2026_08_31_16_54_36_001.jpg,0.6646619,1.0,0.0,30.18534
IMG/center_2026_08_31_16_54_56_232.jpg,IMG/left_2026_08_31_16_54_56_232.jpg,IMG/right_2026_08_31_16_54_56_232.jpg,-0.4379265,1.0,0.0,30.13654
IMG\center_2026_08_31_21_52_24_422.jpg,IMG\left_2026_08_31_21_52_24_422.jpg,IMG\right_2026_08_31_21_52_24_422.jpg,-0.2039184,1.0,0.0,30.19098
IMG\center_2026_08_31_21_52_33_606.jpg,IMG\left_2026_08_31_21_52_33_606.jpg,IMG\right_2026_08_31_21_52_33_606.jpg,0.0,1.0,0.0,30.1897
IMG/center_2026_08_30_19_26_58_371.jpg,IMG/left_2026_08_30_19_26_58_371.jpg,IMG/right_2026_08_30_19_26_58_371.jpg,-0.4726464,1.0,0.0,30.17345
IMG/center_2026_08_31_16_54_06_192.jpg,IMG/left_2026_08_31_16_54_06_192.jpg,IMG/right_2026_08_31_16_54_06_192.jpg,-0.05377571,1.0,0.0,30.19046
IMG/center_2026_08_30_19_27_17_100.jpg,IMG/left_2026_08_30_19_27_17_100.jpg,IMG/right_2026_08_30_19_27_17_100.jpg,-0.2001612,1.0,0.0,30.17982
IMG/center_2026_08_31_16_54_56_023.jpg,IMG/left_2026_08_31_16_54_56_023.jpg,IMG/right_2026_08_31_16_54_56_023.jpg,0.238506,1.0,0.0,30.20248
IMG/center_2026_08_30_19_26_56_315.jpg,IMG/left_2026_08_30_19_26_56_315.jpg,IMG/right_2026_08_30_19_26_56_315.jpg,-0.09849092,1.0,0.0,30.19206
IMG/center_2026_08_30_19_27_21_905.jpg,IMG/left_2026_08_30_19_27_21_905.jpg,IMG/right_2026_08_30_19_27_21_905.jpg,0.0,1.0,0.0,30.1904
IMG/center_2026_08_30_19_27_29_229.jpg,IMG/left_2026_08_30_19_27_29_229.jpg,IMG/right_2026_08_30_19_27_29_229.jpg,0.0,1.0,0.0,30.19015
IMG/center_2026_08_31_16_53_35_473.jpg,IMG/left_2026_08_31_16_53_35_473.jpg,IMG/right_2026_08_31_16_53_35_473.jpg,-0.5842881,1.0,0.0,30.12955
IMG/center_2026_08_30_19_28_19_053.jpg,IMG/left_2026_08_30_19_28_19_053.jpg,IMG/right_2026_08_30_19_28_19_053.jpg,-0.8398933,0.9391639,0.0,0.02251192
IMG\center_2026_08_31_21_56_41_654.jpg,IMG\left_2026_08_31_21_56_41_654.jpg,IMG\right_2026_08_31_21_56_41_654.jpg,0.0,1.0,0.0,30.19033
IMG\center_2026_08_31_21_56_52_747.jpg,IMG\left_2026_08_31_21_56_52_747.jpg,IMG\right_2026_08_31_21_56_52_747.jpg,-0.1742265,1.0,0.0,30.1877
IMG\center_2026_08_31_21_52_32_272.jpg,IMG\left_2026_08_31_21_52_32_272.jpg,IMG\right_2026_08_31_21_52_32_272.jpg,-0.3440286,1.0,0.0,30.17292
IMG/center_2026_08_31_16_54_05_777.jpg,IMG/left_2026_08_31_16_54_05_777.jpg,IMG/right_2026_08_31_16_54_05_777.jpg,-0.040335,1.0,0.0,30.19201
IMG/center_2026_08_30_19_25_13_565.jpg,IMG/left_2026_08_30_19_25_13_565.jpg,IMG/right_2026_08_30_19_25_13_565.jpg,-0.1628532,1.0,0.0,30.18651
IMG/center_2026_08_31_16_55_33_176.jpg,IMG/left_2026_08_31_16_55_33_176.jpg,IMG/right_2026_08_31_16_55_33_176.jpg,1.0,1.0,0.0,30.04594
IMG/center_2026_08_30_19_26_53_540.jpg,IMG/left_2026_08_30_19_26_53_540.jpg,IMG/right_2026_08_30_19_26_53_540.jpg,0.0,1.0,0.0,30.19029
IMG/center_2026_08_30_19_24_36_511.jpg,IMG/left_2026_08_30_19_24_36_511.jpg,IMG/right_2026_08_30_19_24_36_511.jpg,0.0,1.0,0.0,30.1903
IMG/center_2026_08_30_19_27_08_809.jpg,IMG/left_2026_08_30_19_27_08_809.jpg,IMG/right_2026_08_30_19_27_08_809.jpg,0.0,1.0,0.0,30.19037
IMG/center_2026_08_30_19_26_48_130.jpg,IMG/left_2026_08_30_19_26_48_130.jpg,IMG/right_2026_08_30_19_26_48_130.jpg,0.3076723,1.0,0.0,30.20152
IMG/center_2026_08_31_16_54_48_523.jpg,IMG/left_2026_08_31_16_54_48_523.jpg,IMG/right_2026_08_31_16_54_48_523.jpg,-0.4216664,1.0,0.0,30.15211
IMG/center_2026_08_30_19_28_12_016.jpg,IMG/left_2026_08_30_19_28_12_016.jpg,IMG/right_2026_08_30_19_28_12_016.jpg,-0.01709219,1.0,0.0,30.19039
IMG/center_2026_08_30_19_24_14_133.jpg,IMG/left_2026_08_30_19_24_14_133.jpg,IMG/right_2026_08_30_19_24_14_133.jpg,-0.3376766,1.0,0.0,30.16302
IMG/center_2026_08_30_19_24_40_479.jpg,IMG/left_2026_08_30_19_24_40_479.jpg,IMG/right_2026_08_30_19_24_40_479.jpg,0.0,1.0,0.0,30.19023
IMG\center_2026_08_31_21_52_19_988.jpg,IMG\left_2026_08_31_21_52_19_988.jpg,IMG\right_2026_08_31_21_52_19_988.jpg,-0.001254903,1.0,0.0,30.18938
IMG/center_2026_08_31_16_54_52_151.jpg,IMG/left_2026_08_31_16_54_52_151.jpg,IMG/right_2026_08_31_16_54_52_151.jpg,-0.3132582,1.0,0.0,30.16574
IMG/center_2026_08_30_19_25_57_437.jpg,IMG/left_2026_08_30_19_25_57_437.jpg,IMG/right_2026_08_30_19_25_57_437.jpg,0.0,1.0,0.0,30.1903
IMG/center_2026_08_30_19_25_04_835.jpg,IMG/left_2026_08_30_19_25_04_835.jpg,IMG/right_2026_08_30_19_25_04_835.jpg,0.0,1.0,0.0,30.18994
IMG/center_2026_08_30_19_24_41_843.jpg,IMG/left_2026_08_30_19_24_41_843.jpg,IMG/right_2026_08_30_19_24_41_843.jpg,0.0,1.0,0.0,30.19027
IMG/center_2026_08_30_19_25_29_933.jpg,IMG/left_2026_08_30_19_25_29_933.jpg,IMG/right_2026_08_30_19_25_29_933.jpg,-0.2272284,1.0,0.0,30.17791
IMG/center_2026_08_31_16_55_36_775.jpg,IMG/left_2026_08_31_16_55_36_775.jpg,IMG/right_2026_08_31_16_55_36_775.jpg,-0.6109775,1.0,0.0,25.10227
IMG/center_2026_08_30_19_25_31_888.jpg,IMG/left_2026_08_30_19_25_31_888.jpg,IMG/right_2026_08_30_19_25_31_888.jpg,-0.2183775,1.0,0.0,30.17773
IMG/center_2026_08_30_19_27_04_623.jpg,IMG/left_2026_08_30_19_27_04_623.jpg,IMG/right_2026_08_30_19_27_04_623.jpg,-0.2780868,1.0,0.0,30.17242
IMG/center_2026_08_30_19_25_24_201.jpg,IMG/left_2026_08_30_19_25_24_201.jpg,IMG/right_2026_08_30_19_25_24_201.jpg,0.1081737,1.0,0.0,30.19238
IMG/center_2026_08_30_19_24_32_223.jpg,IMG/left_2026_08_30_19_24_32_223.jpg,IMG/right_2026_08_30_19_24_32_223.jpg,0.0,1.0,0.0,30.1903
IMG/center_2026_08_30_19_24_19_937.jpg,IMG/left_2026_08_30_19_24_19_937.jpg,IMG/right_2026_08_30_19_24_19_937.jpg,-0.1617054,1.0,0.0,30.18364
IMG/center_2026_08_30_19_24_49_963.jpg,IMG/left_2026_08_30_19_24_49_963.jpg,IMG/right_2026_08_30_19_24_49_963.jpg,-0.2786427,1.0,0.0,30.17214
IMG/center_2026_08_31_16_53_24_680.jpg,IMG/left_2026_08_31_16_53_24_680.jpg,IMG/right_2026_08_31_16_53_24_680.jpg,-0.09867868,1.0,0.0,11.5733
IMG/center_2026_08_31_16_52_59_843.jpg,IMG/left_2026_08_31_16_52_59_843.jpg,IMG/right_2026_08_31_16_52_59_843.jpg,-1.0,0.3307833,0.0,13.29424
IMG/center_2026_08_30_19_27_39_668.jpg,IMG/left_2026_08_30_19_27_39_668.jpg,IMG/right_2026_08_30_19_27_39_668.jpg,-0.04201259,1.0,0.0,30.18996
IMG/center_2026_08_30_19_26_14_618.jpg,IMG/left_2026_08_30_19_26_14_618.jpg,IMG/right_2026_08_30_19_26_14_618.jpg,-0.2529732,1.0,0.0,30.17996
IMG/center_2026_08_30_19_27_35_254.jpg,IMG/left_2026_08_30_19_27_35_254.jpg,IMG/right_2026_08_30_19_27_35_254.jpg,-0.2551683,1.0,0.0,30.17342
IMG/center_2026_08_30_19_25_33_124.jpg,IMG/left_2026_08_30_19_25_33_124.jpg,IMG/right_2026_08_30_19_25_33_124.jpg,0.0,1.0,0.0,30.19011
IMG/center_2026_08_30_19_25_50_211.jpg,IMG/left_2026_08_30_19_25_50_211.jpg,IMG/right_2026_08_30_19_25_50_211.jpg,0.0,1.0,0.0,30.19031
IMG\center_2026_08_31_22_00_55_921.jpg,IMG\left_2026_08_31_22_00_55_921.jpg,IMG\right_2026_08_31_22_00_55_921.jpg,-0.2688444,1.0,0.0,30.19223
IMG\center_2026_08_31_21_50_59_574.jpg,IMG\left_2026_08_31_21_50_59_574.jpg,IMG\right_2026_08_31_21_50_59_574.jpg,-0.5122848,1.0,0.0,30.13891
IMG/center_2026_08_30_19_28_24_930.jpg,IMG/left_2026_08_30_19_28_24_930.jpg,IMG/right_2026_08_30_19_28_24_930.jpg,0.0,0.0,0.0,0.02869027
IMG/center_2026_08_31_16_55_32_357.jpg,IMG/left_2026_08_31_16_55_32_357.jpg,IMG/right_2026_08_31_16_55_32_357.jpg,-0.498399,1.0,0.0,30.14102
IMG\center_2026_08_31_21_52_27_312.jpg,IMG\left_2026_08_31_21_52_27_312.jpg,IMG\right_2026_08_31_21_52_27_312.jpg,0.0,1.0,0.0,30.19101
IMG/center_2026_08_30_19_25_05_555.jpg,IMG/left_2026_08_30_19_25_05_555.jpg,IMG/right_2026_08_30_19_25_05_555.jpg,0.0,1.0,0.0,30.18993
IMG/center_2026_08_30_19_25_15_565.jpg,IMG/left_2026_08_30_19_25_15_565.jpg,IMG/right_2026_08_30_19_25_15_565.jpg,-0.2481675,1.0,0.0,30.1769
IMG/center_2026_08_31_16_54_54_971.jpg,IMG/left_2026_08_31_16_54_54_971.jpg,IMG/right_2026_08_31_16_54_54_971.jpg,-0.5512221,1.0,0.0,30.18552
IMG/center_2026_08_30_19_24_42_368.jpg,IMG/left_2026_08_30_19_24_42_368.jpg,IMG/right_2026_08_30_19_24_42_368.jpg,0.0,1.0,0.0,30.19003
IMG/center_2026_08_30_19_27_46_501.jpg,IMG/left_2026_08_30_19_27_46_501.jpg,IMG/right_2026_08_30_19_27_46_501.jpg,0.0,1.0,0.0,30.19044
IMG\center_2026_08_31_22_01_00_073.jpg,IMG\left_2026_08_31_22_01_00_073.jpg,IMG\right_2026_08_31_22_01_00_073.jpg,-0.4352766,1.0,0.0,30.18192
IMG\center_2026_08_31_22_01_07_800.jpg,IMG\left_2026_08_31_22_01_07_800.jpg,IMG\right_2026_08_31_22_01_07_800.jpg,0.0,1.0,0.0,30.18998
IMG/center_2026_08_31_16_54_59_787.jpg,IMG/left_2026_08_31_16_54_59_787.jpg,IMG/right_2026_08_31_16_54_59_787.jpg,0.1242269,1.0,0.0,30.19337
IMG/center_2026_08_30_19_25_13_346.jpg,IMG/left_2026_08_30_19_25_13_346.jpg,IMG/right_2026_08_30_19_25_13_346.jpg,-0.2191716,1.0,0.0,30.19459
IMG/center_2026_08_30_19_24_49_240.jpg,IMG/left_2026_08_30_19_24_49_240.jpg,IMG/right_2026_08_30_19_24_49_240.jpg,0.0,1.0,0.0,30.19016
IMG/center_2026_08_30_19_27_44_438.jpg,IMG/left_2026_08_30_19_27_44_438.jpg,IMG/right_2026_08_30_19_27_44_438.jpg,-0.04684949,1.0,0.0,30.19034
IMG/center_2026_08_31_16_54_01_432.jpg,IMG/left_2026_08_31_16_54_01_432.jpg,IMG/right_2026_08_31_16_54_01_432.jpg,-0.4603296,1.0,0.0,30.14522
IMG/center_2026_08_31_16_55_54_595.jpg,IMG/left_2026_08_31_16_55_54_595.jpg,IMG/right_2026_08_31_16_55_54_595.jpg,0.0,0.0,0.0,0.000209477
IMG/center_2026_08_31_16_54_57_381.jpg,IMG/left_2026_08_31_16_54_57_381.jpg,IMG/right_2026_08_31_16_54_57_381.jpg,-0.1857602,1.0,0.0,30.19109
IMG\center_2026_08_31_22_01_01_303.jpg,IMG\left_2026_08_31_22_01_01_303.jpg,IMG\right_2026_08_31_22_01_01_303.jpg,-0.1879401,1.0,0.0,30.18805
IMG/center_2026_08_30_19_28_19_887.jpg,IMG/left_2026_08_30_19_28_19_887.jpg,IMG/right_2026_08_30_19_28_19_887.jpg,1.0,0.0,1.0,0.01011808
IMG/center_2026_08_30_19_28_08_586.jpg,IMG/left_2026_08_30_19_28_08_586.jpg,IMG/right_2026_08_30_19_28_08_586.jpg,0.0,1.0,0.0,30.19029
IMG/center_2026_08_31_16_54_02_472.jpg,IMG/left_2026_08_31_16_54_02_472.jpg,IMG/right_2026_08_31_16_54_02_472.jpg,0.0,1.0,0.0,30.19051
IMG/center_2026_08_30_19_27_07_768.jpg,IMG/left_2026_08_30_19_27_07_768.jpg,IMG/right_2026_08_30_19_27_07_768.jpg,-0.2295844,1.0,0.0,30.17685
IMG\center_2026_08_31_21_55_24_055.jpg,IMG\left_2026_08_31_21_55_24_055.jpg,IMG\right_2026_08_31_21_55_24_055.jpg,-0.0321264,1.0,0.0,30.19058
IMG/center_2026_08_31_16_54_04_133.jpg,IMG/left_2026_08_31_16_54_04_133.jpg,IMG/right_2026_08_31_16_54_04_133.jpg,0.0,1.0,0.0,30.19092
IMG/center_2026_08_31_16_54_22_626.jpg,IMG/left_2026_08_31_16_54_22_626.jpg,IMG/right_2026_08_31_16_54_22_626.jpg,-0.4467498,1.0,0.0,30.14421
IMG/center_2026_08_30_19_28_20_811.jpg,IMG/left_2026_08_30_19_28_20_811.jpg,IMG/right_2026_08_30_19_28_20_811.jpg,-1.0,1.0,0.0,0.01725993
IMG/center_2026_08_30_19_25_39_236.jpg,IMG/left_2026_08_30_19_25_39_236.jpg,IMG/right_2026_08_30_19_25_39_236.jpg,-0.3240246,1.0,0.0,30.16499
IMG\center_2026_08_31_21_51_10_833.jpg,IMG\left_2026_08_31_21_51_10_833.jpg,IMG\right_2026_08_31_21_51_10_833.jpg,0.0,1.0,0.0,30.18996
IMG/center_2026_08_31_16_55_26_875.jpg,IMG/left_2026_08_31_16_55_26_875.jpg,IMG/right_2026_08_31_16_55_26_875.jpg,0.8610976,1.0,0.0,30.16048
IMG/center_2026_08_31_16_54_44_997.jpg,IMG/left_2026_08_31_16_54_44_997.jpg,IMG/right_2026_08_31_16_54_44_997.jpg,-0.1042484,1.0,0.0,30.19231
IMG/center_2026_08_31_16_55_47_737.jpg,IMG/left_2026_08_31_16_55_47_737.jpg,IMG/right_2026_08_31_16_55_47_737.jpg,-1.0,1.0,0.0,9.517164
IMG\center_2026_08_31_21_51_08_448.jpg,IMG\left_2026_08_31_21_51_08_448.jpg,IMG\right_2026_08_31_21_51_08_448.jpg,0.0,1.0,0.0,30.19032
IMG/center_2026_08_30_19_25_24_613.jpg,IMG/left_2026_08_30_19_25_24_613.jpg,IMG/right_2026_08_30_19_25_24_613.jpg,0.5792424,1.0,0.0,30.16968
IMG/center_2026_08_31_16_55_18_944.jpg,IMG/left_2026_08_31_16_55_18_944.jpg,IMG/right_2026_08_31_16_55_18_944.jpg,-0.3783435,1.0,0.0,30.15567
IMG/center_2026_08_31_16_55_46_280.jpg,IMG/left_2026_08_31_16_55_46_280.jpg,IMG/right_2026_08_31_16_55_46_280.jpg,-0.6849871,1.0,0.0,30.15788
IMG/center_2026_08_30_19_24_12_683.jpg,IMG/left_2026_08_30_19_24_12_683.jpg,IMG/right_2026_08_30_19_24_12_683.jpg,0.0,1.0,0.0,30.19029
IMG/center_2026_08_30_19_28_22_570.jpg,IMG/left_2026_08_30_19_28_22_570.jpg,IMG/right_2026_08_30_19_28_22_570.jpg,0.7877619,0.0,0.7404672,0.006479146
IMG/center_2026_08_30_19_26_54_460.jpg,IMG/left_2026_08_30_19_26_54_460.jpg,IMG/right_2026_08_30_19_26_54_460.jpg,0.0,1.0,0.0,30.19029
IMG\center_2026_08_31_21_52_24_832.jpg,IMG\left_2026_08_31_21_52_24_832.jpg,IMG\right_2026_08_31_21_52_24_832.jpg,-0.4030188,1.0,0.0,30.1562
IMG\center_2026_08_31_21_52_21_856.jpg,IMG\left_2026_08_31_21_52_21_856.jpg,IMG\right_2026_08_31_21_52_21_856.jpg,-0.0841392,1.0,0.0,30.18905
IMG\center_2026_08_31_21_58_18_229.jpg,IMG\left_2026_08_31_21_58_18_229.jpg,IMG\right_2026_08_31_21_58_18_229.jpg,-0.05579371,1.0,0.0,30.18966
IMG/center_2026_08_31_16_54_42_076.jpg,IMG/left_2026_08_31_16_54_42_076.jpg,IMG/right_2026_08_31_16_54_42_076.jpg,-0.3299815,1.0,0.0,30.20801
IMG/center_2026_08_31_16_53_42_751.jpg,IMG/left_2026_08_31_16_53_42_751.jpg,IMG/right_2026_08_31_16_53_42_751.jpg,0.0972213,1.0,0.0,30.18804
IMG/center_2026_08_30_19_24_27_836.jpg,IMG/left_2026_08_30_19_24_27_836.jpg,IMG/right_2026_08_30_19_24_27_836.jpg,0.0,1.0,0.0,30.1903
IMG/center_2026_08_30_19_26_35_784.jpg,IMG/left_2026_08_30_19_26_35_784.jpg,IMG/right_2026_08_30_19_26_35_784.jpg,-0.1272114,1.0,0.0,30.18711
IMG/center_2026_08_30_19_25_16_199.jpg,IMG/left_2026_08_30_19_25_16_199.jpg,IMG/right_2026_08_30_19_25_16_199.jpg,-0.4122414,1.0,0.0,30.15887
IMG/center_2026_08_31_16_52_47_326.jpg,IMG/left_2026_08_31_16_52_47_326.jpg,IMG/right_2026_08_31_16_52_47_326.jpg,-1.0,1.0,0.0,27.57432
IMG/center_2026_08_30_19_27_21_072.jpg,IMG/left_2026_08_30_19_27_21_072.jpg,IMG/right_2026_08_30_19_27_21_072.jpg,0.0,1.0,0.0,30.19024
IMG\center_2026_08_31_22_01_07_388.jpg,IMG\left_2026_08_31_22_01_07_388.jpg,IMG\right_2026_08_31_22_01_07_388.jpg,-0.3570939,1.0,0.0,30.16023
IMG/center_2026_08_30_19_27_05_572.jpg,IMG/left_2026_08_30_19_27_05_572.jpg,IMG/right_2026_08_30_19_27_05_572.jpg,-0.3466278,1.0,0.0,30.16179
IMG/center_2026_08_30_19_26_12_330.jpg,IMG/left_2026_08_30_19_26_12_330.jpg,IMG/right_2026_08_30_19_26_12_330.jpg,-0.0507945,1.0,0.0,30.19019
IMG/center_2026_08_30_19_26_12_017.jpg,IMG/left_2026_08_30_19_26_12_017.jpg,IMG/right_2026_08_30_19_26_12_017.jpg,-0.2020182,1.0,0.0,30.18093
IMG/center_2026_08_31_16_55_04_060.jpg,IMG/left_2026_08_31_16_55_04_060.jpg,IMG/right_2026_08_31_16_55_04_060.jpg,0.0,1.0,0.0,30.1903
IMG/center_2026_08_31_16_55_39_774.jpg,IMG/left_2026_08_31_16_55_39_774.jpg,IMG/right_2026_08_31_16_55_39_774.jpg,-1.0,1.0,0.0,30.09837
IMG\center_2026_08_31_21_58_10_368.jpg,IMG\left_2026_08_31_21_58_10_368.jpg,IMG\right_2026_08_31_21_58_10_368.jpg,0.1389104,1.0,0.0,30.19134
IMG/center_2026_08_31_16_53_59_154.jpg,IMG/left_2026_08_31_16_53_59_154.jpg,IMG/right_2026_08_31_16_53_59_154.jpg,-0.5320998,1.0,0.0,30.13583
IMG/center_2026_08_30_19_24_59_448.jpg,IMG/left_2026_08_30_19_24_59_448.jpg,IMG/right_2026_08_30_19_24_59_448.jpg,0.0,1.0,0.0,30.19032
IMG/center_2026_08_31_16_54_00_499.jpg,IMG/left_2026_08_31_16_54_00_499.jpg,IMG/right_2026_08_31_16_54_00_499.jpg,0.1580541,1.0,0.0,30.18268
IMG/center_2026_08_31_16_53_29_430.jpg,IMG/left_2026_08_31_16_53_29_430.jpg,IMG/right_2026_08_31_16_53_29_430.jpg,0.0,1.0,0.0,30.19089
IMG/center_2026_08_30_19_24_56_151.jpg,IMG/left_2026_08_30_19_24_56_151.jpg,IMG/right_2026_08_30_19_24_56_151.jpg,0.0,1.0,0.0,30.1903
IMG\center_2026_08_31_21_58_03_016.jpg,IMG\left_2026_08_31_21_58_03_016.jpg,IMG\right_2026_08_31_21_58_03_016.jpg,-0.2052801,1.0,0.0,30.17901
IMG/center_2026_08_31_16_53_57_076.jpg,IMG/left_2026_08_31_16_53_57_076.jpg,IMG/right_2026_08_31_16_53_57_076.jpg,0.0,1.0,0.0,30.1903
IMG/center_2026_08_30_19_27_30_909.jpg,IMG/left_2026_08_30_19_27_30_909.jpg,IMG/right_2026_08_30_19_27_30_909.jpg,0.0,1.0,0.0,30.1901
IMG/center_2026_08_30_19_25_17_551.jpg,IMG/left_2026_08_30_19_25_17_551.jpg,IMG/right_2026_08_30_19_25_17_551.jpg,0.0,1.0,0.0,30.19029
IMG/center_2026_08_30_19_26_05_468.jpg,IMG/left_2026_08_30_19_26_05_468.jpg,IMG/right_2026_08_30_19_26_05_468.jpg,-0.09683309,1.0,0.0,30.18783
IMG/center_2026_08_31_16_52_56_949.jpg,IMG/left_2026_08_31_16_52_56_949.jpg,IMG/right_2026_08_31_16_52_56_949.jpg,0.0,0.9746197,0.0,30.18836
IMG/center_2026_08_31_16_52_50_364.jpg,IMG/left_2026_08_31_16_52_50_364.jpg,IMG/right_2026_08_31_16_52_50_364.jpg,0.0,1.0,0.0,30.19063
IMG/center_2026_08_30_19_25_14_094.jpg,IMG/left_2026_08_30_19_25_14_094.jpg,IMG/right_2026_08_30_19_25_14_094.jpg,-0.5551878,1.0,0.0,30.13821
IMG/center_2026_08_31_16_54_53_918.jpg,IMG/left_2026_08_31_16_54_53_918.jpg,IMG/right_2026_08_31_16_54_53_918.jpg,-0.650094,1.0,0.0,30.1208
IMG/center_2026_08_31_16_55_34_007.jpg,IMG/left_2026_08_31_16_55_34_007.jpg,IMG/right_2026_08_31_16_55_34_007.jpg,1.0,1.0,0.0,11.25983
IMG\center_2026_08_31_22_00_56_645.jpg,IMG\left_2026_08_31_22_00_56_645.jpg,IMG\right_2026_08_31_22_00_56_645.jpg,0.0,1.0,0.0,30.1888
IMG/center_2026_08_31_16_53_21_085.jpg,IMG/left_2026_08_31_16_53_21_085.jpg,IMG/right_2026_08_31_16_53_21_085.jpg,0.0,0.0,0.0,8.000462e-05
IMG/center_2026_08_30_19_26_03_177.jpg,IMG/left_2026_08_30_19_26_03_177.jpg,IMG/right_2026_08_30_19_26_03_177.jpg,-0.09232376,1.0,0.0,30.19031
IMG/center_2026_08_31_16_53_09_167.jpg,IMG/left_2026_08_31_16_53_09_167.jpg,IMG/right_2026_08_31_16_53_09_167.jpg,0.0,0.0,0.0,0.002080545
IMG\center_2026_08_31_22_01_08_002.jpg,IMG\left_2026_08_31_22_01_08_002.jpg,IMG\right_2026_08_31_22_01_08_002.jpg,0.0,1.0,0.0,30.19
IMG/center_2026_08_31_16_52_46_194.jpg,IMG/left_2026_08_31_16_52_46_194.jpg,IMG/right_2026_08_31_16_52_46_194.jpg,0.0,1.0,0.0,30.19825
IMG/center_2026_08_30_19_24_18_474.jpg,IMG/left_2026_08_30_19_24_18_474.jpg,IMG/right_2026_08_30_19_24_18_474.jpg,0.0,1.0,0.0,30.1903
IMG/center_2026_08_30_19_25_23_997.jpg,IMG/left_2026_08_30_19_25_23_997.jpg,IMG/right_2026_08_30_19_25_23_997.jpg,0.3060075,1.0,0.0,30.16844
IMG/center_2026_08_31_16_52_47_850.jpg,IMG/left_2026_08_31_16_52_47_850.jpg,IMG/right_2026_08_31_16_52_47_850.jpg,-0.21223,1.0,0.0,30.13283
IMG\center_2026_08_31_21_59_33_822.jpg,IMG\left_2026_08_31_21_59_33_822.jpg,IMG\right_2026_08_31_21_59_33_822.jpg,0.0,1.0,0.0,30.18967
IMG/center_2026_08_31_16_52_53_194.jpg,IMG/left_2026_08_31_16_52_53_194.jpg,IMG/right_2026_08_31_16_52_53_194.jpg,0.0,1.0,0.0,30.19031
IMG\center_2026_08_31_21_52_28_559.jpg,IMG\left_2026_08_31_21_52_28_559.jpg,IMG\right_2026_08_31_21_52_28_559.jpg,-0.2946097,1.0,0.0,30.18391
IMG/center_2026_08_31_16_55_33_590.jpg,IMG/left_2026_08_31_16_55_33_590.jpg,IMG/right_2026_08_31_16_55_33_590.jpg,1.0,1.0,0.0,19.54621
IMG/center_2026_08_30_19_26_03_595.jpg,IMG/left_2026_08_30_19_26_03_595.jpg,IMG/right_2026_08_30_19_26_03_595.jpg,0.0,1.0,0.0,30.19031
IMG/center_2026_08_30_19_26_25_486.jpg,IMG/left_2026_08_30_19_26_25_486.jpg,IMG/right_2026_08_30_19_26_25_486.jpg,0.0,1.0,0.0,30.18992
IMG/center_2026_08_30_19_26_48_556.jpg,IMG/left_2026_08_30_19_26_48_556.jpg,IMG/right_2026_08_30_19_26_48_556.jpg,-0.2561784,1.0,0.0,30.17187
IMG/center_2026_08_30_19_25_18_082.jpg,IMG/left_2026_08_30_19_25_18_082.jpg,IMG/right_2026_08_30_19_25_18_082.jpg,0.0,1.0,0.0,30.19032
IMG/center_2026_08_30_19_25_49_589.jpg,IMG/left_2026_08_30_19_25_49_589.jpg,IMG/right_2026_08_30_19_25_49_589.jpg,0.0,1.0,0.0,30.19031
IMG/center_2026_08_31_16_55_43_381.jpg,IMG/left_2026_08_31_16_55_43_381.jpg,IMG/right_2026_08_31_16_55_43_381.jpg,-0.4133469,1.0,0.0,24.39495
IMG/center_2026_08_30_19_26_46_268.jpg,IMG/left_2026_08_30_19_26_46_268.jpg,IMG/right_2026_08_30_19_26_46_268.jpg,0.1814565,1.0,0.0,30.19004
IMG/center_2026_08_31_16_55_26_774.jpg,IMG/left_2026_08_31_16_55_26_774.jpg,IMG/right_2026_08_31_16_55_26_774.jpg,1.0,1.0,0.0,30.09706
IMG/center_2026_08_31_16_55_12_890.jpg,IMG/left_2026_08_31_16_55_12_890.jpg,IMG/right_2026_08_31_16_55_12_890.jpg,0.4405842,1.0,0.0,19.46159
IMG/center_2026_08_30_19_26_53_846.jpg,IMG/left_2026_08_30_19_26_53_846.jpg,IMG/right_2026_08_30_19_26_53_846.jpg,0.0,1.0,0.0,30.19031
IMG\center_2026_08_31_21_52_24_013.jpg,IMG\left_2026_08_31_21_52_24_013.jpg,IMG\right_2026_08_31_21_52_24_013.jpg,0.0,1.0,0.0,30.18994
IMG/center_2026_08_30_19_27_43_417.jpg,IMG/left_2026_08_30_19_27_43_417.jpg,IMG/right_2026_08_30_19_27_43_417.jpg,-0.1663638,1.0,0.0,30.18152
IMG/center_2026_08_30_19_25_01_525.jpg,IMG/left_2026_08_30_19_25_01_525.jpg,IMG/right_2026_08_30_19_25_01_525.jpg,0.0,1.0,0.0,30.18996
IMG/center_2026_08_30_19_25_35_401.jpg,IMG/left_2026_08_30_19_25_35_401.jpg,IMG/right_2026_08_30_19_25_35_401.jpg,-0.2496858,1.0,0.0,30.18672
IMG\center_2026_08_31_21_58_12_440.jpg,IMG\left_2026_08_31_21_58_12_440.jpg,IMG\right_2026_08_31_21_58_12_440.jpg,-0.5919507,1.0,0.0,30.16762
IMG/center_2026_08_31_16_53_00_774.jpg,IMG/left_2026_08_31_16_53_00_774.jpg,IMG/right_2026_08_31_16_53_00_774.jpg,-1.0,0.8896336,0.0,0.09726558
IMG/center_2026_08_30_19_25_41_650.jpg,IMG/left_2026_08_30_19_25_41_650.jpg,IMG/right_2026_08_30_19_25_41_650.jpg,-0.1648887,1.0,0.0,30.18562
IMG/center_2026_08_30_19_26_48_023.jpg,IMG/left_2026_08_30_19_26_48_023.jpg,IMG/right_2026_08_30_19_26_48_023.jpg,0.6221728,1.0,0.0,30.15372
IMG/center_2026_08_31_16_54_18_038.jpg,IMG/left_2026_08_31_16_54_18_038.jpg,IMG/right_2026_08_31_16_54_18_038.jpg,0.1247089,1.0,0.0,30.19324
IMG/center_2026_08_31_16_54_20_838.jpg,IMG/left_2026_08_31_16_54_20_838.jpg,IMG/right_2026_08_31_16_54_20_838.jpg,-0.6390879,1.0,0.0,30.12297
IMG/center_2026_08_31_16_54_02_055.jpg,IMG/left_2026_08_31_16_54_02_055.jpg,IMG/right_2026_08_31_16_54_02_055.jpg,0.0,1.0,0.0,30.18711
IMG/center_2026_08_30_19_24_30_659.jpg,IMG/left_2026_08_30_19_24_30_659.jpg,IMG/right_2026_08_30_19_24_30_659.jpg,0.0,1.0,0.0,30.19029
IMG/center_2026_08_30_19_24_42_055.jpg,IMG/left_2026_08_30_19_24_42_055.jpg,IMG/right_2026_08_30_19_24_42_055.jpg,0.0,1.0,0.0,30.1903
IMG/center_2026_08_30_19_26_59_511.jpg,IMG/left_2026_08_30_19_26_59_511.jpg,IMG/right_2026_08_30_19_26_59_511.jpg,-0.2474571,1.0,0.0,30.1766
IMG/center_2026_08_30_19_26_25_277.jpg,IMG/left_2026_08_30_19_26_25_277.jpg,IMG/right_2026_08_30_19_26_25_277.jpg,0.0,1.0,0.0,30.1899
IMG/center_2026_08_31_16_55_31_638.jpg,IMG/left_2026_08_31_16_55_31_638.jpg,IMG/right_2026_08_31_16_55_31_638.jpg,-0.3068592,1.0,0.0,30.16776
IMG/center_2026_08_31_16_52_53_613.jpg,IMG/left_2026_08_31_16_52_53_613.jpg,IMG/right_2026_08_31_16_52_53_613.jpg,0.4426323,1.0,0.0,30.14894
IMG\center_2026_08_31_22_00_55_401.jpg,IMG\left_2026_08_31_22_00_55_401.jpg,IMG\right_2026_08_31_22_00_55_401.jpg,0.0,1.0,0.0,30.19029
IMG/center_2026_08_31_16_53_33_394.jpg,IMG/left_2026_08_31_16_53_33_394.jpg,IMG/right_2026_08_31_16_53_33_394.jpg,0.0,1.0,0.0,30.19019
IMG\center_2026_08_31_21_55_19_303.jpg,IMG\left_2026_08_31_21_55_19_303.jpg,IMG\right_2026_08_31_21_55_19_303.jpg,-0.6575463,1.0,0.0,30.15619
IMG/center_2026_08_30_19_24_09_389.jpg,IMG/left_2026_08_30_19_24_09_389.jpg,IMG/right_2026_08_30_19_24_09_389.jpg,-0.3855118,1.0,0.0,6.849607
IMG\center_2026_08_31_21_52_28_349.jpg,IMG\left_2026_08_31_21_52_28_349.jpg,IMG\right_2026_08_31_21_52_28_349.jpg,0.0,1.0,0.0,30.19032
IMG/center_2026_08_30_19_25_02_041.jpg,IMG/left_2026_08_30_19_25_02_041.jpg,IMG/right_2026_08_30_19_25_02_041.jpg,0.0,1.0,0.0,30.18986
IMG\center_2026_08_31_22_00_59_966.jpg,IMG\left_2026_08_31_22_00_59_966.jpg,IMG\right_2026_08_31_22_00_59_966.jpg,-0.5464557,1.0,0.0,30.13783
IMG/center_2026_08_30_19_27_02_409.jpg,IMG/left_2026_08_30_19_27_02_409.jpg,IMG/right_2026_08_30_19_27_02_409.jpg,-0.0749853,1.0,0.0,30.18927
IMG/center_2026_08_31_16_52_48_688.jpg,IMG/left_2026_08_31_16_52_48_688.jpg,IMG/right_2026_08_31_16_52_48_688.jpg,0.4206999,1.0,0.0,30.15244
IMG/center_2026_08_31_16_55_35_650.jpg,IMG/left_2026_08_31_16_55_35_650.jpg,IMG/right_2026_08_31_16_55_35_650.jpg,-0.3559281,1.0,0.0,18.07292
IMG/center_2026_08_31_16_52_52_454.jpg,IMG/left_2026_08_31_16_52_52_454.jpg,IMG/right_2026_08_31_16_52_52_454.jpg,0.0,1.0,0.0,30.19088
IMG/center_2026_08_30_19_25_33_638.jpg,IMG/left_2026_08_30_19_25_33_638.jpg,IMG/right_2026_08_30_19_25_33_638.jpg,-0.3939387,1.0,0.0,30.16272
IMG/center_2026_08_30_19_26_15_038.jpg,IMG/left_2026_08_30_19_26_15_038.jpg,IMG/right_2026_08_30_19_26_15_038.jpg,-0.2031978,1.0,0.0,30.17961
IMG/center_2026_08_30_19_25_42_906.jpg,IMG/left_2026_08_30_19_25_42_906.jpg,IMG/right_2026_08_30_19_25_42_906.jpg,-0.1157892,1.0,0.0,30.18725
IMG/center_2026_08_30_19_27_38_739.jpg,IMG/left_2026_08_30_19_27_38_739.jpg,IMG/right_2026_08_30_19_27_38_739.jpg,0.0,1.0,0.0,30.18426
IMG/center_2026_08_31_16_54_16_584.jpg,IMG/left_2026_08_31_16_54_16_584.jpg,IMG/right_2026_08_31_16_54_16_584.jpg,-0.2713551,1.0,0.0,30.16955
IMG/center_2026_08_30_19_24_52_030.jpg,IMG/left_2026_08_30_19_24_52_030.jpg,IMG/right_2026_08_30_19_24_52_030.jpg,-0.0747747,1.0,0.0,30.18945
IMG\center_2026_08_31_21_50_56_063.jpg,IMG\left_2026_08_31_21_50_56_063.jpg,IMG\right_2026_08_31_21_50_56_063.jpg,-0.5802074,1.0,0.0,24.89329
IMG/center_2026_08_30_19_27_22_736.jpg,IMG/left_2026_08_30_19_27_22_736.jpg,IMG/right_2026_08_30_19_27_22_736.jpg,0.0,1.0,0.0,30.19028
IMG/center_2026_08_31_16_55_14_557.jpg,IMG/left_2026_08_31_16_55_14_557.jpg,IMG/right_2026_08_31_16_55_14_557.jpg,-0.4253645,1.0,0.0,30.17933
IMG\center_2026_08_31_22_00_56_748.jpg,IMG\left_2026_08_31_22_00_56_748.jpg,IMG\right_2026_08_31_22_00_56_748.jpg,0.0,1.0,0.0,30.19013
IMG/center_2026_08_31_16_53_30_255.jpg,IMG/left_2026_08_31_16_53_30_255.jpg,IMG/right_2026_08_31_16_53_30_255.jpg,-0.0239646,1.0,0.0,30.19026
IMG/center_2026_08_31_16_54_46_040.jpg,IMG/left_2026_08_31_16_54_46_040.jpg,IMG/right_2026_08_31_16_54_46_040.jpg,0.0,1.0,0.0,30.1903
IMG/center_2026_08_30_19_24_58_105.jpg,IMG/left_2026_08_30_19_24_58_105.jpg,IMG/right_2026_08_30_19_24_58_105.jpg,0.0,1.0,0.0,30.19031
IMG\center_2026_08_31_21_52_29_283.jpg,IMG\left_2026_08_31_21_52_29_283.jpg,IMG\right_2026_08_31_21_52_29_283.jpg,-0.2747931,1.0,0.0,30.17218
IMG\center_2026_08_31_21_52_18_529.jpg,IMG\left_2026_08_31_21_52_18_529.jpg,IMG\right_2026_08_31_21_52_18_529.jpg,-0.1688598,1.0,0.0,30.18242
IMG/center_2026_08_30_19_24_53_880.jpg,IMG/left_2026_08_30_19_24_53_880.jpg,IMG/right_2026_08_30_19_24_53_880.jpg,-0.2140683,1.0,0.0,30.17877
IMG/center_2026_08_31_16_55_54_284.jpg,IMG/left_2026_08_31_16_55_54_284.jpg,IMG/right_2026_08_31_16_55_54_284.jpg,0.0,0.0,0.0,0.000814195
IMG/center_2026_08_31_16_55_04_680.jpg,IMG/left_2026_08_31_16_55_04_680.jpg,IMG/right_2026_08_31_16_55_04_680.jpg,-0.6303566,1.0,0.0,30.19254
IMG/center_2026_08_30_19_27_20_968.jpg,IMG/left_2026_08_30_19_27_20_968.jpg,IMG/right_2026_08_30_19_27_20_968.jpg,0.0,1.0,0.0,30.19025
IMG/center_2026_08_31_16_54_00_605.jpg,IMG/left_2026_08_31_16_54_00_605.jpg,IMG/right_2026_08_31_16_54_00_605.jpg,0.4537627,1.0,0.0,30.14924
IMG/center_2026_08_30_19_27_00_549.jpg,IMG/left_2026_08_30_19_27_00_549.jpg,IMG/right_2026_08_30_19_27_00_549.jpg,0.0,1.0,0.0,30.19034
IMG\center_2026_08_31_21_55_17_751.jpg,IMG\left_2026_08_31_21_55_17_751.jpg,IMG\right_2026_08_31_21_55_17_751.jpg,-0.1150241,1.0,0.0,30.19234
IMG/center_2026_08_30_19_25_41_545.jpg,IMG/left_2026_08_30_19_25_41_545.jpg,IMG/right_2026_08_30_19_25_41_545.jpg,-0.065487,1.0,0.0,30.18969
IMG/center_2026_08_31_16_55_28_740.jpg,IMG/left_2026_08_31_16_55_28_740.jpg,IMG/right_2026_08_31_16_55_28_740.jpg,0.0,1.0,0.0,30.1902
IMG\center_2026_08_31_22_00_58_204.jpg,IMG\left_2026_08_31_22_00_58_204.jpg,IMG\right_2026_08_31_22_00_58_204.jpg,-0.3178305,1.0,0.0,30.15784
IMG/center_2026_08_30_19_25_22_969.jpg,IMG/left_2026_08_30_19_25_22_969.jpg,IMG/right_2026_08_30_19_25_22_969.jpg,0.0,1.0,0.0,30.19004
IMG/center_2026_08_31_16_55_09_450.jpg,IMG/left_2026_08_31_16_55_09_450.jpg,IMG/right_2026_08_31_16_55_09_450.jpg,0.0,0.0,1.0,0.3197435
IMG/center_2026_08_30_19_27_32_355.jpg,IMG/left_2026_08_30_19_27_32_355.jpg,IMG/right_2026_08_30_19_27_32_355.jpg,0.0,1.0,0.0,30.18989
IMG/center_2026_08_31_16_54_28_791.jpg,IMG/left_2026_08_31_16_54_28_791.jpg,IMG/right_2026_08_31_16_54_28_791.jpg,0.0,1.0,0.0,30.19091
IMG\center_2026_08_31_21_50_58_748.jpg,IMG\left_2026_08_31_21_50_58_748.jpg,IMG\right_2026_08_31_21_50_58_748.jpg,0.0,1.0,0.0,30.19044
IMG/center_2026_08_30_19_27_32_980.jpg,IMG/left_2026_08_30_19_27_32_980.jpg,IMG/right_2026_08_30_19_27_32_980.jpg,-0.2286774,1.0,0.0,30.1759
IMG/center_2026_08_31_16_53_06_267.jpg,IMG/left_2026_08_31_16_53_06_267.jpg,IMG/right_2026_08_31_16_53_06_267.jpg,1.0,0.0,0.0,0.000666532
IMG/center_2026_08_30_19_27_24_010.jpg,IMG/left_2026_08_30_19_27_24_010.jpg,IMG/right_2026_08_30_19_27_24_010.jpg,0.0,1.0,0.0,30.19007
IMG\center_2026_08_31_21_52_24_323.jpg,IMG\left_2026_08_31_21_52_24_323.jpg,IMG\right_2026_08_31_21_52_24_323.jpg,-0.4033767,1.0,0.0,30.15577
IMG\center_2026_08_31_21_52_19_256.jpg,IMG\left_2026_08_31_21_52_19_256.jpg,IMG\right_2026_08_31_21_52_19_256.jpg,-0.04062421,1.0,0.0,30.19063
IMG/center_2026_08_31_16_53_10_309.jpg,IMG/left_2026_08_31_16_53_10_309.jpg,IMG/right_2026_08_31_16_53_10_309.jpg,0.0,0.0,0.0,0.000647989
IMG\center_2026_08_31_21_55_24_261.jpg,IMG\left_2026_08_31_21_55_24_261.jpg,IMG\right_2026_08_31_21_55_24_261.jpg,-0.145284,1.0,0.0,30.18535
IMG/center_2026_08_30_19_25_35_808.jpg,IMG/left_2026_08_30_19_25_35_808.jpg,IMG/right_2026_08_30_19_25_35_808.jpg,-0.3462768,1.0,0.0,30.1655
IMG/center_2026_08_30_19_24_10_008.jpg,IMG/left_2026_08_30_19_24_10_008.jpg,IMG/right_2026_08_30_19_24_10_008.jpg,-0.2202876,1.0,0.0,13.79449
IMG/center_2026_08_30_19_25_42_382.jpg,IMG/left_2026_08_30_19_25_42_382.jpg,IMG/right_2026_08_30_19_25_42_382.jpg,0.0,1.0,0.0,30.19028
IMG/center_2026_08_30_19_27_05_148.jpg,IMG/left_2026_08_30_19_27_05_148.jpg,IMG/right_2026_08_30_19_27_05_148.jpg,-0.123699,1.0,0.0,30.18799
IMG/center_2026_08_31_16_55_33_796.jpg,IMG/left_2026_08_31_16_55_33_796.jpg,IMG/right_2026_08_31_16_55_33_796.jpg,1.0,1.0,0.0,15.00836
IMG\center_2026_08_31_21_59_28_040.jpg,IMG\left_2026_08_31_21_59_28_040.jpg,IMG\right_2026_08_31_21_59_28_040.jpg,0.0,1.0,0.0,30.19028
IMG\center_2026_08_31_21_56_40_314.jpg,IMG\left_2026_08_31_21_56_40_314.jpg,IMG\right_2026_08_31_21_56_40_314.jpg,0.0,1.0,0.0,30.18797
IMG\center_2026_08_31_21_51_04_838.jpg,IMG\left_2026_08_31_21_51_04_838.jpg,IMG\right_2026_08_31_21_51_04_838.jpg,0.0,1.0,0.0,30.1905
IMG/center_2026_08_31_16_52_41_434.jpg,IMG/left_2026_08_31_16_52_41_434.jpg,IMG/right_2026_08_31_16_52_41_434.jpg,-0.5791048,1.0,0.0,18.41068
IMG/center_2026_08_31_16_52_53_086.jpg,IMG/left_2026_08_31_16_52_53_086.jpg,IMG/right_2026_08_31_16_52_53_086.jpg,0.0,1.0,0.0,30.19028
IMG\center_2026_08_31_22_01_04_188.jpg,IMG\left_2026_08_31_22_01_04_188.jpg,IMG\right_2026_08_31_22_01_04_188.jpg,-0.6817545,1.0,0.0,30.11738
IMG/center_2026_08_30_19_27_55_412.jpg,IMG/left_2026_08_30_19_27_55_412.jpg,IMG/right_2026_08_30_19_27_55_412.jpg,-0.0687819,1.0,0.0,30.18886
IMG/center_2026_08_30_19_28_22_468.jpg,IMG/left_2026_08_30_19_28_22_468.jpg,IMG/right_2026_08_30_19_28_22_468.jpg,1.0,0.0,1.0,0.02063085
IMG/center_2026_08_31_16_54_06_813.jpg,IMG/left_2026_08_31_16_54_06_813.jpg,IMG/right_2026_08_31_16_54_06_813.jpg,-0.3500175,1.0,0.0,30.1622
IMG\center_2026_08_31_21_58_14_614.jpg,IMG\left_2026_08_31_21_58_14_614.jpg,IMG\right_2026_08_31_21_58_14_614.jpg,-0.2193744,1.0,0.0,30.17745
IMG\center_2026_08_31_21_58_06_344.jpg,IMG\left_2026_08_31_21_58_06_344.jpg,IMG\right_2026_08_31_21_58_06_344.jpg,-0.04970587,1.0,0.0,30.19023
IMG/center_2026_08_31_16_55_04_894.jpg,IMG/left_2026_08_31_16_55_04_894.jpg,IMG/right_2026_08_31_16_55_04_894.jpg,0.0,1.0,0.0,30.18077
IMG/center_2026_08_30_19_27_59_064.jpg,IMG/left_2026_08_30_19_27_59_064.jpg,IMG/right_2026_08_30_19_27_59_064.jpg,-0.0604791,1.0,0.0,30.18956
IMG/center_2026_08_31_16_52_59_223.jpg,IMG/left_2026_08_31_16_52_59_223.jpg,IMG/right_2026_08_31_16_52_59_223.jpg,-1.0,0.0,0.0,22.55329
IMG/center_2026_08_30_19_28_19_989.jpg,IMG/left_2026_08_30_19_28_19_989.jpg,IMG/right_2026_08_30_19_28_19_989.jpg,1.0,0.0,1.0,0.003100984
IMG/center_2026_08_31_16_54_59_581.jpg,IMG/left_2026_08_31_16_54_59_581.jpg,IMG/right_2026_08_31_16_54_59_581.jpg,0.7180727,1.0,0.0,30.13265
IMG/center_2026_08_30_19_25_04_526.jpg,IMG/left_2026_08_30_19_25_04_526.jpg,IMG/right_2026_08_30_19_25_04_526.jpg,0.0,1.0,0.0,30.18996
IMG/center_2026_08_31_16_55_15_695.jpg,IMG/left_2026_08_31_16_55_15_695.jpg,IMG/right_2026_08_31_16_55_15_695.jpg,0.4509838,1.0,0.0,30.14885
IMG\center_2026_08_31_21_55_22_613.jpg,IMG\left_2026_08_31_21_55_22_613.jpg,IMG\right_2026_08_31_21_55_22_613.jpg,-0.3286554,1.0,0.0,30.1647
IMG\center_2026_08_31_21_50_57_409.jpg,IMG\left_2026_08_31_21_50_57_409.jpg,IMG\right_2026_08_31_21_50_57_409.jpg,-0.2650497,1.0,0.0,30.18964
IMG\center_2026_08_31_21_52_27_630.jpg,IMG\left_2026_08_31_21_52_27_630.jpg,IMG\right_2026_08_31_21_52_27_630.jpg,0.0,1.0,0.0,30.19025
IMG\center_2026_08_31_21_56_45_498.jpg,IMG\left_2026_08_31_21_56_45_498.jpg,IMG\right_2026_08_31_21_56_45_498.jpg,-0.2684865,1.0,0.0,30.18915
IMG/center_2026_08_30_19_27_50_746.jpg,IMG/left_2026_08_30_19_27_50_746.jpg,IMG/right_2026_08_30_19_27_50_746.jpg,0.0,1.0,0.0,30.18999
IMG/center_2026_08_30_19_26_47_194.jpg,IMG/left_2026_08_30_19_26_47_194.jpg,IMG/right_2026_08_30_19_26_47_194.jpg,0.3007443,1.0,0.0,30.17822
IMG/center_2026_08_31_16_53_54_137.jpg,IMG/left_2026_08_31_16_53_54_137.jpg,IMG/right_2026_08_31_16_53_54_137.jpg,0.6291858,1.0,0.0,30.12467
IMG/center_2026_08_31_16_53_48_480.jpg,IMG/left_2026_08_31_16_53_48_480.jpg,IMG/right_2026_08_31_16_53_48_480.jpg,0.0,1.0,0.0,30.1907
IMG\center_2026_08_31_22_01_06_668.jpg,IMG\left_2026_08_31_22_01_06_668.jpg,IMG\right_2026_08_31_22_01_06_668.jpg,-0.2804292,1.0,0.0,30.18636
IMG/center_2026_08_30_19_26_07_466.jpg,IMG/left_2026_08_30_19_26_07_466.jpg,IMG/right_2026_08_30_19_26_07_466.jpg,-0.1795116,1.0,0.0,30.18119
IMG/center_2026_08_31_16_54_59_989.jpg,IMG/left_2026_08_31_16_54_59_989.jpg,IMG/right_2026_08_31_16_54_59_989.jpg,0.0,1.0,0.0,30.19141
IMG\center_2026_08_31_21_56_45_291.jpg,IMG\left_2026_08_31_21_56_45_291.jpg,IMG\right_2026_08_31_21_56_45_291.jpg,-0.09945991,1.0,0.0,30.18779
IMG\center_2026_08_31_21_55_14_534.jpg,IMG\left_2026_08_31_21_55_14_534.jpg,IMG\right_2026_08_31_21_55_14_534.jpg,0.0,1.0,0.0,30.18976
IMG/center_2026_08_30_19_26_10_373.jpg,IMG/left_2026_08_30_19_26_10_373.jpg,IMG/right_2026_08_30_19_26_10_373.jpg,0.0,1.0,0.0,30.19028
IMG/center_2026_08_31_16_54_25_664.jpg,IMG/left_2026_08_31_16_54_25_664.jpg,IMG/right_2026_08_31_16_54_25_664.jpg,0.7603848,1.0,0.0,30.10636
IMG\center_2026_08_31_21_59_40_143.jpg,IMG\left_2026_08_31_21_59_40_143.jpg,IMG\right_2026_08_31_21_59_40_143.jpg,0.0,1.0,0.0,30.1903
IMG/center_2026_08_31_16_54_25_243.jpg,IMG/left_2026_08_31_16_54_25_243.jpg,IMG/right_2026_08_31_16_54_25_243.jpg,-0.5015901,1.0,0.0,30.20603
IMG\center_2026_08_31_21_58_08_811.jpg,IMG\left_2026_08_31_21_58_08_811.jpg,IMG\right_2026_08_31_21_58_08_811.jpg,-0.05032166,1.0,0.0,30.1904
IMG/center_2026_08_31_16_53_30_678.jpg,IMG/left_2026_08_31_16_53_30_678.jpg,IMG/right_2026_08_31_16_53_30_678.jpg,0.0,1.0,0.0,30.18525
IMG/center_2026_08_31_16_53_57_281.jpg,IMG/left_2026_08_31_16_53_57_281.jpg,IMG/right_2026_08_31_16_53_57_281.jpg,0.0,1.0,0.0,30.19029
IMG/center_2026_08_30_19_27_20_344.jpg,IMG/left_2026_08_30_19_27_20_344.jpg,IMG/right_2026_08_30_19_27_20_344.jpg,0.0,1.0,0.0,30.19024
IMG/center_2026_08_30_19_27_27_549.jpg,IMG/left_2026_08_30_19_27_27_549.jpg,IMG/right_2026_08_30_19_27_27_549.jpg,-0.2054748,1.0,0.0,30.17997
IMG/center_2026_08_30_19_27_31_941.jpg,IMG/left_2026_08_30_19_27_31_941.jpg,IMG/right_2026_08_30_19_27_31_941.jpg,-0.1338558,1.0,0.0,30.18543
IMG\center_2026_08_31_21_56_50_054.jpg,IMG\left_2026_08_31_21_56_50_054.jpg,IMG\right_2026_08_31_21_56_50_054.jpg,0.0,1.0,0.0,30.19003
IMG/center_2026_08_31_16_53_00_156.jpg,IMG/left_2026_08_31_16_53_00_156.jpg,IMG/right_2026_08_31_16_53_00_156.jpg,-1.0,1.0,0.0,7.546694
IMG/center_2026_08_30_19_26_55_391.jpg,IMG/left_2026_08_30_19_26_55_391.jpg,IMG/right_2026_08_30_19_26_55_391.jpg,-0.1327158,1.0,0.0,30.18577
IMG\center_2026_08_31_21_56_46_219.jpg,IMG\left_2026_08_31_21_56_46_219.jpg,IMG\right_2026_08_31_21_56_46_219.jpg,-0.2228604,1.0,0.0,30.17722
IMG/center_2026_08_30_19_25_48_016.jpg,IMG/left_2026_08_30_19_25_48_016.jpg,IMG/right_2026_08_30_19_25_48_016.jpg,0.0,1.0,0.0,30.1903
IMG\center_2026_08_31_22_00_54_884.jpg,IMG\left_2026_08_31_22_00_54_884.jpg,IMG\right_2026_08_31_22_00_54_884.jpg,0.0,1.0,0.0,30.19026
IMG/center_2026_08_31_16_53_56_552.jpg,IMG/left_2026_08_31_16_53_56_552.jpg,IMG/right_2026_08_31_16_53_56_552.jpg,-0.08716048,1.0,0.0,30.19111
IMG/center_2026_08_31_16_53_43_380.jpg,IMG/left_2026_08_31_16_53_43_380.jpg,IMG/right_2026_08_31_16_53_43_380.jpg,-0.6272523,1.0,0.0,30.12381
IMG/center_2026_08_31_16_55_03_324.jpg,IMG/left_2026_08_31_16_55_03_324.jpg,IMG/right_2026_08_31_16_55_03_324.jpg,0.0,1.0,0.0,30.19057
IMG/center_2026_08_31_16_54_10_717.jpg,IMG/left_2026_08_31_16_54_10_717.jpg,IMG/right_2026_08_31_16_54_10_717.jpg,0.4918127,1.0,0.0,30.17974
IMG/center_2026_08_30_19_27_43_001.jpg,IMG/left_2026_08_30_19_27_43_001.jpg,IMG/right_2026_08_30_19_27_43_001.jpg,0.0,1.0,0.0,30.1887
IMG/center_2026_08_30_19_25_07_122.jpg,IMG/left_2026_08_30_19_25_07_122.jpg,IMG/right_2026_08_30_19_25_07_122.jpg,0.0,1.0,0.0,30.18995
IMG/center_2026_08_31_16_54_34_043.jpg,IMG/left_2026_08_31_16_54_34_043.jpg,IMG/right_2026_08_31_16_54_34_043.jpg,0.3233295,1.0,0.0,30.20716
IMG/center_2026_08_30_19_25_30_348.jpg,IMG/left_2026_08_30_19_25_30_348.jpg,IMG/right_2026_08_30_19_25_30_348.jpg,0.0,1.0,0.0,30.1903
IMG\center_2026_08_31_22_00_59_352.jpg,IMG\left_2026_08_31_22_00_59_352.jpg,IMG\right_2026_08_31_22_00_59_352.jpg,0.0,1.0,0.0,30.18965
IMG/center_2026_08_31_16_55_23_033.jpg,IMG/left_2026_08_31_16_55_23_033.jpg,IMG/right_2026_08_31_16_55_23_033.jpg,-0.6146493,1.0,0.0,30.11783
IMG/center_2026_08_30_19_28_10_350.jpg,IMG/left_2026_08_30_19_28_10_350.jpg,IMG/right_2026_08_30_19_28_10_350.jpg,-0.0669267,1.0,0.0,30.18923
IMG/center_2026_08_30_19_27_40_401.jpg,IMG/left_2026_08_30_19_27_40_401.jpg,IMG/right_2026_08_30_19_27_40_401.jpg,0.0,1.0,0.0,30.19013
IMG/center_2026_08_31_16_55_37_601.jpg,IMG/left_2026_08_31_16_55_37_601.jpg,IMG/right_2026_08_31_16_55_37_601.jpg,-0.1871691,1.0,0.0,30.18104
IMG/center_2026_08_31_16_53_24_266.jpg,IMG/left_2026_08_31_16_53_24_266.jpg,IMG/right_2026_08_31_16_53_24_266.jpg,0.0,1.0,0.0,6.81293
IMG\center_2026_08_31_21_58_17_713.jpg,IMG\left_2026_08_31_21_58_17_713.jpg,IMG\right_2026_08_31_21_58_17_713.jpg,0.0,1.0,0.0,30.18938
IMG\center_2026_08_31_21_59_36_937.jpg,IMG\left_2026_08_31_21_59_36_937.jpg,IMG\right_2026_08_31_21_59_36_937.jpg,0.0,1.0,0.0,30.19032
IMG\center_2026_08_31_21_55_29_946.jpg,IMG\left_2026_08_31_21_55_29_946.jpg,IMG\right_2026_08_31_21_55_29_946.jpg,0.0,1.0,0.0,30.22557
IMG/center_2026_08_30_19_28_08_279.jpg,IMG/left_2026_08_30_19_28_08_279.jpg,IMG/right_2026_08_30_19_28_08_279.jpg,-0.0469905,1.0,0.0,30.19052
IMG\center_2026_08_31_21_58_09_955.jpg,IMG\left_2026_08_31_21_58_09_955.jpg,IMG\right_2026_08_31_21_58_09_955.jpg,0.0,1.0,0.0,30.18807
IMG/center_2026_08_31_16_53_00_260.jpg,IMG/left_2026_08_31_16_53_00_260.jpg,IMG/right_2026_08_31_16_53_00_260.jpg,-1.0,1.0,0.0,5.398798
IMG/center_2026_08_30_19_27_03_459.jpg,IMG/left_2026_08_30_19_27_03_459.jpg,IMG/right_2026_08_30_19_27_03_459.jpg,0.0,1.0,0.0,30.19025
IMG/center_2026_08_31_16_53_23_240.jpg,IMG/left_2026_08_31_16_53_23_240.jpg,IMG/right_2026_08_31_16_53_23_240.jpg,0.0,0.0190629,0.0,0.1946521
IMG\center_2026_08_31_21_59_34_341.jpg,IMG\left_2026_08_31_21_59_34_341.jpg,IMG\right_2026_08_31_21_59_34_341.jpg,-0.4829485,1.0,0.0,30.14576
IMG/center_2026_08_31_16_55_14_760.jpg,IMG/left_2026_08_31_16_55_14_760.jpg,IMG/right_2026_08_31_16_55_14_760.jpg,0.0,1.0,0.0,30.18802
IMG/center_2026_08_31_16_54_21_482.jpg,IMG/left_2026_08_31_16_54_21_482.jpg,IMG/right_2026_08_31_16_54_21_482.jpg,0.0,1.0,0.0,30.1905
IMG\center_2026_08_31_21_56_52_535.jpg,IMG\left_2026_08_31_21_56_52_535.jpg,IMG\right_2026_08_31_21_56_52_535.jpg,0.0,1.0,0.0,30.19065
IMG/center_2026_08_30_19_27_10_375.jpg,IMG/left_2026_08_30_19_27_10_375.jpg,IMG/right_2026_08_30_19_27_10_375.jpg,-0.2570604,1.0,0.0,30.17729
IMG\center_2026_08_31_21_51_09_695.jpg,IMG\left_2026_08_31_21_51_09_695.jpg,IMG\right_2026_08_31_21_51_09_695.jpg,0.0,1.0,0.0,30.18994
IMG/center_2026_08_30_19_25_45_009.jpg,IMG/left_2026_08_30_19_25_45_009.jpg,IMG/right_2026_08_30_19_25_45_009.jpg,-0.1262334,1.0,0.0,30.18945
IMG\center_2026_08_31_21_50_56_588.jpg,IMG\left_2026_08_31_21_50_56_588.jpg,IMG\right_2026_08_31_21_50_56_588.jpg,0.0,1.0,0.0,29.97678
IMG/center_2026_08_30_19_24_55_632.jpg,IMG/left_2026_08_30_19_24_55_632.jpg,IMG/right_2026_08_30_19_24_55_632.jpg,-0.2327214,1.0,0.0,30.17763
IMG\center_2026_08_31_21_58_17_817.jpg,IMG\left_2026_08_31_21_58_17_817.jpg,IMG\right_2026_08_31_21_58_17_817.jpg,0.0,1.0,0.0,30.19017
IMG/center_2026_08_30_19_25_23_278.jpg,IMG/left_2026_08_30_19_25_23_278.jpg,IMG/right_2026_08_30_19_25_23_278.jpg,0.2102568,1.0,0.0,30.1915
IMG/center_2026_08_30_19_26_15_964.jpg,IMG/left_2026_08_30_19_26_15_964.jpg,IMG/right_2026_08_30_19_26_15_964.jpg,-0.2050374,1.0,0.0,30.18821
IMG/center_2026_08_30_19_26_00_785.jpg,IMG/left_2026_08_30_19_26_00_785.jpg,IMG/right_2026_08_30_19_26_00_785.jpg,-0.0581439,1.0,0.0,30.19059
IMG/center_2026_08_30_19_27_15_009.jpg,IMG/left_2026_08_30_19_27_15_009.jpg,IMG/right_2026_08_30_19_27_15_009.jpg,0.0,1.0,0.0,30.19041
IMG/center_2026_08_30_19_27_50_853.jpg,IMG/left_2026_08_30_19_27_50_853.jpg,IMG/right_2026_08_30_19_27_50_853.jpg,0.0,1.0,0.0,30.18996
IMG/center_2026_08_31_16_55_41_949.jpg,IMG/left_2026_08_31_16_55_41_949.jpg,IMG/right_2026_08_31_16_55_41_949.jpg,-1.0,1.0,0.0,26.94922
IMG\center_2026_08_31_22_01_00_687.jpg,IMG\left_2026_08_31_22_01_00_687.jpg,IMG\right_2026_08_31_22_01_00_687.jpg,0.0,1.0,0.0,30.19027
IMG\center_2026_08_31_21_52_21_227.jpg,IMG\left_2026_08_31_21_52_21_227.jpg,IMG\right_2026_08_31_21_52_21_227.jpg,0.0,1.0,0.0,30.1903
IMG/center_2026_08_31_16_54_51_217.jpg,IMG/left_2026_08_31_16_54_51_217.jpg,IMG/right_2026_08_31_16_54_51_217.jpg,-0.4783908,1.0,0.0,30.20545
IMG\center_2026_08_31_21_52_25_971.jpg,IMG\left_2026_08_31_21_52_25_971.jpg,IMG\right_2026_08_31_21_52_25_971.jpg,-0.1051092,1.0,0.0,30.19162
IMG/center_2026_08_31_16_53_41_607.jpg,IMG/left_2026_08_31_16_53_41_607.jpg,IMG/right_2026_08_31_16_53_41_607.jpg,0.0,1.0,0.0,30.19051
IMG/center_2026_08_31_16_55_22_721.jpg,IMG/left_2026_08_31_16_55_22_721.jpg,IMG/right_2026_08_31_16_55_22_721.jpg,0.6201351,1.0,0.0,30.19065
IMG/center_2026_08_31_16_54_30_035.jpg,IMG/left_2026_08_31_16_54_30_035.jpg,IMG/right_2026_08_31_16_54_30_035.jpg,-0.124032,1.0,0.0,30.186
IMG/center_2026_08_31_16_55_18_418.jpg,IMG/left_2026_08_31_16_55_18_418.jpg,IMG/right_2026_08_31_16_55_18_418.jpg,0.6997237,1.0,0.0,30.18932
IMG/center_2026_08_30_19_25_47_286.jpg,IMG/left_2026_08_30_19_25_47_286.jpg,IMG/right_2026_08_30_19_25_47_286.jpg,0.0,1.0,0.0,30.19029
IMG/center_2026_08_31_16_53_49_627.jpg,IMG/left_2026_08_31_16_53_49_627.jpg,IMG/right_2026_08_31_16_53_49_627.jpg,0.5104629,1.0,0.0,30.13887
IMG\center_2026_08_31_21_56_56_367.jpg,IMG\left_2026_08_31_21_56_56_367.jpg,IMG\right_2026_08_31_21_56_56_367.jpg,0.0,1.0,0.0,30.18989
IMG/center_2026_08_30_19_27_31_533.jpg,IMG/left_2026_08_30_19_27_31_533.jpg,IMG/right_2026_08_30_19_27_31_533.jpg,-0.1067304,1.0,0.0,30.18986
IMG/center_2026_08_31_16_53_42_226.jpg,IMG/left_2026_08_31_16_53_42_226.jpg,IMG/right_2026_08_31_16_53_42_226.jpg,0.09482221,1.0,0.0,30.18794
IMG\center_2026_08_31_21_56_40_212.jpg,IMG\left_2026_08_31_21_56_40_212.jpg,IMG\right_2026_08_31_21_56_40_212.jpg,-0.2214404,1.0,0.0,30.18787
IMG/center_2026_08_30_19_25_21_823.jpg,IMG/left_2026_08_30_19_25_21_823.jpg,IMG/right_2026_08_30_19_25_21_823.jpg,0.1959564,1.0,0.0,30.1919
IMG/center_2026_08_31_16_53_55_710.jpg,IMG/left_2026_08_31_16_53_55_710.jpg,IMG/right_2026_08_31_16_53_55_710.jpg,0.0,1.0,0.0,30.19029
IMG/center_2026_08_30_19_24_37_237.jpg,IMG/left_2026_08_30_19_24_37_237.jpg,IMG/right_2026_08_30_19_24_37_237.jpg,0.0,1.0,0.0,30.18985
IMG/center_2026_08_31_16_52_59_948.jpg,IMG/left_2026_08_31_16_52_59_948.jpg,IMG/right_2026_08_31_16_52_59_948.jpg,-1.0,0.6284577,0.0,11.61422
IMG/center_2026_08_30_19_25_12_519.jpg,IMG/left_2026_08_30_19_25_12_519.jpg,IMG/right_2026_08_30_19_25_12_519.jpg,0.0,1.0,0.0,30.19023
IMG/center_2026_08_31_16_55_00_615.jpg,IMG/left_2026_08_31_16_55_00_615.jpg,IMG/right_2026_08_31_16_55_00_615.jpg,-0.8645609,1.0,0.0,30.10043
IMG/center_2026_08_30_19_25_45_624.jpg,IMG/left_2026_08_30_19_25_45_624.jpg,IMG/right_2026_08_30_19_25_45_624.jpg,-0.1020186,1.0,0.0,30.18834
IMG/center_2026_08_31_16_53_40_561.jpg,IMG/left_2026_08_31_16_53_40_561.jpg,IMG/right_2026_08_31_16_53_40_561.jpg,0.6226077,1.0,0.0,30.1222
IMG/center_2026_08_31_16_54_58_751.jpg,IMG/left_2026_08_31_16_54_58_751.jpg,IMG/right_2026_08_31_16_54_58_751.jpg,-0.6517949,1.0,0.0,30.11986
IMG/center_2026_08_30_19_26_32_755.jpg,IMG/left_2026_08_30_19_26_32_755.jpg,IMG/right_2026_08_30_19_26_32_755.jpg,0.0,1.0,0.0,30.21315
IMG/center_2026_08_30_19_24_52_946.jpg,IMG/left_2026_08_30_19_24_52_946.jpg,IMG/right_2026_08_30_19_24_52_946.jpg,-0.09558091,1.0,0.0,30.18956
IMG/center_2026_08_30_19_26_35_892.jpg,IMG/left_2026_08_30_19_26_35_892.jpg,IMG/right_2026_08_30_19_26_35_892.jpg,-0.1477925,1.0,0.0,30.18949
IMG/center_2026_08_31_16_53_48_793.jpg,IMG/left_2026_08_31_16_53_48_793.jpg,IMG/right_2026_08_31_16_53_48_793.jpg,-0.8302416,1.0,0.0,30.10956
IMG/center_2026_08_30_19_25_40_596.jpg,IMG/left_2026_08_30_19_25_40_596.jpg,IMG/right_2026_08_30_19_25_40_596.jpg,0.0,1.0,0.0,30.19085
IMG/center_2026_08_30_19_24_21_710.jpg,IMG/left_2026_08_30_19_24_21_710.jpg,IMG/right_2026_08_30_19_24_21_710.jpg,0.0,1.0,0.0,30.18983
IMG\center_2026_08_31_21_55_20_643.jpg,IMG\left_2026_08_31_21_55_20_643.jpg,IMG\right_2026_08_31_21_55_20_643.jpg,0.0,1.0,0.0,30.19022
IMG/center_2026_08_30_19_26_07_986.jpg,IMG/left_2026_08_30_19_26_07_986.jpg,IMG/right_2026_08_30_19_26_07_986.jpg,-0.3343977,1.0,0.0,30.17048
IMG/center_2026_08_31_16_55_53_462.jpg,IMG/left_2026_08_31_16_55_53_462.jpg,IMG/right_2026_08_31_16_55_53_462.jpg,0.0,0.0,0.0,0.000517246
IMG/center_2026_08_30_19_24_34_838.jpg,IMG/left_2026_08_30_19_24_34_838.jpg,IMG/right_2026_08_30_19_24_34_838.jpg,0.0,1.0,0.0,30.19027
IMG/center_2026_08_30_19_25_33_226.jpg,IMG/left_2026_08_30_19_25_33_226.jpg,IMG/right_2026_08_30_19_25_33_226.jpg,-0.1621977,1.0,0.0,30.18528
IMG/center_2026_08_30_19_25_40_284.jpg,IMG/left_2026_08_30_19_25_40_284.jpg,IMG/right_2026_08_30_19_25_40_284.jpg,-0.01393019,1.0,0.0,30.19003
IMG/center_2026_08_31_16_54_32_814.jpg,IMG/left_2026_08_31_16_54_32_814.jpg,IMG/right_2026_08_31_16_54_32_814.jpg,-0.7535916,1.0,0.0,30.10974
IMG/center_2026_08_31_16_52_50_676.jpg,IMG/left_2026_08_31_16_52_50_676.jpg,IMG/right_2026_08_31_16_52_50_676.jpg,0.0,1.0,0.0,30.19049
IMG/center_2026_08_30_19_25_26_090.jpg,IMG/left_2026_08_30_19_25_26_090.jpg,IMG/right_2026_08_30_19_25_26_090.jpg,0.2865132,1.0,0.0,30.17189
IMG\center_2026_08_31_21_55_21_996.jpg,IMG\left_2026_08_31_21_55_21_996.jpg,IMG\right_2026_08_31_21_55_21_996.jpg,0.0,1.0,0.0,30.19336
IMG/center_2026_08_30_19_26_39_735.jpg,IMG/left_2026_08_30_19_26_39_735.jpg,IMG/right_2026_08_30_19_26_39_735.jpg,-0.1953525,1.0,0.0,30.1805
IMG/center_2026_08_31_16_55_37_914.jpg,IMG/left_2026_08_31_16_55_37_914.jpg,IMG/right_2026_08_31_16_55_37_914.jpg,-0.6724126,1.0,0.0,30.17003
IMG/center_2026_08_30_19_26_14_829.jpg,IMG/left_2026_08_30_19_26_14_829.jpg,IMG/right_2026_08_30_19_26_14_829.jpg,0.0,1.0,0.0,30.1904
IMG/center_2026_08_31_16_54_54_653.jpg,IMG/left_2026_08_31_16_54_54_653.jpg,IMG/right_2026_08_31_16_54_54_653.jpg,-0.3221016,1.0,0.0,30.16572
IMG/center_2026_08_31_16_52_58_087.jpg,IMG/left_2026_08_31_16_52_58_087.jpg,IMG/right_2026_08_31_16_52_58_087.jpg,1.0,0.0,0.0,26.30002
IMG/center_2026_08_30_19_27_37_208.jpg,IMG/left_2026_08_30_19_27_37_208.jpg,IMG/right_2026_08_30_19_27_37_208.jpg,-0.08390461,1.0,0.0,30.18832
IMG/center_2026_08_30_19_26_54_666.jpg,IMG/left_2026_08_30_19_26_54_666.jpg,IMG/right_2026_08_30_19_26_54_666.jpg,0.0,1.0,0.0,30.19015
IMG/center_2026_08_31_16_54_05_674.jpg,IMG/left_2026_08_31_16_54_05_674.jpg,IMG/right_2026_08_31_16_54_05_674.jpg,-0.09037019,1.0,0.0,30.17459
IMG/center_2026_08_30_19_27_59_590.jpg,IMG/left_2026_08_30_19_27_59_590.jpg,IMG/right_2026_08_30_19_27_59_590.jpg,0.0,1.0,0.0,30.1889
IMG\center_2026_08_31_21_56_51_918.jpg,IMG\left_2026_08_31_21_56_51_918.jpg,IMG\right_2026_08_31_21_56_51_918.jpg,0.0,1.0,0.0,30.19048
IMG/center_2026_08_31_16_55_12_789.jpg,IMG/left_2026_08_31_16_55_12_789.jpg,IMG/right_2026_08_31_16_55_12_789.jpg,0.1359354,1.0,0.0,18.53228
IMG/center_2026_08_31_16_53_56_654.jpg,IMG/left_2026_08_31_16_53_56_654.jpg,IMG/right_2026_08_31_16_53_56_654.jpg,0.0,1.0,0.0,30.18895
IMG/center_2026_08_31_16_53_57_695.jpg,IMG/left_2026_08_31_16_53_57_695.jpg,IMG/right_2026_08_31_16_53_57_695.jpg,0.0,1.0,0.0,30.19028
IMG/center_2026_08_30_19_24_14_234.jpg,IMG/left_2026_08_30_19_24_14_234.jpg,IMG/right_2026_08_30_19_24_14_234.jpg,-0.03318721,1.0,0.0,30.19089
IMG\center_2026_08_31_21_55_23_954.jpg,IMG\left_2026_08_31_21_55_23_954.jpg,IMG\right_2026_08_31_21_55_23_954.jpg,-0.0575454,1.0,0.0,30.18947
IMG/center_2026_08_31_16_53_50_365.jpg,IMG/left_2026_08_31_16_53_50_365.jpg,IMG/right_2026_08_31_16_53_50_365.jpg,0.5733821,1.0,0.0,30.22246
IMG/center_2026_08_30_19_25_56_814.jpg,IMG/left_2026_08_30_19_25_56_814.jpg,IMG/right_2026_08_30_19_25_56_814.jpg,0.0,1.0,0.0,30.1903
IMG\center_2026_08_31_22_00_57_784.jpg,IMG\left_2026_08_31_22_00_57_784.jpg,IMG\right_2026_08_31_22_00_57_784.jpg,0.3627681,1.0,0.0,30.15904
IMG/center_2026_08_30_19_27_09_015.jpg,IMG/left_2026_08_30_19_27_09_015.jpg,IMG/right_2026_08_30_19_27_09_015.jpg,0.0,1.0,0.0,30.19034
IMG/center_2026_08_31_16_55_01_761.jpg,IMG/left_2026_08_31_16_55_01_761.jpg,IMG/right_2026_08_31_16_55_01_761.jpg,0.167976,1.0,0.0,30.19117
IMG/center_2026_08_30_19_25_55_148.jpg,IMG/left_2026_08_30_19_25_55_148.jpg,IMG/right_2026_08_30_19_25_55_148.jpg,-0.0978903,1.0,0.0,30.18779
IMG/center_2026_08_31_16_53_52_656.jpg,IMG/left_2026_08_31_16_53_52_656.jpg,IMG/right_2026_08_31_16_53_52_656.jpg,-0.1698684,1.0,0.0,30.18319
IMG/center_2026_08_31_16_55_06_237.jpg,IMG/left_2026_08_31_16_55_06_237.jpg,IMG/right_2026_08_31_16_55_06_237.jpg,-0.1825545,1.0,0.0,30.18117
IMG/center_2026_08_30_19_26_37_351.jpg,IMG/left_2026_08_30_19_26_37_351.jpg,IMG/right_2026_08_30_19_26_37_351.jpg,0.0,1.0,0.0,30.18979
IMG/center_2026_08_30_19_24_45_724.jpg,IMG/left_2026_08_30_19_24_45_724.jpg,IMG/right_2026_08_30_19_24_45_724.jpg,0.0,1.0,0.0,30.18941
IMG/center_2026_08_30_19_26_44_717.jpg,IMG/left_2026_08_30_19_26_44_717.jpg,IMG/right_2026_08_30_19_26_44_717.jpg,0.1325154,1.0,0.0,30.18802
IMG/center_2026_08_31_16_54_48_627.jpg,IMG/left_2026_08_31_16_54_48_627.jpg,IMG/right_2026_08_31_16_54_48_627.jpg,-0.7126234,1.0,0.0,30.1119
IMG/center_2026_08_30_19_24_20_447.jpg,IMG/left_2026_08_30_19_24_20_447.jpg,IMG/right_2026_08_30_19_24_20_447.jpg,0.0,1.0,0.0,30.1903
IMG/center_2026_08_30_19_26_55_596.jpg,IMG/left_2026_08_30_19_26_55_596.jpg,IMG/right_2026_08_30_19_26_55_596.jpg,0.0,1.0,0.0,30.18826
IMG/center_2026_08_31_16_52_54_654.jpg,IMG/left_2026_08_31_16_52_54_654.jpg,IMG/right_2026_08_31_16_52_54_654.jpg,-0.8571002,1.0,0.0,30.1117
IMG\center_2026_08_31_22_00_59_141.jpg,IMG\left_2026_08_31_22_00_59_141.jpg,IMG\right_2026_08_31_22_00_59_141.jpg,0.3282191,1.0,0.0,30.1922
IMG/center_2026_08_31_16_54_05_055.jpg,IMG/left_2026_08_31_16_54_05_055.jpg,IMG/right_2026_08_31_16_54_05_055.jpg,0.2835126,1.0,0.0,29.82791
IMG/center_2026_08_30_19_28_09_212.jpg,IMG/left_2026_08_30_19_28_09_212.jpg,IMG/right_2026_08_30_19_28_09_212.jpg,0.0,1.0,0.0,30.1903
IMG/center_2026_08_31_16_54_03_201.jpg,IMG/left_2026_08_31_16_54_03_201.jpg,IMG/right_2026_08_31_16_54_03_201.jpg,0.0,1.0,0.0,30.18985
IMG/center_2026_08_31_16_54_34_760.jpg,IMG/left_2026_08_31_16_54_34_760.jpg,IMG/right_2026_08_31_16_54_34_760.jpg,-0.590671,1.0,0.0,30.20625
IMG/center_2026_08_30_19_25_07_016.jpg,IMG/left_2026_08_30_19_25_07_016.jpg,IMG/right_2026_08_30_19_25_07_016.jpg,0.0,1.0,0.0,30.18993
IMG/center_2026_08_30_19_27_53_038.jpg,IMG/left_2026_08_30_19_27_53_038.jpg,IMG/right_2026_08_30_19_27_53_038.jpg,0.0,1.0,0.0,30.18998
IMG\center_2026_08_31_21_58_05_728.jpg,IMG\left_2026_08_31_21_58_05_728.jpg,IMG\right_2026_08_31_21_58_05_728.jpg,-0.2111334,1.0,0.0,30.18676
IMG/center_2026_08_30_19_27_18_778.jpg,IMG/left_2026_08_30_19_27_18_778.jpg,IMG/right_2026_08_30_19_27_18_778.jpg,-0.1048485,1.0,0.0,30.18768
IMG/center_2026_08_31_16_52_43_714.jpg,IMG/left_2026_08_31_16_52_43_714.jpg,IMG/right_2026_08_31_16_52_43_714.jpg,-0.3416895,1.0,0.0,30.16218
IMG\center_2026_08_31_22_01_04_599.jpg,IMG\left_2026_08_31_22_01_04_599.jpg,IMG\right_2026_08_31_22_01_04_599.jpg,0.232506,1.0,0.0,30.16929
IMG/center_2026_08_31_16_55_29_460.jpg,IMG/left_2026_08_31_16_55_29_460.jpg,IMG/right_2026_08_31_16_55_29_460.jpg,0.0,1.0,0.0,30.19029
IMG/center_2026_08_31_16_55_00_823.jpg,IMG/left_2026_08_31_16_55_00_823.jpg,IMG/right_2026_08_31_16_55_00_823.jpg,-0.6077915,1.0,0.0,30.19562
IMG/center_2026_08_31_16_55_06_444.jpg,IMG/left_2026_08_31_16_55_06_444.jpg,IMG/right_2026_08_31_16_55_06_444.jpg,-0.7787862,1.0,0.0,30.10866
IMG\center_2026_08_31_22_00_55_820.jpg,IMG\left_2026_08_31_22_00_55_820.jpg,IMG\right_2026_08_31_22_00_55_820.jpg,-0.5720829,1.0,0.0,30.13233
IMG\center_2026_08_31_22_01_00_584.jpg,IMG\left_2026_08_31_22_01_00_584.jpg,IMG\right_2026_08_31_22_01_00_584.jpg,0.0,1.0,0.0,30.19031
IMG/center_2026_08_30_19_28_14_804.jpg,IMG/left_2026_08_30_19_28_14_804.jpg,IMG/right_2026_08_30_19_28_14_804.jpg,-0.1745995,1.0,0.0,30.18917
IMG/center_2026_08_31_16_55_10_691.jpg,IMG/left_2026_08_31_16_55_10_691.jpg,IMG/right_2026_08_31_16_55_10_691.jpg,0.0,0.2268732,0.0,3.493703
IMG/center_2026_08_31_16_54_07_323.jpg,IMG/left_2026_08_31_16_54_07_323.jpg,IMG/right_2026_08_31_16_54_07_323.jpg,-0.2259592,1.0,0.0,30.20068
IMG/center_2026_08_30_19_26_09_546.jpg,IMG/left_2026_08_30_19_26_09_546.jpg,IMG/right_2026_08_30_19_26_09_546.jpg,-0.2008809,1.0,0.0,30.18597
IMG/center_2026_08_31_16_55_35_751.jpg,IMG/left_2026_08_31_16_55_35_751.jpg,IMG/right_2026_08_31_16_55_35_751.jpg,-0.6561975,1.0,0.0,18.21506
IMG\center_2026_08_31_21_50_54_006.jpg,IMG\left_2026_08_31_21_50_54_006.jpg,IMG\right_2026_08_31_21_50_54_006.jpg,0.0,0.2546955,0.0,5.974054
IMG/center_2026_08_30_19_26_46_478.jpg,IMG/left_2026_08_30_19_26_46_478.jpg,IMG/right_2026_08_30_19_26_46_478.jpg,0.3767919,1.0,0.0,30.16354
IMG/center_2026_08_30_19_25_35_084.jpg,IMG/left_2026_08_30_19_25_35_084.jpg,IMG/right_2026_08_30_19_25_35_084.jpg,-0.1152003,1.0,0.0,30.19228
IMG/center_2026_08_31_16_52_41_537.jpg,IMG/left_2026_08_31_16_52_41_537.jpg,IMG/right_2026_08_31_16_52_41_537.jpg,-0.8698032,1.0,0.0,19.06463
IMG/center_2026_08_31_16_54_05_265.jpg,IMG/left_2026_08_31_16_54_05_265.jpg,IMG/right_2026_08_31_16_54_05_265.jpg,0.8547345,1.0,0.0,30.08291
IMG/center_2026_08_30_19_28_13_873.jpg,IMG/left_2026_08_30_19_28_13_873.jpg,IMG/right_2026_08_30_19_28_13_873.jpg,0.0,1.0,0.0,30.1903
IMG\center_2026_08_31_22_00_58_618.jpg,IMG\left_2026_08_31_22_00_58_618.jpg,IMG\right_2026_08_31_22_00_58_618.jpg,-0.1703142,1.0,0.0,30.19595
IMG/center_2026_08_30_19_24_40_379.jpg,IMG/left_2026_08_30_19_24_40_379.jpg,IMG/right_2026_08_30_19_24_40_379.jpg,0.0,1.0,0.0,30.19029
IMG/center_2026_08_31_16_55_31_944.jpg,IMG/left_2026_08_31_16_55_31_944.jpg,IMG/right_2026_08_31_16_55_31_944.jpg,0.0,1.0,0.0,30.19023
IMG\center_2026_08_31_21_58_15_336.jpg,IMG\left_2026_08_31_21_58_15_336.jpg,IMG\right_2026_08_31_21_58_15_336.jpg,0.1075077,1.0,0.0,30.1872
IMG/center_2026_08_30_19_24_31_079.jpg,IMG/left_2026_08_30_19_24_31_079.jpg,IMG/right_2026_08_30_19_24_31_079.jpg,-0.225447,1.0,0.0,30.17704
IMG/center_2026_08_31_16_55_17_065.jpg,IMG/left_2026_08_31_16_55_17_065.jpg,IMG/right_2026_08_31_16_55_17_065.jpg,-0.3317259,1.0,0.0,30.16433
IMG/center_2026_08_31_16_52_45_165.jpg,IMG/left_2026_08_31_16_52_45_165.jpg,IMG/right_2026_08_31_16_52_45_165.jpg,0.0,1.0,0.0,30.19036
IMG/center_2026_08_30_19_28_18_640.jpg,IMG/left_2026_08_30_19_28_18_640.jpg,IMG/right_2026_08_30_19_28_18_640.jpg,-1.0,1.0,0.0,0.1502334
IMG/center_2026_08_31_16_53_51_204.jpg,IMG/left_2026_08_31_16_53_51_204.jpg,IMG/right_2026_08_31_16_53_51_204.jpg,0.0,1.0,0.0,30.19079
IMG/center_2026_08_30_19_25_42_169.jpg,IMG/left_2026_08_30_19_25_42_169.jpg,IMG/right_2026_08_30_19_25_42_169.jpg,-0.1219482,1.0,0.0,30.18982
IMG/center_2026_08_30_19_24_35_787.jpg,IMG/left_2026_08_30_19_24_35_787.jpg,IMG/right_2026_08_30_19_24_35_787.jpg,0.0,1.0,0.0,30.19032
IMG/center_2026_08_31_16_53_48_380.jpg,IMG/left_2026_08_31_16_53_48_380.jpg,IMG/right_2026_08_31_16_53_48_380.jpg,0.0,1.0,0.0,30.1905
IMG/center_2026_08_31_16_54_06_402.jpg,IMG/left_2026_08_31_16_54_06_402.jpg,IMG/right_2026_08_31_16_54_06_402.jpg,-0.0538971,1.0,0.0,30.18795
IMG/center_2026_08_31_16_54_25_563.jpg,IMG/left_2026_08_31_16_54_25_563.jpg,IMG/right_2026_08_31_16_54_25_563.jpg,0.454302,1.0,0.0,30.13319
IMG/center_2026_08_31_16_55_34_211.jpg,IMG/left_2026_08_31_16_55_34_211.jpg,IMG/right_2026_08_31_16_55_34_211.jpg,1.0,1.0,0.0,10.3442
IMG/center_2026_08_31_16_54_55_076.jpg,IMG/left_2026_08_31_16_54_55_076.jpg,IMG/right_2026_08_31_16_54_55_076.jpg,-0.2354238,1.0,0.0,30.19709
IMG/center_2026_08_30_19_27_10_898.jpg,IMG/left_2026_08_30_19_27_10_898.jpg,IMG/right_2026_08_30_19_27_10_898.jpg,0.0,1.0,0.0,30.19013
IMG/center_2026_08_30_19_25_29_002.jpg,IMG/left_2026_08_30_19_25_29_002.jpg,IMG/right_2026_08_30_19_25_29_002.jpg,0.0,1.0,0.0,30.1903
IMG\center_2026_08_31_21_50_56_166.jpg,IMG\left_2026_08_31_21_50_56_166.jpg,IMG\right_2026_08_31_21_50_56_166.jpg,-0.2276255,1.0,0.0,26.08786
IMG/center_2026_08_31_16_53_07_309.jpg,IMG/left_2026_08_31_16_53_07_309.jpg,IMG/right_2026_08_31_16_53_07_309.jpg,-0.9707068,0.0,0.0,0.006291843
IMG/center_2026_08_30_19_27_05_676.jpg,IMG/left_2026_08_30_19_27_05_676.jpg,IMG/right_2026_08_30_19_27_05_676.jpg,-0.1383132,1.0,0.0,30.19163
IMG/center_2026_08_30_19_24_43_632.jpg,IMG/left_2026_08_30_19_24_43_632.jpg,IMG/right_2026_08_30_19_24_43_632.jpg,-0.0630387,1.0,0.0,30.18915
IMG/center_2026_08_31_16_53_56_336.jpg,IMG/left_2026_08_31_16_53_56_336.jpg,IMG/right_2026_08_31_16_53_56_336.jpg,-0.3165816,1.0,0.0,30.16632
IMG/center_2026_08_30_19_26_32_649.jpg,IMG/left_2026_08_30_19_26_32_649.jpg,IMG/right_2026_08_30_19_26_32_649.jpg,0.0,1.0,0.0,30.07653
IMG/center_2026_08_30_19_24_23_478.jpg,IMG/left_2026_08_30_19_24_23_478.jpg,IMG/right_2026_08_30_19_24_23_478.jpg,0.0,1.0,0.0,30.19029
IMG/center_2026_08_31_16_54_09_995.jpg,IMG/left_2026_08_31_16_54_09_995.jpg,IMG/right_2026_08_31_16_54_09_995.jpg,-0.9416641,1.0,0.0,30.09728
IMG/center_2026_08_31_16_55_24_064.jpg,IMG/left_2026_08_31_16_55_24_064.jpg,IMG/right_2026_08_31_16_55_24_064.jpg,0.9711518,1.0,0.0,30.08853
IMG/center_2026_08_31_16_53_47_750.jpg,IMG/left_2026_08_31_16_53_47_750.jpg,IMG/right_2026_08_31_16_53_47_750.jpg,0.0,1.0,0.0,30.18925
IMG/center_2026_08_31_16_55_46_800.jpg,IMG/left_2026_08_31_16_55_46_800.jpg,IMG/right_2026_08_31_16_55_46_800.jpg,0.0,1.0,0.0,30.23772
IMG/center_2026_08_31_16_54_21_803.jpg,IMG/left_2026_08_31_16_54_21_803.jpg,IMG/right_2026_08_31_16_54_21_803.jpg,0.6395229,1.0,0.0,30.1208
IMG/center_2026_08_31_16_52_44_022.jpg,IMG/left_2026_08_31_16_52_44_022.jpg,IMG/right_2026_08_31_16_52_44_022.jpg,-0.5070786,1.0,0.0,30.19292
IMG/center_2026_08_30_19_28_11_607.jpg,IMG/left_2026_08_30_19_28_11_607.jpg,IMG/right_2026_08_30_19_28_11_607.jpg,0.0,1.0,0.0,30.19029
IMG/center_2026_08_30_19_26_35_266.jpg,IMG/left_2026_08_30_19_26_35_266.jpg,IMG/right_2026_08_30_19_26_35_266.jpg,0.0,1.0,0.0,30.19022
IMG/center_2026_08_30_19_27_21_386.jpg,IMG/left_2026_08_30_19_27_21_386.jpg,IMG/right_2026_08_30_19_27_21_386.jpg,0.0,1.0,0.0,30.19037
IMG/center_2026_08_30_19_27_08_187.jpg,IMG/left_2026_08_30_19_27_08_187.jpg,IMG/right_2026_08_30_19_27_08_187.jpg,0.0,1.0,0.0,30.19039
IMG\center_2026_08_31_21_58_16_369.jpg,IMG\left_2026_08_31_21_58_16_369.jpg,IMG\right_2026_08_31_21_58_16_369.jpg,-0.1802847,1.0,0.0,30.18265
IMG/center_2026_08_31_16_54_13_810.jpg,IMG/left_2026_08_31_16_54_13_810.jpg,IMG/right_2026_08_31_16_54_13_810.jpg,-0.2675016,1.0,0.0,30.17212
IMG/center_2026_08_31_16_54_12_149.jpg,IMG/left_2026_08_31_16_54_12_149.jpg,IMG/right_2026_08_31_16_54_12_149.jpg,-0.1916259,1.0,0.0,30.18039
IMG/center_2026_08_31_16_54_49_246.jpg,IMG/left_2026_08_31_16_54_49_246.jpg,IMG/right_2026_08_31_16_54_49_246.jpg,0.0,1.0,0.0,28.67981
IMG\center_2026_08_31_21_52_27_932.jpg,IMG\left_2026_08_31_21_52_27_932.jpg,IMG\right_2026_08_31_21_52_27_932.jpg,-0.3805968,1.0,0.0,30.15766
IMG/center_2026_08_30_19_26_14_094.jpg,IMG/left_2026_08_30_19_26_14_094.jpg,IMG/right_2026_08_30_19_26_14_094.jpg,-0.1592805,1.0,0.0,30.18596
IMG/center_2026_08_31_16_54_23_150.jpg,IMG/left_2026_08_31_16_54_23_150.jpg,IMG/right_2026_08_31_16_54_23_150.jpg,-0.330719,1.0,0.0,30.2066
IMG/center_2026_08_30_19_28_17_703.jpg,IMG/left_2026_08_30_19_28_17_703.jpg,IMG/right_2026_08_30_19_28_17_703.jpg,0.0,1.0,0.0,17.84358
IMG\center_2026_08_31_21_56_40_832.jpg,IMG\left_2026_08_31_21_56_40_832.jpg,IMG\right_2026_08_31_21_56_40_832.jpg,0.0,1.0,0.0,30.19027
IMG/center_2026_08_30_19_25_51_877.jpg,IMG/left_2026_08_30_19_25_51_877.jpg,IMG/right_2026_08_30_19_25_51_877.jpg,0.0,1.0,0.0,30.19029
IMG\center_2026_08_31_21_52_33_293.jpg,IMG\left_2026_08_31_21_52_33_293.jpg,IMG\right_2026_08_31_21_52_33_293.jpg,0.0,1.0,0.0,30.19028
IMG/center_2026_08_30_19_28_17_078.jpg,IMG/left_2026_08_30_19_28_17_078.jpg,IMG/right_2026_08_30_19_28_17_078.jpg,-0.1191888,1.0,0.0,30.19142
IMG/center_2026_08_30_19_24_31_180.jpg,IMG/left_2026_08_30_19_24_31_180.jpg,IMG/right_2026_08_30_19_24_31_180.jpg,0.0,1.0,0.0,30.18965
IMG/center_2026_08_30_19_28_22_364.jpg,IMG/left_2026_08_30_19_28_22_364.jpg,IMG/right_2026_08_30_19_28_22_364.jpg,0.7622334,0.0,0.7829619,0.01885091
IMG/center_2026_08_31_16_54_23_041.jpg,IMG/left_2026_08_31_16_54_23_041.jpg,IMG/right_2026_08_31_16_54_23_041.jpg,-0.6817651,1.0,0.0,30.19755
IMG/center_2026_08_31_16_53_55_083.jpg,IMG/left_2026_08_31_16_53_55_083.jpg,IMG/right_2026_08_31_16_53_55_083.jpg,-0.3705657,1.0,0.0,30.15845
IMG/center_2026_08_31_16_55_15_175.jpg,IMG/left_2026_08_31_16_55_15_175.jpg,IMG/right_2026_08_31_16_55_15_175.jpg,0.0,1.0,0.0,30.18988
IMG/center_2026_08_30_19_26_51_054.jpg,IMG/left_2026_08_30_19_26_51_054.jpg,IMG/right_2026_08_30_19_26_51_054.jpg,0.0,1.0,0.0,30.19115
IMG/center_2026_08_31_16_53_22_317.jpg,IMG/left_2026_08_31_16_53_22_317.jpg,IMG/right_2026_08_31_16_53_22_317.jpg,0.0,0.0,0.0,8.110826e-05
IMG/center_2026_08_30_19_27_14_370.jpg,IMG/left_2026_08_30_19_27_14_370.jpg,IMG/right_2026_08_30_19_27_14_370.jpg,-0.1081986,1.0,0.0,30.18647
IMG/center_2026_08_30_19_27_54_796.jpg,IMG/left_2026_08_30_19_27_54_796.jpg,IMG/right_2026_08_30_19_27_54_796.jpg,-0.1338657,1.0,0.0,30.18434
IMG/center_2026_08_30_19_24_46_339.jpg,IMG/left_2026_08_30_19_24_46_339.jpg,IMG/right_2026_08_30_19_24_46_339.jpg,-0.2335968,1.0,0.0,30.17743
IMG\center_2026_08_31_21_58_06_655.jpg,IMG\left_2026_08_31_21_58_06_655.jpg,IMG\right_2026_08_31_21_58_06_655.jpg,0.0,1.0,0.0,30.19029
IMG/center_2026_08_31_16_52_51_308.jpg,IMG/left_2026_08_31_16_52_51_308.jpg,IMG/right_2026_08_31_16_52_51_308.jpg,-0.2069067,1.0,0.0,30.19165
IMG/center_2026_08_30_19_28_01_853.jpg,IMG/left_2026_08_30_19_28_01_853.jpg,IMG/right_2026_08_30_19_28_01_853.jpg,-0.233661,1.0,0.0,30.18764
IMG\center_2026_08_31_21_58_09_643.jpg,IMG\left_2026_08_31_21_58_09_643.jpg,IMG\right_2026_08_31_21_58_09_643.jpg,-0.7488819,1.0,0.0,30.12782
IMG/center_2026_08_31_16_54_46_864.jpg,IMG/left_2026_08_31_16_54_46_864.jpg,IMG/right_2026_08_31_16_54_46_864.jpg,0.0856887,1.0,0.0,30.1885
IMG/center_2026_08_30_19_24_16_713.jpg,IMG/left_2026_08_30_19_24_16_713.jpg,IMG/right_2026_08_30_19_24_16_713.jpg,0.0,1.0,0.0,30.19021
IMG/center_2026_08_31_16_54_59_378.jpg,IMG/left_2026_08_31_16_54_59_378.jpg,IMG/right_2026_08_31_16_54_59_378.jpg,0.3389064,1.0,0.0,30.1609
IMG/center_2026_08_30_19_25_04_115.jpg,IMG/left_2026_08_30_19_25_04_115.jpg,IMG/right_2026_08_30_19_25_04_115.jpg,0.0,1.0,0.0,30.18995
IMG\center_2026_08_31_22_01_06_769.jpg,IMG\left_2026_08_31_22_01_06_769.jpg,IMG\right_2026_08_31_22_01_06_769.jpg,-0.07119843,1.0,0.0,30.31268
IMG/center_2026_08_31_16_55_53_568.jpg,IMG/left_2026_08_31_16_55_53_568.jpg,IMG/right_2026_08_31_16_55_53_568.jpg,0.0,0.0,0.0,0.000611075
IMG\center_2026_08_31_21_56_51_710.jpg,IMG\left_2026_08_31_21_56_51_710.jpg,IMG\right_2026_08_31_21_56_51_710.jpg,0.0,1.0,0.0,30.1905
IMG/center_2026_08_31_16_52_46_604.jpg,IMG/left_2026_08_31_16_52_46_604.jpg,IMG/right_2026_08_31_16_52_46_604.jpg,-0.8869492,1.0,0.0,29.2848
IMG/center_2026_08_31_16_55_36_980.jpg,IMG/left_2026_08_31_16_55_36_980.jpg,IMG/right_2026_08_31_16_55_36_980.jpg,-0.3451608,1.0,0.0,26.73517
IMG/center_2026_08_30_19_27_30_589.jpg,IMG/left_2026_08_30_19_27_30_589.jpg,IMG/right_2026_08_30_19_27_30_589.jpg,0.0,1.0,0.0,30.19038
IMG/center_2026_08_31_16_55_05_827.jpg,IMG/left_2026_08_31_16_55_05_827.jpg,IMG/right_2026_08_31_16_55_05_827.jpg,0.0,1.0,0.0,30.19041
IMG/center_2026_08_30_19_27_37_621.jpg,IMG/left_2026_08_30_19_27_37_621.jpg,IMG/right_2026_08_30_19_27_37_621.jpg,-0.316353,1.0,0.0,30.16668
IMG\center_2026_08_31_21_56_56_472.jpg,IMG\left_2026_08_31_21_56_56_472.jpg,IMG\right_2026_08_31_21_56_56_472.jpg,0.0,1.0,0.0,30.1899
IMG/center_2026_08_31_16_55_04_478.jpg,IMG/left_2026_08_31_16_55_04_478.jpg,IMG/right_2026_08_31_16_55_04_478.jpg,-0.8392429,1.0,0.0,30.10279
IMG/center_2026_08_30_19_25_50_941.jpg,IMG/left_2026_08_30_19_25_50_941.jpg,IMG/right_2026_08_30_19_25_50_941.jpg,0.0,1.0,0.0,30.19024
IMG/center_2026_08_30_19_24_25_035.jpg,IMG/left_2026_08_30_19_24_25_035.jpg,IMG/right_2026_08_30_19_24_25_035.jpg,0.0,1.0,0.0,30.19031
IMG/center_2026_08_30_19_27_12_690.jpg,IMG/left_2026_08_30_19_27_12_690.jpg,IMG/right_2026_08_30_19_27_12_690.jpg,-0.2106144,1.0,0.0,30.1782
IMG/center_2026_08_30_19_27_59_379.jpg,IMG/left_2026_08_30_19_27_59_379.jpg,IMG/right_2026_08_30_19_27_59_379.jpg,0.0,1.0,0.0,30.19051
IMG\center_2026_08_31_21_50_54_105.jpg,IMG\left_2026_08_31_21_50_54_105.jpg,IMG\right_2026_08_31_21_50_54_105.jpg,0.0,0.5567859,0.0,6.431466
IMG/center_2026_08_31_16_54_09_891.jpg,IMG/left_2026_08_31_16_54_09_891.jpg,IMG/right_2026_08_31_16_54_09_891.jpg,-0.7631509,1.0,0.0,30.1089
IMG/center_2026_08_30_19_27_52_102.jpg,IMG/left_2026_08_30_19_27_52_102.jpg,IMG/right_2026_08_30_19_27_52_102.jpg,0.0,1.0,0.0,30.18944
IMG/center_2026_08_30_19_25_23_691.jpg,IMG/left_2026_08_30_19_25_23_691.jpg,IMG/right_2026_08_30_19_25_23_691.jpg,0.4132336,1.0,0.0,30.18256
IMG/center_2026_08_30_19_24_32_749.jpg,IMG/left_2026_08_30_19_24_32_749.jpg,IMG/right_2026_08_30_19_24_32_749.jpg,-0.1073409,1.0,0.0,30.19059
IMG/center_2026_08_31_16_52_41_330.jpg,IMG/left_2026_08_31_16_52_41_330.jpg,IMG/right_2026_08_31_16_52_41_330.jpg,-0.2670621,1.0,0.0,17.36927
IMG/center_2026_08_30_19_28_04_757.jpg,IMG/left_2026_08_30_19_28_04_757.jpg,IMG/right_2026_08_30_19_28_04_757.jpg,-0.3667398,1.0,0.0,30.16475
IMG/center_2026_08_30_19_25_01_420.jpg,IMG/left_2026_08_30_19_25_01_420.jpg,IMG/right_2026_08_30_19_25_01_420.jpg,0.0,1.0,0.0,30.18999
IMG/center_2026_08_30_19_24_22_540.jpg,IMG/left_2026_08_30_19_24_22_540.jpg,IMG/right_2026_08_30_19_24_22_540.jpg,-0.1303911,1.0,0.0,30.18578
IMG\center_2026_08_31_21_58_08_710.jpg,IMG\left_2026_08_31_21_58_08_710.jpg,IMG\right_2026_08_31_21_58_08_710.jpg,-0.3593016,1.0,0.0,30.16605
IMG/center_2026_08_30_19_27_15_531.jpg,IMG/left_2026_08_30_19_27_15_531.jpg,IMG/right_2026_08_30_19_27_15_531.jpg,0.0,1.0,0.0,30.19017
IMG/center_2026_08_31_16_54_10_098.jpg,IMG/left_2026_08_31_16_54_10_098.jpg,IMG/right_2026_08_31_16_54_10_098.jpg,-0.6496285,1.0,0.0,30.18838
IMG/center_2026_08_31_16_55_05_095.jpg,IMG/left_2026_08_31_16_55_05_095.jpg,IMG/right_2026_08_31_16_55_05_095.jpg,0.5846046,1.0,0.0,30.11296
IMG/center_2026_08_30_19_24_21_604.jpg,IMG/left_2026_08_30_19_24_21_604.jpg,IMG/right_2026_08_30_19_24_21_604.jpg,-0.1168782,1.0,0.0,30.19004
IMG/center_2026_08_31_16_53_25_096.jpg,IMG/left_2026_08_31_16_53_25_096.jpg,IMG/right_2026_08_31_16_53_25_096.jpg,-0.1170609,1.0,0.0,15.94032
IMG\center_2026_08_31_21_56_53_158.jpg,IMG\left_2026_08_31_21_56_53_158.jpg,IMG\right_2026_08_31_21_56_53_158.jpg,-0.3119397,1.0,0.0,30.16773
IMG/center_2026_08_31_16_55_40_821.jpg,IMG/left_2026_08_31_16_55_40_821.jpg,IMG/right_2026_08_31_16_55_40_821.jpg,1.0,1.0,0.0,30.13679
IMG/center_2026_08_30_19_25_01_108.jpg,IMG/left_2026_08_30_19_25_01_108.jpg,IMG/right_2026_08_30_19_25_01_108.jpg,0.0,1.0,0.0,30.1883
IMG/center_2026_08_31_16_55_20_415.jpg,IMG/left_2026_08_31_16_55_20_415.jpg,IMG/right_2026_08_31_16_55_20_415.jpg,0.422721,1.0,0.0,30.181
IMG/center_2026_08_31_16_52_46_813.jpg,IMG/left_2026_08_31_16_52_46_813.jpg,IMG/right_2026_08_31_16_52_46_813.jpg,-1.0,1.0,0.0,29.05406
IMG/center_2026_08_31_16_55_42_565.jpg,IMG/left_2026_08_31_16_55_42_565.jpg,IMG/right_2026_08_31_16_55_42_565.jpg,-1.0,1.0,0.0,17.58947
IMG/center_2026_08_30_19_27_56_981.jpg,IMG/left_2026_08_30_19_27_56_981.jpg,IMG/right_2026_08_30_19_27_56_981.jpg,0.0,1.0,0.0,30.19028
IMG/center_2026_08_30_19_26_48_339.jpg,IMG/left_2026_08_30_19_26_48_339.jpg,IMG/right_2026_08_30_19_26_48_339.jpg,0.0,1.0,0.0,30.188
IMG/center_2026_08_31_16_55_41_640.jpg,IMG/left_2026_08_31_16_55_41_640.jpg,IMG/right_2026_08_31_16_55_41_640.jpg,-1.0,1.0,0.0,28.46414
IMG/center_2026_08_30_19_24_12_478.jpg,IMG/left_2026_08_30_19_24_12_478.jpg,IMG/right_2026_08_30_19_24_12_478.jpg,-0.3113469,1.0,0.0,30.16847
IMG/center_2026_08_30_19_25_38_192.jpg,IMG/left_2026_08_30_19_25_38_192.jpg,IMG/right_2026_08_30_19_25_38_192.jpg,-0.1249785,1.0,0.0,30.1916
IMG/center_2026_08_30_19_26_33_816.jpg,IMG/left_2026_08_30_19_26_33_816.jpg,IMG/right_2026_08_30_19_26_33_816.jpg,0.0,1.0,0.0,30.1903
IMG/center_2026_08_30_19_26_13_366.jpg,IMG/left_2026_08_30_19_26_13_366.jpg,IMG/right_2026_08_30_19_26_13_366.jpg,-0.2254941,1.0,0.0,30.17791
IMG/center_2026_08_30_19_26_22_146.jpg,IMG/left_2026_08_30_19_26_22_146.jpg,IMG/right_2026_08_30_19_26_22_146.jpg,0.0,1.0,0.0,30.19032
IMG/center_2026_08_31_16_55_34_311.jpg,IMG/left_2026_08_31_16_55_34_311.jpg,IMG/right_2026_08_31_16_55_34_311.jpg,1.0,1.0,0.0,9.487619
IMG\center_2026_08_31_21_59_31_963.jpg,IMG\left_2026_08_31_21_59_31_963.jpg,IMG\right_2026_08_31_21_59_31_963.jpg,-0.05962015,1.0,0.0,30.19024
IMG/center_2026_08_30_19_26_51_575.jpg,IMG/left_2026_08_30_19_26_51_575.jpg,IMG/right_2026_08_30_19_26_51_575.jpg,0.0,1.0,0.0,30.19007
IMG/center_2026_08_30_19_26_47_604.jpg,IMG/left_2026_08_30_19_26_47_604.jpg,IMG/right_2026_08_30_19_26_47_604.jpg,0.602674,1.0,0.0,30.13831
IMG\center_2026_08_31_21_56_55_015.jpg,IMG\left_2026_08_31_21_56_55_015.jpg,IMG\right_2026_08_31_21_56_55_015.jpg,0.0,1.0,0.0,30.19027
IMG\center_2026_08_31_21_59_37_348.jpg,IMG\left_2026_08_31_21_59_37_348.jpg,IMG\right_2026_08_31_21_59_37_348.jpg,-0.6171865,1.0,0.0,30.12581
IMG/center_2026_08_30_19_26_12_643.jpg,IMG/left_2026_08_30_19_26_12_643.jpg,IMG/right_2026_08_30_19_26_12_643.jpg,0.0,1.0,0.0,30.19018
IMG/center_2026_08_30_19_27_42_589.jpg,IMG/left_2026_08_30_19_27_42_589.jpg,IMG/right_2026_08_30_19_27_42_589.jpg,0.0,1.0,0.0,30.18797
IMG/center_2026_08_31_16_53_09_485.jpg,IMG/left_2026_08_31_16_53_09_485.jpg,IMG/right_2026_08_31_16_53_09_485.jpg,0.0,0.0,0.0,0.000731865
IMG/center_2026_08_30_19_27_49_711.jpg,IMG/left_2026_08_30_19_27_49_711.jpg,IMG/right_2026_08_30_19_27_49_711.jpg,0.0,1.0,0.0,30.18991
IMG/center_2026_08_31_16_55_04_579.jpg,IMG/left_2026_08_31_16_55_04_579.jpg,IMG/right_2026_08_31_16_55_04_579.jpg,-0.9315088,1.0,0.0,30.10558
IMG/center_2026_08_30_19_24_12_785.jpg,IMG/left_2026_08_30_19_24_12_785.jpg,IMG/right_2026_08_30_19_24_12_785.jpg,0.0,1.0,0.0,30.1902
IMG/center_2026_08_31_16_55_48_053.jpg,IMG/left_2026_08_31_16_55_48_053.jpg,IMG/right_2026_08_31_16_55_48_053.jpg,-0.9619171,1.0,0.0,5.094144
IMG/center_2026_08_30_19_28_13_769.jpg,IMG/left_2026_08_30_19_28_13_769.jpg,IMG/right_2026_08_30_19_28_13_769.jpg,0.0,1.0,0.0,30.1903
IMG/center_2026_08_30_19_26_19_680.jpg,IMG/left_2026_08_30_19_26_19_680.jpg,IMG/right_2026_08_30_19_26_19_680.jpg,-0.1572474,1.0,0.0,30.18858
IMG/center_2026_08_31_16_55_24_277.jpg,IMG/left_2026_08_31_16_55_24_277.jpg,IMG/right_2026_08_31_16_55_24_277.jpg,0.6111345,1.0,0.0,30.19543
IMG/center_2026_08_30_19_25_46_250.jpg,IMG/left_2026_08_30_19_25_46_250.jpg,IMG/right_2026_08_30_19_25_46_250.jpg,-0.1427097,1.0,0.0,30.18948
IMG/center_2026_08_30_19_25_39_345.jpg,IMG/left_2026_08_30_19_25_39_345.jpg,IMG/right_2026_08_30_19_25_39_345.jpg,-0.03005793,1.0,0.0,30.19002
IMG/center_2026_08_30_19_28_20_917.jpg,IMG/left_2026_08_30_19_28_20_917.jpg,IMG/right_2026_08_30_19_28_20_917.jpg,-1.0,1.0,0.0,0.001062073
IMG/center_2026_08_30_19_28_13_565.jpg,IMG/left_2026_08_30_19_28_13_565.jpg,IMG/right_2026_08_30_19_28_13_565.jpg,0.0,1.0,0.0,30.1903
IMG/center_2026_08_31_16_55_51_700.jpg,IMG/left_2026_08_31_16_55_51_700.jpg,IMG/right_2026_08_31_16_55_51_700.jpg,1.0,0.0,1.0,0.002970488
IMG\center_2026_08_31_21_52_24_730.jpg,IMG\left_2026_08_31_21_52_24_730.jpg,IMG\right_2026_08_31_21_52_24_730.jpg,-0.1014945,1.0,0.0,30.18855
IMG\center_2026_08_31_21_52_26_903.jpg,IMG\left_2026_08_31_21_52_26_903.jpg,IMG\right_2026_08_31_21_52_26_903.jpg,0.0,1.0,0.0,30.1907
IMG/center_2026_08_30_19_26_46_166.jpg,IMG/left_2026_08_30_19_26_46_166.jpg,IMG/right_2026_08_30_19_26_46_166.jpg,0.293148,1.0,0.0,30.16968
IMG/center_2026_08_31_16_53_34_015.jpg,IMG/left_2026_08_31_16_53_34_015.jpg,IMG/right_2026_08_31_16_53_34_015.jpg,0.0,1.0,0.0,30.19069
IMG/center_2026_08_31_16_55_32_768.jpg,IMG/left_2026_08_31_16_55_32_768.jpg,IMG/right_2026_08_31_16_55_32_768.jpg,-0.1824613,1.0,0.0,30.19142
IMG/center_2026_08_30_19_26_45_751.jpg,IMG/left_2026_08_30_19_26_45_751.jpg,IMG/right_2026_08_30_19_26_45_751.jpg,0.3056706,1.0,0.0,30.16869
IMG/center_2026_08_31_16_53_55_394.jpg,IMG/left_2026_08_31_16_53_55_394.jpg,IMG/right_2026_08_31_16_53_55_394.jpg,0.0,1.0,0.0,30.18921
IMG/center_2026_08_31_16_55_34_827.jpg,IMG/left_2026_08_31_16_55_34_827.jpg,IMG/right_2026_08_31_16_55_34_827.jpg,0.7226974,1.0,0.0,12.98082
IMG/center_2026_08_31_16_52_48_581.jpg,IMG/left_2026_08_31_16_52_48_581.jpg,IMG/right_2026_08_31_16_52_48_581.jpg,0.1203864,1.0,0.0,30.1879
IMG/center_2026_08_31_16_55_11_937.jpg,IMG/left_2026_08_31_16_55_11_937.jpg,IMG/right_2026_08_31_16_55_11_937.jpg,0.0,1.0,0.0,9.318344
IMG/center_2026_08_31_16_55_18_216.jpg,IMG/left_2026_08_31_16_55_18_216.jpg,IMG/right_2026_08_31_16_55_18_216.jpg,0.8791177,1.0,0.0,30.09921
IMG/center_2026_08_31_16_52_54_862.jpg,IMG/left_2026_08_31_16_52_54_862.jpg,IMG/right_2026_08_31_16_52_54_862.jpg,-0.2611796,1.0,0.0,30.20047
IMG\center_2026_08_31_21_55_29_840.jpg,IMG\left_2026_08_31_21_55_29_840.jpg,IMG\right_2026_08_31_21_55_29_840.jpg,0.0,1.0,0.0,30.18937
IMG/center_2026_08_30_19_27_32_147.jpg,IMG/left_2026_08_30_19_27_32_147.jpg,IMG/right_2026_08_30_19_27_32_147.jpg,0.0,1.0,0.0,30.18843
IMG\center_2026_08_31_21_58_00_729.jpg,IMG\left_2026_08_31_21_58_00_729.jpg,IMG\right_2026_08_31_21_58_00_729.jpg,0.0,1.0,0.0,30.19027
IMG/center_2026_08_30_19_25_35_503.jpg,IMG/left_2026_08_30_19_25_35_503.jpg,IMG/right_2026_08_30_19_25_35_503.jpg,0.0,1.0,0.0,30.18759
IMG/center_2026_08_31_16_52_51_092.jpg,IMG/left_2026_08_31_16_52_51_092.jpg,IMG/right_2026_08_31_16_52_51_092.jpg,-0.1801932,1.0,0.0,30.18105
IMG\center_2026_08_31_22_01_05_529.jpg,IMG\left_2026_08_31_22_01_05_529.jpg,IMG\right_2026_08_31_22_01_05_529.jpg,0.2094447,1.0,0.0,30.18278
IMG/center_2026_08_31_16_53_34_223.jpg,IMG/left_2026_08_31_16_53_34_223.jpg,IMG/right_2026_08_31_16_53_34_223.jpg,0.0,1.0,0.0,30.19067
IMG/center_2026_08_30_19_25_50_523.jpg,IMG/left_2026_08_30_19_25_50_523.jpg,IMG/right_2026_08_30_19_25_50_523.jpg,0.0,1.0,0.0,30.1903
IMG/center_2026_08_31_16_55_17_582.jpg,IMG/left_2026_08_31_16_55_17_582.jpg,IMG/right_2026_08_31_16_55_17_582.jpg,-0.01251596,1.0,0.0,30.18521
IMG/center_2026_08_30_19_28_07_342.jpg,IMG/left_2026_08_30_19_28_07_342.jpg,IMG/right_2026_08_30_19_28_07_342.jpg,-0.20826,1.0,0.0,30.1793
IMG/center_2026_08_31_16_54_50_294.jpg,IMG/left_2026_08_31_16_54_50_294.jpg,IMG/right_2026_08_31_16_54_50_294.jpg,1.0,1.0,0.0,30.09354
IMG\center_2026_08_31_21_58_03_432.jpg,IMG\left_2026_08_31_21_58_03_432.jpg,IMG\right_2026_08_31_21_58_03_432.jpg,0.0,1.0,0.0,30.19025
IMG/center_2026_08_30_19_25_11_795.jpg,IMG/left_2026_08_30_19_25_11_795.jpg,IMG/right_2026_08_30_19_25_11_795.jpg,0.0,1.0,0.0,30.19007
IMG/center_2026_08_31_16_55_29_974.jpg,IMG/left_2026_08_31_16_55_29_974.jpg,IMG/right_2026_08_31_16_55_29_974.jpg,0.0,1.0,0.0,30.19029
IMG\center_2026_08_31_21_55_15_155.jpg,IMG\left_2026_08_31_21_55_15_155.jpg,IMG\right_2026_08_31_21_55_15_155.jpg,-0.646791,1.0,0.0,30.13034
IMG/center_2026_08_31_16_53_54_978.jpg,IMG/left_2026_08_31_16_53_54_978.jpg,IMG/right_2026_08_31_16_53_54_978.jpg,-0.08004481,1.0,0.0,30.18926
IMG/center_2026_08_31_16_53_49_733.jpg,IMG/left_2026_08_31_16_53_49_733.jpg,IMG/right_2026_08_31_16_53_49_733.jpg,0.4698375,1.0,0.0,30.17233
IMG/center_2026_08_30_19_24_14_850.jpg,IMG/left_2026_08_30_19_24_14_850.jpg,IMG/right_2026_08_30_19_24_14_850.jpg,0.0,1.0,0.0,30.19069
IMG/center_2026_08_31_16_53_21_498.jpg,IMG/left_2026_08_31_16_53_21_498.jpg,IMG/right_2026_08_31_16_53_21_498.jpg,0.0,0.0,0.0,8.094445e-05
IMG/center_2026_08_31_16_53_50_158.jpg,IMG/left_2026_08_31_16_53_50_158.jpg,IMG/right_2026_08_31_16_53_50_158.jpg,0.0781515,1.0,0.0,30.10265
IMG/center_2026_08_30_19_24_52_745.jpg,IMG/left_2026_08_30_19_24_52_745.jpg,IMG/right_2026_08_30_19_24_52_745.jpg,0.0,1.0,0.0,30.19012
IMG\center_2026_08_31_21_59_33_515.jpg,IMG\left_2026_08_31_21_59_33_515.jpg,IMG\right_2026_08_31_21_59_33_515.jpg,-0.0543288,1.0,0.0,30.18991
IMG\center_2026_08_31_21_55_25_089.jpg,IMG\left_2026_08_31_21_55_25_089.jpg,IMG\right_2026_08_31_21_55_25_089.jpg,0.0,1.0,0.0,30.19029
IMG/center_2026_08_31_16_53_08_042.jpg,IMG/left_2026_08_31_16_53_08_042.jpg,IMG/right_2026_08_31_16_53_08_042.jpg,-0.5271421,0.0,0.0,0.003343017
IMG/center_2026_08_31_16_53_55_187.jpg,IMG/left_2026_08_31_16_53_55_187.jpg,IMG/right_2026_08_31_16_53_55_187.jpg,-0.4278744,1.0,0.0,30.17157
IMG\center_2026_08_31_21_56_41_145.jpg,IMG\left_2026_08_31_21_56_41_145.jpg,IMG\right_2026_08_31_21_56_41_145.jpg,-0.3656496,1.0,0.0,30.15893
IMG\center_2026_08_31_21_59_33_925.jpg,IMG\left_2026_08_31_21_59_33_925.jpg,IMG\right_2026_08_31_21_59_33_925.jpg,-0.2932725,1.0,0.0,30.17348
IMG/center_2026_08_30_19_25_10_230.jpg,IMG/left_2026_08_30_19_25_10_230.jpg,IMG/right_2026_08_30_19_25_10_230.jpg,-0.0591504,1.0,0.0,30.19062
IMG/center_2026_08_31_16_55_41_025.jpg,IMG/left_2026_08_31_16_55_41_025.jpg,IMG/right_2026_08_31_16_55_41_025.jpg,1.0,0.7005422,0.0,30.07757
IMG/center_2026_08_30_19_27_41_758.jpg,IMG/left_2026_08_30_19_27_41_758.jpg,IMG/right_2026_08_30_19_27_41_758.jpg,0.0,1.0,0.0,30.19542
IMG/center_2026_08_30_19_27_01_062.jpg,IMG/left_2026_08_30_19_27_01_062.jpg,IMG/right_2026_08_30_19_27_01_062.jpg,0.0,1.0,0.0,30.19044
IMG/center_2026_08_31_16_52_43_818.jpg,IMG/left_2026_08_31_16_52_43_818.jpg,IMG/right_2026_08_31_16_52_43_818.jpg,-0.6339233,1.0,0.0,30.12323
IMG/center_2026_08_30_19_26_59_199.jpg,IMG/left_2026_08_30_19_26_59_199.jpg,IMG/right_2026_08_30_19_26_59_199.jpg,-0.06521256,1.0,0.0,30.19125
IMG/center_2026_08_31_16_55_20_208.jpg,IMG/left_2026_08_31_16_55_20_208.jpg,IMG/right_2026_08_31_16_55_20_208.jpg,0.1575951,1.0,0.0,30.18365
IMG/center_2026_08_31_16_55_48_781.jpg,IMG/left_2026_08_31_16_55_48_781.jpg,IMG/right_2026_08_31_16_55_48_781.jpg,1.0,1.0,0.0,0.00483135
IMG/center_2026_08_30_19_25_21_407.jpg,IMG/left_2026_08_30_19_25_21_407.jpg,IMG/right_2026_08_30_19_25_21_407.jpg,0.0,1.0,0.0,30.1903
IMG\center_2026_08_31_22_01_03_980.jpg,IMG\left_2026_08_31_22_01_03_980.jpg,IMG\right_2026_08_31_22_01_03_980.jpg,-0.0771549,1.0,0.0,30.18917
IMG/center_2026_08_30_19_27_42_275.jpg,IMG/left_2026_08_30_19_27_42_275.jpg,IMG/right_2026_08_30_19_27_42_275.jpg,-0.27228,1.0,0.0,30.16728
IMG/center_2026_08_30_19_25_16_930.jpg,IMG/left_2026_08_30_19_25_16_930.jpg,IMG/right_2026_08_30_19_25_16_930.jpg,0.0,1.0,0.0,30.19031
IMG/center_2026_08_30_19_26_37_142.jpg,IMG/left_2026_08_30_19_26_37_142.jpg,IMG/right_2026_08_30_19_26_37_142.jpg,-0.2327844,1.0,0.0,30.19423
IMG/center_2026_08_30_19_26_40_563.jpg,IMG/left_2026_08_30_19_26_40_563.jpg,IMG/right_2026_08_30_19_26_40_563.jpg,-0.1400901,1.0,0.0,30.18511
IMG/center_2026_08_30_19_26_19_476.jpg,IMG/left_2026_08_30_19_26_19_476.jpg,IMG/right_2026_08_30_19_26_19_476.jpg,0.0,1.0,0.0,30.19031
IMG/center_2026_08_30_19_26_10_682.jpg,IMG/left_2026_08_30_19_26_10_682.jpg,IMG/right_2026_08_30_19_26_10_682.jpg,-0.0203094,1.0,0.0,30.1902
IMG/center_2026_08_31_16_53_48_897.jpg,IMG/left_2026_08_31_16_53_48_897.jpg,IMG/right_2026_08_31_16_53_48_897.jpg,-0.5384771,1.0,0.0,30.18927
IMG/center_2026_08_30_19_25_02_875.jpg,IMG/left_2026_08_30_19_25_02_875.jpg,IMG/right_2026_08_30_19_25_02_875.jpg,0.0,1.0,0.0,30.18988
IMG/center_2026_08_30_19_26_20_601.jpg,IMG/left_2026_08_30_19_26_20_601.jpg,IMG/right_2026_08_30_19_26_20_601.jpg,-0.2210616,1.0,0.0,30.17834
IMG\center_2026_08_31_22_01_05_120.jpg,IMG\left_2026_08_31_22_01_05_120.jpg,IMG\right_2026_08_31_22_01_05_120.jpg,0.1509774,1.0,0.0,30.18686
IMG/center_2026_08_30_19_26_24_237.jpg,IMG/left_2026_08_30_19_26_24_237.jpg,IMG/right_2026_08_30_19_26_24_237.jpg,-0.0659844,1.0,0.0,30.18929
IMG/center_2026_08_31_16_54_56_964.jpg,IMG/left_2026_08_31_16_54_56_964.jpg,IMG/right_2026_08_31_16_54_56_964.jpg,0.0,1.0,0.0,30.18591
IMG/center_2026_08_30_19_24_45_196.jpg,IMG/left_2026_08_30_19_24_45_196.jpg,IMG/right_2026_08_30_19_24_45_196.jpg,0.0,1.0,0.0,30.1903
IMG/center_2026_08_31_16_52_58_294.jpg,IMG/left_2026_08_31_16_52_58_294.jpg,IMG/right_2026_08_31_16_52_58_294.jpg,0.3562718,0.0,0.0,25.84011
IMG/center_2026_08_31_16_54_43_643.jpg,IMG/left_2026_08_31_16_54_43_643.jpg,IMG/right_2026_08_31_16_54_43_643.jpg,0.0,1.0,0.0,30.19029
IMG/center_2026_08_30_19_25_38_712.jpg,IMG/left_2026_08_30_19_25_38_712.jpg,IMG/right_2026_08_30_19_25_38_712.jpg,-0.2627721,1.0,0.0,30.17366
IMG/center_2026_08_30_19_24_54_603.jpg,IMG/left_2026_08_30_19_24_54_603.jpg,IMG/right_2026_08_30_19_24_54_603.jpg,0.0,1.0,0.0,30.19026
IMG\center_2026_08_31_22_00_57_261.jpg,IMG\left_2026_08_31_22_00_57_261.jpg,IMG\right_2026_08_31_22_00_57_261.jpg,-0.2077137,1.0,0.0,30.19645
IMG/center_2026_08_31_16_54_50_088.jpg,IMG/left_2026_08_31_16_54_50_088.jpg,IMG/right_2026_08_31_16_54_50_088.jpg,0.3600678,1.0,0.0,30.21629
IMG/center_2026_08_30_19_27_22_844.jpg,IMG/left_2026_08_30_19_27_22_844.jpg,IMG/right_2026_08_30_19_27_22_844.jpg,-0.1339485,1.0,0.0,30.18629
IMG/center_2026_08_30_19_27_32_773.jpg,IMG/left_2026_08_30_19_27_32_773.jpg,IMG/right_2026_08_30_19_27_32_773.jpg,0.0,1.0,0.0,30.19041
IMG/center_2026_08_31_16_53_05_340.jpg,IMG/left_2026_08_31_16_53_05_340.jpg,IMG/right_2026_08_31_16_53_05_340.jpg,0.0,0.0,0.0,0.005191568
IMG\center_2026_08_31_21_51_09_277.jpg,IMG\left_2026_08_31_21_51_09_277.jpg,IMG\right_2026_08_31_21_51_09_277.jpg,0.0,1.0,0.0,30.18748
IMG/center_2026_08_30_19_24_49_034.jpg,IMG/left_2026_08_30_19_24_49_034.jpg,IMG/right_2026_08_30_19_24_49_034.jpg,-0.1750062,1.0,0.0,30.18984
IMG\center_2026_08_31_21_59_30_931.jpg,IMG\left_2026_08_31_21_59_30_931.jpg,IMG\right_2026_08_31_21_59_30_931.jpg,-0.5701698,1.0,0.0,30.16519
IMG/center_2026_08_31_16_53_47_955.jpg,IMG/left_2026_08_31_16_53_47_955.jpg,IMG/right_2026_08_31_16_53_47_955.jpg,-0.3625239,1.0,0.0,30.15884
IMG/center_2026_08_31_16_54_27_647.jpg,IMG/left_2026_08_31_16_54_27_647.jpg,IMG/right_2026_08_31_16_54_27_647.jpg,0.4741335,1.0,0.0,30.14478
IMG/center_2026_08_31_16_54_33_941.jpg,IMG/left_2026_08_31_16_54_33_941.jpg,IMG/right_2026_08_31_16_54_33_941.jpg,0.6320703,1.0,0.0,30.2048
IMG/center_2026_08_31_16_54_06_914.jpg,IMG/left_2026_08_31_16_54_06_914.jpg,IMG/right_2026_08_31_16_54_06_914.jpg,-0.6386451,1.0,0.0,30.12319
IMG/center_2026_08_30_19_26_13_985.jpg,IMG/left_2026_08_30_19_26_13_985.jpg,IMG/right_2026_08_30_19_26_13_985.jpg,0.0,1.0,0.0,30.18998
IMG/center_2026_08_31_16_52_44_126.jpg,IMG/left_2026_08_31_16_52_44_126.jpg,IMG/right_2026_08_31_16_52_44_126.jpg,-0.214257,1.0,0.0,30.19861
IMG/center_2026_08_30_19_25_19_844.jpg,IMG/left_2026_08_30_19_25_19_844.jpg,IMG/right_2026_08_30_19_25_19_844.jpg,0.0,1.0,0.0,30.19031
IMG\center_2026_08_31_22_00_59_035.jpg,IMG\left_2026_08_31_22_00_59_035.jpg,IMG\right_2026_08_31_22_00_59_035.jpg,0.6016037,1.0,0.0,30.12664
IMG/center_2026_08_30_19_26_10_786.jpg,IMG/left_2026_08_30_19_26_10_786.jpg,IMG/right_2026_08_30_19_26_10_786.jpg,-0.2035641,1.0,0.0,30.17944
IMG/center_2026_08_30_19_24_14_335.jpg,IMG/left_2026_08_30_19_24_14_335.jpg,IMG/right_2026_08_30_19_24_14_335.jpg,0.0,1.0,0.0,30.19007
IMG/center_2026_08_31_16_55_39_471.jpg,IMG/left_2026_08_31_16_55_39_471.jpg,IMG/right_2026_08_31_16_55_39_471.jpg,-0.3123405,1.0,0.0,30.16591
IMG/center_2026_08_31_16_55_35_239.jpg,IMG/left_2026_08_31_16_55_35_239.jpg,IMG/right_2026_08_31_16_55_35_239.jpg,-0.1362027,1.0,0.0,15.08268
IMG/center_2026_08_30_19_26_16_381.jpg,IMG/left_2026_08_30_19_26_16_381.jpg,IMG/right_2026_08_30_19_26_16_381.jpg,-0.2257786,1.0,0.0,30.18688
IMG\center_2026_08_31_22_01_02_231.jpg,IMG\left_2026_08_31_22_01_02_231.jpg,IMG\right_2026_08_31_22_01_02_231.jpg,-0.08544033,1.0,0.0,30.19075
IMG\center_2026_08_31_21_51_10_012.jpg,IMG\left_2026_08_31_21_51_10_012.jpg,IMG\right_2026_08_31_21_51_10_012.jpg,0.0,1.0,0.0,30.18996
IMG/center_2026_08_31_16_55_40_614.jpg,IMG/left_2026_08_31_16_55_40_614.jpg,IMG/right_2026_08_31_16_55_40_614.jpg,1.0,1.0,0.0,30.09115
IMG/center_2026_08_30_19_27_02_511.jpg,IMG/left_2026_08_30_19_27_02_511.jpg,IMG/right_2026_08_30_19_27_02_511.jpg,-0.3821583,1.0,0.0,30.15871
IMG/center_2026_08_30_19_27_35_356.jpg,IMG/left_2026_08_30_19_27_35_356.jpg,IMG/right_2026_08_30_19_27_35_356.jpg,-0.05181331,1.0,0.0,30.19248
IMG/center_2026_08_30_19_28_23_299.jpg,IMG/left_2026_08_30_19_28_23_299.jpg,IMG/right_2026_08_30_19_28_23_299.jpg,-1.0,1.0,0.0,0.005433771
IMG/center_2026_08_31_16_54_19_276.jpg,IMG/left_2026_08_31_16_54_19_276.jpg,IMG/right_2026_08_31_16_54_19_276.jpg,0.0,1.0,0.0,30.18965
IMG/center_2026_08_30_19_27_31_011.jpg,IMG/left_2026_08_30_19_27_31_011.jpg,IMG/right_2026_08_30_19_27_31_011.jpg,0.0,1.0,0.0,30.19012
IMG/center_2026_08_31_16_54_23_895.jpg,IMG/left_2026_08_31_16_54_23_895.jpg,IMG/right_2026_08_31_16_54_23_895.jpg,0.6350942,1.0,0.0,30.16829
IMG/center_2026_08_30_19_27_10_058.jpg,IMG/left_2026_08_30_19_27_10_058.jpg,IMG/right_2026_08_30_19_27_10_058.jpg,0.0,1.0,0.0,30.19026
IMG/center_2026_08_30_19_27_51_480.jpg,IMG/left_2026_08_30_19_27_51_480.jpg,IMG/right_2026_08_30_19_27_51_480.jpg,0.0,1.0,0.0,30.18996
IMG\center_2026_08_31_22_01_03_262.jpg,IMG\left_2026_08_31_22_01_03_262.jpg,IMG\right_2026_08_31_22_01_03_262.jpg,0.0,1.0,0.0,30.19028
IMG/center_2026_08_30_19_27_10_697.jpg,IMG/left_2026_08_30_19_27_10_697.jpg,IMG/right_2026_08_30_19_27_10_697.jpg,0.0,1.0,0.0,30.19043
IMG/center_2026_08_31_16_52_54_551.jpg,IMG/left_2026_08_31_16_52_54_551.jpg,IMG/right_2026_08_31_16_52_54_551.jpg,-0.6612558,1.0,0.0,30.12078
IMG\center_2026_08_31_21_59_37_865.jpg,IMG\left_2026_08_31_21_59_37_865.jpg,IMG\right_2026_08_31_21_59_37_865.jpg,0.0,1.0,0.0,30.19005
IMG/center_2026_08_30_19_27_03_145.jpg,IMG/left_2026_08_30_19_27_03_145.jpg,IMG/right_2026_08_30_19_27_03_145.jpg,0.0,1.0,0.0,30.19015
IMG/center_2026_08_31_16_55_41_847.jpg,IMG/left_2026_08_31_16_55_41_847.jpg,IMG/right_2026_08_31_16_55_41_847.jpg,-1.0,1.0,0.0,27.07531
IMG/center_2026_08_31_16_54_01_844.jpg,IMG/left_2026_08_31_16_54_01_844.jpg,IMG/right_2026_08_31_16_54_01_844.jpg,-0.509159,1.0,0.0,30.20627
IMG/center_2026_08_30_19_26_40_663.jpg,IMG/left_2026_08_30_19_26_40_663.jpg,IMG/right_2026_08_30_19_26_40_663.jpg,-0.06465601,1.0,0.0,30.1905
IMG/center_2026_08_31_16_52_56_221.jpg,IMG/left_2026_08_31_16_52_56_221.jpg,IMG/right_2026_08_31_16_52_56_221.jpg,0.0,1.0,0.0,30.1898
IMG\center_2026_08_31_21_56_38_771.jpg,IMG\left_2026_08_31_21_56_38_771.jpg,IMG\right_2026_08_31_21_56_38_771.jpg,0.0,1.0,0.0,30.1903
IMG/center_2026_08_31_16_54_53_297.jpg,IMG/left_2026_08_31_16_54_53_297.jpg,IMG/right_2026_08_31_16_54_53_297.jpg,0.0,1.0,0.0,30.1903
IMG/center_2026_08_30_19_25_38_607.jpg,IMG/left_2026_08_30_19_25_38_607.jpg,IMG/right_2026_08_30_19_25_38_607.jpg,0.0,1.0,0.0,30.19028
IMG/center_2026_08_30_19_26_13_781.jpg,IMG/left_2026_08_30_19_26_13_781.jpg,IMG/right_2026_08_30_19_26_13_781.jpg,-0.3132822,1.0,0.0,30.16751
IMG/center_2026_08_31_16_54_42_910.jpg,IMG/left_2026_08_31_16_54_42_910.jpg,IMG/right_2026_08_31_16_54_42_910.jpg,0.2284617,1.0,0.0,30.17687
IMG\center_2026_08_31_21_51_10_733.jpg,IMG\left_2026_08_31_21_51_10_733.jpg,IMG\right_2026_08_31_21_51_10_733.jpg,0.0,1.0,0.0,30.18997
IMG/center_2026_08_30_19_26_26_735.jpg,IMG/left_2026_08_30_19_26_26_735.jpg,IMG/right_2026_08_30_19_26_26_735.jpg,0.0,1.0,0.0,30.18993
IMG/center_2026_08_30_19_24_35_577.jpg,IMG/left_2026_08_30_19_24_35_577.jpg,IMG/right_2026_08_30_19_24_35_577.jpg,0.0,1.0,0.0,30.19028
IMG/center_2026_08_30_19_27_50_123.jpg,IMG/left_2026_08_30_19_27_50_123.jpg,IMG/right_2026_08_30_19_27_50_123.jpg,0.0,1.0,0.0,30.18997
IMG/center_2026_08_30_19_24_10_721.jpg,IMG/left_2026_08_30_19_24_10_721.jpg,IMG/right_2026_08_30_19_24_10_721.jpg,-0.1459395,1.0,0.0,21.06195
IMG/center_2026_08_30_19_26_14_726.jpg,IMG/left_2026_08_30_19_26_14_726.jpg,IMG/right_2026_08_30_19_26_14_726.jpg,0.0,1.0,0.0,30.18785
IMG\center_2026_08_31_22_00_59_862.jpg,IMG\left_2026_08_31_22_00_59_862.jpg,IMG\right_2026_08_31_22_00_59_862.jpg,-0.2560734,1.0,0.0,30.1762
IMG\center_2026_08_31_21_59_28_767.jpg,IMG\left_2026_08_31_21_59_28_767.jpg,IMG\right_2026_08_31_21_59_28_767.jpg,0.0,1.0,0.0,30.19031
IMG\center_2026_08_31_21_52_27_110.jpg,IMG\left_2026_08_31_21_52_27_110.jpg,IMG\right_2026_08_31_21_52_27_110.jpg,0.0,1.0,0.0,30.19072
IMG\center_2026_08_31_21_59_34_236.jpg,IMG\left_2026_08_31_21_59_34_236.jpg,IMG\right_2026_08_31_21_59_34_236.jpg,-0.1186689,1.0,0.0,30.1879
IMG\center_2026_08_31_21_55_24_673.jpg,IMG\left_2026_08_31_21_55_24_673.jpg,IMG\right_2026_08_31_21_55_24_673.jpg,-0.2300322,1.0,0.0,30.18062
IMG/center_2026_08_31_16_53_39_615.jpg,IMG/left_2026_08_31_16_53_39_615.jpg,IMG/right_2026_08_31_16_53_39_615.jpg,0.0,1.0,0.0,30.19019
IMG/center_2026_08_30_19_26_29_932.jpg,IMG/left_2026_08_30_19_26_29_932.jpg,IMG/right_2026_08_30_19_26_29_932.jpg,0.0,1.0,0.0,30.18997
IMG/center_2026_08_30_19_24_55_120.jpg,IMG/left_2026_08_30_19_24_55_120.jpg,IMG/right_2026_08_30_19_24_55_120.jpg,-0.0288132,1.0,0.0,30.19014
IMG/center_2026_08_31_16_54_39_515.jpg,IMG/left_2026_08_31_16_54_39_515.jpg,IMG/right_2026_08_31_16_54_39_515.jpg,0.0,1.0,0.0,30.19029
IMG/center_2026_08_30_19_26_47_501.jpg,IMG/left_2026_08_30_19_26_47_501.jpg,IMG/right_2026_08_30_19_26_47_501.jpg,0.3118206,1.0,0.0,30.17757
IMG/center_2026_08_31_16_54_03_721.jpg,IMG/left_2026_08_31_16_54_03_721.jpg,IMG/right_2026_08_31_16_54_03_721.jpg,0.0,1.0,0.0,30.1903
IMG/center_2026_08_30_19_24_21_180.jpg,IMG/left_2026_08_30_19_24_21_180.jpg,IMG/right_2026_08_30_19_24_21_180.jpg,0.0,1.0,0.0,30.1903
IMG\center_2026_08_31_22_01_02_127.jpg,IMG\left_2026_08_31_22_01_02_127.jpg,IMG\right_2026_08_31_22_01_02_127.jpg,-0.2013045,1.0,0.0,30.17911
IMG/center_2026_08_30_19_26_40_977.jpg,IMG/left_2026_08_30_19_26_40_977.jpg,IMG/right_2026_08_30_19_26_40_977.jpg,-0.1810833,1.0,0.0,30.18193
IMG/center_2026_08_31_16_54_37_129.jpg,IMG/left_2026_08_31_16_54_37_129.jpg,IMG/right_2026_08_31_16_54_37_129.jpg,-0.2509121,1.0,0.0,30.20275
IMG/center_2026_08_31_16_55_38_119.jpg,IMG/left_2026_08_31_16_55_38_119.jpg,IMG/right_2026_08_31_16_55_38_119.jpg,-0.06214242,1.0,0.0,30.19221
IMG/center_2026_08_31_16_54_29_414.jpg,IMG/left_2026_08_31_16_54_29_414.jpg,IMG/right_2026_08_31_16_54_29_414.jpg,0.0,1.0,0.0,30.20936
IMG/center_2026_08_31_16_55_52_116.jpg,IMG/left_2026_08_31_16_55_52_116.jpg,IMG/right_2026_08_31_16_55_52_116.jpg,0.5953158,0.1047849,0.0,0.01073785
IMG\center_2026_08_31_21_56_38_973.jpg,IMG\left_2026_08_31_21_56_38_973.jpg,IMG\right_2026_08_31_21_56_38_973.jpg,0.0,1.0,0.0,30.19032
IMG/center_2026_08_31_16_55_44_518.jpg,IMG/left_2026_08_31_16_55_44_518.jpg,IMG/right_2026_08_31_16_55_44_518.jpg,0.0,1.0,0.0,29.78469
IMG\center_2026_08_31_22_01_03_572.jpg,IMG\left_2026_08_31_22_01_03_572.jpg,IMG\right_2026_08_31_22_01_03_572.jpg,-0.1036491,1.0,0.0,30.18757
IMG/center_2026_08_30_19_24_49_447.jpg,IMG/left_2026_08_30_19_24_49_447.jpg,IMG/right_2026_08_30_19_24_49_447.jpg,-0.330375,1.0,0.0,30.16533
IMG\center_2026_08_31_21_59_34_964.jpg,IMG\left_2026_08_31_21_59_34_964.jpg,IMG\right_2026_08_31_21_59_34_964.jpg,0.0,1.0,0.0,30.19061
IMG/center_2026_08_31_16_52_59_015.jpg,IMG/left_2026_08_31_16_52_59_015.jpg,IMG/right_2026_08_31_16_52_59_015.jpg,-0.719467,0.0,0.0,23.06356
IMG/center_2026_08_31_16_54_47_173.jpg,IMG/left_2026_08_31_16_54_47_173.jpg,IMG/right_2026_08_31_16_54_47_173.jpg,0.4244397,1.0,0.0,30.19137
IMG/center_2026_08_30_19_25_12_208.jpg,IMG/left_2026_08_30_19_25_12_208.jpg,IMG/right_2026_08_30_19_25_12_208.jpg,-0.2358665,1.0,0.0,30.1854
IMG\center_2026_08_31_21_51_11_553.jpg,IMG\left_2026_08_31_21_51_11_553.jpg,IMG\right_2026_08_31_21_51_11_553.jpg,0.0,1.0,0.0,30.18995
IMG/center_2026_08_31_16_52_41_951.jpg,IMG/left_2026_08_31_16_52_41_951.jpg,IMG/right_2026_08_31_16_52_41_951.jpg,0.0,1.0,0.0,23.06602
IMG/center_2026_08_31_16_54_19_587.jpg,IMG/left_2026_08_31_16_54_19_587.jpg,IMG/right_2026_08_31_16_54_19_587.jpg,-0.1061559,1.0,0.0,30.18683
IMG/center_2026_08_30_19_24_28_564.jpg,IMG/left_2026_08_30_19_24_28_564.jpg,IMG/right_2026_08_30_19_24_28_564.jpg,0.0,1.0,0.0,30.19028
IMG/center_2026_08_30_19_26_32_337.jpg,IMG/left_2026_08_30_19_26_32_337.jpg,IMG/right_2026_08_30_19_26_32_337.jpg,-0.2572038,1.0,0.0,30.17258
IMG/center_2026_08_30_19_26_55_798.jpg,IMG/left_2026_08_30_19_26_55_798.jpg,IMG/right_2026_08_30_19_26_55_798.jpg,-0.1399278,1.0,0.0,30.18632
IMG\center_2026_08_31_21_59_29_075.jpg,IMG\left_2026_08_31_21_59_29_075.jpg,IMG\right_2026_08_31_21_59_29_075.jpg,0.0,1.0,0.0,30.19029
IMG/center_2026_08_31_16_55_06_551.jpg,IMG/left_2026_08_31_16_55_06_551.jpg,IMG/right_2026_08_31_16_55_06_551.jpg,-0.5033484,1.0,0.0,30.18954
IMG/center_2026_08_30_19_27_06_511.jpg,IMG/left_2026_08_30_19_27_06_511.jpg,IMG/right_2026_08_30_19_27_06_511.jpg,-0.09440191,1.0,0.0,30.19079
IMG/center_2026_08_30_19_27_40_925.jpg,IMG/left_2026_08_30_19_27_40_925.jpg,IMG/right_2026_08_30_19_27_40_925.jpg,-0.2704686,1.0,0.0,30.17238
IMG/center_2026_08_31_16_53_43_897.jpg,IMG/left_2026_08_31_16_53_43_897.jpg,IMG/right_2026_08_31_16_53_43_897.jpg,0.0,1.0,0.0,30.18622
IMG\center_2026_08_31_21_51_01_632.jpg,IMG\left_2026_08_31_21_51_01_632.jpg,IMG\right_2026_08_31_21_51_01_632.jpg,0.0,1.0,0.0,30.1897
IMG/center_2026_08_30_19_28_13_666.jpg,IMG/left_2026_08_30_19_28_13_666.jpg,IMG/right_2026_08_30_19_28_13_666.jpg,0.0,1.0,0.0,30.1903
IMG\center_2026_08_31_21_59_36_314.jpg,IMG\left_2026_08_31_21_59_36_314.jpg,IMG\right_2026_08_31_21_59_36_314.jpg,0.0,1.0,0.0,30.19027
IMG/center_2026_08_31_16_55_42_670.jpg,IMG/left_2026_08_31_16_55_42_670.jpg,IMG/right_2026_08_31_16_55_42_670.jpg,-1.0,1.0,0.0,16.74744
IMG/center_2026_08_30_19_26_13_061.jpg,IMG/left_2026_08_30_19_26_13_061.jpg,IMG/right_2026_08_30_19_26_13_061.jpg,-0.06037318,1.0,0.0,30.19117
IMG/center_2026_08_30_19_27_39_358.jpg,IMG/left_2026_08_30_19_27_39_358.jpg,IMG/right_2026_08_30_19_27_39_358.jpg,-0.2989017,1.0,0.0,30.17653
IMG/center_2026_08_30_19_26_42_962.jpg,IMG/left_2026_08_30_19_26_42_962.jpg,IMG/right_2026_08_30_19_26_42_962.jpg,0.0,1.0,0.0,30.19028
IMG/center_2026_08_31_16_53_05_133.jpg,IMG/left_2026_08_31_16_53_05_133.jpg,IMG/right_2026_08_31_16_53_05_133.jpg,0.5135396,0.0,0.0,0.0072206
IMG/center_2026_08_31_16_55_47_425.jpg,IMG/left_2026_08_31_16_55_47_425.jpg,IMG/right_2026_08_31_16_55_47_425.jpg,-0.3682946,1.0,0.0,30.09476
IMG/center_2026_08_30_19_26_41_706.jpg,IMG/left_2026_08_30_19_26_41_706.jpg,IMG/right_2026_08_30_19_26_41_706.jpg,0.0,1.0,0.0,30.19034
IMG/center_2026_08_30_19_26_29_212.jpg,IMG/left_2026_08_30_19_26_29_212.jpg,IMG/right_2026_08_30_19_26_29_212.jpg,0.0,1.0,0.0,30.18996
IMG/center_2026_08_30_19_24_07_446.jpg,IMG/left_2026_08_30_19_24_07_446.jpg,IMG/right_2026_08_30_19_24_07_446.jpg,0.0,0.0,0.0,7.7963e-05
IMG/center_2026_08_31_16_54_56_338.jpg,IMG/left_2026_08_31_16_54_56_338.jpg,IMG/right_2026_08_31_16_54_56_338.jpg,-0.5180842,1.0,0.0,30.1399
IMG/center_2026_08_30_19_25_08_058.jpg,IMG/left_2026_08_30_19_25_08_058.jpg,IMG/right_2026_08_30_19_25_08_058.jpg,-0.074157,1.0,0.0,30.18867
IMG\center_2026_08_31_21_58_10_469.jpg,IMG\left_2026_08_31_21_58_10_469.jpg,IMG\right_2026_08_31_21_58_10_469.jpg,0.0,1.0,0.0,30.18791
IMG/center_2026_08_30_19_25_03_599.jpg,IMG/left_2026_08_30_19_25_03_599.jpg,IMG/right_2026_08_30_19_25_03_599.jpg,-0.0296841,1.0,0.0,30.1901
IMG/center_2026_08_30_19_26_14_515.jpg,IMG/left_2026_08_30_19_26_14_515.jpg,IMG/right_2026_08_30_19_26_14_515.jpg,-0.1310946,1.0,0.0,30.18443
IMG/center_2026_08_31_16_53_22_213.jpg,IMG/left_2026_08_31_16_53_22_213.jpg,IMG/right_2026_08_31_16_53_22_213.jpg,0.0,0.0,0.0,7.91577e-05
IMG/center_2026_08_30_19_26_07_261.jpg,IMG/left_2026_08_30_19_26_07_261.jpg,IMG/right_2026_08_30_19_26_07_261.jpg,0.0,1.0,0.0,30.19035
IMG/center_2026_08_30_19_24_37_976.jpg,IMG/left_2026_08_30_19_24_37_976.jpg,IMG/right_2026_08_30_19_24_37_976.jpg,0.0,1.0,0.0,30.19033
IMG/center_2026_08_31_16_55_18_318.jpg,IMG/left_2026_08_31_16_55_18_318.jpg,IMG/right_2026_08_31_16_55_18_318.jpg,1.0,1.0,0.0,30.10199
IMG/center_2026_08_30_19_26_34_438.jpg,IMG/left_2026_08_30_19_26_34_438.jpg,IMG/right_2026_08_30_19_26_34_438.jpg,0.0,1.0,0.0,30.19013
IMG\center_2026_08_31_22_01_05_324.jpg,IMG\left_2026_08_31_22_01_05_324.jpg,IMG\right_2026_08_31_22_01_05_324.jpg,0.06840002,1.0,0.0,30.19147
IMG/center_2026_08_31_16_54_28_275.jpg,IMG/left_2026_08_31_16_54_28_275.jpg,IMG/right_2026_08_31_16_54_28_275.jpg,0.0,1.0,0.0,30.19103
IMG/center_2026_08_30_19_26_24_337.jpg,IMG/left_2026_08_30_19_26_24_337.jpg,IMG/right_2026_08_30_19_26_24_337.jpg,-0.0855867,1.0,0.0,30.19439
IMG/center_2026_08_31_16_54_13_186.jpg,IMG/left_2026_08_31_16_54_13_186.jpg,IMG/right_2026_08_31_16_54_13_186.jpg,0.0,1.0,0.0,30.19031
IMG/center_2026_08_30_19_26_17_929.jpg,IMG/left_2026_08_30_19_26_17_929.jpg,IMG/right_2026_08_30_19_26_17_929.jpg,0.0,1.0,0.0,30.19039
IMG\center_2026_08_31_21_51_05_560.jpg,IMG\left_2026_08_31_21_51_05_560.jpg,IMG\right_2026_08_31_21_51_05_560.jpg,-0.1790256,1.0,0.0,30.18152
IMG/center_2026_08_30_19_28_20_195.jpg,IMG/left_2026_08_30_19_28_20_195.jpg,IMG/right_2026_08_30_19_28_20_195.jpg,1.0,0.0,0.9781237,0.006613418
IMG/center_2026_08_30_19_26_20_810.jpg,IMG/left_2026_08_30_19_26_20_810.jpg,IMG/right_2026_08_30_19_26_20_810.jpg,0.0,1.0,0.0,30.19022
IMG/center_2026_08_31_16_54_00_191.jpg,IMG/left_2026_08_31_16_54_00_191.jpg,IMG/right_2026_08_31_16_54_00_191.jpg,0.0,1.0,0.0,30.1887
IMG\center_2026_08_31_21_56_44_984.jpg,IMG\left_2026_08_31_21_56_44_984.jpg,IMG\right_2026_08_31_21_56_44_984.jpg,0.0,1.0,0.0,30.19029
IMG\center_2026_08_31_21_55_19_403.jpg,IMG\left_2026_08_31_21_55_19_403.jpg,IMG\right_2026_08_31_21_55_19_403.jpg,-0.3574095,1.0,0.0,30.1984
IMG/center_2026_08_30_19_24_39_653.jpg,IMG/left_2026_08_30_19_24_39_653.jpg,IMG/right_2026_08_30_19_24_39_653.jpg,0.0,1.0,0.0,30.19029
IMG/center_2026_08_31_16_53_11_965.jpg,IMG/left_2026_08_31_16_53_11_965.jpg,IMG/right_2026_08_31_16_53_11_965.jpg,0.0,0.0,0.0,0.000633017
IMG/center_2026_08_30_19_24_07_953.jpg,IMG/left_2026_08_30_19_24_07_953.jpg,IMG/right_2026_08_30_19_24_07_953.jpg,0.0,0.0,0.0,7.849811e-05
IMG/center_2026_08_30_19_26_11_706.jpg,IMG/left_2026_08_30_19_26_11_706.jpg,IMG/right_2026_08_30_19_26_11_706.jpg,-0.2822592,1.0,0.0,30.17148
IMG/center_2026_08_31_16_52_46_502.jpg,IMG/left_2026_08_31_16_52_46_502.jpg,IMG/right_2026_08_31_16_52_46_502.jpg,-0.5847867,1.0,0.0,30.12603
IMG/center_2026_08_31_16_54_51_114.jpg,IMG/left_2026_08_31_16_54_51_114.jpg,IMG/right_2026_08_31_16_54_51_114.jpg,-0.7678397,1.0,0.0,30.16585
IMG/center_2026_08_30_19_26_15_554.jpg,IMG/left_2026_08_30_19_26_15_554.jpg,IMG/right_2026_08_30_19_26_15_554.jpg,-0.1036254,1.0,0.0,30.1914
IMG\center_2026_08_31_21_52_23_087.jpg,IMG\left_2026_08_31_21_52_23_087.jpg,IMG\right_2026_08_31_21_52_23_087.jpg,0.0,1.0,0.0,30.19011
IMG/center_2026_08_30_19_26_22_356.jpg,IMG/left_2026_08_30_19_26_22_356.jpg,IMG/right_2026_08_30_19_26_22_356.jpg,-0.1722612,1.0,0.0,30.18222
IMG\center_2026_08_31_21_56_44_568.jpg,IMG\left_2026_08_31_21_56_44_568.jpg,IMG\right_2026_08_31_21_56_44_568.jpg,-0.4079069,1.0,0.0,30.15611
IMG/center_2026_08_31_16_53_45_353.jpg,IMG/left_2026_08_31_16_53_45_353.jpg,IMG/right_2026_08_31_16_53_45_353.jpg,0.0,0.4209413,0.0,30.05424
IMG/center_2026_08_30_19_24_38_927.jpg,IMG/left_2026_08_30_19_24_38_927.jpg,IMG/right_2026_08_30_19_24_38_927.jpg,-0.1022685,1.0,0.0,30.19061
IMG/center_2026_08_31_16_53_02_432.jpg,IMG/left_2026_08_31_16_53_02_432.jpg,IMG/right_2026_08_31_16_53_02_432.jpg,0.0,0.0,1.0,0.04974331
IMG/center_2026_08_31_16_54_18_864.jpg,IMG/left_2026_08_31_16_54_18_864.jpg,IMG/right_2026_08_31_16_54_18_864.jpg,0.2460144,1.0,0.0,30.17448
IMG\center_2026_08_31_21_56_43_735.jpg,IMG\left_2026_08_31_21_56_43_735.jpg,IMG\right_2026_08_31_21_56_43_735.jpg,0.0,1.0,0.0,30.19011
IMG/center_2026_08_31_16_54_12_877.jpg,IMG/left_2026_08_31_16_54_12_877.jpg,IMG/right_2026_08_31_16_54_12_877.jpg,0.0,1.0,0.0,30.19029
IMG/center_2026_08_31_16_55_32_661.jpg,IMG/left_2026_08_31_16_55_32_661.jpg,IMG/right_2026_08_31_16_55_32_661.jpg,-0.4972612,1.0,0.0,30.19617
IMG/center_2026_08_30_19_25_42_488.jpg,IMG/left_2026_08_30_19_25_42_488.jpg,IMG/right_2026_08_30_19_25_42_488.jpg,-0.1174419,1.0,0.0,30.18701
IMG/center_2026_08_30_19_27_48_875.jpg,IMG/left_2026_08_30_19_27_48_875.jpg,IMG/right_2026_08_30_19_27_48_875.jpg,-0.1724487,1.0,0.0,30.18215
IMG/center_2026_08_31_16_55_47_631.jpg,IMG/left_2026_08_31_16_55_47_631.jpg,IMG/right_2026_08_31_16_55_47_631.jpg,-1.0,1.0,0.0,12.37242
IMG\center_2026_08_31_21_56_50_781.jpg,IMG\left_2026_08_31_21_56_50_781.jpg,IMG\right_2026_08_31_21_56_50_781.jpg,0.0,1.0,0.0,30.1903
IMG\center_2026_08_31_21_56_44_149.jpg,IMG\left_2026_08_31_21_56_44_149.jpg,IMG\right_2026_08_31_21_56_44_149.jpg,-0.1913578,1.0,0.0,30.19507
IMG\center_2026_08_31_21_58_18_535.jpg,IMG\left_2026_08_31_21_58_18_535.jpg,IMG\right_2026_08_31_21_58_18_535.jpg,0.0,1.0,0.0,30.18932
IMG/center_2026_08_31_16_54_43_324.jpg,IMG/left_2026_08_31_16_54_43_324.jpg,IMG/right_2026_08_31_16_54_43_324.jpg,0.5106584,1.0,0.0,30.19933
IMG/center_2026_08_31_16_54_05_983.jpg,IMG/left_2026_08_31_16_54_05_983.jpg,IMG/right_2026_08_31_16_54_05_983.jpg,-0.6435649,1.0,0.0,30.12115
IMG/center_2026_08_31_16_52_42_680.jpg,IMG/left_2026_08_31_16_52_42_680.jpg,IMG/right_2026_08_31_16_52_42_680.jpg,0.0,1.0,0.0,29.83937
IMG/center_2026_08_30_19_26_50_743.jpg,IMG/left_2026_08_30_19_26_50_743.jpg,IMG/right_2026_08_30_19_26_50_743.jpg,-0.1553616,1.0,0.0,30.18906
IMG/center_2026_08_31_16_55_36_155.jpg,IMG/left_2026_08_31_16_55_36_155.jpg,IMG/right_2026_08_31_16_55_36_155.jpg,-0.05933284,1.0,0.0,19.70494
IMG\center_2026_08_31_21_51_00_599.jpg,IMG\left_2026_08_31_21_51_00_599.jpg,IMG\right_2026_08_31_21_51_00_599.jpg,0.0,1.0,0.0,30.19094
IMG/center_2026_08_30_19_27_12_793.jpg,IMG/left_2026_08_30_19_27_12_793.jpg,IMG/right_2026_08_30_19_27_12_793.jpg,0.0,1.0,0.0,30.19011
IMG\center_2026_08_31_21_58_18_745.jpg,IMG\left_2026_08_31_21_58_18_745.jpg,IMG\right_2026_08_31_21_58_18_745.jpg,0.0,1.0,0.0,30.19026
IMG/center_2026_08_30_19_24_42_576.jpg,IMG/left_2026_08_30_19_24_42_576.jpg,IMG/right_2026_08_30_19_24_42_576.jpg,0.0,1.0,0.0,30.19028
IMG/center_2026_08_31_16_53_39_722.jpg,IMG/left_2026_08_31_16_53_39_722.jpg,IMG/right_2026_08_31_16_53_39_722.jpg,-0.2963685,1.0,0.0,30.17024
IMG/center_2026_08_30_19_24_52_644.jpg,IMG/left_2026_08_30_19_24_52_644.jpg,IMG/right_2026_08_30_19_24_52_644.jpg,-0.05528074,1.0,0.0,30.19092
IMG/center_2026_08_30_19_28_23_911.jpg,IMG/left_2026_08_30_19_28_23_911.jpg,IMG/right_2026_08_30_19_28_23_911.jpg,0.0,0.0,0.0,0.01241052
IMG/center_2026_08_31_16_54_12_360.jpg,IMG/left_2026_08_31_16_54_12_360.jpg,IMG/right_2026_08_31_16_54_12_360.jpg,-0.09977221,1.0,0.0,30.19188
IMG/center_2026_08_31_16_54_22_936.jpg,IMG/left_2026_08_31_16_54_22_936.jpg,IMG/right_2026_08_31_16_54_22_936.jpg,-0.9728569,1.0,0.0,30.12012
IMG/center_2026_08_31_16_55_48_368.jpg,IMG/left_2026_08_31_16_55_48_368.jpg,IMG/right_2026_08_31_16_55_48_368.jpg,-0.06463633,1.0,0.0,0.745414
IMG/center_2026_08_30_19_28_04_651.jpg,IMG/left_2026_08_30_19_28_04_651.jpg,IMG/right_2026_08_30_19_28_04_651.jpg,-0.132405,1.0,0.0,30.18656
IMG/center_2026_08_31_16_52_47_224.jpg,IMG/left_2026_08_31_16_52_47_224.jpg,IMG/right_2026_08_31_16_52_47_224.jpg,-1.0,1.0,0.0,27.36139
IMG/center_2026_08_30_19_25_30_759.jpg,IMG/left_2026_08_30_19_25_30_759.jpg,IMG/right_2026_08_30_19_25_30_759.jpg,-0.1807191,1.0,0.0,30.18282
IMG\center_2026_08_31_21_59_33_209.jpg,IMG\left_2026_08_31_21_59_33_209.jpg,IMG\right_2026_08_31_21_59_33_209.jpg,-0.2973708,1.0,0.0,30.16598
IMG/center_2026_08_30_19_27_17_733.jpg,IMG/left_2026_08_30_19_27_17_733.jpg,IMG/right_2026_08_30_19_27_17_733.jpg,0.0,1.0,0.0,30.19029
IMG/center_2026_08_31_16_54_25_772.jpg,IMG/left_2026_08_31_16_54_25_772.jpg,IMG/right_2026_08_31_16_54_25_772.jpg,0.9194901,1.0,0.0,30.09636
IMG\center_2026_08_31_21_52_23_703.jpg,IMG\left_2026_08_31_21_52_23_703.jpg,IMG\right_2026_08_31_21_52_23_703.jpg,-0.3043431,1.0,0.0,30.16756
IMG/center_2026_08_30_19_28_02_270.jpg,IMG/left_2026_08_30_19_28_02_270.jpg,IMG/right_2026_08_30_19_28_02_270.jpg,0.0,1.0,0.0,30.1903
IMG/center_2026_08_30_19_26_04_843.jpg,IMG/left_2026_08_30_19_26_04_843.jpg,IMG/right_2026_08_30_19_26_04_843.jpg,0.0,1.0,0.0,30.18991
IMG/center_2026_08_30_19_26_05_896.jpg,IMG/left_2026_08_30_19_26_05_896.jpg,IMG/right_2026_08_30_19_26_05_896.jpg,0.0,1.0,0.0,30.19027
IMG\center_2026_08_31_21_52_30_422.jpg,IMG\left_2026_08_31_21_52_30_422.jpg,IMG\right_2026_08_31_21_52_30_422.jpg,0.0,1.0,0.0,30.18991
IMG/center_2026_08_30_19_28_23_601.jpg,IMG/left_2026_08_30_19_28_23_601.jpg,IMG/right_2026_08_30_19_28_23_601.jpg,-0.5721919,0.5303665,0.0,0.01413155
IMG\center_2026_08_31_21_50_55_235.jpg,IMG\left_2026_08_31_21_50_55_235.jpg,IMG\right_2026_08_31_21_50_55_235.jpg,-0.3807006,1.0,0.0,17.34783
IMG/center_2026_08_30_19_25_16_090.jpg,IMG/left_2026_08_30_19_25_16_090.jpg,IMG/right_2026_08_30_19_25_16_090.jpg,-0.1428204,1.0,0.0,30.18532
IMG/center_2026_08_30_19_26_52_821.jpg,IMG/left_2026_08_30_19_26_52_821.jpg,IMG/right_2026_08_30_19_26_52_821.jpg,0.0,1.0,0.0,30.19003
IMG\center_2026_08_31_21_58_10_784.jpg,IMG\left_2026_08_31_21_58_10_784.jpg,IMG\right_2026_08_31_21_58_10_784.jpg,0.0,1.0,0.0,30.19108
IMG/center_2026_08_31_16_53_29_945.jpg,IMG/left_2026_08_31_16_53_29_945.jpg,IMG/right_2026_08_31_16_53_29_945.jpg,-0.1212348,1.0,0.0,30.19543
IMG\center_2026_08_31_21_56_41_248.jpg,IMG\left_2026_08_31_21_56_41_248.jpg,IMG\right_2026_08_31_21_56_41_248.jpg,-0.07667278,1.0,0.0,30.19117
IMG\center_2026_08_31_21_56_46_736.jpg,IMG\left_2026_08_31_21_56_46_736.jpg,IMG\right_2026_08_31_21_56_46_736.jpg,0.0,1.0,0.0,30.18982
IMG/center_2026_08_30_19_26_51_677.jpg,IMG/left_2026_08_30_19_26_51_677.jpg,IMG/right_2026_08_30_19_26_51_677.jpg,0.0,1.0,0.0,30.19027
IMG/center_2026_08_30_19_24_11_851.jpg,IMG/left_2026_08_30_19_24_11_851.jpg,IMG/right_2026_08_30_19_24_11_851.jpg,-0.4409079,1.0,0.0,30.15079
IMG/center_2026_08_30_19_24_22_329.jpg,IMG/left_2026_08_30_19_24_22_329.jpg,IMG/right_2026_08_30_19_24_22_329.jpg,0.0,1.0,0.0,30.19032
IMG/center_2026_08_30_19_25_22_454.jpg,IMG/left_2026_08_30_19_25_22_454.jpg,IMG/right_2026_08_30_19_25_22_454.jpg,0.3183027,1.0,0.0,30.16516
IMG/center_2026_08_31_16_54_10_610.jpg,IMG/left_2026_08_31_16_54_10_610.jpg,IMG/right_2026_08_31_16_54_10_610.jpg,0.7012814,1.0,0.0,30.11338
IMG/center_2026_08_31_16_54_22_007.jpg,IMG/left_2026_08_31_16_54_22_007.jpg,IMG/right_2026_08_31_16_54_22_007.jpg,1.0,1.0,0.0,30.09793
IMG\center_2026_08_31_21_55_27_359.jpg,IMG\left_2026_08_31_21_55_27_359.jpg,IMG\right_2026_08_31_21_55_27_359.jpg,-0.07464236,1.0,0.0,30.19121
IMG/center_2026_08_30_19_26_50_219.jpg,IMG/left_2026_08_30_19_26_50_219.jpg,IMG/right_2026_08_30_19_26_50_219.jpg,0.0,1.0,0.0,30.18999
IMG/center_2026_08_30_19_27_17_201.jpg,IMG/left_2026_08_30_19_27_17_201.jpg,IMG/right_2026_08_30_19_27_17_201.jpg,-0.0793899,1.0,0.0,30.19077
IMG\center_2026_08_31_21_56_47_778.jpg,IMG\left_2026_08_31_21_56_47_778.jpg,IMG\right_2026_08_31_21_56_47_778.jpg,0.0,1.0,0.0,30.19095
IMG/center_2026_08_31_16_55_07_683.jpg,IMG/left_2026_08_31_16_55_07_683.jpg,IMG/right_2026_08_31_16_55_07_683.jpg,0.0,0.0,1.0,15.097
IMG/center_2026_08_31_16_54_24_934.jpg,IMG/left_2026_08_31_16_54_24_934.jpg,IMG/right_2026_08_31_16_54_24_934.jpg,-0.7931175,1.0,0.0,30.10486
IMG\center_2026_08_31_21_51_08_655.jpg,IMG\left_2026_08_31_21_51_08_655.jpg,IMG\right_2026_08_31_21_51_08_655.jpg,0.0,1.0,0.0,30.1903
IMG/center_2026_08_30_19_25_03_498.jpg,IMG/left_2026_08_30_19_25_03_498.jpg,IMG/right_2026_08_30_19_25_03_498.jpg,-0.0465852,1.0,0.0,30.18942
IMG/center_2026_08_30_19_26_34_950.jpg,IMG/left_2026_08_30_19_26_34_950.jpg,IMG/right_2026_08_30_19_26_34_950.jpg,-0.1020639,1.0,0.0,30.18753
IMG/center_2026_08_30_19_28_15_738.jpg,IMG/left_2026_08_30_19_28_15_738.jpg,IMG/right_2026_08_30_19_28_15_738.jpg,-0.1484328,1.0,0.0,30.18422
IMG/center_2026_08_31_16_52_57_158.jpg,IMG/left_2026_08_31_16_52_57_158.jpg,IMG/right_2026_08_31_16_52_57_158.jpg,0.0,0.3270151,0.0,30.02529
IMG\center_2026_08_31_21_56_48_615.jpg,IMG\left_2026_08_31_21_56_48_615.jpg,IMG\right_2026_08_31_21_56_48_615.jpg,-0.2296323,1.0,0.0,30.1769
IMG/center_2026_08_30_19_26_27_551.jpg,IMG/left_2026_08_30_19_26_27_551.jpg,IMG/right_2026_08_30_19_26_27_551.jpg,-0.1498758,1.0,0.0,30.18393
IMG/center_2026_08_30_19_26_15_860.jpg,IMG/left_2026_08_30_19_26_15_860.jpg,IMG/right_2026_08_30_19_26_15_860.jpg,-0.2176443,1.0,0.0,30.17924
IMG/center_2026_08_31_16_53_05_651.jpg,IMG/left_2026_08_31_16_53_05_651.jpg,IMG/right_2026_08_31_16_53_05_651.jpg,0.8850201,0.0,0.0,0.01337461
IMG/center_2026_08_30_19_26_32_860.jpg,IMG/left_2026_08_30_19_26_32_860.jpg,IMG/right_2026_08_30_19_26_32_860.jpg,-0.1809432,1.0,0.0,30.18079
IMG/center_2026_08_30_19_26_06_521.jpg,IMG/left_2026_08_30_19_26_06_521.jpg,IMG/right_2026_08_30_19_26_06_521.jpg,0.0,1.0,0.0,30.19027
IMG/center_2026_08_31_16_53_39_198.jpg,IMG/left_2026_08_31_16_53_39_198.jpg,IMG/right_2026_08_31_16_53_39_198.jpg,-0.4773778,1.0,0.0,30.17557
IMG/center_2026_08_31_16_53_46_091.jpg,IMG/left_2026_08_31_16_53_46_091.jpg,IMG/right_2026_08_31_16_53_46_091.jpg,0.0,1.0,0.0,30.18929
IMG/center_2026_08_30_19_27_18_045.jpg,IMG/left_2026_08_30_19_27_18_045.jpg,IMG/right_2026_08_30_19_27_18_045.jpg,0.0,1.0,0.0,30.19028
IMG/center_2026_08_31_16_54_22_731.jpg,IMG/left_2026_08_31_16_54_22_731.jpg,IMG/right_2026_08_31_16_54_22_731.jpg,-0.8073956,1.0,0.0,30.10439
IMG/center_2026_08_31_16_53_26_027.jpg,IMG/left_2026_08_31_16_53_26_027.jpg,IMG/right_2026_08_31_16_53_26_027.jpg,0.0,1.0,0.0,24.91393
IMG/center_2026_08_30_19_28_15_118.jpg,IMG/left_2026_08_30_19_28_15_118.jpg,IMG/right_2026_08_30_19_28_15_118.jpg,0.0,1.0,0.0,30.19029
IMG/center_2026_08_30_19_27_14_050.jpg,IMG/left_2026_08_30_19_27_14_050.jpg,IMG/right_2026_08_30_19_27_14_050.jpg,0.0,1.0,0.0,30.19027
IMG/center_2026_08_30_19_28_14_179.jpg,IMG/left_2026_08_30_19_28_14_179.jpg,IMG/right_2026_08_30_19_28_14_179.jpg,0.0,1.0,0.0,30.1903
IMG/center_2026_08_31_16_54_34_862.jpg,IMG/left_2026_08_31_16_54_34_862.jpg,IMG/right_2026_08_31_16_54_34_862.jpg,-0.3012944,1.0,0.0,30.20542
IMG/center_2026_08_30_19_24_10_110.jpg,IMG/left_2026_08_30_19_24_10_110.jpg,IMG/right_2026_08_30_19_24_10_110.jpg,-0.2000595,1.0,0.0,14.64149
IMG/center_2026_08_31_16_54_14_734.jpg,IMG/left_2026_08_31_16_54_14_734.jpg,IMG/right_2026_08_31_16_54_14_734.jpg,0.4688048,1.0,0.0,30.17599
IMG/center_2026_08_31_16_53_59_053.jpg,IMG/left_2026_08_31_16_53_59_053.jpg,IMG/right_2026_08_31_16_53_59_053.jpg,-0.2292816,1.0,0.0,30.17619
IMG/center_2026_08_31_16_53_02_533.jpg,IMG/left_2026_08_31_16_53_02_533.jpg,IMG/right_2026_08_31_16_53_02_533.jpg,0.0,0.0,1.0,0.04027362
IMG/center_2026_08_30_19_27_57_612.jpg,IMG/left_2026_08_30_19_27_57_612.jpg,IMG/right_2026_08_30_19_27_57_612.jpg,-0.2179836,1.0,0.0,30.17873
IMG\center_2026_08_31_21_59_35_270.jpg,IMG\left_2026_08_31_21_59_35_270.jpg,IMG\right_2026_08_31_21_59_35_270.jpg,0.0,1.0,0.0,30.19034
IMG/center_2026_08_30_19_27_00_136.jpg,IMG/left_2026_08_30_19_27_00_136.jpg,IMG/right_2026_08_30_19_27_00_136.jpg,-0.2519385,1.0,0.0,30.17348
IMG\center_2026_08_31_21_51_02_460.jpg,IMG\left_2026_08_31_21_51_02_460.jpg,IMG\right_2026_08_31_21_51_02_460.jpg,-0.5249238,1.0,0.0,30.13799
IMG/center_2026_08_31_16_53_35_994.jpg,IMG/left_2026_08_31_16_53_35_994.jpg,IMG/right_2026_08_31_16_53_35_994.jpg,0.0,1.0,0.0,30.18977
IMG/center_2026_08_30_19_26_29_520.jpg,IMG/left_2026_08_30_19_26_29_520.jpg,IMG/right_2026_08_30_19_26_29_520.jpg,0.0,1.0,0.0,30.18996
IMG/center_2026_08_31_16_53_53_085.jpg,IMG/left_2026_08_31_16_53_53_085.jpg,IMG/right_2026_08_31_16_53_53_085.jpg,0.0,1.0,0.0,30.18974
IMG\center_2026_08_31_21_50_55_134.jpg,IMG\left_2026_08_31_21_50_55_134.jpg,IMG\right_2026_08_31_21_50_55_134.jpg,-0.08221559,1.0,0.0,16.4912
IMG\center_2026_08_31_21_55_22_103.jpg,IMG\left_2026_08_31_21_55_22_103.jpg,IMG\right_2026_08_31_21_55_22_103.jpg,-0.1488645,1.0,0.0,30.18473
IMG/center_2026_08_30_19_26_55_495.jpg,IMG/left_2026_08_30_19_26_55_495.jpg,IMG/right_2026_08_30_19_26_55_495.jpg,-0.2236266,1.0,0.0,30.18571
IMG\center_2026_08_31_22_00_57_887.jpg,IMG\left_2026_08_31_22_00_57_887.jpg,IMG\right_2026_08_31_22_00_57_887.jpg,0.4932324,1.0,0.0,30.15462
IMG/center_2026_08_30_19_28_11_287.jpg,IMG/left_2026_08_30_19_28_11_287.jpg,IMG/right_2026_08_30_19_28_11_287.jpg,0.0,1.0,0.0,30.1903
IMG\center_2026_08_31_21_55_26_531.jpg,IMG\left_2026_08_31_21_55_26_531.jpg,IMG\right_2026_08_31_21_55_26_531.jpg,0.0,1.0,0.0,30.19031
IMG/center_2026_08_30_19_26_43_377.jpg,IMG/left_2026_08_30_19_26_43_377.jpg,IMG/right_2026_08_30_19_26_43_377.jpg,0.0,1.0,0.0,30.1903
IMG/center_2026_08_30_19_28_16_978.jpg,IMG/left_2026_08_30_19_28_16_978.jpg,IMG/right_2026_08_30_19_28_16_978.jpg,-0.3077223,1.0,0.0,30.16846
IMG/center_2026_08_30_19_25_39_651.jpg,IMG/left_2026_08_30_19_25_39_651.jpg,IMG/right_2026_08_30_19_25_39_651.jpg,-0.0664008,1.0,0.0,30.18947
IMG/center_2026_08_31_16_55_05_304.jpg,IMG/left_2026_08_31_16_55_05_304.jpg,IMG/right_2026_08_31_16_55_05_304.jpg,1.0,1.0,0.0,30.05361
IMG/center_2026_08_30_19_25_28_894.jpg,IMG/left_2026_08_30_19_25_28_894.jpg,IMG/right_2026_08_30_19_25_28_894.jpg,0.0,1.0,0.0,30.19031
IMG/center_2026_08_30_19_24_09_495.jpg,IMG/left_2026_08_30_19_24_09_495.jpg,IMG/right_2026_08_30_19_24_09_495.jpg,-0.4580067,1.0,0.0,8.202139
IMG\center_2026_08_31_21_58_06_961.jpg,IMG\left_2026_08_31_21_58_06_961.jpg,IMG\right_2026_08_31_21_58_06_961.jpg,-0.3230904,1.0,0.0,30.16507
IMG/center_2026_08_30_19_26_36_104.jpg,IMG/left_2026_08_30_19_26_36_104.jpg,IMG/right_2026_08_30_19_26_36_104.jpg,-0.070197,1.0,0.0,30.18977
IMG/center_2026_08_30_19_27_06_824.jpg,IMG/left_2026_08_30_19_27_06_824.jpg,IMG/right_2026_08_30_19_27_06_824.jpg,-0.0738363,1.0,0.0,30.18876
IMG/center_2026_08_31_16_55_51_494.jpg,IMG/left_2026_08_31_16_55_51_494.jpg,IMG/right_2026_08_31_16_55_51_494.jpg,1.0,0.0,1.0,0.00297611
IMG/center_2026_08_30_19_24_54_298.jpg,IMG/left_2026_08_30_19_24_54_298.jpg,IMG/right_2026_08_30_19_24_54_298.jpg,-0.2054682,1.0,0.0,30.17953
IMG/center_2026_08_31_16_54_13_600.jpg,IMG/left_2026_08_31_16_54_13_600.jpg,IMG/right_2026_08_31_16_54_13_600.jpg,0.0,1.0,0.0,30.19029
IMG/center_2026_08_30_19_25_14_408.jpg,IMG/left_2026_08_30_19_25_14_408.jpg,IMG/right_2026_08_30_19_25_14_408.jpg,-0.3296991,1.0,0.0,30.17721
IMG/center_2026_08_30_19_25_09_088.jpg,IMG/left_2026_08_30_19_25_09_088.jpg,IMG/right_2026_08_30_19_25_09_088.jpg,-0.271284,1.0,0.0,29.91422
IMG/center_2026_08_31_16_54_38_793.jpg,IMG/left_2026_08_31_16_54_38_793.jpg,IMG/right_2026_08_31_16_54_38_793.jpg,0.0,1.0,0.0,30.19028
IMG\center_2026_08_31_21_56_38_145.jpg,IMG\left_2026_08_31_21_56_38_145.jpg,IMG\right_2026_08_31_21_56_38_145.jpg,0.0,1.0,0.0,30.19029
IMG/center_2026_08_31_16_55_31_018.jpg,IMG/left_2026_08_31_16_55_31_018.jpg,IMG/right_2026_08_31_16_55_31_018.jpg,-0.1433754,1.0,0.0,30.19282
IMG/center_2026_08_30_19_27_07_446.jpg,IMG/left_2026_08_30_19_27_07_446.jpg,IMG/right_2026_08_30_19_27_07_446.jpg,0.0,1.0,0.0,30.1902
IMG/center_2026_08_30_19_25_22_348.jpg,IMG/left_2026_08_30_19_25_22_348.jpg,IMG/right_2026_08_30_19_25_22_348.jpg,0.0,1.0,0.0,30.1906
IMG\center_2026_08_31_21_59_30_830.jpg,IMG\left_2026_08_31_21_59_30_830.jpg,IMG\right_2026_08_31_21_59_30_830.jpg,-0.5907084,1.0,0.0,30.12974
IMG/center_2026_08_30_19_24_59_964.jpg,IMG/left_2026_08_30_19_24_59_964.jpg,IMG/right_2026_08_30_19_24_59_964.jpg,-0.2048226,1.0,0.0,30.17904
IMG\center_2026_08_31_21_58_08_606.jpg,IMG\left_2026_08_31_21_58_08_606.jpg,IMG\right_2026_08_31_21_58_08_606.jpg,-0.20961,1.0,0.0,30.1777
IMG/center_2026_08_31_16_55_39_571.jpg,IMG/left_2026_08_31_16_55_39_571.jpg,IMG/right_2026_08_31_16_55_39_571.jpg,-0.6125562,1.0,0.0,30.12592
IMG/center_2026_08_31_16_53_40_346.jpg,IMG/left_2026_08_31_16_53_40_346.jpg,IMG/right_2026_08_31_16_53_40_346.jpg,0.0,1.0,0.0,30.18929
IMG/center_2026_08_30_19_25_07_951.jpg,IMG/left_2026_08_30_19_25_07_951.jpg,IMG/right_2026_08_30_19_25_07_951.jpg,0.0,1.0,0.0,30.18994
IMG\center_2026_08_31_21_58_01_345.jpg,IMG\left_2026_08_31_21_58_01_345.jpg,IMG\right_2026_08_31_21_58_01_345.jpg,0.0,1.0,0.0,30.19028
IMG\center_2026_08_31_21_58_04_267.jpg,IMG\left_2026_08_31_21_58_04_267.jpg,IMG\right_2026_08_31_21_58_04_267.jpg,0.0,1.0,0.0,30.18917
IMG/center_2026_08_30_19_26_08_087.jpg,IMG/left_2026_08_30_19_26_08_087.jpg,IMG/right_2026_08_30_19_26_08_087.jpg,-0.03178954,1.0,0.0,30.18937
IMG/center_2026_08_31_16_52_59_432.jpg,IMG/left_2026_08_31_16_52_59_432.jpg,IMG/right_2026_08_31_16_52_59_432.jpg,-1.0,0.0,0.0,19.75413
IMG\center_2026_08_31_21_56_39_489.jpg,IMG\left_2026_08_31_21_56_39_489.jpg,IMG\right_2026_08_31_21_56_39_489.jpg,-0.1024935,1.0,0.0,30.18751
IMG/center_2026_08_31_16_53_13_744.jpg,IMG/left_2026_08_31_16_53_13_744.jpg,IMG/right_2026_08_31_16_53_13_744.jpg,0.0,0.0,0.0,0.000473022
IMG/center_2026_08_30_19_28_21_855.jpg,IMG/left_2026_08_30_19_28_21_855.jpg,IMG/right_2026_08_30_19_28_21_855.jpg,-1.0,1.0,0.0,0.002368139
IMG\center_2026_08_31_21_52_32_783.jpg,IMG\left_2026_08_31_21_52_32_783.jpg,IMG\right_2026_08_31_21_52_32_783.jpg,-0.1572246,1.0,0.0,30.18406
IMG/center_2026_08_31_16_54_17_932.jpg,IMG/left_2026_08_31_16_54_17_932.jpg,IMG/right_2026_08_31_16_54_17_932.jpg,0.4222027,1.0,0.0,30.19791
IMG/center_2026_08_30_19_27_05_786.jpg,IMG/left_2026_08_30_19_27_05_786.jpg,IMG/right_2026_08_30_19_27_05_786.jpg,0.0,1.0,0.0,30.18898
IMG/center_2026_08_30_19_24_45_091.jpg,IMG/left_2026_08_30_19_24_45_091.jpg,IMG/right_2026_08_30_19_24_45_091.jpg,0.0,1.0,0.0,30.1902
IMG/center_2026_08_30_19_28_22_781.jpg,IMG/left_2026_08_30_19_28_22_781.jpg,IMG/right_2026_08_30_19_28_22_781.jpg,0.0,0.2457768,0.0,0.02408847
IMG/center_2026_08_30_19_25_36_213.jpg,IMG/left_2026_08_30_19_25_36_213.jpg,IMG/right_2026_08_30_19_25_36_213.jpg,-0.1501374,1.0,0.0,30.18411
IMG/center_2026_08_31_16_52_36_503.jpg,IMG/left_2026_08_31_16_52_36_503.jpg,IMG/right_2026_08_31_16_52_36_503.jpg,0.0,0.0,0.0,7.87468e-05
IMG/center_2026_08_30_19_27_22_223.jpg,IMG/left_2026_08_30_19_27_22_223.jpg,IMG/right_2026_08_30_19_27_22_223.jpg,0.0,1.0,0.0,30.19025
IMG/center_2026_08_31_16_53_54_347.jpg,IMG/left_2026_08_31_16_53_54_347.jpg,IMG/right_2026_08_31_16_53_54_347.jpg,0.1208928,1.0,0.0,30.19376
IMG/center_2026_08_30_19_25_48_121.jpg,IMG/left_2026_08_30_19_25_48_121.jpg,IMG/right_2026_08_30_19_25_48_121.jpg,0.0,1.0,0.0,30.1903
IMG\center_2026_08_31_21_59_27_827.jpg,IMG\left_2026_08_31_21_59_27_827.jpg,IMG\right_2026_08_31_21_59_27_827.jpg,-0.2597067,1.0,0.0,30.19263
IMG/center_2026_08_30_19_26_40_768.jpg,IMG/left_2026_08_30_19_26_40_768.jpg,IMG/right_2026_08_30_19_26_40_768.jpg,0.0,1.0,0.0,30.19014
IMG/center_2026_08_30_19_26_04_112.jpg,IMG/left_2026_08_30_19_26_04_112.jpg,IMG/right_2026_08_30_19_26_04_112.jpg,0.0,1.0,0.0,30.19029
IMG/center_2026_08_31_16_55_00_193.jpg,IMG/left_2026_08_31_16_55_00_193.jpg,IMG/right_2026_08_31_16_55_00_193.jpg,0.0,1.0,0.0,30.19027
IMG/center_2026_08_30_19_26_12_435.jpg,IMG/left_2026_08_30_19_26_12_435.jpg,IMG/right_2026_08_30_19_26_12_435.jpg,-0.2494407,1.0,0.0,30.18174
IMG/center_2026_08_30_19_24_44_257.jpg,IMG/left_2026_08_30_19_24_44_257.jpg,IMG/right_2026_08_30_19_24_44_257.jpg,-0.1525671,1.0,0.0,30.18409
IMG\center_2026_08_31_22_00_55_089.jpg,IMG\left_2026_08_31_22_00_55_089.jpg,IMG\right_2026_08_31_22_00_55_089.jpg,0.0,1.0,0.0,30.19028
IMG/center_2026_08_31_16_55_04_267.jpg,IMG/left_2026_08_31_16_55_04_267.jpg,IMG/right_2026_08_31_16_55_04_267.jpg,-0.1810965,1.0,0.0,30.18158
IMG/center_2026_08_30_19_26_57_445.jpg,IMG/left_2026_08_30_19_26_57_445.jpg,IMG/right_2026_08_30_19_26_57_445.jpg,-0.1243515,1.0,0.0,30.18855
IMG/center_2026_08_30_19_28_21_021.jpg,IMG/left_2026_08_30_19_28_21_021.jpg,IMG/right_2026_08_30_19_28_21_021.jpg,-1.0,1.0,0.0,0.004701917
IMG/center_2026_08_30_19_24_48_825.jpg,IMG/left_2026_08_30_19_24_48_825.jpg,IMG/right_2026_08_30_19_24_48_825.jpg,0.0,1.0,0.0,30.19009
IMG/center_2026_08_31_16_53_24_886.jpg,IMG/left_2026_08_31_16_53_24_886.jpg,IMG/right_2026_08_31_16_53_24_886.jpg,0.0,1.0,0.0,13.68934
IMG/center_2026_08_30_19_27_44_337.jpg,IMG/left_2026_08_30_19_27_44_337.jpg,IMG/right_2026_08_30_19_27_44_337.jpg,-0.0830676,1.0,0.0,30.18877
IMG/center_2026_08_30_19_27_29_544.jpg,IMG/left_2026_08_30_19_27_29_544.jpg,IMG/right_2026_08_30_19_27_29_544.jpg,0.0,1.0,0.0,30.1902
IMG/center_2026_08_31_16_53_10_206.jpg,IMG/left_2026_08_31_16_53_10_206.jpg,IMG/right_2026_08_31_16_53_10_206.jpg,0.0,0.0,0.0124722,0.000319525
IMG/center_2026_08_30_19_27_47_435.jpg,IMG/left_2026_08_30_19_27_47_435.jpg,IMG/right_2026_08_30_19_27_47_435.jpg,0.0,1.0,0.0,30.19053
IMG/center_2026_08_30_19_27_01_271.jpg,IMG/left_2026_08_30_19_27_01_271.jpg,IMG/right_2026_08_30_19_27_01_271.jpg,0.0,1.0,0.0,30.19025
IMG\center_2026_08_31_21_58_03_955.jpg,IMG\left_2026_08_31_21_58_03_955.jpg,IMG\right_2026_08_31_21_58_03_955.jpg,-0.0812715,1.0,0.0,30.18866
IMG/center_2026_08_31_16_55_41_439.jpg,IMG/left_2026_08_31_16_55_41_439.jpg,IMG/right_2026_08_31_16_55_41_439.jpg,-0.681637,1.0,0.0,29.25401
IMG/center_2026_08_31_16_55_35_342.jpg,IMG/left_2026_08_31_16_55_35_342.jpg,IMG/right_2026_08_31_16_55_35_342.jpg,0.0,1.0,0.0,15.79683
IMG/center_2026_08_30_19_25_34_568.jpg,IMG/left_2026_08_30_19_25_34_568.jpg,IMG/right_2026_08_30_19_25_34_568.jpg,-0.2477871,1.0,0.0,30.19259
IMG/center_2026_08_31_16_53_30_460.jpg,IMG/left_2026_08_31_16_53_30_460.jpg,IMG/right_2026_08_31_16_53_30_460.jpg,-0.6197781,1.0,0.0,30.12522
IMG\center_2026_08_31_21_59_27_214.jpg,IMG\left_2026_08_31_21_59_27_214.jpg,IMG\right_2026_08_31_21_59_27_214.jpg,-0.1997871,1.0,0.0,30.18903
IMG/center_2026_08_30_19_28_03_718.jpg,IMG/left_2026_08_30_19_28_03_718.jpg,IMG/right_2026_08_30_19_28_03_718.jpg,-0.0977409,1.0,0.0,30.18807
IMG\center_2026_08_31_21_52_20_807.jpg,IMG\left_2026_08_31_21_52_20_807.jpg,IMG\right_2026_08_31_21_52_20_807.jpg,-0.3917196,1.0,0.0,30.16047
IMG/center_2026_08_31_16_54_20_944.jpg,IMG/left_2026_08_31_16_54_20_944.jpg,IMG/right_2026_08_31_16_54_20_944.jpg,-0.3906525,1.0,0.0,30.18972
IMG/center_2026_08_30_19_26_53_946.jpg,IMG/left_2026_08_30_19_26_53_946.jpg,IMG/right_2026_08_30_19_26_53_946.jpg,-0.2612169,1.0,0.0,30.17322
IMG\center_2026_08_31_21_56_40_421.jpg,IMG\left_2026_08_31_21_56_40_421.jpg,IMG\right_2026_08_31_21_56_40_421.jpg,0.0,1.0,0.0,30.19013
IMG\center_2026_08_31_22_00_52_504.jpg,IMG\left_2026_08_31_22_00_52_504.jpg,IMG\right_2026_08_31_22_00_52_504.jpg,0.0,1.0,0.0,30.1903
IMG/center_2026_08_30_19_24_42_787.jpg,IMG/left_2026_08_30_19_24_42_787.jpg,IMG/right_2026_08_30_19_24_42_787.jpg,0.0,1.0,0.0,30.19022
IMG/center_2026_08_30_19_26_56_208.jpg,IMG/left_2026_08_30_19_26_56_208.jpg,IMG/right_2026_08_30_19_26_56_208.jpg,-0.2868072,1.0,0.0,30.17587
IMG/center_2026_08_30_19_25_33_538.jpg,IMG/left_2026_08_30_19_25_33_538.jpg,IMG/right_2026_08_30_19_25_33_538.jpg,-0.0910884,1.0,0.0,30.19117
IMG/center_2026_08_31_16_54_55_499.jpg,IMG/left_2026_08_31_16_54_55_499.jpg,IMG/right_2026_08_31_16_54_55_499.jpg,0.6385704,1.0,0.0,30.09097
IMG/center_2026_08_30_19_28_21_746.jpg,IMG/left_2026_08_30_19_28_21_746.jpg,IMG/right_2026_08_30_19_28_21_746.jpg,-1.0,1.0,0.0,0.001962062
IMG/center_2026_08_30_19_27_59_166.jpg,IMG/left_2026_08_30_19_27_59_166.jpg,IMG/right_2026_08_30_19_27_59_166.jpg,-0.09507599,1.0,0.0,30.19007
IMG/center_2026_08_30_19_24_27_310.jpg,IMG/left_2026_08_30_19_24_27_310.jpg,IMG/right_2026_08_30_19_24_27_310.jpg,0.0,1.0,0.0,30.1903
IMG/center_2026_08_30_19_27_07_341.jpg,IMG/left_2026_08_30_19_27_07_341.jpg,IMG/right_2026_08_30_19_27_07_341.jpg,-0.06056341,1.0,0.0,30.19073
IMG/center_2026_08_31_16_55_01_656.jpg,IMG/left_2026_08_31_16_55_01_656.jpg,IMG/right_2026_08_31_16_55_01_656.jpg,0.4605768,1.0,0.0,30.14431
IMG/center_2026_08_30_19_25_34_981.jpg,IMG/left_2026_08_30_19_25_34_981.jpg,IMG/right_2026_08_30_19_25_34_981.jpg,-0.4168152,1.0,0.0,30.16084
IMG/center_2026_08_30_19_27_40_196.jpg,IMG/left_2026_08_30_19_27_40_196.jpg,IMG/right_2026_08_30_19_27_40_196.jpg,-0.192885,1.0,0.0,30.17968
IMG/center_2026_08_31_16_53_58_217.jpg,IMG/left_2026_08_31_16_53_58_217.jpg,IMG/right_2026_08_31_16_53_58_217.jpg,0.0,1.0,0.0,30.1897
IMG/center_2026_08_31_16_53_52_135.jpg,IMG/left_2026_08_31_16_53_52_135.jpg,IMG/right_2026_08_31_16_53_52_135.jpg,-0.3001995,1.0,0.0,30.16848
IMG\center_2026_08_31_21_55_18_688.jpg,IMG\left_2026_08_31_21_55_18_688.jpg,IMG\right_2026_08_31_21_55_18_688.jpg,0.0,1.0,0.0,30.18821
IMG/center_2026_08_31_16_55_27_813.jpg,IMG/left_2026_08_31_16_55_27_813.jpg,IMG/right_2026_08_31_16_55_27_813.jpg,-0.2941476,1.0,0.0,30.2037
IMG/center_2026_08_31_16_55_27_704.jpg,IMG/left_2026_08_31_16_55_27_704.jpg,IMG/right_2026_08_31_16_55_27_704.jpg,-0.664398,1.0,0.0,30.18859
IMG/center_2026_08_30_19_24_32_119.jpg,IMG/left_2026_08_30_19_24_32_119.jpg,IMG/right_2026_08_30_19_24_32_119.jpg,0.0,1.0,0.0,30.19029
IMG\center_2026_08_31_21_59_30_523.jpg,IMG\left_2026_08_31_21_59_30_523.jpg,IMG\right_2026_08_31_21_59_30_523.jpg,0.0,1.0,0.0,30.1902
IMG/center_2026_08_31_16_53_45_243.jpg,IMG/left_2026_08_31_16_53_45_243.jpg,IMG/right_2026_08_31_16_53_45_243.jpg,0.0,0.7787707,0.0,30.14698
IMG/center_2026_08_30_19_24_48_930.jpg,IMG/left_2026_08_30_19_24_48_930.jpg,IMG/right_2026_08_30_19_24_48_930.jpg,-0.2152965,1.0,0.0,30.17871
IMG\center_2026_08_31_21_51_01_114.jpg,IMG\left_2026_08_31_21_51_01_114.jpg,IMG\right_2026_08_31_21_51_01_114.jpg,0.0,1.0,0.0,30.18939
IMG\center_2026_08_31_21_51_13_512.jpg,IMG\left_2026_08_31_21_51_13_512.jpg,IMG\right_2026_08_31_21_51_13_512.jpg,0.0,0.0,0.0,26.69133
IMG/center_2026_08_30_19_24_11_138.jpg,IMG/left_2026_08_30_19_24_11_138.jpg,IMG/right_2026_08_30_19_24_11_138.jpg,-0.2950416,1.0,0.0,25.07885
IMG/center_2026_08_30_19_25_25_570.jpg,IMG/left_2026_08_30_19_25_25_570.jpg,IMG/right_2026_08_30_19_25_25_570.jpg,0.0,1.0,0.0,30.19015
IMG\center_2026_08_31_22_00_54_051.jpg,IMG\left_2026_08_31_22_00_54_051.jpg,IMG\right_2026_08_31_22_00_54_051.jpg,-0.3502096,1.0,0.0,30.19184
IMG/center_2026_08_30_19_25_56_494.jpg,IMG/left_2026_08_30_19_25_56_494.jpg,IMG/right_2026_08_30_19_25_56_494.jpg,0.0,1.0,0.0,30.19025
IMG/center_2026_08_30_19_27_24_436.jpg,IMG/left_2026_08_30_19_27_24_436.jpg,IMG/right_2026_08_30_19_27_24_436.jpg,0.0,1.0,0.0,30.19028
IMG/center_2026_08_30_19_25_15_036.jpg,IMG/left_2026_08_30_19_25_15_036.jpg,IMG/right_2026_08_30_19_25_15_036.jpg,0.0,1.0,0.0,30.18836
IMG/center_2026_08_31_16_54_35_691.jpg,IMG/left_2026_08_31_16_54_35_691.jpg,IMG/right_2026_08_31_16_54_35_691.jpg,0.466407,1.0,0.0,30.14707
IMG/center_2026_08_31_16_52_51_817.jpg,IMG/left_2026_08_31_16_52_51_817.jpg,IMG/right_2026_08_31_16_52_51_817.jpg,0.0,1.0,0.0,30.19016
IMG/center_2026_08_31_16_54_17_001.jpg,IMG/left_2026_08_31_16_54_17_001.jpg,IMG/right_2026_08_31_16_54_17_001.jpg,-0.6096345,1.0,0.0,30.19824
IMG/center_2026_08_31_16_55_05_516.jpg,IMG/left_2026_08_31_16_55_05_516.jpg,IMG/right_2026_08_31_16_55_05_516.jpg,0.387143,1.0,0.0,30.2057
IMG/center_2026_08_30_19_25_21_719.jpg,IMG/left_2026_08_30_19_25_21_719.jpg,IMG/right_2026_08_30_19_25_21_719.jpg,0.4870152,1.0,0.0,30.14225
IMG/center_2026_08_30_19_24_30_975.jpg,IMG/left_2026_08_30_19_24_30_975.jpg,IMG/right_2026_08_30_19_24_30_975.jpg,0.0,1.0,0.0,30.19031
IMG/center_2026_08_31_16_54_17_729.jpg,IMG/left_2026_08_31_16_54_17_729.jpg,IMG/right_2026_08_31_16_54_17_729.jpg,0.6811259,1.0,0.0,30.11762
IMG/center_2026_08_30_19_24_24_935.jpg,IMG/left_2026_08_30_19_24_24_935.jpg,IMG/right_2026_08_30_19_24_24_935.jpg,0.0,1.0,0.0,30.19031
IMG\center_2026_08_31_22_01_03_676.jpg,IMG\left_2026_08_31_22_01_03_676.jpg,IMG\right_2026_08_31_22_01_03_676.jpg,-0.1423014,1.0,0.0,30.1887
IMG/center_2026_08_30_19_24_39_137.jpg,IMG/left_2026_08_30_19_24_39_137.jpg,IMG/right_2026_08_30_19_24_39_137.jpg,0.0,1.0,0.0,30.19026
IMG\center_2026_08_31_21_55_16_711.jpg,IMG\left_2026_08_31_21_55_16_711.jpg,IMG\right_2026_08_31_21_55_16_711.jpg,0.0,1.0,0.0,30.19028
IMG/center_2026_08_30_19_25_27_440.jpg,IMG/left_2026_08_30_19_25_27_440.jpg,IMG/right_2026_08_30_19_25_27_440.jpg,0.0,1.0,0.0,30.19032
IMG/center_2026_08_30_19_27_35_873.jpg,IMG/left_2026_08_30_19_27_35_873.jpg,IMG/right_2026_08_30_19_27_35_873.jpg,0.0,1.0,0.0,30.19231
IMG\center_2026_08_31_21_55_21_889.jpg,IMG\left_2026_08_31_21_55_21_889.jpg,IMG\right_2026_08_31_21_55_21_889.jpg,0.0,1.0,0.0,30.19112
IMG/center_2026_08_30_19_28_07_136.jpg,IMG/left_2026_08_30_19_28_07_136.jpg,IMG/right_2026_08_30_19_28_07_136.jpg,0.0,1.0,0.0,30.19014
IMG/center_2026_08_30_19_27_28_918.jpg,IMG/left_2026_08_30_19_27_28_918.jpg,IMG/right_2026_08_30_19_27_28_918.jpg,-0.2343057,1.0,0.0,30.17566
IMG/center_2026_08_30_19_27_18_993.jpg,IMG/left_2026_08_30_19_27_18_993.jpg,IMG/right_2026_08_30_19_27_18_993.jpg,0.0,1.0,0.0,30.19024
IMG/center_2026_08_30_19_24_47_480.jpg,IMG/left_2026_08_30_19_24_47_480.jpg,IMG/right_2026_08_30_19_24_47_480.jpg,-0.1073991,1.0,0.0,30.18739
IMG/center_2026_08_31_16_54_43_850.jpg,IMG/left_2026_08_31_16_54_43_850.jpg,IMG/right_2026_08_31_16_54_43_850.jpg,0.0,1.0,0.0,30.19028
IMG/center_2026_08_31_16_54_56_129.jpg,IMG/left_2026_08_31_16_54_56_129.jpg,IMG/right_2026_08_31_16_54_56_129.jpg,-0.129354,1.0,0.0,30.16868
IMG/center_2026_08_31_16_54_22_522.jpg,IMG/left_2026_08_31_16_54_22_522.jpg,IMG/right_2026_08_31_16_54_22_522.jpg,-0.1577061,1.0,0.0,30.17664
IMG\center_2026_08_31_22_00_56_435.jpg,IMG\left_2026_08_31_22_00_56_435.jpg,IMG\right_2026_08_31_22_00_56_435.jpg,-0.2265885,1.0,0.0,30.17722
IMG/center_2026_08_31_16_53_48_278.jpg,IMG/left_2026_08_31_16_53_48_278.jpg,IMG/right_2026_08_31_16_53_48_278.jpg,0.0,1.0,0.0,30.18923
IMG/center_2026_08_30_19_26_09_956.jpg,IMG/left_2026_08_30_19_26_09_956.jpg,IMG/right_2026_08_30_19_26_09_956.jpg,-0.0331185,1.0,0.0,30.19007
IMG/center_2026_08_30_19_26_54_975.jpg,IMG/left_2026_08_30_19_26_54_975.jpg,IMG/right_2026_08_30_19_26_54_975.jpg,-0.1133451,1.0,0.0,30.18952
IMG/center_2026_08_30_19_26_15_350.jpg,IMG/left_2026_08_30_19_26_15_350.jpg,IMG/right_2026_08_30_19_26_15_350.jpg,0.0,1.0,0.0,30.19023
IMG\center_2026_08_31_22_01_03_777.jpg,IMG\left_2026_08_31_22_01_03_777.jpg,IMG\right_2026_08_31_22_01_03_777.jpg,0.0,1.0,0.0,30.18987
IMG/center_2026_08_31_16_55_01_344.jpg,IMG/left_2026_08_31_16_55_01_344.jpg,IMG/right_2026_08_31_16_55_01_344.jpg,0.0,1.0,0.0,30.18845
IMG/center_2026_08_31_16_53_08_148.jpg,IMG/left_2026_08_31_16_53_08_148.jpg,IMG/right_2026_08_31_16_53_08_148.jpg,-0.2417714,0.0,0.0,0.002392306
IMG\center_2026_08_31_21_58_03_851.jpg,IMG\left_2026_08_31_21_58_03_851.jpg,IMG\right_2026_08_31_21_58_03_851.jpg,0.0,1.0,0.0,30.19033
IMG/center_2026_08_31_16_53_00_879.jpg,IMG/left_2026_08_31_16_53_00_879.jpg,IMG/right_2026_08_31_16_53_00_879.jpg,-0.7048225,0.5944561,0.0,0.1102391
IMG\center_2026_08_31_21_50_56_995.jpg,IMG\left_2026_08_31_21_50_56_995.jpg,IMG\right_2026_08_31_21_50_56_995.jpg,0.0,1.0,0.0,30.19018
IMG/center_2026_08_31_16_55_48_156.jpg,IMG/left_2026_08_31_16_55_48_156.jpg,IMG/right_2026_08_31_16_55_48_156.jpg,-0.6521392,1.0,0.0,3.6942
IMG/center_2026_08_30_19_26_24_960.jpg,IMG/left_2026_08_30_19_26_24_960.jpg,IMG/right_2026_08_30_19_26_24_960.jpg,-0.09594001,1.0,0.0,30.18756
IMG/center_2026_08_30_19_25_35_295.jpg,IMG/left_2026_08_30_19_25_35_295.jpg,IMG/right_2026_08_30_19_25_35_295.jpg,-0.2402856,1.0,0.0,30.17935
IMG/center_2026_08_31_16_54_31_586.jpg,IMG/left_2026_08_31_16_54_31_586.jpg,IMG/right_2026_08_31_16_54_31_586.jpg,0.0,1.0,0.0,30.1903
IMG\center_2026_08_31_21_52_31_654.jpg,IMG\left_2026_08_31_21_52_31_654.jpg,IMG\right_2026_08_31_21_52_31_654.jpg,0.0,1.0,0.0,30.19029
IMG/center_2026_08_30_19_24_34_942.jpg,IMG/left_2026_08_30_19_24_34_942.jpg,IMG/right_2026_08_30_19_24_34_942.jpg,0.0,1.0,0.0,30.19029
IMG\center_2026_08_31_21_59_34_445.jpg,IMG\left_2026_08_31_21_59_34_445.jpg,IMG\right_2026_08_31_21_59_34_445.jpg,-0.5166771,1.0,0.0,30.16589
IMG/center_2026_08_31_16_54_17_624.jpg,IMG/left_2026_08_31_16_54_17_624.jpg,IMG/right_2026_08_31_16_54_17_624.jpg,0.3433056,1.0,0.0,30.16228
IMG/center_2026_08_30_19_26_48_443.jpg,IMG/left_2026_08_30_19_26_48_443.jpg,IMG/right_2026_08_30_19_26_48_443.jpg,0.0,1.0,0.0,30.19024
IMG/center_2026_08_31_16_54_23_997.jpg,IMG/left_2026_08_31_16_54_23_997.jpg,IMG/right_2026_08_31_16_54_23_997.jpg,0.3525698,1.0,0.0,30.19947
IMG/center_2026_08_30_19_24_07_549.jpg,IMG/left_2026_08_30_19_24_07_549.jpg,IMG/right_2026_08_30_19_24_07_549.jpg,0.0,0.0,0.0,7.799762e-05
IMG\center_2026_08_31_21_58_11_088.jpg,IMG\left_2026_08_31_21_58_11_088.jpg,IMG\right_2026_08_31_21_58_11_088.jpg,0.0,1.0,0.0,30.1906
IMG/center_2026_08_30_19_25_32_502.jpg,IMG/left_2026_08_30_19_25_32_502.jpg,IMG/right_2026_08_30_19_25_32_502.jpg,-0.1407207,1.0,0.0,30.18993
IMG/center_2026_08_30_19_27_59_272.jpg,IMG/left_2026_08_30_19_27_59_272.jpg,IMG/right_2026_08_30_19_27_59_272.jpg,0.0,1.0,0.0,30.19039
IMG/center_2026_08_30_19_24_46_961.jpg,IMG/left_2026_08_30_19_24_46_961.jpg,IMG/right_2026_08_30_19_24_46_961.jpg,-0.02907719,1.0,0.0,30.19029
IMG/center_2026_08_31_16_55_42_053.jpg,IMG/left_2026_08_31_16_55_42_053.jpg,IMG/right_2026_08_31_16_55_42_053.jpg,-1.0,1.0,0.0,27.0597
IMG/center_2026_08_30_19_27_37_721.jpg,IMG/left_2026_08_30_19_27_37_721.jpg,IMG/right_2026_08_30_19_27_37_721.jpg,-0.1386217,1.0,0.0,30.19089
IMG/center_2026_08_31_16_54_23_788.jpg,IMG/left_2026_08_31_16_54_23_788.jpg,IMG/right_2026_08_31_16_54_23_788.jpg,0.7185743,1.0,0.0,30.11201
IMG/center_2026_08_31_16_54_12_570.jpg,IMG/left_2026_08_31_16_54_12_570.jpg,IMG/right_2026_08_31_16_54_12_570.jpg,0.0,1.0,0.0,30.1902
IMG/center_2026_08_30_19_26_13_468.jpg,IMG/left_2026_08_30_19_26_13_468.jpg,IMG/right_2026_08_30_19_26_13_468.jpg,-0.1514544,1.0,0.0,30.18996
IMG/center_2026_08_31_16_54_38_171.jpg,IMG/left_2026_08_31_16_54_38_171.jpg,IMG/right_2026_08_31_16_54_38_171.jpg,0.6672432,1.0,0.0,30.11895
IMG\center_2026_08_31_21_56_46_531.jpg,IMG\left_2026_08_31_21_56_46_531.jpg,IMG\right_2026_08_31_21_56_46_531.jpg,-0.06701515,1.0,0.0,30.19031
IMG/center_2026_08_30_19_25_01_730.jpg,IMG/left_2026_08_30_19_25_01_730.jpg,IMG/right_2026_08_30_19_25_01_730.jpg,0.0,1.0,0.0,30.18993
IMG\center_2026_08_31_22_01_07_900.jpg,IMG\left_2026_08_31_22_01_07_900.jpg,IMG\right_2026_08_31_22_01_07_900.jpg,0.0,1.0,0.0,30.18999
IMG/center_2026_08_30_19_28_19_783.jpg,IMG/left_2026_08_30_19_28_19_783.jpg,IMG/right_2026_08_30_19_28_19_783.jpg,1.0,0.0,1.0,0.01361298
IMG/center_2026_08_31_16_54_41_455.jpg,IMG/left_2026_08_31_16_54_41_455.jpg,IMG/right_2026_08_31_16_54_41_455.jpg,-0.311595,1.0,0.0,30.16611
IMG\center_2026_08_31_21_52_32_885.jpg,IMG\left_2026_08_31_21_52_32_885.jpg,IMG\right_2026_08_31_21_52_32_885.jpg,-0.1492668,1.0,0.0,30.18963
IMG\center_2026_08_31_21_52_32_167.jpg,IMG\left_2026_08_31_21_52_32_167.jpg,IMG\right_2026_08_31_21_52_32_167.jpg,-0.2280441,1.0,0.0,30.1763
IMG/center_2026_08_30_19_28_21_230.jpg,IMG/left_2026_08_30_19_28_21_230.jpg,IMG/right_2026_08_30_19_28_21_230.jpg,-1.0,1.0,0.0,0.005499291
IMG\center_2026_08_31_21_56_45_906.jpg,IMG\left_2026_08_31_21_56_45_906.jpg,IMG\right_2026_08_31_21_56_45_906.jpg,0.0,1.0,0.0,30.19029
IMG/center_2026_08_30_19_27_25_156.jpg,IMG/left_2026_08_30_19_27_25_156.jpg,IMG/right_2026_08_30_19_27_25_156.jpg,0.0,1.0,0.0,30.19028
IMG\center_2026_08_31_21_52_20_704.jpg,IMG\left_2026_08_31_21_52_20_704.jpg,IMG\right_2026_08_31_21_52_20_704.jpg,-0.1060296,1.0,0.0,30.1872
IMG/center_2026_08_30_19_24_06_727.jpg,IMG/left_2026_08_30_19_24_06_727.jpg,IMG/right_2026_08_30_19_24_06_727.jpg,0.0,0.0,0.0,7.790991e-05
IMG/center_2026_08_31_16_52_59_636.jpg,IMG/left_2026_08_31_16_52_59_636.jpg,IMG/right_2026_08_31_16_52_59_636.jpg,-1.0,0.0,0.0,17.46881
IMG/center_2026_08_31_16_54_10_922.jpg,IMG/left_2026_08_31_16_54_10_922.jpg,IMG/right_2026_08_31_16_54_10_922.jpg,0.0,1.0,0.0,30.18663
IMG/center_2026_08_31_16_54_09_789.jpg,IMG/left_2026_08_31_16_54_09_789.jpg,IMG/right_2026_08_31_16_54_09_789.jpg,-0.4580571,1.0,0.0,30.14891
IMG/center_2026_08_30_19_27_19_721.jpg,IMG/left_2026_08_30_19_27_19_721.jpg,IMG/right_2026_08_30_19_27_19_721.jpg,-0.2320317,1.0,0.0,30.17724
IMG/center_2026_08_30_19_25_52_403.jpg,IMG/left_2026_08_30_19_25_52_403.jpg,IMG/right_2026_08_30_19_25_52_403.jpg,0.0,1.0,0.0,30.19029
IMG/center_2026_08_31_16_53_23_549.jpg,IMG/left_2026_08_31_16_53_23_549.jpg,IMG/right_2026_08_31_16_53_23_549.jpg,0.0,0.83112,0.0,1.896986
IMG/center_2026_08_30_19_25_46_559.jpg,IMG/left_2026_08_30_19_25_46_559.jpg,IMG/right_2026_08_30_19_25_46_559.jpg,0.0,1.0,0.0,30.19029
IMG/center_2026_08_30_19_26_09_132.jpg,IMG/left_2026_08_30_19_26_09_132.jpg,IMG/right_2026_08_30_19_26_09_132.jpg,0.0,1.0,0.0,30.19074
IMG/center_2026_08_31_16_54_39_106.jpg,IMG/left_2026_08_31_16_54_39_106.jpg,IMG/right_2026_08_31_16_54_39_106.jpg,0.0,1.0,0.0,30.19028
IMG\center_2026_08_31_21_58_11_710.jpg,IMG\left_2026_08_31_21_58_11_710.jpg,IMG\right_2026_08_31_21_58_11_710.jpg,0.0,1.0,0.0,30.19233
IMG/center_2026_08_30_19_26_03_802.jpg,IMG/left_2026_08_30_19_26_03_802.jpg,IMG/right_2026_08_30_19_26_03_802.jpg,0.0,1.0,0.0,30.19027
IMG\center_2026_08_31_21_58_06_451.jpg,IMG\left_2026_08_31_21_58_06_451.jpg,IMG\right_2026_08_31_21_58_06_451.jpg,0.0,1.0,0.0,30.18955
IMG/center_2026_08_31_16_55_40_094.jpg,IMG/left_2026_08_31_16_55_40_094.jpg,IMG/right_2026_08_31_16_55_40_094.jpg,-0.09160776,1.0,0.0,30.19143
IMG/center_2026_08_30_19_26_19_064.jpg,IMG/left_2026_08_30_19_26_19_064.jpg,IMG/right_2026_08_30_19_26_19_064.jpg,-0.1131795,1.0,0.0,30.18651
IMG/center_2026_08_30_19_28_21_540.jpg,IMG/left_2026_08_30_19_28_21_540.jpg,IMG/right_2026_08_30_19_28_21_540.jpg,-1.0,1.0,0.0,0.008352797
IMG/center_2026_08_31_16_55_46_080.jpg,IMG/left_2026_08_31_16_55_46_080.jpg,IMG/right_2026_08_31_16_55_46_080.jpg,-0.4627794,1.0,0.0,30.14576
IMG\center_2026_08_31_21_55_22_821.jpg,IMG\left_2026_08_31_21_55_22_821.jpg,IMG\right_2026_08_31_21_55_22_821.jpg,-0.3505298,1.0,0.0,30.19251
IMG\center_2026_08_31_21_55_23_534.jpg,IMG\left_2026_08_31_21_55_23_534.jpg,IMG\right_2026_08_31_21_55_23_534.jpg,0.0,1.0,0.0,30.1903
IMG/center_2026_08_30_19_26_18_964.jpg,IMG/left_2026_08_30_19_26_18_964.jpg,IMG/right_2026_08_30_19_26_18_964.jpg,0.0,1.0,0.0,30.1904
IMG/center_2026_08_30_19_27_46_908.jpg,IMG/left_2026_08_30_19_27_46_908.jpg,IMG/right_2026_08_30_19_27_46_908.jpg,0.0,1.0,0.0,30.19085
IMG/center_2026_08_30_19_27_06_407.jpg,IMG/left_2026_08_30_19_27_06_407.jpg,IMG/right_2026_08_30_19_27_06_407.jpg,-0.2342586,1.0,0.0,30.17514
IMG/center_2026_08_30_19_28_06_105.jpg,IMG/left_2026_08_30_19_28_06_105.jpg,IMG/right_2026_08_30_19_28_06_105.jpg,-0.1498803,1.0,0.0,30.18414
IMG/center_2026_08_31_16_54_55_920.jpg,IMG/left_2026_08_31_16_54_55_920.jpg,IMG/right_2026_08_31_16_54_55_920.jpg,0.548745,1.0,0.0,30.20927
IMG/center_2026_08_31_16_55_07_164.jpg,IMG/left_2026_08_31_16_55_07_164.jpg,IMG/right_2026_08_31_16_55_07_164.jpg,0.0,0.0,1.0,23.64012
IMG\center_2026_08_31_21_56_40_526.jpg,IMG\left_2026_08_31_21_56_40_526.jpg,IMG\right_2026_08_31_21_56_40_526.jpg,0.0,1.0,0.0,30.19031
IMG\center_2026_08_31_21_59_28_140.jpg,IMG\left_2026_08_31_21_59_28_140.jpg,IMG\right_2026_08_31_21_59_28_140.jpg,0.0,1.0,0.0,30.19008
IMG/center_2026_08_30_19_25_13_133.jpg,IMG/left_2026_08_30_19_25_13_133.jpg,IMG/right_2026_08_30_19_25_13_133.jpg,-0.3021156,1.0,0.0,30.16983
IMG/center_2026_08_30_19_24_31_807.jpg,IMG/left_2026_08_30_19_24_31_807.jpg,IMG/right_2026_08_30_19_24_31_807.jpg,0.0,1.0,0.0,30.1903
IMG/center_2026_08_31_16_52_53_406.jpg,IMG/left_2026_08_31_16_52_53_406.jpg,IMG/right_2026_08_31_16_52_53_406.jpg,0.0,1.0,0.0,30.19017
IMG/center_2026_08_30_19_27_05_042.jpg,IMG/left_2026_08_30_19_27_05_042.jpg,IMG/right_2026_08_30_19_27_05_042.jpg,-0.0517341,1.0,0.0,30.18989
IMG\center_2026_08_31_21_55_21_059.jpg,IMG\left_2026_08_31_21_55_21_059.jpg,IMG\right_2026_08_31_21_55_21_059.jpg,0.0,1.0,0.0,30.19129
IMG/center_2026_08_30_19_25_57_020.jpg,IMG/left_2026_08_30_19_25_57_020.jpg,IMG/right_2026_08_30_19_25_57_020.jpg,0.0,1.0,0.0,30.19031
IMG/center_2026_08_30_19_24_23_062.jpg,IMG/left_2026_08_30_19_24_23_062.jpg,IMG/right_2026_08_30_19_24_23_062.jpg,0.0,1.0,0.0,30.19029
IMG\center_2026_08_31_21_52_26_491.jpg,IMG\left_2026_08_31_21_52_26_491.jpg,IMG\right_2026_08_31_21_52_26_491.jpg,-0.2553261,1.0,0.0,30.18687
IMG/center_2026_08_30_19_28_18_121.jpg,IMG/left_2026_08_30_19_28_18_121.jpg,IMG/right_2026_08_30_19_28_18_121.jpg,-0.1633458,1.0,0.0,0.753269
IMG/center_2026_08_31_16_54_54_237.jpg,IMG/left_2026_08_31_16_54_54_237.jpg,IMG/right_2026_08_31_16_54_54_237.jpg,0.0,1.0,0.0,30.18783
IMG\center_2026_08_31_21_58_09_535.jpg,IMG\left_2026_08_31_21_58_09_535.jpg,IMG\right_2026_08_31_21_58_09_535.jpg,-0.581197,1.0,0.0,30.13152
IMG/center_2026_08_31_16_53_20_984.jpg,IMG/left_2026_08_31_16_53_20_984.jpg,IMG/right_2026_08_31_16_53_20_984.jpg,0.0,0.0,0.0,7.775339e-05
IMG/center_2026_08_30_19_28_19_681.jpg,IMG/left_2026_08_30_19_28_19_681.jpg,IMG/right_2026_08_30_19_28_19_681.jpg,0.9110058,0.0,0.9391419,0.003024076
IMG/center_2026_08_30_19_26_46_374.jpg,IMG/left_2026_08_30_19_26_46_374.jpg,IMG/right_2026_08_30_19_26_46_374.jpg,0.0822804,1.0,0.0,30.19054
IMG/center_2026_08_30_19_24_51_003.jpg,IMG/left_2026_08_30_19_24_51_003.jpg,IMG/right_2026_08_30_19_24_51_003.jpg,-0.1082421,1.0,0.0,30.18777
IMG/center_2026_08_31_16_55_02_692.jpg,IMG/left_2026_08_31_16_55_02_692.jpg,IMG/right_2026_08_31_16_55_02_692.jpg,0.0,1.0,0.0,30.19057
IMG\center_2026_08_31_22_01_06_978.jpg,IMG\left_2026_08_31_22_01_06_978.jpg,IMG\right_2026_08_31_22_01_06_978.jpg,0.0,1.0,0.0,30.13088
IMG/center_2026_08_31_16_55_25_944.jpg,IMG/left_2026_08_31_16_55_25_944.jpg,IMG/right_2026_08_31_16_55_25_944.jpg,-0.0884238,1.0,0.0,30.1894
IMG/center_2026_08_31_16_53_53_299.jpg,IMG/left_2026_08_31_16_53_53_299.jpg,IMG/right_2026_08_31_16_53_53_299.jpg,0.0,1.0,0.0,30.1898
IMG/center_2026_08_31_16_55_47_322.jpg,IMG/left_2026_08_31_16_55_47_322.jpg,IMG/right_2026_08_31_16_55_47_322.jpg,-0.0629484,1.0,0.0,30.32433
IMG\center_2026_08_31_21_56_50_577.jpg,IMG\left_2026_08_31_21_56_50_577.jpg,IMG\right_2026_08_31_21_56_50_577.jpg,0.0,1.0,0.0,30.19016
IMG/center_2026_08_31_16_55_53_772.jpg,IMG/left_2026_08_31_16_55_53_772.jpg,IMG/right_2026_08_31_16_55_53_772.jpg,0.0,0.0,0.0,0.000386901
IMG\center_2026_08_31_21_56_44_673.jpg,IMG\left_2026_08_31_21_56_44_673.jpg,IMG\right_2026_08_31_21_56_44_673.jpg,-0.3148311,1.0,0.0,30.18622
IMG/center_2026_08_31_16_52_54_339.jpg,IMG/left_2026_08_31_16_52_54_339.jpg,IMG/right_2026_08_31_16_52_54_339.jpg,0.0,1.0,0.0,30.18907
IMG/center_2026_08_31_16_53_05_962.jpg,IMG/left_2026_08_31_16_53_05_962.jpg,IMG/right_2026_08_31_16_53_05_962.jpg,1.0,0.0,0.0,0.0133478
IMG/center_2026_08_30_19_25_29_313.jpg,IMG/left_2026_08_30_19_25_29_313.jpg,IMG/right_2026_08_30_19_25_29_313.jpg,0.0,1.0,0.0,30.19002
IMG/center_2026_08_30_19_26_45_234.jpg,IMG/left_2026_08_30_19_26_45_234.jpg,IMG/right_2026_08_30_19_26_45_234.jpg,0.2995878,1.0,0.0,30.17009
IMG/center_2026_08_31_16_53_02_121.jpg,IMG/left_2026_08_31_16_53_02_121.jpg,IMG/right_2026_08_31_16_53_02_121.jpg,0.0,0.0,1.0,0.03804274
IMG\center_2026_08_31_21_56_50_472.jpg,IMG\left_2026_08_31_21_56_50_472.jpg,IMG\right_2026_08_31_21_56_50_472.jpg,0.0,1.0,0.0,30.19028
IMG/center_2026_08_30_19_26_27_970.jpg,IMG/left_2026_08_30_19_26_27_970.jpg,IMG/right_2026_08_30_19_26_27_970.jpg,0.0,1.0,0.0,30.18995
IMG/center_2026_08_31_16_54_03_096.jpg,IMG/left_2026_08_31_16_54_03_096.jpg,IMG/right_2026_08_31_16_54_03_096.jpg,0.0,1.0,0.0,30.18988
IMG/center_2026_08_31_16_55_21_150.jpg,IMG/left_2026_08_31_16_55_21_150.jpg,IMG/right_2026_08_31_16_55_21_150.jpg,-0.2544558,1.0,0.0,30.17585
IMG/center_2026_08_30_19_25_20_465.jpg,IMG/left_2026_08_30_19_25_20_465.jpg,IMG/right_2026_08_30_19_25_20_465.jpg,0.0,1.0,0.0,30.1903
IMG\center_2026_08_31_21_56_46_324.jpg,IMG\left_2026_08_31_21_56_46_324.jpg,IMG\right_2026_08_31_21_56_46_324.jpg,-0.5383452,1.0,0.0,30.13499
IMG/center_2026_08_30_19_24_32_541.jpg,IMG/left_2026_08_30_19_24_32_541.jpg,IMG/right_2026_08_30_19_24_32_541.jpg,0.0,1.0,0.0,30.1903
IMG/center_2026_08_30_19_24_43_203.jpg,IMG/left_2026_08_30_19_24_43_203.jpg,IMG/right_2026_08_30_19_24_43_203.jpg,0.0,1.0,0.0,30.19044
IMG\center_2026_08_31_21_51_02_566.jpg,IMG\left_2026_08_31_21_51_02_566.jpg,IMG\right_2026_08_31_21_51_02_566.jpg,-0.2506617,1.0,0.0,30.19329
IMG/center_2026_08_31_16_55_03_637.jpg,IMG/left_2026_08_31_16_55_03_637.jpg,IMG/right_2026_08_31_16_55_03_637.jpg,0.0,1.0,0.0,30.19072
IMG/center_2026_08_30_19_27_26_002.jpg,IMG/left_2026_08_30_19_27_26_002.jpg,IMG/right_2026_08_30_19_27_26_002.jpg,-0.1521501,1.0,0.0,30.18426
IMG/center_2026_08_31_16_54_23_576.jpg,IMG/left_2026_08_31_16_54_23_576.jpg,IMG/right_2026_08_31_16_54_23_576.jpg,0.1130796,1.0,0.0,30.18616
IMG/center_2026_08_31_16_55_33_076.jpg,IMG/left_2026_08_31_16_55_33_076.jpg,IMG/right_2026_08_31_16_55_33_076.jpg,0.7831683,1.0,0.0,29.82216
IMG/center_2026_08_31_16_55_42_971.jpg,IMG/left_2026_08_31_16_55_42_971.jpg,IMG/right_2026_08_31_16_55_42_971.jpg,-1.0,1.0,0.0,19.89754
IMG/center_2026_08_30_19_24_43_310.jpg,IMG/left_2026_08_30_19_24_43_310.jpg,IMG/right_2026_08_30_19_24_43_310.jpg,0.0,1.0,0.0,30.19025
IMG/center_2026_08_30_19_24_17_438.jpg,IMG/left_2026_08_30_19_24_17_438.jpg,IMG/right_2026_08_30_19_24_17_438.jpg,-0.316137,1.0,0.0,30.16578
IMG/center_2026_08_31_16_54_35_795.jpg,IMG/left_2026_08_31_16_54_35_795.jpg,IMG/right_2026_08_31_16_54_35_795.jpg,0.7766941,1.0,0.0,30.10784
IMG\center_2026_08_31_21_51_10_112.jpg,IMG\left_2026_08_31_21_51_10_112.jpg,IMG\right_2026_08_31_21_51_10_112.jpg,0.0,1.0,0.0,30.18995
IMG/center_2026_08_31_16_54_36_814.jpg,IMG/left_2026_08_31_16_54_36_814.jpg,IMG/right_2026_08_31_16_54_36_814.jpg,-1.0,1.0,0.0,30.11646
IMG/center_2026_08_31_16_54_29_826.jpg,IMG/left_2026_08_31_16_54_29_826.jpg,IMG/right_2026_08_31_16_54_29_826.jpg,0.0,1.0,0.0,30.19285
IMG/center_2026_08_30_19_27_14_578.jpg,IMG/left_2026_08_30_19_27_14_578.jpg,IMG/right_2026_08_30_19_27_14_578.jpg,0.0,1.0,0.0,30.19057
IMG\center_2026_08_31_21_56_44_043.jpg,IMG\left_2026_08_31_21_56_44_043.jpg,IMG\right_2026_08_31_21_56_44_043.jpg,-0.4904836,1.0,0.0,30.16463
IMG/center_2026_08_30_19_24_22_646.jpg,IMG/left_2026_08_30_19_24_22_646.jpg,IMG/right_2026_08_30_19_24_22_646.jpg,0.0,1.0,0.0,30.19025
IMG/center_2026_08_30_19_24_18_062.jpg,IMG/left_2026_08_30_19_24_18_062.jpg,IMG/right_2026_08_30_19_24_18_062.jpg,-0.3634323,1.0,0.0,30.15976
IMG/center_2026_08_30_19_24_36_813.jpg,IMG/left_2026_08_30_19_24_36_813.jpg,IMG/right_2026_08_30_19_24_36_813.jpg,0.0,1.0,0.0,30.1902
IMG/center_2026_08_30_19_25_24_101.jpg,IMG/left_2026_08_30_19_25_24_101.jpg,IMG/right_2026_08_30_19_25_24_101.jpg,0.4076943,1.0,0.0,30.17216
IMG\center_2026_08_31_21_52_22_162.jpg,IMG\left_2026_08_31_21_52_22_162.jpg,IMG\right_2026_08_31_21_52_22_162.jpg,-0.2266024,1.0,0.0,30.19464
IMG/center_2026_08_31_16_53_31_509.jpg,IMG/left_2026_08_31_16_53_31_509.jpg,IMG/right_2026_08_31_16_53_31_509.jpg,-0.3277953,1.0,0.0,30.19196
IMG\center_2026_08_31_21_59_39_425.jpg,IMG\left_2026_08_31_21_59_39_425.jpg,IMG\right_2026_08_31_21_59_39_425.jpg,-0.2322918,1.0,0.0,30.17711
IMG\center_2026_08_31_21_51_07_108.jpg,IMG\left_2026_08_31_21_51_07_108.jpg,IMG\right_2026_08_31_21_51_07_108.jpg,-0.03177057,1.0,0.0,30.19015
IMG\center_2026_08_31_21_55_16_605.jpg,IMG\left_2026_08_31_21_55_16_605.jpg,IMG\right_2026_08_31_21_55_16_605.jpg,0.0,1.0,0.0,30.19031
IMG/center_2026_08_31_16_52_47_017.jpg,IMG/left_2026_08_31_16_52_47_017.jpg,IMG/right_2026_08_31_16_52_47_017.jpg,-1.0,1.0,0.0,27.42112
IMG/center_2026_08_30_19_24_56_561.jpg,IMG/left_2026_08_30_19_24_56_561.jpg,IMG/right_2026_08_30_19_24_56_561.jpg,0.0,1.0,0.0,30.19041
IMG/center_2026_08_30_19_25_56_081.jpg,IMG/left_2026_08_30_19_25_56_081.jpg,IMG/right_2026_08_30_19_25_56_081.jpg,0.0,1.0,0.0,30.1903
IMG/center_2026_08_31_16_55_47_845.jpg,IMG/left_2026_08_31_16_55_47_845.jpg,IMG/right_2026_08_31_16_55_47_845.jpg,-1.0,1.0,0.0,8.014377
IMG\center_2026_08_31_21_55_15_049.jpg,IMG\left_2026_08_31_21_55_15_049.jpg,IMG\right_2026_08_31_21_55_15_049.jpg,-0.4351218,1.0,0.0,30.15028
IMG/center_2026_08_30_19_28_20_609.jpg,IMG/left_2026_08_30_19_28_20_609.jpg,IMG/right_2026_08_30_19_28_20_609.jpg,-0.840273,0.7420476,0.0,0.02014033
IMG/center_2026_08_30_19_26_37_659.jpg,IMG/left_2026_08_30_19_26_37_659.jpg,IMG/right_2026_08_30_19_26_37_659.jpg,-0.1274997,1.0,0.0,30.19339
IMG/center_2026_08_31_16_53_32_656.jpg,IMG/left_2026_08_31_16_53_32_656.jpg,IMG/right_2026_08_31_16_53_32_656.jpg,0.0,1.0,0.0,30.19068
IMG/center_2026_08_31_16_54_19_694.jpg,IMG/left_2026_08_31_16_54_19_694.jpg,IMG/right_2026_08_31_16_54_19_694.jpg,-0.4719552,1.0,0.0,30.14577
IMG\center_2026_08_31_21_55_22_512.jpg,IMG\left_2026_08_31_21_55_22_512.jpg,IMG\right_2026_08_31_21_55_22_512.jpg,-0.0204333,1.0,0.0,30.19066
IMG/center_2026_08_31_16_53_48_691.jpg,IMG/left_2026_08_31_16_53_48_691.jpg,IMG/right_2026_08_31_16_53_48_691.jpg,-0.5265537,1.0,0.0,30.14113
IMG/center_2026_08_30_19_25_22_556.jpg,IMG/left_2026_08_30_19_25_22_556.jpg,IMG/right_2026_08_30_19_25_22_556.jpg,0.3535362,1.0,0.0,30.17563
IMG/center_2026_08_31_16_54_46_759.jpg,IMG/left_2026_08_31_16_54_46_759.jpg,IMG/right_2026_08_31_16_54_46_759.jpg,0.0,1.0,0.0,30.1903
IMG/center_2026_08_31_16_53_47_018.jpg,IMG/left_2026_08_31_16_53_47_018.jpg,IMG/right_2026_08_31_16_53_47_018.jpg,0.0,1.0,0.0,30.18963
IMG/center_2026_08_30_19_26_34_846.jpg,IMG/left_2026_08_30_19_26_34_846.jpg,IMG/right_2026_08_30_19_26_34_846.jpg,0.0,1.0,0.0,30.19043
IMG/center_2026_08_30_19_24_37_028.jpg,IMG/left_2026_08_30_19_24_37_028.jpg,IMG/right_2026_08_30_19_24_37_028.jpg,-0.1324092,1.0,0.0,30.1856
IMG/center_2026_08_31_16_54_08_150.jpg,IMG/left_2026_08_31_16_54_08_150.jpg,IMG/right_2026_08_31_16_54_08_150.jpg,0.2750371,1.0,0.0,30.1975
IMG/center_2026_08_30_19_24_32_852.jpg,IMG/left_2026_08_30_19_24_32_852.jpg,IMG/right_2026_08_30_19_24_32_852.jpg,0.0,1.0,0.0,30.18993
IMG\center_2026_08_31_21_59_36_625.jpg,IMG\left_2026_08_31_21_59_36_625.jpg,IMG\right_2026_08_31_21_59_36_625.jpg,0.0,1.0,0.0,30.19001
IMG/center_2026_08_31_16_54_54_133.jpg,IMG/left_2026_08_31_16_54_54_133.jpg,IMG/right_2026_08_31_16_54_54_133.jpg,-0.1295655,1.0,0.0,30.19362
IMG/center_2026_08_30_19_25_49_162.jpg,IMG/left_2026_08_30_19_25_49_162.jpg,IMG/right_2026_08_30_19_25_49_162.jpg,0.0,1.0,0.0,30.18944
IMG/center_2026_08_30_19_24_40_903.jpg,IMG/left_2026_08_30_19_24_40_903.jpg,IMG/right_2026_08_30_19_24_40_903.jpg,0.0,1.0,0.0,30.19023
IMG/center_2026_08_30_19_25_31_785.jpg,IMG/left_2026_08_30_19_25_31_785.jpg,IMG/right_2026_08_30_19_25_31_785.jpg,0.0,1.0,0.0,30.19028
IMG/center_2026_08_31_16_54_58_960.jpg,IMG/left_2026_08_31_16_54_58_960.jpg,IMG/right_2026_08_31_16_54_58_960.jpg,-0.1640016,1.0,0.0,30.19492
IMG/center_2026_08_30_19_24_25_451.jpg,IMG/left_2026_08_30_19_24_25_451.jpg,IMG/right_2026_08_30_19_24_25_451.jpg,-0.1758555,1.0,0.0,30.18356
IMG/center_2026_08_30_19_26_06_107.jpg,IMG/left_2026_08_30_19_26_06_107.jpg,IMG/right_2026_08_30_19_26_06_107.jpg,-0.2869683,1.0,0.0,30.16925
IMG/center_2026_08_30_19_27_51_997.jpg,IMG/left_2026_08_30_19_27_51_997.jpg,IMG/right_2026_08_30_19_27_51_997.jpg,0.2028822,1.0,0.0,30.17829
IMG/center_2026_08_31_16_53_39_824.jpg,IMG/left_2026_08_31_16_53_39_824.jpg,IMG/right_2026_08_31_16_53_39_824.jpg,-0.6010455,1.0,0.0,30.12864
IMG/center_2026_08_31_16_55_29_869.jpg,IMG/left_2026_08_31_16_55_29_869.jpg,IMG/right_2026_08_31_16_55_29_869.jpg,0.0,1.0,0.0,30.19032
IMG/center_2026_08_30_19_25_07_223.jpg,IMG/left_2026_08_30_19_25_07_223.jpg,IMG/right_2026_08_30_19_25_07_223.jpg,0.0,1.0,0.0,30.18992
IMG/center_2026_08_31_16_55_22_102.jpg,IMG/left_2026_08_31_16_55_22_102.jpg,IMG/right_2026_08_31_16_55_22_102.jpg,0.0,1.0,0.0,30.19273
IMG/center_2026_08_31_16_55_28_944.jpg,IMG/left_2026_08_31_16_55_28_944.jpg,IMG/right_2026_08_31_16_55_28_944.jpg,0.0,1.0,0.0,30.19027
IMG/center_2026_08_30_19_25_02_665.jpg,IMG/left_2026_08_30_19_25_02_665.jpg,IMG/right_2026_08_30_19_25_02_665.jpg,0.0,1.0,0.0,30.18989
IMG/center_2026_08_31_16_53_51_722.jpg,IMG/left_2026_08_31_16_53_51_722.jpg,IMG/right_2026_08_31_16_53_51_722.jpg,0.0,1.0,0.0,30.19083
IMG\center_2026_08_31_21_55_19_099.jpg,IMG\left_2026_08_31_21_55_19_099.jpg,IMG\right_2026_08_31_21_55_19_099.jpg,-0.3843267,1.0,0.0,30.15772
IMG/center_2026_08_31_16_55_42_155.jpg,IMG/left_2026_08_31_16_55_42_155.jpg,IMG/right_2026_08_31_16_55_42_155.jpg,-1.0,1.0,0.0,27.35713
IMG/center_2026_08_30_19_25_22_865.jpg,IMG/left_2026_08_30_19_25_22_865.jpg,IMG/right_2026_08_30_19_25_22_865.jpg,0.0,1.0,0.0,30.19023
IMG/center_2026_08_30_19_25_13_880.jpg,IMG/left_2026_08_30_19_25_13_880.jpg,IMG/right_2026_08_30_19_25_13_880.jpg,0.0,1.0,0.0,30.18895
IMG/center_2026_08_31_16_53_44_412.jpg,IMG/left_2026_08_31_16_53_44_412.jpg,IMG/right_2026_08_31_16_53_44_412.jpg,0.5381871,1.0,0.0,30.1372
IMG/center_2026_08_31_16_53_10_104.jpg,IMG/left_2026_08_31_16_53_10_104.jpg,IMG/right_2026_08_31_16_53_10_104.jpg,0.0,0.0,0.0864516,0.000242052
IMG\center_2026_08_31_22_01_05_944.jpg,IMG\left_2026_08_31_22_01_05_944.jpg,IMG\right_2026_08_31_22_01_05_944.jpg,0.0,1.0,0.0,30.19062
IMG\center_2026_08_31_21_58_01_246.jpg,IMG\left_2026_08_31_21_58_01_246.jpg,IMG\right_2026_08_31_21_58_01_246.jpg,0.0,1.0,0.0,30.19036
IMG/center_2026_08_31_16_55_02_073.jpg,IMG/left_2026_08_31_16_55_02_073.jpg,IMG/right_2026_08_31_16_55_02_073.jpg,0.2489292,1.0,0.0,30.17617
IMG/center_2026_08_31_16_55_15_072.jpg,IMG/left_2026_08_31_16_55_15_072.jpg,IMG/right_2026_08_31_16_55_15_072.jpg,0.0,1.0,0.0,30.18976
IMG\center_2026_08_31_21_59_33_616.jpg,IMG\left_2026_08_31_21_59_33_616.jpg,IMG\right_2026_08_31_21_59_33_616.jpg,-0.3533997,1.0,0.0,30.16352
IMG\center_2026_08_31_21_50_57_301.jpg,IMG\left_2026_08_31_21_50_57_301.jpg,IMG\right_2026_08_31_21_50_57_301.jpg,-0.3759213,1.0,0.0,30.15814
IMG\center_2026_08_31_21_52_19_677.jpg,IMG\left_2026_08_31_21_52_19_677.jpg,IMG\right_2026_08_31_21_52_19_677.jpg,0.0,1.0,0.0,30.19032
IMG\center_2026_08_31_21_51_08_241.jpg,IMG\left_2026_08_31_21_51_08_241.jpg,IMG\right_2026_08_31_21_51_08_241.jpg,0.0,1.0,0.0,30.19032
IMG/center_2026_08_31_16_53_27_670.jpg,IMG/left_2026_08_31_16_53_27_670.jpg,IMG/right_2026_08_31_16_53_27_670.jpg,0.0,1.0,0.0,30.19077
IMG\center_2026_08_31_21_51_03_813.jpg,IMG\left_2026_08_31_21_51_03_813.jpg,IMG\right_2026_08_31_21_51_03_813.jpg,0.0,1.0,0.0,30.19004
IMG/center_2026_08_30_19_25_25_784.jpg,IMG/left_2026_08_30_19_25_25_784.jpg,IMG/right_2026_08_30_19_25_25_784.jpg,0.02463749,1.0,0.0,30.1901
IMG\center_2026_08_31_21_56_54_087.jpg,IMG\left_2026_08_31_21_56_54_087.jpg,IMG\right_2026_08_31_21_56_54_087.jpg,0.0,1.0,0.0,30.19016
IMG/center_2026_08_30_19_28_06_309.jpg,IMG/left_2026_08_30_19_28_06_309.jpg,IMG/right_2026_08_30_19_28_06_309.jpg,0.0,1.0,0.0,30.18983
IMG\center_2026_08_31_21_56_47_360.jpg,IMG\left_2026_08_31_21_56_47_360.jpg,IMG\right_2026_08_31_21_56_47_360.jpg,0.0,1.0,0.0,30.19014
IMG/center_2026_08_31_16_55_25_012.jpg,IMG/left_2026_08_31_16_55_25_012.jpg,IMG/right_2026_08_31_16_55_25_012.jpg,-0.1799697,1.0,0.0,30.18074
IMG/center_2026_08_31_16_54_34_144.jpg,IMG/left_2026_08_31_16_54_34_144.jpg,IMG/right_2026_08_31_16_54_34_144.jpg,-0.0684435,1.0,0.0,30.16962
IMG/center_2026_08_30_19_26_58_685.jpg,IMG/left_2026_08_30_19_26_58_685.jpg,IMG/right_2026_08_30_19_26_58_685.jpg,0.0,1.0,0.0,30.19011
IMG/center_2026_08_30_19_28_05_895.jpg,IMG/left_2026_08_30_19_28_05_895.jpg,IMG/right_2026_08_30_19_28_05_895.jpg,0.0,1.0,0.0,30.1903
IMG/center_2026_08_30_19_26_57_856.jpg,IMG/left_2026_08_30_19_26_57_856.jpg,IMG/right_2026_08_30_19_26_57_856.jpg,-0.3977544,1.0,0.0,30.16275
IMG/center_2026_08_30_19_28_21_125.jpg,IMG/left_2026_08_30_19_28_21_125.jpg,IMG/right_2026_08_30_19_28_21_125.jpg,-1.0,1.0,0.0,0.003916145
IMG/center_2026_08_31_16_54_30_445.jpg,IMG/left_2026_08_31_16_54_30_445.jpg,IMG/right_2026_08_31_16_54_30_445.jpg,-0.1714241,1.0,0.0,30.19551
IMG/center_2026_08_31_16_53_06_992.jpg,IMG/left_2026_08_31_16_53_06_992.jpg,IMG/right_2026_08_31_16_53_06_992.jpg,-0.0632283,0.0,0.0,0.004352301
IMG/center_2026_08_30_19_27_08_292.jpg,IMG/left_2026_08_30_19_27_08_292.jpg,IMG/right_2026_08_30_19_27_08_292.jpg,-0.2452566,1.0,0.0,30.17425
IMG/center_2026_08_30_19_26_17_619.jpg,IMG/left_2026_08_30_19_26_17_619.jpg,IMG/right_2026_08_30_19_26_17_619.jpg,-0.2997294,1.0,0.0,30.16808
IMG/center_2026_08_30_19_25_14_834.jpg,IMG/left_2026_08_30_19_25_14_834.jpg,IMG/right_2026_08_30_19_25_14_834.jpg,-0.4266978,1.0,0.0,30.15659
IMG\center_2026_08_31_21_50_58_028.jpg,IMG\left_2026_08_31_21_50_58_028.jpg,IMG\right_2026_08_31_21_50_58_028.jpg,0.0,1.0,0.0,30.18983
IMG\center_2026_08_31_21_59_28_455.jpg,IMG\left_2026_08_31_21_59_28_455.jpg,IMG\right_2026_08_31_21_59_28_455.jpg,0.0,1.0,0.0,30.19033
IMG/center_2026_08_31_16_55_25_216.jpg,IMG/left_2026_08_31_16_55_25_216.jpg,IMG/right_2026_08_31_16_55_25_216.jpg,-0.7348053,1.0,0.0,30.11749
IMG\center_2026_08_31_21_58_07_061.jpg,IMG\left_2026_08_31_21_58_07_061.jpg,IMG\right_2026_08_31_21_58_07_061.jpg,-0.2518395,1.0,0.0,30.18724
IMG/center_2026_08_30_19_24_08_873.jpg,IMG/left_2026_08_30_19_24_08_873.jpg,IMG/right_2026_08_30_19_24_08_873.jpg,-0.7677256,0.7677256,0.0,1.171025
IMG/center_2026_08_30_19_28_20_299.jpg,IMG/left_2026_08_30_19_28_20_299.jpg,IMG/right_2026_08_30_19_28_20_299.jpg,0.690546,0.0,0.6686698,0.006903288
IMG\center_2026_08_31_21_59_32_275.jpg,IMG\left_2026_08_31_21_59_32_275.jpg,IMG\right_2026_08_31_21_59_32_275.jpg,0.0,1.0,0.0,30.18953
IMG/center_2026_08_30_19_26_39_310.jpg,IMG/left_2026_08_30_19_26_39_310.jpg,IMG/right_2026_08_30_19_26_39_310.jpg,-0.2616327,1.0,0.0,30.17792
IMG/center_2026_08_30_19_25_20_362.jpg,IMG/left_2026_08_30_19_25_20_362.jpg,IMG/right_2026_08_30_19_25_20_362.jpg,0.0,1.0,0.0,30.1903
IMG/center_2026_08_31_16_52_35_480.jpg,IMG/left_2026_08_31_16_52_35_480.jpg,IMG/right_2026_08_31_16_52_35_480.jpg,0.0,0.0,0.0,7.851074e-05
IMG/center_2026_08_31_16_54_25_137.jpg,IMG/left_2026_08_31_16_54_25_137.jpg,IMG/right_2026_08_31_16_54_25_137.jpg,-0.7967785,1.0,0.0,30.16201
IMG/center_2026_08_30_19_26_10_165.jpg,IMG/left_2026_08_30_19_26_10_165.jpg,IMG/right_2026_08_30_19_26_10_165.jpg,-0.06569189,1.0,0.0,30.19111
IMG/center_2026_08_30_19_26_52_717.jpg,IMG/left_2026_08_30_19_26_52_717.jpg,IMG/right_2026_08_30_19_26_52_717.jpg,0.1243542,1.0,0.0,30.18617
IMG/center_2026_08_31_16_55_16_436.jpg,IMG/left_2026_08_31_16_55_16_436.jpg,IMG/right_2026_08_31_16_55_16_436.jpg,0.0,1.0,0.0,30.19033
IMG\center_2026_08_31_21_58_09_746.jpg,IMG\left_2026_08_31_21_58_09_746.jpg,IMG\right_2026_08_31_21_58_09_746.jpg,-0.4390451,1.0,0.0,30.1976
IMG/center_2026_08_30_19_26_12_120.jpg,IMG/left_2026_08_30_19_26_12_120.jpg,IMG/right_2026_08_30_19_26_12_120.jpg,-0.2551119,1.0,0.0,30.18449
IMG/center_2026_08_31_16_53_05_857.jpg,IMG/left_2026_08_31_16_53_05_857.jpg,IMG/right_2026_08_31_16_53_05_857.jpg,1.0,0.0,0.0,0.009976705
IMG/center_2026_08_31_16_53_53_194.jpg,IMG/left_2026_08_31_16_53_53_194.jpg,IMG/right_2026_08_31_16_53_53_194.jpg,0.0,1.0,0.0,30.18939
IMG/center_2026_08_30_19_25_51_348.jpg,IMG/left_2026_08_30_19_25_51_348.jpg,IMG/right_2026_08_30_19_25_51_348.jpg,-0.2747445,1.0,0.0,30.171
IMG/center_2026_08_30_19_27_36_183.jpg,IMG/left_2026_08_30_19_27_36_183.jpg,IMG/right_2026_08_30_19_27_36_183.jpg,0.0,1.0,0.0,30.18952
IMG/center_2026_08_30_19_27_36_385.jpg,IMG/left_2026_08_30_19_27_36_385.jpg,IMG/right_2026_08_30_19_27_36_385.jpg,-0.0981354,1.0,0.0,30.18837
IMG/center_2026_08_30_19_27_56_357.jpg,IMG/left_2026_08_30_19_27_56_357.jpg,IMG/right_2026_08_30_19_27_56_357.jpg,0.0,1.0,0.0,30.19011
IMG\center_2026_08_31_21_52_31_961.jpg,IMG\left_2026_08_31_21_52_31_961.jpg,IMG\right_2026_08_31_21_52_31_961.jpg,0.0,1.0,0.0,30.19029
IMG/center_2026_08_30_19_26_44_406.jpg,IMG/left_2026_08_30_19_26_44_406.jpg,IMG/right_2026_08_30_19_26_44_406.jpg,0.0,1.0,0.0,30.19029
IMG/center_2026_08_31_16_55_14_972.jpg,IMG/left_2026_08_31_16_55_14_972.jpg,IMG/right_2026_08_31_16_55_14_972.jpg,0.0,1.0,0.0,30.19029
IMG/center_2026_08_30_19_25_27_963.jpg,IMG/left_2026_08_30_19_25_27_963.jpg,IMG/right_2026_08_30_19_25_27_963.jpg,0.0,1.0,0.0,30.1903
IMG\center_2026_08_31_21_56_51_812.jpg,IMG\left_2026_08_31_21_56_51_812.jpg,IMG\right_2026_08_31_21_56_51_812.jpg,0.0,1.0,0.0,30.19044
IMG/center_2026_08_30_19_26_01_932.jpg,IMG/left_2026_08_30_19_26_01_932.jpg,IMG/right_2026_08_30_19_26_01_932.jpg,0.0,1.0,0.0,30.19034
IMG/center_2026_08_30_19_24_44_046.jpg,IMG/left_2026_08_30_19_24_44_046.jpg,IMG/right_2026_08_30_19_24_44_046.jpg,0.0,1.0,0.0,30.19034
IMG/center_2026_08_30_19_26_00_041.jpg,IMG/left_2026_08_30_19_26_00_041.jpg,IMG/right_2026_08_30_19_26_00_041.jpg,-0.1025346,1.0,0.0,30.18752
IMG/center_2026_08_30_19_27_01_883.jpg,IMG/left_2026_08_30_19_27_01_883.jpg,IMG/right_2026_08_30_19_27_01_883.jpg,-0.2815245,1.0,0.0,30.17523
IMG/center_2026_08_30_19_28_11_915.jpg,IMG/left_2026_08_30_19_28_11_915.jpg,IMG/right_2026_08_30_19_28_11_915.jpg,-0.1797708,1.0,0.0,30.18126
IMG/center_2026_08_31_16_55_32_459.jpg,IMG/left_2026_08_31_16_55_32_459.jpg,IMG/right_2026_08_31_16_55_32_459.jpg,-0.806643,1.0,0.0,30.10561
IMG/center_2026_08_31_16_53_34_746.jpg,IMG/left_2026_08_31_16_53_34_746.jpg,IMG/right_2026_08_31_16_53_34_746.jpg,-0.1651083,1.0,0.0,30.18246
IMG/center_2026_08_30_19_26_34_018.jpg,IMG/left_2026_08_30_19_26_34_018.jpg,IMG/right_2026_08_30_19_26_34_018.jpg,-0.2979399,1.0,0.0,30.16866
IMG/center_2026_08_30_19_26_59_926.jpg,IMG/left_2026_08_30_19_26_59_926.jpg,IMG/right_2026_08_30_19_26_59_926.jpg,0.0,1.0,0.0,30.19056
IMG/center_2026_08_31_16_54_19_797.jpg,IMG/left_2026_08_31_16_54_19_797.jpg,IMG/right_2026_08_31_16_54_19_797.jpg,-0.1820244,1.0,0.0,30.1915
IMG/center_2026_08_31_16_55_19_264.jpg,IMG/left_2026_08_31_16_55_19_264.jpg,IMG/right_2026_08_31_16_55_19_264.jpg,-0.4438351,1.0,0.0,30.19799
IMG\center_2026_08_31_21_58_06_141.jpg,IMG\left_2026_08_31_21_58_06_141.jpg,IMG\right_2026_08_31_21_58_06_141.jpg,-0.2310681,1.0,0.0,30.17747
IMG/center_2026_08_31_16_53_28_091.jpg,IMG/left_2026_08_31_16_53_28_091.jpg,IMG/right_2026_08_31_16_53_28_091.jpg,0.0,1.0,0.0,30.19079
IMG/center_2026_08_30_19_24_10_418.jpg,IMG/left_2026_08_30_19_24_10_418.jpg,IMG/right_2026_08_30_19_24_10_418.jpg,-0.3491691,1.0,0.0,17.92237
IMG/center_2026_08_31_16_53_28_403.jpg,IMG/left_2026_08_31_16_53_28_403.jpg,IMG/right_2026_08_31_16_53_28_403.jpg,0.0,1.0,0.0,30.19104
IMG/center_2026_08_31_16_53_25_305.jpg,IMG/left_2026_08_31_16_53_25_305.jpg,IMG/right_2026_08_31_16_53_25_305.jpg,-0.7246546,1.0,0.0,17.77693
IMG\center_2026_08_31_21_56_44_466.jpg,IMG\left_2026_08_31_21_56_44_466.jpg,IMG\right_2026_08_31_21_56_44_466.jpg,-0.0986229,1.0,0.0,30.18886
IMG/center_2026_08_31_16_53_36_097.jpg,IMG/left_2026_08_31_16_53_36_097.jpg,IMG/right_2026_08_31_16_53_36_097.jpg,0.0,1.0,0.0,30.18939
IMG/center_2026_08_31_16_54_36_611.jpg,IMG/left_2026_08_31_16_54_36_611.jpg,IMG/right_2026_08_31_16_54_36_611.jpg,-0.8427418,1.0,0.0,30.10207
IMG/center_2026_08_31_16_53_41_918.jpg,IMG/left_2026_08_31_16_53_41_918.jpg,IMG/right_2026_08_31_16_53_41_918.jpg,0.0,1.0,0.0,30.19002
IMG\center_2026_08_31_22_00_56_540.jpg,IMG\left_2026_08_31_22_00_56_540.jpg,IMG\right_2026_08_31_22_00_56_540.jpg,-0.1977796,1.0,0.0,30.18866
IMG/center_2026_08_30_19_27_53_554.jpg,IMG/left_2026_08_30_19_27_53_554.jpg,IMG/right_2026_08_30_19_27_53_554.jpg,0.0,1.0,0.0,30.18999
IMG\center_2026_08_31_22_00_58_515.jpg,IMG\left_2026_08_31_22_00_58_515.jpg,IMG\right_2026_08_31_22_00_58_515.jpg,-0.4788005,1.0,0.0,30.1916
IMG\center_2026_08_31_21_50_54_727.jpg,IMG\left_2026_08_31_21_50_54_727.jpg,IMG\right_2026_08_31_21_50_54_727.jpg,0.0,0.975478,0.0,12.94754
IMG/center_2026_08_30_19_26_47_811.jpg,IMG/left_2026_08_30_19_26_47_811.jpg,IMG/right_2026_08_30_19_26_47_811.jpg,0.4447681,1.0,0.0,30.19851
IMG/center_2026_08_31_16_53_34_117.jpg,IMG/left_2026_08_31_16_53_34_117.jpg,IMG/right_2026_08_31_16_53_34_117.jpg,0.0,1.0,0.0,30.19069
IMG/center_2026_08_30_19_25_29_207.jpg,IMG/left_2026_08_30_19_25_29_207.jpg,IMG/right_2026_08_30_19_25_29_207.jpg,-0.05221168,1.0,0.0,30.1908
IMG/center_2026_08_31_16_54_37_022.jpg,IMG/left_2026_08_31_16_54_37_022.jpg,IMG/right_2026_08_31_16_54_37_022.jpg,-0.5895324,1.0,0.0,30.2117
IMG/center_2026_08_30_19_25_53_993.jpg,IMG/left_2026_08_30_19_25_53_993.jpg,IMG/right_2026_08_30_19_25_53_993.jpg,0.0,1.0,0.0,30.19031
IMG/center_2026_08_31_16_55_32_560.jpg,IMG/left_2026_08_31_16_55_32_560.jpg,IMG/right_2026_08_31_16_55_32_560.jpg,-0.782113,1.0,0.0,30.1346
IMG/center_2026_08_30_19_26_25_793.jpg,IMG/left_2026_08_30_19_26_25_793.jpg,IMG/right_2026_08_30_19_26_25_793.jpg,0.0,1.0,0.0,30.18995
IMG/center_2026_08_30_19_26_21_739.jpg,IMG/left_2026_08_30_19_26_21_739.jpg,IMG/right_2026_08_30_19_26_21_739.jpg,0.0,1.0,0.0,30.1903
IMG/center_2026_08_31_16_55_18_003.jpg,IMG/left_2026_08_31_16_55_18_003.jpg,IMG/right_2026_08_31_16_55_18_003.jpg,0.2113824,1.0,0.0,30.1746
IMG/center_2026_08_30_19_25_31_581.jpg,IMG/left_2026_08_30_19_25_31_581.jpg,IMG/right_2026_08_30_19_25_31_581.jpg,-0.1230395,1.0,0.0,30.18941
IMG/center_2026_08_31_16_52_43_920.jpg,IMG/left_2026_08_31_16_52_43_920.jpg,IMG/right_2026_08_31_16_52_43_920.jpg,-0.8142582,1.0,0.0,30.11312
IMG\center_2026_08_31_22_01_07_490.jpg,IMG\left_2026_08_31_22_01_07_490.jpg,IMG\right_2026_08_31_22_01_07_490.jpg,-0.09817383,1.0,0.0,30.19123
IMG/center_2026_08_31_16_55_26_571.jpg,IMG/left_2026_08_31_16_55_26_571.jpg,IMG/right_2026_08_31_16_55_26_571.jpg,0.642482,1.0,0.0,30.11677
IMG/center_2026_08_31_16_55_27_388.jpg,IMG/left_2026_08_31_16_55_27_388.jpg,IMG/right_2026_08_31_16_55_27_388.jpg,-0.5714284,1.0,0.0,30.12131
IMG/center_2026_08_30_19_24_35_680.jpg,IMG/left_2026_08_30_19_24_35_680.jpg,IMG/right_2026_08_30_19_24_35_680.jpg,0.0,1.0,0.0,30.19043
IMG\center_2026_08_31_22_00_55_506.jpg,IMG\left_2026_08_31_22_00_55_506.jpg,IMG\right_2026_08_31_22_00_55_506.jpg,0.0,1.0,0.0,30.19035
IMG/center_2026_08_31_16_52_41_639.jpg,IMG/left_2026_08_31_16_52_41_639.jpg,IMG/right_2026_08_31_16_52_41_639.jpg,-0.942559,1.0,0.0,19.84038
IMG\center_2026_08_31_21_59_34_551.jpg,IMG\left_2026_08_31_21_59_34_551.jpg,IMG\right_2026_08_31_21_59_34_551.jpg,-0.2021973,1.0,0.0,30.196
IMG\center_2026_08_31_21_58_10_268.jpg,IMG\left_2026_08_31_21_58_10_268.jpg,IMG\right_2026_08_31_21_58_10_268.jpg,0.4348329,1.0,0.0,30.15905
IMG/center_2026_08_30_19_26_58_268.jpg,IMG/left_2026_08_30_19_26_58_268.jpg,IMG/right_2026_08_30_19_26_58_268.jpg,-0.4185057,1.0,0.0,30.15718
IMG/center_2026_08_31_16_54_41_559.jpg,IMG/left_2026_08_31_16_54_41_559.jpg,IMG/right_2026_08_31_16_54_41_559.jpg,-0.606339,1.0,0.0,30.1256
IMG/center_2026_08_31_16_54_26_495.jpg,IMG/left_2026_08_31_16_54_26_495.jpg,IMG/right_2026_08_31_16_54_26_495.jpg,-0.2363505,1.0,0.0,30.17178
IMG/center_2026_08_30_19_26_49_699.jpg,IMG/left_2026_08_30_19_26_49_699.jpg,IMG/right_2026_08_30_19_26_49_699.jpg,0.1932342,1.0,0.0,30.18033
IMG/center_2026_08_30_19_27_59_692.jpg,IMG/left_2026_08_30_19_27_59_692.jpg,IMG/right_2026_08_30_19_27_59_692.jpg,0.0,1.0,0.0,30.19082
IMG\center_2026_08_31_21_52_34_538.jpg,IMG\left_2026_08_31_21_52_34_538.jpg,IMG\right_2026_08_31_21_52_34_538.jpg,0.0,1.0,0.0,30.17488
IMG/center_2026_08_30_19_28_22_060.jpg,IMG/left_2026_08_30_19_28_22_060.jpg,IMG/right_2026_08_30_19_28_22_060.jpg,-0.6117802,0.403508,0.0,0.01588926
IMG/center_2026_08_31_16_53_13_847.jpg,IMG/left_2026_08_31_16_53_13_847.jpg,IMG/right_2026_08_31_16_53_13_847.jpg,0.0,0.0,0.0,0.00043028
IMG/center_2026_08_31_16_53_26_334.jpg,IMG/left_2026_08_31_16_53_26_334.jpg,IMG/right_2026_08_31_16_53_26_334.jpg,-0.9417667,1.0,0.0,27.27886
IMG/center_2026_08_31_16_54_04_539.jpg,IMG/left_2026_08_31_16_54_04_539.jpg,IMG/right_2026_08_31_16_54_04_539.jpg,-0.7946233,1.0,0.0,30.12283
IMG\center_2026_08_31_22_01_01_509.jpg,IMG\left_2026_08_31_22_01_01_509.jpg,IMG\right_2026_08_31_22_01_01_509.jpg,0.0,1.0,0.0,30.19013
IMG/center_2026_08_31_16_53_00_982.jpg,IMG/left_2026_08_31_16_53_00_982.jpg,IMG/right_2026_08_31_16_53_00_982.jpg,-0.4000135,0.2896472,0.0,0.09506304
IMG/center_2026_08_30_19_25_42_697.jpg,IMG/left_2026_08_30_19_25_42_697.jpg,IMG/right_2026_08_30_19_25_42_697.jpg,0.0,1.0,0.0,30.19012
IMG/center_2026_08_30_19_25_13_670.jpg,IMG/left_2026_08_30_19_25_13_670.jpg,IMG/right_2026_08_30_19_25_13_670.jpg,-0.4698975,1.0,0.0,30.14961
IMG/center_2026_08_30_19_26_42_126.jpg,IMG/left_2026_08_30_19_26_42_126.jpg,IMG/right_2026_08_30_19_26_42_126.jpg,0.0,1.0,0.0,30.19026
IMG/center_2026_08_31_16_52_46_401.jpg,IMG/left_2026_08_31_16_52_46_401.jpg,IMG/right_2026_08_31_16_52_46_401.jpg,-0.2945364,1.0,0.0,30.17141
IMG/center_2026_08_30_19_26_38_585.jpg,IMG/left_2026_08_30_19_26_38_585.jpg,IMG/right_2026_08_30_19_26_38_585.jpg,-0.2404965,1.0,0.0,30.18094
IMG/center_2026_08_30_19_26_56_722.jpg,IMG/left_2026_08_30_19_26_56_722.jpg,IMG/right_2026_08_30_19_26_56_722.jpg,-0.07552506,1.0,0.0,30.19154
IMG\center_2026_08_31_21_51_13_612.jpg,IMG\left_2026_08_31_21_51_13_612.jpg,IMG\right_2026_08_31_21_51_13_612.jpg,0.0,0.0,0.0,26.42172
IMG/center_2026_08_31_16_55_14_455.jpg,IMG/left_2026_08_31_16_55_14_455.jpg,IMG/right_2026_08_31_16_55_14_455.jpg,-0.5116745,1.0,0.0,30.13952
IMG/center_2026_08_31_16_53_12_064.jpg,IMG/left_2026_08_31_16_53_12_064.jpg,IMG/right_2026_08_31_16_53_12_064.jpg,0.0,0.0,0.0,0.000439947
IMG/center_2026_08_30_19_25_50_629.jpg,IMG/left_2026_08_30_19_25_50_629.jpg,IMG/right_2026_08_30_19_25_50_629.jpg,0.0,1.0,0.0,30.1903
IMG/center_2026_08_31_16_53_07_624.jpg,IMG/left_2026_08_31_16_53_07_624.jpg,IMG/right_2026_08_31_16_53_07_624.jpg,-1.0,0.0,0.0,0.004370418
IMG/center_2026_08_31_16_54_53_711.jpg,IMG/left_2026_08_31_16_54_53_711.jpg,IMG/right_2026_08_31_16_54_53_711.jpg,-0.0546996,1.0,0.0,30.18959
IMG/center_2026_08_30_19_27_01_782.jpg,IMG/left_2026_08_30_19_27_01_782.jpg,IMG/right_2026_08_30_19_27_01_782.jpg,0.0,1.0,0.0,30.18959
IMG/center_2026_08_31_16_54_49_558.jpg,IMG/left_2026_08_31_16_54_49_558.jpg,IMG/right_2026_08_31_16_54_49_558.jpg,0.0,1.0,0.0,29.02842
IMG\center_2026_08_31_21_58_15_233.jpg,IMG\left_2026_08_31_21_58_15_233.jpg,IMG\right_2026_08_31_21_58_15_233.jpg,0.0,1.0,0.0,30.19017
IMG\center_2026_08_31_22_01_01_201.jpg,IMG\left_2026_08_31_22_01_01_201.jpg,IMG\right_2026_08_31_22_01_01_201.jpg,-0.2180538,1.0,0.0,30.17699
IMG/center_2026_08_30_19_26_13_162.jpg,IMG/left_2026_08_30_19_26_13_162.jpg,IMG/right_2026_08_30_19_26_13_162.jpg,0.0,1.0,0.0,30.18876
IMG\center_2026_08_31_21_51_06_490.jpg,IMG\left_2026_08_31_21_51_06_490.jpg,IMG\right_2026_08_31_21_51_06_490.jpg,0.0,1.0,0.0,30.19029
IMG\center_2026_08_31_21_52_29_594.jpg,IMG\left_2026_08_31_21_52_29_594.jpg,IMG\right_2026_08_31_21_52_29_594.jpg,0.0,1.0,0.0,30.19035
IMG/center_2026_08_31_16_55_15_587.jpg,IMG/left_2026_08_31_16_55_15_587.jpg,IMG/right_2026_08_31_16_55_15_587.jpg,0.0797793,1.0,0.0,30.18859
IMG/center_2026_08_30_19_27_33_392.jpg,IMG/left_2026_08_30_19_27_33_392.jpg,IMG/right_2026_08_30_19_27_33_392.jpg,-0.1269339,1.0,0.0,30.18717
IMG\center_2026_08_31_22_01_00_175.jpg,IMG\left_2026_08_31_22_01_00_175.jpg,IMG\right_2026_08_31_22_01_00_175.jpg,-0.1329018,1.0,0.0,30.19381
IMG/center_2026_08_31_16_55_35_851.jpg,IMG/left_2026_08_31_16_55_35_851.jpg,IMG/right_2026_08_31_16_55_35_851.jpg,-0.9562261,1.0,0.0,18.36779
IMG/center_2026_08_30_19_27_18_360.jpg,IMG/left_2026_08_30_19_27_18_360.jpg,IMG/right_2026_08_30_19_27_18_360.jpg,0.0,1.0,0.0,30.19029
IMG/center_2026_08_30_19_26_21_219.jpg,IMG/left_2026_08_30_19_26_21_219.jpg,IMG/right_2026_08_30_19_26_21_219.jpg,0.0,1.0,0.0,30.19004
IMG/center_2026_08_30_19_27_37_516.jpg,IMG/left_2026_08_30_19_27_37_516.jpg,IMG/right_2026_08_30_19_27_37_516.jpg,-0.0196143,1.0,0.0,30.19173
IMG\center_2026_08_31_21_59_33_716.jpg,IMG\left_2026_08_31_21_59_33_716.jpg,IMG\right_2026_08_31_21_59_33_716.jpg,-0.1276122,1.0,0.0,30.19136
IMG/center_2026_08_31_16_55_06_656.jpg,IMG/left_2026_08_31_16_55_06_656.jpg,IMG/right_2026_08_31_16_55_06_656.jpg,-0.1881724,1.0,0.0,30.19708
IMG/center_2026_08_31_16_54_02_990.jpg,IMG/left_2026_08_31_16_54_02_990.jpg,IMG/right_2026_08_31_16_54_02_990.jpg,0.0,1.0,0.0,30.1899
IMG/center_2026_08_30_19_26_39_103.jpg,IMG/left_2026_08_30_19_26_39_103.jpg,IMG/right_2026_08_30_19_26_39_103.jpg,-0.1289187,1.0,0.0,30.19245
IMG/center_2026_08_30_19_27_39_460.jpg,IMG/left_2026_08_30_19_27_39_460.jpg,IMG/right_2026_08_30_19_27_39_460.jpg,0.0,1.0,0.0,30.18971
IMG/center_2026_08_30_19_27_55_208.jpg,IMG/left_2026_08_30_19_27_55_208.jpg,IMG/right_2026_08_30_19_27_55_208.jpg,0.0,1.0,0.0,30.18994
IMG\center_2026_08_31_21_59_39_320.jpg,IMG\left_2026_08_31_21_59_39_320.jpg,IMG\right_2026_08_31_21_59_39_320.jpg,0.0,1.0,0.0,30.19027
IMG/center_2026_08_30_19_26_52_608.jpg,IMG/left_2026_08_30_19_26_52_608.jpg,IMG/right_2026_08_30_19_26_52_608.jpg,0.0,1.0,0.0,30.19031
IMG/center_2026_08_30_19_24_26_387.jpg,IMG/left_2026_08_30_19_24_26_387.jpg,IMG/right_2026_08_30_19_24_26_387.jpg,0.0,1.0,0.0,30.18925
IMG/center_2026_08_30_19_24_49_344.jpg,IMG/left_2026_08_30_19_24_49_344.jpg,IMG/right_2026_08_30_19_24_49_344.jpg,-0.0171054,1.0,0.0,30.19032
IMG\center_2026_08_31_21_51_08_551.jpg,IMG\left_2026_08_31_21_51_08_551.jpg,IMG\right_2026_08_31_21_51_08_551.jpg,0.0,1.0,0.0,30.1903
IMG/center_2026_08_30_19_28_25_554.jpg,IMG/left_2026_08_30_19_28_25_554.jpg,IMG/right_2026_08_30_19_28_25_554.jpg,0.0,0.0,0.0,0.00172692
IMG/center_2026_08_30_19_25_18_390.jpg,IMG/left_2026_08_30_19_25_18_390.jpg,IMG/right_2026_08_30_19_25_18_390.jpg,0.0,1.0,0.0,30.19035
IMG/center_2026_08_31_16_54_01_329.jpg,IMG/left_2026_08_31_16_54_01_329.jpg,IMG/right_2026_08_31_16_54_01_329.jpg,-0.1501371,1.0,0.0,30.18362
IMG/center_2026_08_31_16_54_58_643.jpg,IMG/left_2026_08_31_16_54_58_643.jpg,IMG/right_2026_08_31_16_54_58_643.jpg,-0.3056289,1.0,0.0,30.16683
IMG/center_2026_08_30_19_25_07_845.jpg,IMG/left_2026_08_30_19_25_07_845.jpg,IMG/right_2026_08_30_19_25_07_845.jpg,0.0,1.0,0.0,30.18996
IMG/center_2026_08_30_19_26_12_957.jpg,IMG/left_2026_08_30_19_26_12_957.jpg,IMG/right_2026_08_30_19_26_12_957.jpg,-0.3538776,1.0,0.0,30.16072
IMG/center_2026_08_30_19_25_55_463.jpg,IMG/left_2026_08_30_19_25_55_463.jpg,IMG/right_2026_08_30_19_25_55_463.jpg,0.0,1.0,0.0,30.19028
IMG/center_2026_08_31_16_54_12_254.jpg,IMG/left_2026_08_31_16_54_12_254.jpg,IMG/right_2026_08_31_16_54_12_254.jpg,-0.414165,1.0,0.0,30.15626
IMG/center_2026_08_30_19_24_53_049.jpg,IMG/left_2026_08_30_19_24_53_049.jpg,IMG/right_2026_08_30_19_24_53_049.jpg,-0.1328139,1.0,0.0,30.18901
IMG\center_2026_08_31_21_59_31_859.jpg,IMG\left_2026_08_31_21_59_31_859.jpg,IMG\right_2026_08_31_21_59_31_859.jpg,-0.3688554,1.0,0.0,30.1787
IMG\center_2026_08_31_21_59_30_627.jpg,IMG\left_2026_08_31_21_59_30_627.jpg,IMG\right_2026_08_31_21_59_30_627.jpg,0.0,1.0,0.0,30.1903
IMG/center_2026_08_30_19_25_24_408.jpg,IMG/left_2026_08_30_19_25_24_408.jpg,IMG/right_2026_08_30_19_25_24_408.jpg,0.2557122,1.0,0.0,30.18114
IMG/center_2026_08_30_19_24_54_707.jpg,IMG/left_2026_08_30_19_24_54_707.jpg,IMG/right_2026_08_30_19_24_54_707.jpg,-0.2902203,1.0,0.0,30.17078
IMG/center_2026_08_31_16_53_38_173.jpg,IMG/left_2026_08_31_16_53_38_173.jpg,IMG/right_2026_08_31_16_53_38_173.jpg,0.0,1.0,0.0,30.19147
IMG\center_2026_08_31_21_59_38_174.jpg,IMG\left_2026_08_31_21_59_38_174.jpg,IMG\right_2026_08_31_21_59_38_174.jpg,0.223914,1.0,0.0,30.19194
IMG/center_2026_08_30_19_25_27_546.jpg,IMG/left_2026_08_30_19_25_27_546.jpg,IMG/right_2026_08_30_19_25_27_546.jpg,0.0,1.0,0.0,30.19022
IMG\center_2026_08_31_22_00_51_266.jpg,IMG\left_2026_08_31_22_00_51_266.jpg,IMG\right_2026_08_31_22_00_51_266.jpg,0.0,1.0,0.0,30.19024
IMG/center_2026_08_30_19_26_28_891.jpg,IMG/left_2026_08_30_19_26_28_891.jpg,IMG/right_2026_08_30_19_26_28_891.jpg,0.0,1.0,0.0,30.18996
IMG/center_2026_08_31_16_53_41_500.jpg,IMG/left_2026_08_31_16_53_41_500.jpg,IMG/right_2026_08_31_16_53_41_500.jpg,0.0,1.0,0.0,30.19051
IMG\center_2026_08_31_22_00_58_098.jpg,IMG\left_2026_08_31_22_00_58_098.jpg,IMG\right_2026_08_31_22_00_58_098.jpg,0.0,1.0,0.0,30.18769
IMG\center_2026_08_31_21_52_21_437.jpg,IMG\left_2026_08_31_21_52_21_437.jpg,IMG\right_2026_08_31_21_52_21_437.jpg,0.0,1.0,0.0,30.19032
IMG/center_2026_08_30_19_25_19_227.jpg,IMG/left_2026_08_30_19_25_19_227.jpg,IMG/right_2026_08_30_19_25_19_227.jpg,0.0,1.0,0.0,30.1903
IMG\center_2026_08_31_21_59_29_592.jpg,IMG\left_2026_08_31_21_59_29_592.jpg,IMG\right_2026_08_31_21_59_29_592.jpg,0.0,1.0,0.0,30.19049
IMG/center_2026_08_30_19_27_20_034.jpg,IMG/left_2026_08_30_19_27_20_034.jpg,IMG/right_2026_08_30_19_27_20_034.jpg,0.0,1.0,0.0,30.19025
IMG/center_2026_08_30_19_26_19_168.jpg,IMG/left_2026_08_30_19_26_19_168.jpg,IMG/right_2026_08_30_19_26_19_168.jpg,-0.1531404,1.0,0.0,30.18824
IMG/center_2026_08_31_16_53_07_828.jpg,IMG/left_2026_08_31_16_53_07_828.jpg,IMG/right_2026_08_31_16_53_07_828.jpg,-1.0,0.0,0.0,0.002387032
IMG/center_2026_08_30_19_24_44_361.jpg,IMG/left_2026_08_30_19_24_44_361.jpg,IMG/right_2026_08_30_19_24_44_361.jpg,-0.1816602,1.0,0.0,30.1867
IMG/center_2026_08_30_19_27_46_804.jpg,IMG/left_2026_08_30_19_27_46_804.jpg,IMG/right_2026_08_30_19_27_46_804.jpg,0.0,1.0,0.0,30.19055
IMG/center_2026_08_30_19_26_28_378.jpg,IMG/left_2026_08_30_19_26_28_378.jpg,IMG/right_2026_08_30_19_26_28_378.jpg,0.0,1.0,0.0,30.18996
IMG/center_2026_08_30_19_27_25_262.jpg,IMG/left_2026_08_30_19_27_25_262.jpg,IMG/right_2026_08_30_19_27_25_262.jpg,0.0,1.0,0.0,30.19029
IMG/center_2026_08_31_16_55_45_354.jpg,IMG/left_2026_08_31_16_55_45_354.jpg,IMG/right_2026_08_31_16_55_45_354.jpg,0.0,1.0,0.0,30.1903
IMG/center_2026_08_30_19_27_37_309.jpg,IMG/left_2026_08_30_19_27_37_309.jpg,IMG/right_2026_08_30_19_27_37_309.jpg,-0.2746944,1.0,0.0,30.17501
IMG\center_2026_08_31_21_56_53_675.jpg,IMG\left_2026_08_31_21_56_53_675.jpg,IMG\right_2026_08_31_21_56_53_675.jpg,0.0,1.0,0.0,30.19064
IMG\center_2026_08_31_22_00_53_431.jpg,IMG\left_2026_08_31_22_00_53_431.jpg,IMG\right_2026_08_31_22_00_53_431.jpg,-0.3278613,1.0,0.0,30.16416
IMG/center_2026_08_30_19_27_16_061.jpg,IMG/left_2026_08_30_19_27_16_061.jpg,IMG/right_2026_08_30_19_27_16_061.jpg,0.0,1.0,0.0,30.19033
IMG\center_2026_08_31_21_59_35_478.jpg,IMG\left_2026_08_31_21_59_35_478.jpg,IMG\right_2026_08_31_21_59_35_478.jpg,-0.271575,1.0,0.0,30.17141
IMG/center_2026_08_31_16_53_53_820.jpg,IMG/left_2026_08_31_16_53_53_820.jpg,IMG/right_2026_08_31_16_53_53_820.jpg,0.0,1.0,0.0,30.18984
IMG\center_2026_08_31_21_59_27_108.jpg,IMG\left_2026_08_31_21_59_27_108.jpg,IMG\right_2026_08_31_21_59_27_108.jpg,-0.2785227,1.0,0.0,30.17157
IMG/center_2026_08_31_16_55_26_049.jpg,IMG/left_2026_08_31_16_55_26_049.jpg,IMG/right_2026_08_31_16_55_26_049.jpg,-0.4498812,1.0,0.0,30.14881
IMG/center_2026_08_31_16_53_23_033.jpg,IMG/left_2026_08_31_16_53_23_033.jpg,IMG/right_2026_08_31_16_53_23_033.jpg,0.0,0.0,0.0,0.205293
IMG/center_2026_08_31_16_53_24_166.jpg,IMG/left_2026_08_31_16_53_24_166.jpg,IMG/right_2026_08_31_16_53_24_166.jpg,0.0,1.0,0.0,5.663277
IMG/center_2026_08_31_16_54_35_280.jpg,IMG/left_2026_08_31_16_54_35_280.jpg,IMG/right_2026_08_31_16_54_35_280.jpg,0.0,1.0,0.0,30.1903
IMG/center_2026_08_31_16_55_45_250.jpg,IMG/left_2026_08_31_16_55_45_250.jpg,IMG/right_2026_08_31_16_55_45_250.jpg,0.0,1.0,0.0,30.1903
IMG/center_2026_08_31_16_55_09_139.jpg,IMG/left_2026_08_31_16_55_09_139.jpg,IMG/right_2026_08_31_16_55_09_139.jpg,0.0,0.0,1.0,1.551674
IMG/center_2026_08_30_19_26_59_098.jpg,IMG/left_2026_08_30_19_26_59_098.jpg,IMG/right_2026_08_30_19_26_59_098.jpg,-0.3652005,1.0,0.0,30.16823
IMG/center_2026_08_31_16_53_40_664.jpg,IMG/left_2026_08_31_16_53_40_664.jpg,IMG/right_2026_08_31_16_53_40_664.jpg,0.5619639,1.0,0.0,30.16849
IMG/center_2026_08_30_19_27_00_340.jpg,IMG/left_2026_08_30_19_27_00_340.jpg,IMG/right_2026_08_30_19_27_00_340.jpg,0.0,1.0,0.0,30.18991
IMG\center_2026_08_31_21_55_18_064.jpg,IMG\left_2026_08_31_21_55_18_064.jpg,IMG\right_2026_08_31_21_55_18_064.jpg,0.0,1.0,0.0,30.19027
IMG\center_2026_08_31_21_50_53_905.jpg,IMG\left_2026_08_31_21_50_53_905.jpg,IMG\right_2026_08_31_21_50_53_905.jpg,0.0,0.0,0.0,5.880868
IMG/center_2026_08_30_19_24_52_133.jpg,IMG/left_2026_08_30_19_24_52_133.jpg,IMG/right_2026_08_30_19_24_52_133.jpg,-0.2840517,1.0,0.0,30.17672
IMG\center_2026_08_31_21_51_01_321.jpg,IMG\left_2026_08_31_21_51_01_321.jpg,IMG\right_2026_08_31_21_51_01_321.jpg,-0.173082,1.0,0.0,30.184
IMG/center_2026_08_30_19_26_10_888.jpg,IMG/left_2026_08_30_19_26_10_888.jpg,IMG/right_2026_08_30_19_26_10_888.jpg,0.0,1.0,0.0,30.18964
IMG/center_2026_08_31_16_53_35_676.jpg,IMG/left_2026_08_31_16_53_35_676.jpg,IMG/right_2026_08_31_16_53_35_676.jpg,-0.1813767,1.0,0.0,30.19511
IMG/center_2026_08_31_16_53_56_444.jpg,IMG/left_2026_08_31_16_53_56_444.jpg,IMG/right_2026_08_31_16_53_56_444.jpg,-0.4375185,1.0,0.0,30.16317
IMG/center_2026_08_30_19_26_45_438.jpg,IMG/left_2026_08_30_19_26_45_438.jpg,IMG/right_2026_08_30_19_26_45_438.jpg,0.0,1.0,0.0,30.18996
IMG/center_2026_08_31_16_53_08_254.jpg,IMG/left_2026_08_31_16_53_08_254.jpg,IMG/right_2026_08_31_16_53_08_254.jpg,0.0,0.0,0.0,0.000942733
IMG/center_2026_08_31_16_54_04_954.jpg,IMG/left_2026_08_31_16_54_04_954.jpg,IMG/right_2026_08_31_16_54_04_954.jpg,0.0,1.0,0.0,30.18652
IMG\center_2026_08_31_22_00_55_716.jpg,IMG\left_2026_08_31_22_00_55_716.jpg,IMG\right_2026_08_31_22_00_55_716.jpg,-0.2238609,1.0,0.0,30.17696
IMG/center_2026_08_31_16_53_04_202.jpg,IMG/left_2026_08_31_16_53_04_202.jpg,IMG/right_2026_08_31_16_53_04_202.jpg,0.0,0.0,0.0,0.005296753
IMG/center_2026_08_30_19_26_30_248.jpg,IMG/left_2026_08_30_19_26_30_248.jpg,IMG/right_2026_08_30_19_26_30_248.jpg,0.0,1.0,0.0,30.18996
IMG/center_2026_08_30_19_25_15_246.jpg,IMG/left_2026_08_30_19_25_15_246.jpg,IMG/right_2026_08_30_19_25_15_246.jpg,-0.289665,1.0,0.0,30.17886
IMG/center_2026_08_30_19_25_10_440.jpg,IMG/left_2026_08_30_19_25_10_440.jpg,IMG/right_2026_08_30_19_25_10_440.jpg,0.0,1.0,0.0,30.1903
IMG\center_2026_08_31_21_50_54_207.jpg,IMG\left_2026_08_31_21_50_54_207.jpg,IMG\right_2026_08_31_21_50_54_207.jpg,0.0,0.859175,0.0,7.239795
IMG/center_2026_08_30_19_25_46_664.jpg,IMG/left_2026_08_30_19_25_46_664.jpg,IMG/right_2026_08_30_19_25_46_664.jpg,0.0,1.0,0.0,30.19032
IMG/center_2026_08_30_19_25_27_754.jpg,IMG/left_2026_08_30_19_25_27_754.jpg,IMG/right_2026_08_30_19_25_27_754.jpg,0.0,1.0,0.0,30.19029
IMG/center_2026_08_31_16_53_05_445.jpg,IMG/left_2026_08_31_16_53_05_445.jpg,IMG/right_2026_08_31_16_53_05_445.jpg,0.223893,0.0,0.0,0.01069423
IMG/center_2026_08_31_16_54_01_537.jpg,IMG/left_2026_08_31_16_54_01_537.jpg,IMG/right_2026_08_31_16_54_01_537.jpg,-0.7517508,1.0,0.0,30.10955
IMG\center_2026_08_31_21_55_18_482.jpg,IMG\left_2026_08_31_21_55_18_482.jpg,IMG\right_2026_08_31_21_55_18_482.jpg,-0.1770342,1.0,0.0,30.18169
IMG/center_2026_08_30_19_25_55_978.jpg,IMG/left_2026_08_30_19_25_55_978.jpg,IMG/right_2026_08_30_19_25_55_978.jpg,0.0,1.0,0.0,30.19028
IMG/center_2026_08_30_19_24_18_995.jpg,IMG/left_2026_08_30_19_24_18_995.jpg,IMG/right_2026_08_30_19_24_18_995.jpg,-0.004588194,1.0,0.0,30.18888
IMG\center_2026_08_31_21_58_18_953.jpg,IMG\left_2026_08_31_21_58_18_953.jpg,IMG\right_2026_08_31_21_58_18_953.jpg,0.0,1.0,0.0,30.19029
IMG/center_2026_08_31_16_52_43_192.jpg,IMG/left_2026_08_31_16_52_43_192.jpg,IMG/right_2026_08_31_16_52_43_192.jpg,0.0,1.0,0.0,30.19023
IMG\center_2026_08_31_21_56_41_862.jpg,IMG\left_2026_08_31_21_56_41_862.jpg,IMG\right_2026_08_31_21_56_41_862.jpg,0.0,1.0,0.0,30.1903
IMG/center_2026_08_31_16_53_06_372.jpg,IMG/left_2026_08_31_16_53_06_372.jpg,IMG/right_2026_08_31_16_53_06_372.jpg,0.817886,0.0,0.0,0.005539129
IMG/center_2026_08_31_16_54_57_592.jpg,IMG/left_2026_08_31_16_54_57_592.jpg,IMG/right_2026_08_31_16_54_57_592.jpg,0.0,1.0,0.0,30.18987
IMG/center_2026_08_30_19_24_33_476.jpg,IMG/left_2026_08_30_19_24_33_476.jpg,IMG/right_2026_08_30_19_24_33_476.jpg,0.0,1.0,0.0,30.19032
IMG/center_2026_08_31_16_54_24_730.jpg,IMG/left_2026_08_31_16_54_24_730.jpg,IMG/right_2026_08_31_16_54_24_730.jpg,-0.1832049,1.0,0.0,30.05963
IMG\center_2026_08_31_21_56_45_393.jpg,IMG\left_2026_08_31_21_56_45_393.jpg,IMG\right_2026_08_31_21_56_45_393.jpg,-0.4033464,1.0,0.0,30.15456
IMG/center_2026_08_31_16_55_52_527.jpg,IMG/left_2026_08_31_16_55_52_527.jpg,IMG/right_2026_08_31_16_55_52_527.jpg,0.0,1.0,0.0,0.01027603
IMG/center_2026_08_31_16_54_22_318.jpg,IMG/left_2026_08_31_16_54_22_318.jpg,IMG/right_2026_08_31_16_54_22_318.jpg,0.1388319,1.0,0.0,30.19434
IMG/center_2026_08_30_19_27_26_628.jpg,IMG/left_2026_08_30_19_27_26_628.jpg,IMG/right_2026_08_30_19_27_26_628.jpg,-0.2059707,1.0,0.0,30.17916
IMG/center_2026_08_31_16_55_05_929.jpg,IMG/left_2026_08_31_16_55_05_929.jpg,IMG/right_2026_08_31_16_55_05_929.jpg,0.0,1.0,0.0,30.19036
IMG\center_2026_08_31_21_58_15_032.jpg,IMG\left_2026_08_31_21_58_15_032.jpg,IMG\right_2026_08_31_21_58_15_032.jpg,0.0,1.0,0.0,30.19029
IMG\center_2026_08_31_21_59_37_764.jpg,IMG\left_2026_08_31_21_59_37_764.jpg,IMG\right_2026_08_31_21_59_37_764.jpg,0.0,1.0,0.0,30.19027
IMG/center_2026_08_30_19_25_23_792.jpg,IMG/left_2026_08_30_19_25_23_792.jpg,IMG/right_2026_08_30_19_25_23_792.jpg,0.07299455,1.0,0.0,30.19324
IMG/center_2026_08_31_16_53_29_843.jpg,IMG/left_2026_08_31_16_53_29_843.jpg,IMG/right_2026_08_31_16_53_29_843.jpg,-0.4215057,1.0,0.0,30.15216
IMG/center_2026_08_30_19_25_40_699.jpg,IMG/left_2026_08_30_19_25_40_699.jpg,IMG/right_2026_08_30_19_25_40_699.jpg,0.0,1.0,0.0,30.19042
IMG/center_2026_08_31_16_55_51_804.jpg,IMG/left_2026_08_31_16_55_51_804.jpg,IMG/right_2026_08_31_16_55_51_804.jpg,1.0,0.0,1.0,0.0017091
IMG/center_2026_08_30_19_24_13_092.jpg,IMG/left_2026_08_30_19_24_13_092.jpg,IMG/right_2026_08_30_19_24_13_092.jpg,-0.1702914,1.0,0.0,30.18204
IMG/center_2026_08_31_16_53_56_128.jpg,IMG/left_2026_08_31_16_53_56_128.jpg,IMG/right_2026_08_31_16_53_56_128.jpg,0.0,1.0,0.0,30.19028
IMG\center_2026_08_31_21_50_53_282.jpg,IMG\left_2026_08_31_21_50_53_282.jpg,IMG\right_2026_08_31_21_50_53_282.jpg,0.0,0.0,0.0,6.275608
IMG/center_2026_08_30_19_24_08_158.jpg,IMG/left_2026_08_30_19_24_08_158.jpg,IMG/right_2026_08_30_19_24_08_158.jpg,0.0,0.0,0.0,8.043848e-05
IMG/center_2026_08_30_19_28_21_437.jpg,IMG/left_2026_08_30_19_28_21_437.jpg,IMG/right_2026_08_30_19_28_21_437.jpg,-1.0,1.0,0.0,0.002373591
IMG\center_2026_08_31_21_55_28_696.jpg,IMG\left_2026_08_31_21_55_28_696.jpg,IMG\right_2026_08_31_21_55_28_696.jpg,0.0,1.0,0.0,30.19032
IMG/center_2026_08_31_16_54_41_870.jpg,IMG/left_2026_08_31_16_54_41_870.jpg,IMG/right_2026_08_31_16_54_41_870.jpg,-0.9281958,1.0,0.0,30.14767
IMG/center_2026_08_31_16_55_26_672.jpg,IMG/left_2026_08_31_16_55_26_672.jpg,IMG/right_2026_08_31_16_55_26_672.jpg,0.9466299,1.0,0.0,30.09223
IMG/center_2026_08_31_16_53_55_603.jpg,IMG/left_2026_08_31_16_53_55_603.jpg,IMG/right_2026_08_31_16_53_55_603.jpg,0.0,1.0,0.0,30.1903
IMG/center_2026_08_31_16_54_53_818.jpg,IMG/left_2026_08_31_16_54_53_818.jpg,IMG/right_2026_08_31_16_54_53_818.jpg,-0.3721122,1.0,0.0,30.15826
IMG/center_2026_08_30_19_24_15_680.jpg,IMG/left_2026_08_30_19_24_15_680.jpg,IMG/right_2026_08_30_19_24_15_680.jpg,-0.2979018,1.0,0.0,30.17709
IMG/center_2026_08_30_19_25_13_032.jpg,IMG/left_2026_08_30_19_25_13_032.jpg,IMG/right_2026_08_30_19_25_13_032.jpg,0.0,1.0,0.0,30.1905
IMG\center_2026_08_31_21_55_15_467.jpg,IMG\left_2026_08_31_21_55_15_467.jpg,IMG\right_2026_08_31_21_55_15_467.jpg,0.0,1.0,0.0,30.1893
IMG\center_2026_08_31_21_55_14_946.jpg,IMG\left_2026_08_31_21_55_14_946.jpg,IMG\right_2026_08_31_21_55_14_946.jpg,-0.1256226,1.0,0.0,30.18597
IMG/center_2026_08_30_19_24_18_781.jpg,IMG/left_2026_08_30_19_24_18_781.jpg,IMG/right_2026_08_30_19_24_18_781.jpg,-0.1248288,1.0,0.0,30.186
IMG/center_2026_08_31_16_55_21_890.jpg,IMG/left_2026_08_31_16_55_21_890.jpg,IMG/right_2026_08_31_16_55_21_890.jpg,0.0,1.0,0.0,30.19175
IMG\center_2026_08_31_22_00_50_247.jpg,IMG\left_2026_08_31_22_00_50_247.jpg,IMG\right_2026_08_31_22_00_50_247.jpg,0.0,1.0,0.0,30.19031
IMG\center_2026_08_31_21_55_20_746.jpg,IMG\left_2026_08_31_21_55_20_746.jpg,IMG\right_2026_08_31_21_55_20_746.jpg,0.0,1.0,0.0,30.16635
IMG/center_2026_08_30_19_27_35_043.jpg,IMG/left_2026_08_30_19_27_35_043.jpg,IMG/right_2026_08_30_19_27_35_043.jpg,0.0,1.0,0.0,30.18965
IMG/center_2026_08_30_19_28_01_545.jpg,IMG/left_2026_08_30_19_28_01_545.jpg,IMG/right_2026_08_30_19_28_01_545.jpg,0.0,1.0,0.0,30.19038
IMG/center_2026_08_31_16_52_40_712.jpg,IMG/left_2026_08_31_16_52_40_712.jpg,IMG/right_2026_08_31_16_52_40_712.jpg,-0.1585011,1.0,0.0,10.91089
IMG/center_2026_08_31_16_55_19_366.jpg,IMG/left_2026_08_31_16_55_19_366.jpg,IMG/right_2026_08_31_16_55_19_366.jpg,-0.1393591,1.0,0.0,30.19352
IMG/center_2026_08_30_19_24_13_615.jpg,IMG/left_2026_08_30_19_24_13_615.jpg,IMG/right_2026_08_30_19_24_13_615.jpg,-0.07112395,1.0,0.0,30.19133
IMG/center_2026_08_30_19_27_15_115.jpg,IMG/left_2026_08_30_19_27_15_115.jpg,IMG/right_2026_08_30_19_27_15_115.jpg,-0.2029611,1.0,0.0,30.17856
IMG/center_2026_08_31_16_52_42_574.jpg,IMG/left_2026_08_31_16_52_42_574.jpg,IMG/right_2026_08_31_16_52_42_574.jpg,0.0,1.0,0.0,28.9238
IMG/center_2026_08_30_19_24_50_381.jpg,IMG/left_2026_08_30_19_24_50_381.jpg,IMG/right_2026_08_30_19_24_50_381.jpg,0.0,1.0,0.0,30.19089
IMG/center_2026_08_30_19_27_40_612.jpg,IMG/left_2026_08_30_19_27_40_612.jpg,IMG/right_2026_08_30_19_27_40_612.jpg,-0.07400189,1.0,0.0,30.1912
IMG/center_2026_08_31_16_55_41_338.jpg,IMG/left_2026_08_31_16_55_41_338.jpg,IMG/right_2026_08_31_16_55_41_338.jpg,-0.3759762,0.7249085,0.0,30.04709
IMG/center_2026_08_31_16_55_48_989.jpg,IMG/left_2026_08_31_16_55_48_989.jpg,IMG/right_2026_08_31_16_55_48_989.jpg,0.9542899,0.7775557,0.0,0.006232962
IMG/center_2026_08_31_16_53_55_814.jpg,IMG/left_2026_08_31_16_53_55_814.jpg,IMG/right_2026_08_31_16_53_55_814.jpg,-0.02520152,1.0,0.0,30.19051
IMG\center_2026_08_31_21_55_15_260.jpg,IMG\left_2026_08_31_21_55_15_260.jpg,IMG\right_2026_08_31_21_55_15_260.jpg,-0.3089175,1.0,0.0,30.19548
IMG/center_2026_08_31_16_55_51_175.jpg,IMG/left_2026_08_31_16_55_51_175.jpg,IMG/right_2026_08_31_16_55_51_175.jpg,0.2488104,0.0,1.0,0.003809352
IMG/center_2026_08_30_19_25_44_899.jpg,IMG/left_2026_08_30_19_25_44_899.jpg,IMG/right_2026_08_30_19_25_44_899.jpg,-0.07378981,1.0,0.0,30.18899
IMG/center_2026_08_30_19_28_16_673.jpg,IMG/left_2026_08_30_19_28_16_673.jpg,IMG/right_2026_08_30_19_28_16_673.jpg,-0.1043481,1.0,0.0,30.19031
IMG/center_2026_08_30_19_28_01_238.jpg,IMG/left_2026_08_30_19_28_01_238.jpg,IMG/right_2026_08_30_19_28_01_238.jpg,-0.2364735,1.0,0.0,30.16556
IMG\center_2026_08_31_21_52_33_500.jpg,IMG\left_2026_08_31_21_52_33_500.jpg,IMG\right_2026_08_31_21_52_33_500.jpg,0.0,1.0,0.0,30.19004
IMG/center_2026_08_31_16_55_37_706.jpg,IMG/left_2026_08_31_16_55_37_706.jpg,IMG/right_2026_08_31_16_55_37_706.jpg,-0.487032,1.0,0.0,30.14229
IMG/center_2026_08_31_16_55_21_258.jpg,IMG/left_2026_08_31_16_55_21_258.jpg,IMG/right_2026_08_31_16_55_21_258.jpg,-0.5488041,1.0,0.0,30.13414
IMG/center_2026_08_31_16_53_25_202.jpg,IMG/left_2026_08_31_16_53_25_202.jpg,IMG/right_2026_08_31_16_53_25_202.jpg,-0.4124357,1.0,0.0,16.97146
IMG/center_2026_08_31_16_53_31_308.jpg,IMG/left_2026_08_31_16_53_31_308.jpg,IMG/right_2026_08_31_16_53_31_308.jpg,-0.2696118,1.0,0.0,30.17208
IMG/center_2026_08_30_19_24_27_000.jpg,IMG/left_2026_08_30_19_24_27_000.jpg,IMG/right_2026_08_30_19_24_27_000.jpg,0.0,1.0,0.0,30.1903
IMG\center_2026_08_31_21_56_55_223.jpg,IMG\left_2026_08_31_21_56_55_223.jpg,IMG\right_2026_08_31_21_56_55_223.jpg,0.0,1.0,0.0,30.19028
IMG/center_2026_08_30_19_24_32_647.jpg,IMG/left_2026_08_30_19_24_32_647.jpg,IMG/right_2026_08_30_19_24_32_647.jpg,-0.1841067,1.0,0.0,30.18106
IMG/center_2026_08_31_16_52_46_710.jpg,IMG/left_2026_08_31_16_52_46_710.jpg,IMG/right_2026_08_31_16_52_46_710.jpg,-1.0,1.0,0.0,29.02504
IMG/center_2026_08_31_16_55_27_284.jpg,IMG/left_2026_08_31_16_55_27_284.jpg,IMG/right_2026_08_31_16_55_27_284.jpg,-0.2650314,1.0,0.0,30.15826
IMG/center_2026_08_30_19_27_55_620.jpg,IMG/left_2026_08_30_19_27_55_620.jpg,IMG/right_2026_08_30_19_27_55_620.jpg,0.0,1.0,0.0,30.06574
IMG/center_2026_08_30_19_28_21_959.jpg,IMG/left_2026_08_30_19_28_21_959.jpg,IMG/right_2026_08_30_19_28_21_959.jpg,-0.9130561,0.7047839,0.0,0.01121484
IMG/center_2026_08_31_16_55_49_196.jpg,IMG/left_2026_08_31_16_55_49_196.jpg,IMG/right_2026_08_31_16_55_49_196.jpg,0.3541177,0.1773835,0.0,0.01879638
IMG\center_2026_08_31_21_55_18_587.jpg,IMG\left_2026_08_31_21_55_18_587.jpg,IMG\right_2026_08_31_21_55_18_587.jpg,-0.2374128,1.0,0.0,30.18419
IMG\center_2026_08_31_22_00_52_610.jpg,IMG\left_2026_08_31_22_00_52_610.jpg,IMG\right_2026_08_31_22_00_52_610.jpg,0.0,1.0,0.0,30.19025
IMG\center_2026_08_31_21_51_12_791.jpg,IMG\left_2026_08_31_21_51_12_791.jpg,IMG\right_2026_08_31_21_51_12_791.jpg,0.0,0.0,0.0,28.71506
IMG/center_2026_08_30_19_26_02_659.jpg,IMG/left_2026_08_30_19_26_02_659.jpg,IMG/right_2026_08_30_19_26_02_659.jpg,0.0,1.0,0.0,30.19027
IMG/center_2026_08_31_16_54_27_020.jpg,IMG/left_2026_08_31_16_54_27_020.jpg,IMG/right_2026_08_31_16_54_27_020.jpg,-0.07176057,1.0,0.0,30.18983
IMG\center_2026_08_31_21_51_10_629.jpg,IMG\left_2026_08_31_21_51_10_629.jpg,IMG\right_2026_08_31_21_51_10_629.jpg,0.0,1.0,0.0,30.18996
IMG/center_2026_08_31_16_55_40_407.jpg,IMG/left_2026_08_31_16_55_40_407.jpg,IMG/right_2026_08_31_16_55_40_407.jpg,0.3967458,1.0,0.0,30.15152
IMG/center_2026_08_31_16_54_22_215.jpg,IMG/left_2026_08_31_16_54_22_215.jpg,IMG/right_2026_08_31_16_54_22_215.jpg,0.4239054,1.0,0.0,30.20951
IMG/center_2026_08_30_19_25_54_412.jpg,IMG/left_2026_08_30_19_25_54_412.jpg,IMG/right_2026_08_30_19_25_54_412.jpg,0.0,1.0,0.0,30.19029
IMG/center_2026_08_31_16_55_43_481.jpg,IMG/left_2026_08_31_16_55_43_481.jpg,IMG/right_2026_08_31_16_55_43_481.jpg,-0.1125403,1.0,0.0,24.28855
IMG/center_2026_08_31_16_54_39_724.jpg,IMG/left_2026_08_31_16_54_39_724.jpg,IMG/right_2026_08_31_16_54_39_724.jpg,0.0,1.0,0.0,30.19029
IMG/center_2026_08_30_19_26_17_000.jpg,IMG/left_2026_08_30_19_26_17_000.jpg,IMG/right_2026_08_30_19_26_17_000.jpg,0.0,1.0,0.0,30.19028
IMG/center_2026_08_30_19_25_04_940.jpg,IMG/left_2026_08_30_19_25_04_940.jpg,IMG/right_2026_08_30_19_25_04_940.jpg,0.0,1.0,0.0,30.18992
IMG/center_2026_08_30_19_25_48_325.jpg,IMG/left_2026_08_30_19_25_48_325.jpg,IMG/right_2026_08_30_19_25_48_325.jpg,0.0,1.0,0.0,30.19031
IMG/center_2026_08_30_19_26_00_360.jpg,IMG/left_2026_08_30_19_26_00_360.jpg,IMG/right_2026_08_30_19_26_00_360.jpg,0.0,1.0,0.0,30.19028
IMG/center_2026_08_31_16_55_22_308.jpg,IMG/left_2026_08_31_16_55_22_308.jpg,IMG/right_2026_08_31_16_55_22_308.jpg,0.1838412,1.0,0.0,30.18045
IMG/center_2026_08_30_19_25_28_066.jpg,IMG/left_2026_08_30_19_25_28_066.jpg,IMG/right_2026_08_30_19_25_28_066.jpg,0.0,1.0,0.0,30.19031
IMG/center_2026_08_31_16_53_07_205.jpg,IMG/left_2026_08_31_16_53_07_205.jpg,IMG/right_2026_08_31_16_53_07_205.jpg,-0.6593565,0.0,0.0,0.002827774
IMG/center_2026_08_30_19_28_24_015.jpg,IMG/left_2026_08_30_19_28_24_015.jpg,IMG/right_2026_08_30_19_28_24_015.jpg,0.0,0.0,0.0,0.001806565
IMG/center_2026_08_31_16_54_49_987.jpg,IMG/left_2026_08_31_16_54_49_987.jpg,IMG/right_2026_08_31_16_54_49_987.jpg,0.0648174,1.0,0.0,30.19249
IMG/center_2026_08_31_16_53_37_452.jpg,IMG/left_2026_08_31_16_53_37_452.jpg,IMG/right_2026_08_31_16_53_37_452.jpg,0.5429817,1.0,0.0,30.13653
IMG\center_2026_08_31_22_00_57_990.jpg,IMG\left_2026_08_31_22_00_57_990.jpg,IMG\right_2026_08_31_22_00_57_990.jpg,0.1816416,1.0,0.0,30.19378
IMG/center_2026_08_30_19_25_45_421.jpg,IMG/left_2026_08_30_19_25_45_421.jpg,IMG/right_2026_08_30_19_25_45_421.jpg,0.0,1.0,0.0,30.19029
IMG/center_2026_08_31_16_52_41_227.jpg,IMG/left_2026_08_31_16_52_41_227.jpg,IMG/right_2026_08_31_16_52_41_227.jpg,0.0,1.0,0.0,16.14943
IMG/center_2026_08_30_19_27_57_085.jpg,IMG/left_2026_08_30_19_27_57_085.jpg,IMG/right_2026_08_30_19_27_57_085.jpg,-0.2650716,1.0,0.0,30.1739
IMG/center_2026_08_30_19_24_48_098.jpg,IMG/left_2026_08_30_19_24_48_098.jpg,IMG/right_2026_08_30_19_24_48_098.jpg,-0.07107509,1.0,0.0,30.19099
IMG/center_2026_08_30_19_24_33_167.jpg,IMG/left_2026_08_30_19_24_33_167.jpg,IMG/right_2026_08_30_19_24_33_167.jpg,0.0,1.0,0.0,30.19028
IMG/center_2026_08_31_16_55_51_594.jpg,IMG/left_2026_08_31_16_55_51_594.jpg,IMG/right_2026_08_31_16_55_51_594.jpg,1.0,0.0,1.0,0.001284299
IMG/center_2026_08_31_16_55_32_151.jpg,IMG/left_2026_08_31_16_55_32_151.jpg,IMG/right_2026_08_31_16_55_32_151.jpg,0.0,1.0,0.0,30.19014
IMG/center_2026_08_31_16_54_23_679.jpg,IMG/left_2026_08_31_16_54_23_679.jpg,IMG/right_2026_08_31_16_54_23_679.jpg,0.3952536,1.0,0.0,30.15564
IMG\center_2026_08_31_21_55_27_257.jpg,IMG\left_2026_08_31_21_55_27_257.jpg,IMG\right_2026_08_31_21_55_27_257.jpg,-0.3388641,1.0,0.0,30.16261
IMG/center_2026_08_30_19_26_11_095.jpg,IMG/left_2026_08_30_19_26_11_095.jpg,IMG/right_2026_08_30_19_26_11_095.jpg,0.0,1.0,0.0,30.19029
IMG/center_2026_08_31_16_52_53_924.jpg,IMG/left_2026_08_31_16_52_53_924.jpg,IMG/right_2026_08_31_16_52_53_924.jpg,0.0,1.0,0.0,30.19011
IMG/center_2026_08_31_16_55_14_350.jpg,IMG/left_2026_08_31_16_55_14_350.jpg,IMG/right_2026_08_31_16_55_14_350.jpg,-0.1952019,1.0,0.0,30.18004
IMG/center_2026_08_30_19_25_15_671.jpg,IMG/left_2026_08_30_19_25_15_671.jpg,IMG/right_2026_08_30_19_25_15_671.jpg,-0.2979138,1.0,0.0,30.18261
IMG/center_2026_08_31_16_54_37_336.jpg,IMG/left_2026_08_31_16_54_37_336.jpg,IMG/right_2026_08_31_16_54_37_336.jpg,0.0,1.0,0.0,30.19017
IMG/center_2026_08_31_16_53_44_725.jpg,IMG/left_2026_08_31_16_53_44_725.jpg,IMG/right_2026_08_31_16_53_44_725.jpg,0.09610533,0.9763315,0.0,30.16897
IMG/center_2026_08_30_19_26_37_864.jpg,IMG/left_2026_08_30_19_26_37_864.jpg,IMG/right_2026_08_30_19_26_37_864.jpg,-0.219552,1.0,0.0,30.18313
IMG/center_2026_08_30_19_24_09_287.jpg,IMG/left_2026_08_30_19_24_09_287.jpg,IMG/right_2026_08_30_19_24_09_287.jpg,-0.6859287,1.0,0.0,5.691286
IMG/center_2026_08_31_16_54_27_857.jpg,IMG/left_2026_08_31_16_54_27_857.jpg,IMG/right_2026_08_31_16_54_27_857.jpg,0.144318,1.0,0.0,30.19346
IMG/center_2026_08_31_16_54_01_949.jpg,IMG/left_2026_08_31_16_54_01_949.jpg,IMG/right_2026_08_31_16_54_01_949.jpg,-0.1557374,1.0,0.0,30.19595
IMG/center_2026_08_31_16_53_30_566.jpg,IMG/left_2026_08_31_16_53_30_566.jpg,IMG/right_2026_08_31_16_53_30_566.jpg,-0.3542358,1.0,0.0,30.19038
IMG/center_2026_08_31_16_54_22_832.jpg,IMG/left_2026_08_31_16_54_22_832.jpg,IMG/right_2026_08_31_16_54_22_832.jpg,-1.0,1.0,0.0,30.08874
IMG/center_2026_08_30_19_27_34_429.jpg,IMG/left_2026_08_30_19_27_34_429.jpg,IMG/right_2026_08_30_19_27_34_429.jpg,-0.08494618,1.0,0.0,30.19018
IMG/center_2026_08_30_19_25_29_107.jpg,IMG/left_2026_08_30_19_25_29_107.jpg,IMG/right_2026_08_30_19_25_29_107.jpg,-0.2781897,1.0,0.0,30.17078
IMG/center_2026_08_30_19_25_23_480.jpg,IMG/left_2026_08_30_19_25_23_480.jpg,IMG/right_2026_08_30_19_25_23_480.jpg,0.2203683,1.0,0.0,30.18372
IMG\center_2026_08_31_21_59_38_901.jpg,IMG\left_2026_08_31_21_59_38_901.jpg,IMG\right_2026_08_31_21_59_38_901.jpg,-0.3569484,1.0,0.0,30.1745
IMG/center_2026_08_30_19_27_24_641.jpg,IMG/left_2026_08_30_19_27_24_641.jpg,IMG/right_2026_08_30_19_27_24_641.jpg,-0.1005261,1.0,0.0,30.18939
IMG/center_2026_08_30_19_27_39_771.jpg,IMG/left_2026_08_30_19_27_39_771.jpg,IMG/right_2026_08_30_19_27_39_771.jpg,-0.2937849,1.0,0.0,30.17019
IMG/center_2026_08_30_19_24_54_091.jpg,IMG/left_2026_08_30_19_24_54_091.jpg,IMG/right_2026_08_30_19_24_54_091.jpg,0.0,1.0,0.0,30.19025
IMG/center_2026_08_31_16_55_22_412.jpg,IMG/left_2026_08_31_16_55_22_412.jpg,IMG/right_2026_08_31_16_55_22_412.jpg,0.4955672,1.0,0.0,30.14175
IMG/center_2026_08_31_16_55_51_907.jpg,IMG/left_2026_08_31_16_55_51_907.jpg,IMG/right_2026_08_31_16_55_51_907.jpg,1.0,0.0,0.7886995,0.005197539
IMG/center_2026_08_31_16_55_10_590.jpg,IMG/left_2026_08_31_16_55_10_590.jpg,IMG/right_2026_08_31_16_55_10_590.jpg,0.0,0.0,1.0,3.654839
IMG/center_2026_08_31_16_55_14_658.jpg,IMG/left_2026_08_31_16_55_14_658.jpg,IMG/right_2026_08_31_16_55_14_658.jpg,-0.1459064,1.0,0.0,30.19374
IMG/center_2026_08_30_19_24_53_987.jpg,IMG/left_2026_08_30_19_24_53_987.jpg,IMG/right_2026_08_30_19_24_53_987.jpg,0.0,1.0,0.0,30.18949
IMG/center_2026_08_31_16_55_38_850.jpg,IMG/left_2026_08_31_16_55_38_850.jpg,IMG/right_2026_08_31_16_55_38_850.jpg,0.0,1.0,0.0,30.18964
IMG\center_2026_08_31_21_58_02_290.jpg,IMG\left_2026_08_31_21_58_02_290.jpg,IMG\right_2026_08_31_21_58_02_290.jpg,-0.2277996,1.0,0.0,30.1897
IMG/center_2026_08_30_19_24_11_647.jpg,IMG/left_2026_08_30_19_24_11_647.jpg,IMG/right_2026_08_30_19_24_11_647.jpg,0.0,1.0,0.0,29.68833
IMG/center_2026_08_31_16_54_44_587.jpg,IMG/left_2026_08_31_16_54_44_587.jpg,IMG/right_2026_08_31_16_54_44_587.jpg,-0.2509296,1.0,0.0,30.17394
IMG/center_2026_08_31_16_53_12_698.jpg,IMG/left_2026_08_31_16_53_12_698.jpg,IMG/right_2026_08_31_16_53_12_698.jpg,0.0,0.0,0.0,0.000429636
IMG/center_2026_08_30_19_25_57_641.jpg,IMG/left_2026_08_30_19_25_57_641.jpg,IMG/right_2026_08_30_19_25_57_641.jpg,-0.0302163,1.0,0.0,30.19011
IMG/center_2026_08_31_16_54_59_684.jpg,IMG/left_2026_08_31_16_54_59_684.jpg,IMG/right_2026_08_31_16_54_59_684.jpg,0.4321484,1.0,0.0,30.19611
IMG/center_2026_08_30_19_28_20_503.jpg,IMG/left_2026_08_30_19_28_20_503.jpg,IMG/right_2026_08_30_19_28_20_503.jpg,-0.5286237,0.4303983,0.0,0.01748794
IMG/center_2026_08_30_19_25_11_899.jpg,IMG/left_2026_08_30_19_25_11_899.jpg,IMG/right_2026_08_30_19_25_11_899.jpg,0.0,1.0,0.0,30.18974
IMG\center_2026_08_31_21_55_21_580.jpg,IMG\left_2026_08_31_21_55_21_580.jpg,IMG\right_2026_08_31_21_55_21_580.jpg,0.0,1.0,0.0,30.19049
IMG\center_2026_08_31_22_00_53_637.jpg,IMG\left_2026_08_31_22_00_53_637.jpg,IMG\right_2026_08_31_22_00_53_637.jpg,0.0,1.0,0.0,30.18991
IMG/center_2026_08_30_19_28_00_104.jpg,IMG/left_2026_08_30_19_28_00_104.jpg,IMG/right_2026_08_30_19_28_00_104.jpg,0.0,1.0,0.0,30.1902
IMG/center_2026_08_30_19_26_37_556.jpg,IMG/left_2026_08_30_19_26_37_556.jpg,IMG/right_2026_08_30_19_26_37_556.jpg,-0.4339551,1.0,0.0,30.1708
IMG/center_2026_08_31_16_53_46_399.jpg,IMG/left_2026_08_31_16_53_46_399.jpg,IMG/right_2026_08_31_16_53_46_399.jpg,0.0,1.0,0.0,30.19032
IMG/center_2026_08_30_19_27_15_221.jpg,IMG/left_2026_08_30_19_27_15_221.jpg,IMG/right_2026_08_30_19_27_15_221.jpg,-0.0617853,1.0,0.0,30.19091
IMG/center_2026_08_31_16_53_02_950.jpg,IMG/left_2026_08_31_16_53_02_950.jpg,IMG/right_2026_08_31_16_53_02_950.jpg,0.0,0.0,1.0,0.006463892
IMG/center_2026_08_30_19_27_19_308.jpg,IMG/left_2026_08_30_19_27_19_308.jpg,IMG/right_2026_08_30_19_27_19_308.jpg,0.0,1.0,0.0,30.19029
IMG/center_2026_08_31_16_54_05_371.jpg,IMG/left_2026_08_31_16_54_05_371.jpg,IMG/right_2026_08_31_16_54_05_371.jpg,0.4997732,1.0,0.0,30.19526
IMG/center_2026_08_30_19_28_24_726.jpg,IMG/left_2026_08_30_19_28_24_726.jpg,IMG/right_2026_08_30_19_28_24_726.jpg,0.0,0.0,0.0,0.003721681
IMG/center_2026_08_30_19_26_34_225.jpg,IMG/left_2026_08_30_19_26_34_225.jpg,IMG/right_2026_08_30_19_26_34_225.jpg,0.0,1.0,0.0,30.19
IMG\center_2026_08_31_21_56_42_073.jpg,IMG\left_2026_08_31_21_56_42_073.jpg,IMG\right_2026_08_31_21_56_42_073.jpg,-0.385431,1.0,0.0,30.15663
IMG/center_2026_08_31_16_55_33_282.jpg,IMG/left_2026_08_31_16_55_33_282.jpg,IMG/right_2026_08_31_16_55_33_282.jpg,1.0,1.0,0.0,29.66541
IMG/center_2026_08_31_16_52_58_712.jpg,IMG/left_2026_08_31_16_52_58_712.jpg,IMG/right_2026_08_31_16_52_58_712.jpg,0.0,0.0,0.0,24.74044
IMG\center_2026_08_31_21_59_31_034.jpg,IMG\left_2026_08_31_21_59_31_034.jpg,IMG\right_2026_08_31_21_59_31_034.jpg,-0.2756634,1.0,0.0,30.19738
IMG/center_2026_08_30_19_24_35_890.jpg,IMG/left_2026_08_30_19_24_35_890.jpg,IMG/right_2026_08_30_19_24_35_890.jpg,0.0,1.0,0.0,30.19029
IMG/center_2026_08_30_19_24_49_548.jpg,IMG/left_2026_08_30_19_24_49_548.jpg,IMG/right_2026_08_30_19_24_49_548.jpg,-0.2699568,1.0,0.0,30.18696
IMG\center_2026_08_31_21_55_24_773.jpg,IMG\left_2026_08_31_21_55_24_773.jpg,IMG\right_2026_08_31_21_55_24_773.jpg,-0.1132389,1.0,0.0,30.19147
IMG/center_2026_08_30_19_24_33_583.jpg,IMG/left_2026_08_30_19_24_33_583.jpg,IMG/right_2026_08_30_19_24_33_583.jpg,0.0,1.0,0.0,30.19029
IMG\center_2026_08_31_21_58_16_474.jpg,IMG\left_2026_08_31_21_58_16_474.jpg,IMG\right_2026_08_31_21_58_16_474.jpg,-0.05913571,1.0,0.0,30.19087
IMG/center_2026_08_31_16_53_48_063.jpg,IMG/left_2026_08_31_16_53_48_063.jpg,IMG/right_2026_08_31_16_53_48_063.jpg,-0.41978,1.0,0.0,30.17144
IMG/center_2026_08_31_16_53_54_241.jpg,IMG/left_2026_08_31_16_53_54_241.jpg,IMG/right_2026_08_31_16_53_54_241.jpg,0.4400007,1.0,0.0,30.18467
IMG/center_2026_08_31_16_52_52_554.jpg,IMG/left_2026_08_31_16_52_52_554.jpg,IMG/right_2026_08_31_16_52_52_554.jpg,0.0,1.0,0.0,30.19048
IMG/center_2026_08_30_19_24_26_284.jpg,IMG/left_2026_08_30_19_24_26_284.jpg,IMG/right_2026_08_30_19_24_26_284.jpg,-0.246399,1.0,0.0,30.17522
IMG\center_2026_08_31_21_51_07_824.jpg,IMG\left_2026_08_31_21_51_07_824.jpg,IMG\right_2026_08_31_21_51_07_824.jpg,0.0,1.0,0.0,30.19031
IMG/center_2026_08_31_16_55_47_527.jpg,IMG/left_2026_08_31_16_55_47_527.jpg,IMG/right_2026_08_31_16_55_47_527.jpg,-0.6731489,1.0,0.0,30.04226
IMG/center_2026_08_30_19_25_03_803.jpg,IMG/left_2026_08_30_19_25_03_803.jpg,IMG/right_2026_08_30_19_25_03_803.jpg,0.0,1.0,0.0,30.18989
IMG/center_2026_08_30_19_24_17_539.jpg,IMG/left_2026_08_30_19_24_17_539.jpg,IMG/right_2026_08_30_19_24_17_539.jpg,-0.01148374,1.0,0.0,30.18981
IMG/center_2026_08_31_16_55_30_181.jpg,IMG/left_2026_08_31_16_55_30_181.jpg,IMG/right_2026_08_31_16_55_30_181.jpg,0.0,1.0,0.0,30.19026
IMG/center_2026_08_30_19_27_41_447.jpg,IMG/left_2026_08_30_19_27_41_447.jpg,IMG/right_2026_08_30_19_27_41_447.jpg,0.0,1.0,0.0,30.19078
IMG/center_2026_08_31_16_55_39_882.jpg,IMG/left_2026_08_31_16_55_39_882.jpg,IMG/right_2026_08_31_16_55_39_882.jpg,-0.7670293,1.0,0.0,30.18103
IMG/center_2026_08_30_19_24_58_309.jpg,IMG/left_2026_08_30_19_24_58_309.jpg,IMG/right_2026_08_30_19_24_58_309.jpg,-0.1923801,1.0,0.0,30.18061
IMG/center_2026_08_30_19_26_42_335.jpg,IMG/left_2026_08_30_19_26_42_335.jpg,IMG/right_2026_08_30_19_26_42_335.jpg,0.0,1.0,0.0,30.19029
IMG/center_2026_08_31_16_54_38_067.jpg,IMG/left_2026_08_31_16_54_38_067.jpg,IMG/right_2026_08_31_16_54_38_067.jpg,0.3127659,1.0,0.0,30.16737
IMG/center_2026_08_30_19_27_44_850.jpg,IMG/left_2026_08_30_19_27_44_850.jpg,IMG/right_2026_08_30_19_27_44_850.jpg,-0.2003472,1.0,0.0,30.17889
IMG/center_2026_08_30_19_27_45_369.jpg,IMG/left_2026_08_30_19_27_45_369.jpg,IMG/right_2026_08_30_19_27_45_369.jpg,0.0,1.0,0.0,30.19068
IMG/center_2026_08_31_16_54_44_894.jpg,IMG/left_2026_08_31_16_54_44_894.jpg,IMG/right_2026_08_31_16_54_44_894.jpg,-0.3876296,1.0,0.0,30.19758
IMG/center_2026_08_31_16_55_32_972.jpg,IMG/left_2026_08_31_16_55_32_972.jpg,IMG/right_2026_08_31_16_55_32_972.jpg,0.4904739,1.0,0.0,30.05981
IMG\center_2026_08_31_21_55_22_205.jpg,IMG\left_2026_08_31_21_55_22_205.jpg,IMG\right_2026_08_31_21_55_22_205.jpg,-0.1736559,1.0,0.0,30.18824
IMG/center_2026_08_30_19_28_21_644.jpg,IMG/left_2026_08_30_19_28_21_644.jpg,IMG/right_2026_08_30_19_28_21_644.jpg,-1.0,1.0,0.0,0.010749
IMG/center_2026_08_31_16_53_43_688.jpg,IMG/left_2026_08_31_16_53_43_688.jpg,IMG/right_2026_08_31_16_53_43_688.jpg,-0.5025893,1.0,0.0,30.20913
IMG/center_2026_08_30_19_24_10_620.jpg,IMG/left_2026_08_30_19_24_10_620.jpg,IMG/right_2026_08_30_19_24_10_620.jpg,-0.2274234,1.0,0.0,19.98793
IMG/center_2026_08_31_16_54_54_027.jpg,IMG/left_2026_08_31_16_54_54_027.jpg,IMG/right_2026_08_31_16_54_54_027.jpg,-0.4760439,1.0,0.0,30.1827
IMG\center_2026_08_31_21_58_05_625.jpg,IMG\left_2026_08_31_21_58_05_625.jpg,IMG\right_2026_08_31_21_58_05_625.jpg,-0.221052,1.0,0.0,30.17728
IMG/center_2026_08_31_16_53_50_995.jpg,IMG/left_2026_08_31_16_53_50_995.jpg,IMG/right_2026_08_31_16_53_50_995.jpg,0.0,1.0,0.0,30.19118
IMG/center_2026_08_30_19_26_15_452.jpg,IMG/left_2026_08_30_19_26_15_452.jpg,IMG/right_2026_08_30_19_26_15_452.jpg,-0.2560257,1.0,0.0,30.175
IMG/center_2026_08_30_19_27_38_639.jpg,IMG/left_2026_08_30_19_27_38_639.jpg,IMG/right_2026_08_30_19_27_38_639.jpg,-0.001963748,1.0,0.0,30.18951
IMG/center_2026_08_30_19_27_07_238.jpg,IMG/left_2026_08_30_19_27_07_238.jpg,IMG/right_2026_08_30_19_27_07_238.jpg,-0.0550893,1.0,0.0,30.19017
IMG\center_2026_08_31_21_50_58_956.jpg,IMG\left_2026_08_31_21_50_58_956.jpg,IMG\right_2026_08_31_21_50_58_956.jpg,-0.190635,1.0,0.0,30.18743
IMG/center_2026_08_30_19_26_49_078.jpg,IMG/left_2026_08_30_19_26_49_078.jpg,IMG/right_2026_08_30_19_26_49_078.jpg,0.0,1.0,0.0,30.18986
IMG/center_2026_08_31_16_52_59_117.jpg,IMG/left_2026_08_31_16_52_59_117.jpg,IMG/right_2026_08_31_16_52_59_117.jpg,-1.0,0.0,0.0,22.68446
IMG/center_2026_08_30_19_24_15_056.jpg,IMG/left_2026_08_30_19_24_15_056.jpg,IMG/right_2026_08_30_19_24_15_056.jpg,-0.2069586,1.0,0.0,30.17958
IMG\center_2026_08_31_21_51_05_666.jpg,IMG\left_2026_08_31_21_51_05_666.jpg,IMG\right_2026_08_31_21_51_05_666.jpg,-0.2339859,1.0,0.0,30.18602
IMG/center_2026_08_31_16_53_25_406.jpg,IMG/left_2026_08_31_16_53_25_406.jpg,IMG/right_2026_08_31_16_53_25_406.jpg,-0.5025601,1.0,0.0,18.77501
IMG/center_2026_08_31_16_54_32_711.jpg,IMG/left_2026_08_31_16_54_32_711.jpg,IMG/right_2026_08_31_16_54_32_711.jpg,-0.4453125,1.0,0.0,30.1493
IMG/center_2026_08_31_16_54_29_725.jpg,IMG/left_2026_08_31_16_54_29_725.jpg,IMG/right_2026_08_31_16_54_29_725.jpg,0.0,1.0,0.0,30.20301
IMG/center_2026_08_30_19_25_36_320.jpg,IMG/left_2026_08_30_19_25_36_320.jpg,IMG/right_2026_08_30_19_25_36_320.jpg,-0.2267379,1.0,0.0,30.18525
IMG/center_2026_08_31_16_54_38_275.jpg,IMG/left_2026_08_31_16_54_38_275.jpg,IMG/right_2026_08_31_16_54_38_275.jpg,0.9805197,1.0,0.0,30.09126
IMG/center_2026_08_31_16_55_25_116.jpg,IMG/left_2026_08_31_16_55_25_116.jpg,IMG/right_2026_08_31_16_55_25_116.jpg,-0.4894125,1.0,0.0,30.14062
IMG/center_2026_08_30_19_26_31_815.jpg,IMG/left_2026_08_30_19_26_31_815.jpg,IMG/right_2026_08_30_19_26_31_815.jpg,0.0,1.0,0.0,30.18997
IMG/center_2026_08_30_19_24_24_729.jpg,IMG/left_2026_08_30_19_24_24_729.jpg,IMG/right_2026_08_30_19_24_24_729.jpg,0.0,1.0,0.0,30.19032
IMG/center_2026_08_30_19_26_37_454.jpg,IMG/left_2026_08_30_19_26_37_454.jpg,IMG/right_2026_08_30_19_26_37_454.jpg,-0.355296,1.0,0.0,30.16454
IMG/center_2026_08_30_19_28_18_537.jpg,IMG/left_2026_08_30_19_28_18_537.jpg,IMG/right_2026_08_30_19_28_18_537.jpg,-1.0,1.0,0.0,0.4276152
IMG\center_2026_08_31_21_55_17_540.jpg,IMG\left_2026_08_31_21_55_17_540.jpg,IMG\right_2026_08_31_21_55_17_540.jpg,-0.3375984,1.0,0.0,30.16355
IMG/center_2026_08_30_19_27_21_175.jpg,IMG/left_2026_08_30_19_27_21_175.jpg,IMG/right_2026_08_30_19_27_21_175.jpg,0.0,1.0,0.0,30.19022
IMG/center_2026_08_31_16_55_02_174.jpg,IMG/left_2026_08_31_16_55_02_174.jpg,IMG/right_2026_08_31_16_55_02_174.jpg,0.2701245,1.0,0.0,30.1839
IMG/center_2026_08_30_19_27_02_831.jpg,IMG/left_2026_08_30_19_27_02_831.jpg,IMG/right_2026_08_30_19_27_02_831.jpg,0.0,1.0,0.0,30.18979
IMG/center_2026_08_30_19_26_39_836.jpg,IMG/left_2026_08_30_19_26_39_836.jpg,IMG/right_2026_08_30_19_26_39_836.jpg,-0.2194281,1.0,0.0,30.186
IMG/center_2026_08_30_19_25_56_287.jpg,IMG/left_2026_08_30_19_25_56_287.jpg,IMG/right_2026_08_30_19_25_56_287.jpg,0.0,1.0,0.0,30.19026
IMG/center_2026_08_30_19_25_15_137.jpg,IMG/left_2026_08_30_19_25_15_137.jpg,IMG/right_2026_08_30_19_25_15_137.jpg,-0.1583316,1.0,0.0,30.18805
IMG\center_2026_08_31_21_58_09_220.jpg,IMG\left_2026_08_31_21_58_09_220.jpg,IMG\right_2026_08_31_21_58_09_220.jpg,0.0,1.0,0.0,30.19002
IMG\center_2026_08_31_21_55_27_769.jpg,IMG\left_2026_08_31_21_55_27_769.jpg,IMG\right_2026_08_31_21_55_27_769.jpg,0.0,1.0,0.0,30.19032
IMG/center_2026_08_31_16_55_12_995.jpg,IMG/left_2026_08_31_16_55_12_995.jpg,IMG/right_2026_08_31_16_55_12_995.jpg,0.2923512,1.0,0.0,20.40552
IMG/center_2026_08_31_16_54_08_044.jpg,IMG/left_2026_08_31_16_54_08_044.jpg,IMG/right_2026_08_31_16_54_08_044.jpg,0.6294146,1.0,0.0,30.15401
IMG/center_2026_08_31_16_54_34_449.jpg,IMG/left_2026_08_31_16_54_34_449.jpg,IMG/right_2026_08_31_16_54_34_449.jpg,-1.0,1.0,0.0,30.0794
IMG/center_2026_08_31_16_54_59_480.jpg,IMG/left_2026_08_31_16_54_59_480.jpg,IMG/right_2026_08_31_16_54_59_480.jpg,0.646252,1.0,0.0,30.12069
IMG/center_2026_08_31_16_54_58_227.jpg,IMG/left_2026_08_31_16_54_58_227.jpg,IMG/right_2026_08_31_16_54_58_227.jpg,0.0,1.0,0.0,30.18938
IMG/center_2026_08_30_19_24_44_570.jpg,IMG/left_2026_08_30_19_24_44_570.jpg,IMG/right_2026_08_30_19_24_44_570.jpg,0.0,1.0,0.0,30.19015
IMG/center_2026_08_30_19_25_21_612.jpg,IMG/left_2026_08_30_19_25_21_612.jpg,IMG/right_2026_08_30_19_25_21_612.jpg,0.1660434,1.0,0.0,30.183
IMG/center_2026_08_31_16_52_58_396.jpg,IMG/left_2026_08_31_16_52_58_396.jpg,IMG/right_2026_08_31_16_52_58_396.jpg,0.06830835,0.0,0.0,25.59706
IMG/center_2026_08_31_16_52_57_983.jpg,IMG/left_2026_08_31_16_52_57_983.jpg,IMG/right_2026_08_31_16_52_57_983.jpg,1.0,0.0,0.0,26.84371
IMG/center_2026_08_31_16_54_43_119.jpg,IMG/left_2026_08_31_16_54_43_119.jpg,IMG/right_2026_08_31_16_54_43_119.jpg,0.836067,1.0,0.0,30.10292
IMG\center_2026_08_31_22_00_57_572.jpg,IMG\left_2026_08_31_22_00_57_572.jpg,IMG\right_2026_08_31_22_00_57_572.jpg,0.0,1.0,0.0,30.18981
IMG/center_2026_08_31_16_55_21_788.jpg,IMG/left_2026_08_31_16_55_21_788.jpg,IMG/right_2026_08_31_16_55_21_788.jpg,0.0,1.0,0.0,30.19075
IMG/center_2026_08_30_19_25_25_253.jpg,IMG/left_2026_08_30_19_25_25_253.jpg,IMG/right_2026_08_30_19_25_25_253.jpg,0.4368816,1.0,0.0,30.15176
IMG\center_2026_08_31_21_52_31_857.jpg,IMG\left_2026_08_31_21_52_31_857.jpg,IMG\right_2026_08_31_21_52_31_857.jpg,0.0,1.0,0.0,30.19031
IMG/center_2026_08_31_16_52_55_908.jpg,IMG/left_2026_08_31_16_52_55_908.jpg,IMG/right_2026_08_31_16_52_55_908.jpg,0.0,1.0,0.0,30.19031
IMG\center_2026_08_31_21_59_39_007.jpg,IMG\left_2026_08_31_21_59_39_007.jpg,IMG\right_2026_08_31_21_59_39_007.jpg,-0.05790237,1.0,0.0,30.19016
IMG/center_2026_08_30_19_25_06_701.jpg,IMG/left_2026_08_30_19_25_06_701.jpg,IMG/right_2026_08_30_19_25_06_701.jpg,0.0,1.0,0.0,30.18994
IMG/center_2026_08_31_16_55_33_490.jpg,IMG/left_2026_08_31_16_55_33_490.jpg,IMG/right_2026_08_31_16_55_33_490.jpg,1.0,1.0,0.0,22.58141
IMG/center_2026_08_30_19_24_11_953.jpg,IMG/left_2026_08_30_19_24_11_953.jpg,IMG/right_2026_08_30_19_24_11_953.jpg,-0.251446,1.0,0.0,30.19047
IMG/center_2026_08_30_19_24_11_034.jpg,IMG/left_2026_08_30_19_24_11_034.jpg,IMG/right_2026_08_30_19_24_11_034.jpg,0.0,1.0,0.0,24.14311
IMG/center_2026_08_31_16_53_43_070.jpg,IMG/left_2026_08_31_16_53_43_070.jpg,IMG/right_2026_08_31_16_53_43_070.jpg,0.0,1.0,0.0,30.18782
IMG/center_2026_08_31_16_55_52_325.jpg,IMG/left_2026_08_31_16_55_52_325.jpg,IMG/right_2026_08_31_16_55_52_325.jpg,0.0,0.7065087,0.0,0.01329787
IMG/center_2026_08_30_19_25_08_881.jpg,IMG/left_2026_08_30_19_25_08_881.jpg,IMG/right_2026_08_30_19_25_08_881.jpg,0.0,1.0,0.0,30.13786
IMG/center_2026_08_31_16_54_15_255.jpg,IMG/left_2026_08_31_16_54_15_255.jpg,IMG/right_2026_08_31_16_54_15_255.jpg,0.2509161,1.0,0.0,30.17588
IMG/center_2026_08_31_16_55_15_486.jpg,IMG/left_2026_08_31_16_55_15_486.jpg,IMG/right_2026_08_31_16_55_15_486.jpg,0.0,1.0,0.0,30.18981
IMG/center_2026_08_31_16_54_26_915.jpg,IMG/left_2026_08_31_16_54_26_915.jpg,IMG/right_2026_08_31_16_54_26_915.jpg,-0.3611901,1.0,0.0,30.20463
IMG\center_2026_08_31_21_56_45_601.jpg,IMG\left_2026_08_31_21_56_45_601.jpg,IMG\right_2026_08_31_21_56_45_601.jpg,0.0,1.0,0.0,30.18753
IMG\center_2026_08_31_22_00_58_930.jpg,IMG\left_2026_08_31_22_00_58_930.jpg,IMG\right_2026_08_31_22_00_58_930.jpg,0.3011502,1.0,0.0,30.16529
IMG/center_2026_08_30_19_26_44_616.jpg,IMG/left_2026_08_30_19_26_44_616.jpg,IMG/right_2026_08_30_19_26_44_616.jpg,0.0603567,1.0,0.0,30.18945
IMG/center_2026_08_31_16_54_26_186.jpg,IMG/left_2026_08_31_16_54_26_186.jpg,IMG/right_2026_08_31_16_54_26_186.jpg,0.0,1.0,0.0,30.18975
IMG/center_2026_08_31_16_55_19_676.jpg,IMG/left_2026_08_31_16_55_19_676.jpg,IMG/right_2026_08_31_16_55_19_676.jpg,0.0,1.0,0.0,30.1903
IMG/center_2026_08_30_19_25_10_543.jpg,IMG/left_2026_08_30_19_25_10_543.jpg,IMG/right_2026_08_30_19_25_10_543.jpg,0.0,1.0,0.0,30.19031
IMG\center_2026_08_31_21_51_12_370.jpg,IMG\left_2026_08_31_21_51_12_370.jpg,IMG\right_2026_08_31_21_51_12_370.jpg,0.0,0.07697406,0.0,29.95072
IMG/center_2026_08_30_19_26_56_001.jpg,IMG/left_2026_08_30_19_26_56_001.jpg,IMG/right_2026_08_30_19_26_56_001.jpg,-0.1323999,1.0,0.0,30.19227
IMG/center_2026_08_30_19_25_54_195.jpg,IMG/left_2026_08_30_19_25_54_195.jpg,IMG/right_2026_08_30_19_25_54_195.jpg,0.0,1.0,0.0,30.1903
IMG/center_2026_08_30_19_24_36_100.jpg,IMG/left_2026_08_30_19_24_36_100.jpg,IMG/right_2026_08_30_19_24_36_100.jpg,0.0,1.0,0.0,30.1903
IMG/center_2026_08_31_16_54_38_899.jpg,IMG/left_2026_08_31_16_54_38_899.jpg,IMG/right_2026_08_31_16_54_38_899.jpg,0.0,1.0,0.0,30.1903
IMG/center_2026_08_30_19_27_11_955.jpg,IMG/left_2026_08_30_19_27_11_955.jpg,IMG/right_2026_08_30_19_27_11_955.jpg,0.0,1.0,0.0,30.19021
IMG/center_2026_08_30_19_25_49_049.jpg,IMG/left_2026_08_30_19_25_49_049.jpg,IMG/right_2026_08_30_19_25_49_049.jpg,-0.1639251,1.0,0.0,30.18996
IMG\center_2026_08_31_21_56_39_184.jpg,IMG\left_2026_08_31_21_56_39_184.jpg,IMG\right_2026_08_31_21_56_39_184.jpg,0.0,1.0,0.0,30.19033
IMG\center_2026_08_31_22_00_50_964.jpg,IMG\left_2026_08_31_22_00_50_964.jpg,IMG\right_2026_08_31_22_00_50_964.jpg,0.0,1.0,0.0,30.19032
IMG/center_2026_08_31_16_54_26_700.jpg,IMG/left_2026_08_31_16_54_26_700.jpg,IMG/right_2026_08_31_16_54_26_700.jpg,-0.8498166,1.0,0.0,30.105
IMG/center_2026_08_31_16_53_44_099.jpg,IMG/left_2026_08_31_16_53_44_099.jpg,IMG/right_2026_08_31_16_53_44_099.jpg,0.0,1.0,0.0,30.19013
IMG\center_2026_08_31_21_51_05_767.jpg,IMG\left_2026_08_31_21_51_05_767.jpg,IMG\right_2026_08_31_21_51_05_767.jpg,0.0,1.0,0.0,30.18802
IMG/center_2026_08_30_19_26_35_370.jpg,IMG/left_2026_08_30_19_26_35_370.jpg,IMG/right_2026_08_30_19_26_35_370.jpg,-0.1446063,1.0,0.0,30.18517
IMG\center_2026_08_31_21_58_09_118.jpg,IMG\left_2026_08_31_21_58_09_118.jpg,IMG\right_2026_08_31_21_58_09_118.jpg,-0.107382,1.0,0.0,30.19051
IMG/center_2026_08_30_19_26_13_882.jpg,IMG/left_2026_08_30_19_26_13_882.jpg,IMG/right_2026_08_30_19_26_13_882.jpg,-0.04807053,1.0,0.0,30.19255
IMG\center_2026_08_31_21_51_00_192.jpg,IMG\left_2026_08_31_21_51_00_192.jpg,IMG\right_2026_08_31_21_51_00_192.jpg,0.0,1.0,0.0,30.18998
IMG\center_2026_08_31_21_50_59_779.jpg,IMG\left_2026_08_31_21_50_59_779.jpg,IMG\right_2026_08_31_21_50_59_779.jpg,-0.260034,1.0,0.0,30.19645
IMG/center_2026_08_31_16_54_34_655.jpg,IMG/left_2026_08_31_16_54_34_655.jpg,IMG/right_2026_08_31_16_54_34_655.jpg,-0.886003,1.0,0.0,30.15002
IMG\center_2026_08_31_21_58_07_887.jpg,IMG\left_2026_08_31_21_58_07_887.jpg,IMG\right_2026_08_31_21_58_07_887.jpg,-0.1356993,1.0,0.0,30.19124
IMG/center_2026_08_31_16_52_57_882.jpg,IMG/left_2026_08_31_16_52_57_882.jpg,IMG/right_2026_08_31_16_52_57_882.jpg,0.8647503,0.0,0.0,27.54135
IMG/center_2026_08_30_19_27_32_457.jpg,IMG/left_2026_08_30_19_27_32_457.jpg,IMG/right_2026_08_30_19_27_32_457.jpg,0.0,1.0,0.0,30.19048
IMG/center_2026_08_31_16_54_26_598.jpg,IMG/left_2026_08_31_16_54_26_598.jpg,IMG/right_2026_08_31_16_54_26_598.jpg,-0.5430996,1.0,0.0,30.13524
IMG/center_2026_08_30_19_26_49_288.jpg,IMG/left_2026_08_30_19_26_49_288.jpg,IMG/right_2026_08_30_19_26_49_288.jpg,0.2137245,1.0,0.0,30.17905
IMG/center_2026_08_30_19_28_19_160.jpg,IMG/left_2026_08_30_19_28_19_160.jpg,IMG/right_2026_08_30_19_28_19_160.jpg,-0.5442664,0.643537,0.0,0.005299886
IMG/center_2026_08_30_19_24_28_670.jpg,IMG/left_2026_08_30_19_24_28_670.jpg,IMG/right_2026_08_30_19_24_28_670.jpg,0.0,1.0,0.0,30.19029
IMG/center_2026_08_31_16_54_50_189.jpg,IMG/left_2026_08_31_16_54_50_189.jpg,IMG/right_2026_08_31_16_54_50_189.jpg,0.7185114,1.0,0.0,30.09495
IMG/center_2026_08_31_16_54_04_334.jpg,IMG/left_2026_08_31_16_54_04_334.jpg,IMG/right_2026_08_31_16_54_04_334.jpg,-0.401772,1.0,0.0,30.1557
IMG/center_2026_08_31_16_54_36_713.jpg,IMG/left_2026_08_31_16_54_36_713.jpg,IMG/right_2026_08_31_16_54_36_713.jpg,-1.0,1.0,0.0,30.09138
IMG/center_2026_08_31_16_54_52_989.jpg,IMG/left_2026_08_31_16_54_52_989.jpg,IMG/right_2026_08_31_16_54_52_989.jpg,0.0,1.0,0.0,30.19029
IMG/center_2026_08_30_19_27_11_110.jpg,IMG/left_2026_08_30_19_27_11_110.jpg,IMG/right_2026_08_30_19_27_11_110.jpg,0.0,1.0,0.0,30.18989
IMG/center_2026_08_31_16_53_49_107.jpg,IMG/left_2026_08_31_16_53_49_107.jpg,IMG/right_2026_08_31_16_53_49_107.jpg,0.0,1.0,0.0,30.18239
IMG/center_2026_08_30_19_25_37_050.jpg,IMG/left_2026_08_30_19_25_37_050.jpg,IMG/right_2026_08_30_19_25_37_050.jpg,0.0,1.0,0.0,30.18993
IMG\center_2026_08_31_22_01_07_185.jpg,IMG\left_2026_08_31_22_01_07_185.jpg,IMG\right_2026_08_31_22_01_07_185.jpg,0.0,1.0,0.0,30.18901
IMG/center_2026_08_30_19_26_30_146.jpg,IMG/left_2026_08_30_19_26_30_146.jpg,IMG/right_2026_08_30_19_26_30_146.jpg,0.0,1.0,0.0,30.18998
IMG/center_2026_08_31_16_54_00_710.jpg,IMG/left_2026_08_31_16_54_00_710.jpg,IMG/right_2026_08_31_16_54_00_710.jpg,0.8103043,1.0,0.0,30.1041
IMG\center_2026_08_31_21_52_18_738.jpg,IMG\left_2026_08_31_21_52_18_738.jpg,IMG\right_2026_08_31_21_52_18_738.jpg,-0.02871147,1.0,0.0,30.18946
IMG\center_2026_08_31_21_56_48_195.jpg,IMG\left_2026_08_31_21_56_48_195.jpg,IMG\right_2026_08_31_21_56_48_195.jpg,-0.1162137,1.0,0.0,30.19045
IMG/center_2026_08_31_16_53_48_170.jpg,IMG/left_2026_08_31_16_53_48_170.jpg,IMG/right_2026_08_31_16_53_48_170.jpg,-0.07296498,1.0,0.0,30.19057
IMG/center_2026_08_30_19_26_43_688.jpg,IMG/left_2026_08_30_19_26_43_688.jpg,IMG/right_2026_08_30_19_26_43_688.jpg,0.0,1.0,0.0,30.19028
IMG\center_2026_08_31_21_50_55_856.jpg,IMG\left_2026_08_31_21_50_55_856.jpg,IMG\right_2026_08_31_21_50_55_856.jpg,-0.5528802,1.0,0.0,23.39484
IMG\center_2026_08_31_21_52_25_136.jpg,IMG\left_2026_08_31_21_52_25_136.jpg,IMG\right_2026_08_31_21_52_25_136.jpg,0.0,1.0,0.0,30.18809
IMG\center_2026_08_31_21_55_22_407.jpg,IMG\left_2026_08_31_21_55_22_407.jpg,IMG\right_2026_08_31_21_55_22_407.jpg,0.0,1.0,0.0,30.18997
IMG/center_2026_08_31_16_54_55_712.jpg,IMG/left_2026_08_31_16_54_55_712.jpg,IMG/right_2026_08_31_16_54_55_712.jpg,1.0,1.0,0.0,30.10449
IMG/center_2026_08_31_16_54_47_800.jpg,IMG/left_2026_08_31_16_54_47_800.jpg,IMG/right_2026_08_31_16_54_47_800.jpg,0.0,1.0,0.0,30.19027
IMG/center_2026_08_31_16_54_47_069.jpg,IMG/left_2026_08_31_16_54_47_069.jpg,IMG/right_2026_08_31_16_54_47_069.jpg,0.7368951,1.0,0.0,30.11273
IMG/center_2026_08_30_19_27_54_593.jpg,IMG/left_2026_08_30_19_27_54_593.jpg,IMG/right_2026_08_30_19_27_54_593.jpg,0.0,1.0,0.0,30.18976
IMG\center_2026_08_31_21_55_24_468.jpg,IMG\left_2026_08_31_21_55_24_468.jpg,IMG\right_2026_08_31_21_55_24_468.jpg,-0.0920928,1.0,0.0,30.19164
IMG/center_2026_08_31_16_54_17_423.jpg,IMG/left_2026_08_31_16_54_17_423.jpg,IMG/right_2026_08_31_16_54_17_423.jpg,0.0,1.0,0.0,30.19051
IMG/center_2026_08_31_16_53_24_062.jpg,IMG/left_2026_08_31_16_53_24_062.jpg,IMG/right_2026_08_31_16_53_24_062.jpg,0.0,0.8470004,0.0,4.531122
IMG/center_2026_08_30_19_27_53_245.jpg,IMG/left_2026_08_30_19_27_53_245.jpg,IMG/right_2026_08_30_19_27_53_245.jpg,0.0,1.0,0.0,30.18995
IMG/center_2026_08_31_16_53_56_971.jpg,IMG/left_2026_08_31_16_53_56_971.jpg,IMG/right_2026_08_31_16_53_56_971.jpg,0.0,1.0,0.0,30.1903
IMG/center_2026_08_30_19_25_11_581.jpg,IMG/left_2026_08_30_19_25_11_581.jpg,IMG/right_2026_08_30_19_25_11_581.jpg,-0.2941914,1.0,0.0,30.16797
IMG/center_2026_08_31_16_53_38_069.jpg,IMG/left_2026_08_31_16_53_38_069.jpg,IMG/right_2026_08_31_16_53_38_069.jpg,0.0,1.0,0.0,30.19103
IMG\center_2026_08_31_21_59_34_131.jpg,IMG\left_2026_08_31_21_59_34_131.jpg,IMG\right_2026_08_31_21_59_34_131.jpg,0.0,1.0,0.0,30.19003
IMG/center_2026_08_31_16_54_17_830.jpg,IMG/left_2026_08_31_16_54_17_830.jpg,IMG/right_2026_08_31_16_54_17_830.jpg,0.7268986,1.0,0.0,30.13595
IMG\center_2026_08_31_21_55_25_402.jpg,IMG\left_2026_08_31_21_55_25_402.jpg,IMG\right_2026_08_31_21_55_25_402.jpg,0.0,1.0,0.0,30.1903
IMG\center_2026_08_31_21_52_19_150.jpg,IMG\left_2026_08_31_21_52_19_150.jpg,IMG\right_2026_08_31_21_52_19_150.jpg,-0.3360582,1.0,0.0,30.16356
IMG/center_2026_08_31_16_54_44_691.jpg,IMG/left_2026_08_31_16_54_44_691.jpg,IMG/right_2026_08_31_16_54_44_691.jpg,-0.6145728,1.0,0.0,30.12748
IMG/center_2026_08_30_19_26_46_788.jpg,IMG/left_2026_08_30_19_26_46_788.jpg,IMG/right_2026_08_30_19_26_46_788.jpg,0.1063092,1.0,0.0,30.18984
IMG/center_2026_08_31_16_54_43_220.jpg,IMG/left_2026_08_31_16_54_43_220.jpg,IMG/right_2026_08_31_16_54_43_220.jpg,0.8021133,1.0,0.0,30.13582
IMG\center_2026_08_31_21_58_17_507.jpg,IMG\left_2026_08_31_21_58_17_507.jpg,IMG\right_2026_08_31_21_58_17_507.jpg,0.3092055,1.0,0.0,30.1671
IMG/center_2026_08_31_16_53_00_466.jpg,IMG/left_2026_08_31_16_53_00_466.jpg,IMG/right_2026_08_31_16_53_00_466.jpg,-1.0,1.0,0.0,1.729205
IMG/center_2026_08_31_16_54_04_643.jpg,IMG/left_2026_08_31_16_54_04_643.jpg,IMG/right_2026_08_31_16_54_04_643.jpg,-0.4995757,1.0,0.0,30.19507
IMG\center_2026_08_31_21_52_22_673.jpg,IMG\left_2026_08_31_21_52_22_673.jpg,IMG\right_2026_08_31_21_52_22_673.jpg,0.0,1.0,0.0,30.19069
IMG/center_2026_08_30_19_25_44_481.jpg,IMG/left_2026_08_30_19_25_44_481.jpg,IMG/right_2026_08_30_19_25_44_481.jpg,0.0,1.0,0.0,30.19026
IMG/center_2026_08_31_16_52_39_067.jpg,IMG/left_2026_08_31_16_52_39_067.jpg,IMG/right_2026_08_31_16_52_39_067.jpg,0.0,0.05324665,0.0,0.7109594
IMG/center_2026_08_31_16_54_36_917.jpg,IMG/left_2026_08_31_16_54_36_917.jpg,IMG/right_2026_08_31_16_54_36_917.jpg,-0.9041573,1.0,0.0,30.16463
IMG/center_2026_08_31_16_55_37_809.jpg,IMG/left_2026_08_31_16_55_37_809.jpg,IMG/right_2026_08_31_16_55_37_809.jpg,-0.8470351,1.0,0.0,30.10342
IMG/center_2026_08_30_19_25_54_519.jpg,IMG/left_2026_08_30_19_25_54_519.jpg,IMG/right_2026_08_30_19_25_54_519.jpg,0.0,1.0,0.0,30.19031
IMG/center_2026_08_30_19_26_11_601.jpg,IMG/left_2026_08_30_19_26_11_601.jpg,IMG/right_2026_08_30_19_26_11_601.jpg,-0.0190254,1.0,0.0,30.19027
IMG/center_2026_08_30_19_25_14_199.jpg,IMG/left_2026_08_30_19_25_14_199.jpg,IMG/right_2026_08_30_19_25_14_199.jpg,-0.2379999,1.0,0.0,30.19469
IMG/center_2026_08_30_19_25_37_667.jpg,IMG/left_2026_08_30_19_25_37_667.jpg,IMG/right_2026_08_30_19_25_37_667.jpg,-0.3306042,1.0,0.0,30.16548
IMG/center_2026_08_30_19_25_06_908.jpg,IMG/left_2026_08_30_19_25_06_908.jpg,IMG/right_2026_08_30_19_25_06_908.jpg,0.0,1.0,0.0,30.18993
IMG/center_2026_08_30_19_26_47_709.jpg,IMG/left_2026_08_30_19_26_47_709.jpg,IMG/right_2026_08_30_19_26_47_709.jpg,0.7935212,1.0,0.0,30.12074
IMG\center_2026_08_31_21_52_23_187.jpg,IMG\left_2026_08_31_21_52_23_187.jpg,IMG\right_2026_08_31_21_52_23_187.jpg,0.0,1.0,0.0,30.19067
IMG/center_2026_08_30_19_26_41_918.jpg,IMG/left_2026_08_30_19_26_41_918.jpg,IMG/right_2026_08_30_19_26_41_918.jpg,-0.1412994,1.0,0.0,30.18544
IMG/center_2026_08_30_19_24_34_736.jpg,IMG/left_2026_08_30_19_24_34_736.jpg,IMG/right_2026_08_30_19_24_34_736.jpg,0.0,1.0,0.0,30.1903
IMG/center_2026_08_30_19_24_11_749.jpg,IMG/left_2026_08_30_19_24_11_749.jpg,IMG/right_2026_08_30_19_24_11_749.jpg,-0.0968034,1.0,0.0,30.18788
IMG/center_2026_08_31_16_53_07_725.jpg,IMG/left_2026_08_31_16_53_07_725.jpg,IMG/right_2026_08_31_16_53_07_725.jpg,-1.0,0.0,0.0,0.004534212
IMG/center_2026_08_31_16_55_23_861.jpg,IMG/left_2026_08_31_16_55_23_861.jpg,IMG/right_2026_08_31_16_55_23_861.jpg,0.3645051,1.0,0.0,30.14241
IMG/center_2026_08_30_19_28_15_842.jpg,IMG/left_2026_08_30_19_28_15_842.jpg,IMG/right_2026_08_30_19_28_15_842.jpg,-0.0676221,1.0,0.0,30.19035
IMG/center_2026_08_31_16_54_14_529.jpg,IMG/left_2026_08_31_16_54_14_529.jpg,IMG/right_2026_08_31_16_54_14_529.jpg,0.2517546,1.0,0.0,30.17042
IMG\center_2026_08_31_21_59_37_142.jpg,IMG\left_2026_08_31_21_59_37_142.jpg,IMG\right_2026_08_31_21_59_37_142.jpg,-0.0207285,1.0,0.0,30.19009
IMG/center_2026_08_31_16_55_46_596.jpg,IMG/left_2026_08_31_16_55_46_596.jpg,IMG/right_2026_08_31_16_55_46_596.jpg,0.0,1.0,0.0,29.874
IMG/center_2026_08_30_19_24_09_801.jpg,IMG/left_2026_08_30_19_24_09_801.jpg,IMG/right_2026_08_30_19_24_09_801.jpg,-0.2032269,1.0,0.0,11.62819
IMG/center_2026_08_31_16_52_42_364.jpg,IMG/left_2026_08_31_16_52_42_364.jpg,IMG/right_2026_08_31_16_52_42_364.jpg,0.0,1.0,0.0,26.87194
IMG\center_2026_08_31_21_56_44_882.jpg,IMG\left_2026_08_31_21_56_44_882.jpg,IMG\right_2026_08_31_21_56_44_882.jpg,0.0,1.0,0.0,30.18987
IMG\center_2026_08_31_21_55_28_283.jpg,IMG\left_2026_08_31_21_55_28_283.jpg,IMG\right_2026_08_31_21_55_28_283.jpg,0.0,1.0,0.0,30.19039
IMG/center_2026_08_30_19_24_45_404.jpg,IMG/left_2026_08_30_19_24_45_404.jpg,IMG/right_2026_08_30_19_24_45_404.jpg,0.0,1.0,0.0,30.19029
IMG/center_2026_08_31_16_53_52_243.jpg,IMG/left_2026_08_31_16_53_52_243.jpg,IMG/right_2026_08_31_16_53_52_243.jpg,-0.2326338,1.0,0.0,30.18739
IMG\center_2026_08_31_21_50_54_307.jpg,IMG\left_2026_08_31_21_50_54_307.jpg,IMG\right_2026_08_31_21_50_54_307.jpg,-0.3016083,1.0,0.0,8.319027
IMG/center_2026_08_31_16_55_13_934.jpg,IMG/left_2026_08_31_16_55_13_934.jpg,IMG/right_2026_08_31_16_55_13_934.jpg,0.0,1.0,0.0,29.44721
IMG/center_2026_08_31_16_53_40_032.jpg,IMG/left_2026_08_31_16_53_40_032.jpg,IMG/right_2026_08_31_16_53_40_032.jpg,-0.2547898,1.0,0.0,30.19956
IMG/center_2026_08_31_16_52_45_888.jpg,IMG/left_2026_08_31_16_52_45_888.jpg,IMG/right_2026_08_31_16_52_45_888.jpg,0.5751782,1.0,0.0,30.20187
IMG/center_2026_08_30_19_24_51_627.jpg,IMG/left_2026_08_30_19_24_51_627.jpg,IMG/right_2026_08_30_19_24_51_627.jpg,-0.3145626,1.0,0.0,30.1671
IMG/center_2026_08_30_19_25_02_565.jpg,IMG/left_2026_08_30_19_25_02_565.jpg,IMG/right_2026_08_30_19_25_02_565.jpg,0.0,1.0,0.0,30.18992
IMG/center_2026_08_30_19_25_12_623.jpg,IMG/left_2026_08_30_19_25_12_623.jpg,IMG/right_2026_08_30_19_25_12_623.jpg,-0.1216083,1.0,0.0,30.18695
IMG/center_2026_08_30_19_26_18_750.jpg,IMG/left_2026_08_30_19_26_18_750.jpg,IMG/right_2026_08_30_19_26_18_750.jpg,0.0,1.0,0.0,30.1904
IMG/center_2026_08_31_16_54_07_117.jpg,IMG/left_2026_08_31_16_54_07_117.jpg,IMG/right_2026_08_31_16_54_07_117.jpg,-0.8217142,1.0,0.0,30.14513
IMG/center_2026_08_30_19_26_36_930.jpg,IMG/left_2026_08_30_19_26_36_930.jpg,IMG/right_2026_08_30_19_26_36_930.jpg,-0.1649334,1.0,0.0,30.19061
IMG/center_2026_08_30_19_26_44_920.jpg,IMG/left_2026_08_30_19_26_44_920.jpg,IMG/right_2026_08_30_19_26_44_920.jpg,0.0,1.0,0.0,30.19021
IMG/center_2026_08_30_19_26_24_754.jpg,IMG/left_2026_08_30_19_26_24_754.jpg,IMG/right_2026_08_30_19_26_24_754.jpg,0.0,1.0,0.0,30.18936
IMG/center_2026_08_31_16_55_46_386.jpg,IMG/left_2026_08_31_16_55_46_386.jpg,IMG/right_2026_08_31_16_55_46_386.jpg,-0.386836,1.0,0.0,30.20042
IMG/center_2026_08_30_19_25_06_395.jpg,IMG/left_2026_08_30_19_25_06_395.jpg,IMG/right_2026_08_30_19_25_06_395.jpg,0.0,1.0,0.0,30.18995
IMG/center_2026_08_31_16_54_32_402.jpg,IMG/left_2026_08_31_16_54_32_402.jpg,IMG/right_2026_08_31_16_54_32_402.jpg,0.0,1.0,0.0,30.1903
IMG/center_2026_08_30_19_24_10_314.jpg,IMG/left_2026_08_30_19_24_10_314.jpg,IMG/right_2026_08_30_19_24_10_314.jpg,-0.052665,1.0,0.0,17.13227
IMG\center_2026_08_31_21_58_10_061.jpg,IMG\left_2026_08_31_21_58_10_061.jpg,IMG\right_2026_08_31_21_58_10_061.jpg,0.0,1.0,0.0,30.18902
IMG/center_2026_08_31_16_54_30_343.jpg,IMG/left_2026_08_31_16_54_30_343.jpg,IMG/right_2026_08_31_16_54_30_343.jpg,-0.472752,1.0,0.0,30.18626
IMG/center_2026_08_30_19_25_36_846.jpg,IMG/left_2026_08_30_19_25_36_846.jpg,IMG/right_2026_08_30_19_25_36_846.jpg,-0.2718894,1.0,0.0,30.17213
IMG/center_2026_08_31_16_55_06_757.jpg,IMG/left_2026_08_31_16_55_06_757.jpg,IMG/right_2026_08_31_16_55_06_757.jpg,0.0,0.7439045,0.0,30.13418
IMG/center_2026_08_31_16_54_41_250.jpg,IMG/left_2026_08_31_16_54_41_250.jpg,IMG/right_2026_08_31_16_54_41_250.jpg,0.0,1.0,0.0,30.1903
IMG\center_2026_08_31_21_59_28_972.jpg,IMG\left_2026_08_31_21_59_28_972.jpg,IMG\right_2026_08_31_21_59_28_972.jpg,0.0,1.0,0.0,30.19031
IMG/center_2026_08_30_19_25_05_661.jpg,IMG/left_2026_08_30_19_25_05_661.jpg,IMG/right_2026_08_30_19_25_05_661.jpg,0.0,1.0,0.0,30.18996
IMG/center_2026_08_30_19_26_26_005.jpg,IMG/left_2026_08_30_19_26_26_005.jpg,IMG/right_2026_08_30_19_26_26_005.jpg,0.0,1.0,0.0,30.18992
IMG\center_2026_08_31_21_50_57_923.jpg,IMG\left_2026_08_31_21_50_57_923.jpg,IMG\right_2026_08_31_21_50_57_923.jpg,0.0,1.0,0.0,30.18986
IMG/center_2026_08_30_19_27_58_130.jpg,IMG/left_2026_08_30_19_27_58_130.jpg,IMG/right_2026_08_30_19_27_58_130.jpg,-0.220827,1.0,0.0,30.18416
IMG/center_2026_08_31_16_53_53_926.jpg,IMG/left_2026_08_31_16_53_53_926.jpg,IMG/right_2026_08_31_16_53_53_926.jpg,0.0,1.0,0.0,30.1898
IMG/center_2026_08_31_16_55_43_281.jpg,IMG/left_2026_08_31_16_55_43_281.jpg,IMG/right_2026_08_31_16_55_43_281.jpg,-0.7173414,1.0,0.0,23.59738
IMG/center_2026_08_31_16_54_32_608.jpg,IMG/left_2026_08_31_16_54_32_608.jpg,IMG/right_2026_08_31_16_54_32_608.jpg,-0.0902721,1.0,0.0,30.18829
IMG/center_2026_08_31_16_55_17_481.jpg,IMG/left_2026_08_31_16_55_17_481.jpg,IMG/right_2026_08_31_16_55_17_481.jpg,-0.3158751,1.0,0.0,30.20249
IMG/center_2026_08_30_19_27_04_209.jpg,IMG/left_2026_08_30_19_27_04_209.jpg,IMG/right_2026_08_30_19_27_04_209.jpg,-0.05703633,1.0,0.0,30.19156
IMG/center_2026_08_31_16_54_24_831.jpg,IMG/left_2026_08_31_16_54_24_831.jpg,IMG/right_2026_08_31_16_54_24_831.jpg,-0.4859469,1.0,0.0,30.22193
IMG\center_2026_08_31_21_51_06_697.jpg,IMG\left_2026_08_31_21_51_06_697.jpg,IMG\right_2026_08_31_21_51_06_697.jpg,0.0,1.0,0.0,30.19029
IMG/center_2026_08_30_19_27_36_485.jpg,IMG/left_2026_08_30_19_27_36_485.jpg,IMG/right_2026_08_30_19_27_36_485.jpg,-0.3296241,1.0,0.0,30.16645
IMG/center_2026_08_30_19_27_20_141.jpg,IMG/left_2026_08_30_19_27_20_141.jpg,IMG/right_2026_08_30_19_27_20_141.jpg,0.0,1.0,0.0,30.19027
IMG/center_2026_08_30_19_25_27_234.jpg,IMG/left_2026_08_30_19_25_27_234.jpg,IMG/right_2026_08_30_19_25_27_234.jpg,0.0,1.0,0.0,30.19031
IMG/center_2026_08_30_19_27_57_190.jpg,IMG/left_2026_08_30_19_27_57_190.jpg,IMG/right_2026_08_30_19_27_57_190.jpg,0.0,1.0,0.0,30.18922
IMG/center_2026_08_30_19_25_07_532.jpg,IMG/left_2026_08_30_19_25_07_532.jpg,IMG/right_2026_08_30_19_25_07_532.jpg,0.0,1.0,0.0,30.18995
IMG\center_2026_08_31_21_58_12_337.jpg,IMG\left_2026_08_31_21_58_12_337.jpg,IMG\right_2026_08_31_21_58_12_337.jpg,-0.5861646,1.0,0.0,30.13109
IMG/center_2026_08_31_16_55_33_387.jpg,IMG/left_2026_08_31_16_55_33_387.jpg,IMG/right_2026_08_31_16_55_33_387.jpg,1.0,1.0,0.0,27.32586
IMG/center_2026_08_31_16_52_40_917.jpg,IMG/left_2026_08_31_16_52_40_917.jpg,IMG/right_2026_08_31_16_52_40_917.jpg,-0.04748185,1.0,0.0,12.92169
IMG\center_2026_08_31_21_56_54_187.jpg,IMG\left_2026_08_31_21_56_54_187.jpg,IMG\right_2026_08_31_21_56_54_187.jpg,0.0,1.0,0.0,30.19015
IMG/center_2026_08_30_19_26_27_039.jpg,IMG/left_2026_08_30_19_26_27_039.jpg,IMG/right_2026_08_30_19_26_27_039.jpg,0.0,1.0,0.0,30.18993
IMG/center_2026_08_31_16_54_01_740.jpg,IMG/left_2026_08_31_16_54_01_740.jpg,IMG/right_2026_08_31_16_54_01_740.jpg,-0.8042216,1.0,0.0,30.15987
IMG/center_2026_08_30_19_27_28_607.jpg,IMG/left_2026_08_30_19_27_28_607.jpg,IMG/right_2026_08_30_19_27_28_607.jpg,0.0,1.0,0.0,30.19008
IMG/center_2026_08_30_19_27_31_840.jpg,IMG/left_2026_08_30_19_27_31_840.jpg,IMG/right_2026_08_30_19_27_31_840.jpg,0.0,1.0,0.0,30.19031
IMG/center_2026_08_31_16_55_40_303.jpg,IMG/left_2026_08_31_16_55_40_303.jpg,IMG/right_2026_08_31_16_55_40_303.jpg,0.0842091,1.0,0.0,30.18525
IMG\center_2026_08_31_21_51_11_450.jpg,IMG\left_2026_08_31_21_51_11_450.jpg,IMG\right_2026_08_31_21_51_11_450.jpg,0.0,1.0,0.0,30.18997
IMG/center_2026_08_30_19_26_24_648.jpg,IMG/left_2026_08_30_19_26_24_648.jpg,IMG/right_2026_08_30_19_26_24_648.jpg,0.0,1.0,0.0,30.18611
IMG/center_2026_08_31_16_54_54_870.jpg,IMG/left_2026_08_31_16_54_54_870.jpg,IMG/right_2026_08_31_16_54_54_870.jpg,-0.8555908,1.0,0.0,30.10833
IMG/center_2026_08_30_19_25_34_768.jpg,IMG/left_2026_08_30_19_25_34_768.jpg,IMG/right_2026_08_30_19_25_34_768.jpg,0.0,1.0,0.0,30.19023
IMG/center_2026_08_31_16_52_41_743.jpg,IMG/left_2026_08_31_16_52_41_743.jpg,IMG/right_2026_08_31_16_52_41_743.jpg,-0.6504565,1.0,0.0,20.77263
IMG\center_2026_08_31_21_50_55_338.jpg,IMG\left_2026_08_31_21_50_55_338.jpg,IMG\right_2026_08_31_21_50_55_338.jpg,-0.3058107,1.0,0.0,18.44663
IMG/center_2026_08_30_19_27_46_703.jpg,IMG/left_2026_08_30_19_27_46_703.jpg,IMG/right_2026_08_30_19_27_46_703.jpg,0.0,1.0,0.0,30.19051
IMG/center_2026_08_30_19_25_55_878.jpg,IMG/left_2026_08_30_19_25_55_878.jpg,IMG/right_2026_08_30_19_25_55_878.jpg,0.0,1.0,0.0,30.19
IMG/center_2026_08_31_16_55_28_639.jpg,IMG/left_2026_08_31_16_55_28_639.jpg,IMG/right_2026_08_31_16_55_28_639.jpg,0.0,1.0,0.0,30.18933
IMG/center_2026_08_30_19_28_01_340.jpg,IMG/left_2026_08_30_19_28_01_340.jpg,IMG/right_2026_08_30_19_28_01_340.jpg,0.0,1.0,0.0,30.18885
IMG/center_2026_08_30_19_25_12_826.jpg,IMG/left_2026_08_30_19_25_12_826.jpg,IMG/right_2026_08_30_19_25_12_826.jpg,-0.1359183,1.0,0.0,30.19227
IMG/center_2026_08_30_19_24_46_859.jpg,IMG/left_2026_08_30_19_24_46_859.jpg,IMG/right_2026_08_30_19_24_46_859.jpg,-0.3183648,1.0,0.0,30.16522
IMG/center_2026_08_30_19_28_10_564.jpg,IMG/left_2026_08_30_19_28_10_564.jpg,IMG/right_2026_08_30_19_28_10_564.jpg,0.0,1.0,0.0,30.19027
IMG/center_2026_08_31_16_53_26_129.jpg,IMG/left_2026_08_31_16_53_26_129.jpg,IMG/right_2026_08_31_16_53_26_129.jpg,-0.3279027,1.0,0.0,26.00193
IMG/center_2026_08_31_16_55_52_221.jpg,IMG/left_2026_08_31_16_55_52_221.jpg,IMG/right_2026_08_31_16_55_52_221.jpg,0.3015225,0.3985782,0.0,0.01466266
IMG/center_2026_08_30_19_27_21_598.jpg,IMG/left_2026_08_30_19_27_21_598.jpg,IMG/right_2026_08_30_19_27_21_598.jpg,0.0,1.0,0.0,30.19042
IMG/center_2026_08_31_16_55_53_042.jpg,IMG/left_2026_08_31_16_55_53_042.jpg,IMG/right_2026_08_31_16_55_53_042.jpg,0.0,0.0,0.0,0.01488309
IMG/center_2026_08_31_16_52_50_468.jpg,IMG/left_2026_08_31_16_52_50_468.jpg,IMG/right_2026_08_31_16_52_50_468.jpg,0.0,1.0,0.0,30.19028
IMG\center_2026_08_31_21_52_28_452.jpg,IMG\left_2026_08_31_21_52_28_452.jpg,IMG\right_2026_08_31_21_52_28_452.jpg,-0.2903205,1.0,0.0,30.16989
IMG\center_2026_08_31_21_59_32_169.jpg,IMG\left_2026_08_31_21_59_32_169.jpg,IMG\right_2026_08_31_21_59_32_169.jpg,0.0,1.0,0.0,30.19061
IMG\center_2026_08_31_21_50_55_755.jpg,IMG\left_2026_08_31_21_50_55_755.jpg,IMG\right_2026_08_31_21_50_55_755.jpg,-0.2491776,1.0,0.0,22.5499
IMG/center_2026_08_31_16_52_38_452.jpg,IMG/left_2026_08_31_16_52_38_452.jpg,IMG/right_2026_08_31_16_52_38_452.jpg,0.0,0.0,0.0,7.837464e-05
IMG/center_2026_08_30_19_24_40_273.jpg,IMG/left_2026_08_30_19_24_40_273.jpg,IMG/right_2026_08_30_19_24_40_273.jpg,0.0,1.0,0.0,30.19025
IMG/center_2026_08_30_19_26_51_367.jpg,IMG/left_2026_08_30_19_26_51_367.jpg,IMG/right_2026_08_30_19_26_51_367.jpg,0.1645599,1.0,0.0,30.18291
IMG/center_2026_08_30_19_24_26_180.jpg,IMG/left_2026_08_30_19_24_26_180.jpg,IMG/right_2026_08_30_19_24_26_180.jpg,0.0,1.0,0.0,30.19029
IMG/center_2026_08_30_19_26_38_377.jpg,IMG/left_2026_08_30_19_26_38_377.jpg,IMG/right_2026_08_30_19_26_38_377.jpg,-0.2530871,1.0,0.0,30.1877
IMG\center_2026_08_31_21_52_22_569.jpg,IMG\left_2026_08_31_21_52_22_569.jpg,IMG\right_2026_08_31_21_52_22_569.jpg,0.0,1.0,0.0,30.18991
IMG/center_2026_08_31_16_55_13_307.jpg,IMG/left_2026_08_31_16_55_13_307.jpg,IMG/right_2026_08_31_16_55_13_307.jpg,0.0,1.0,0.0,23.38517
IMG/center_2026_08_31_16_54_40_743.jpg,IMG/left_2026_08_31_16_54_40_743.jpg,IMG/right_2026_08_31_16_54_40_743.jpg,0.0,1.0,0.0,30.1903
IMG/center_2026_08_31_16_55_17_271.jpg,IMG/left_2026_08_31_16_55_17_271.jpg,IMG/right_2026_08_31_16_55_17_271.jpg,-0.9199968,1.0,0.0,30.09844
IMG\center_2026_08_31_21_51_13_410.jpg,IMG\left_2026_08_31_21_51_13_410.jpg,IMG\right_2026_08_31_21_51_13_410.jpg,0.0,0.0,0.0,26.96368
IMG/center_2026_08_31_16_52_52_028.jpg,IMG/left_2026_08_31_16_52_52_028.jpg,IMG/right_2026_08_31_16_52_52_028.jpg,0.0,1.0,0.0,30.19017
IMG/center_2026_08_30_19_26_43_169.jpg,IMG/left_2026_08_30_19_26_43_169.jpg,IMG/right_2026_08_30_19_26_43_169.jpg,0.0,1.0,0.0,30.1903
IMG/center_2026_08_31_16_53_45_882.jpg,IMG/left_2026_08_31_16_53_45_882.jpg,IMG/right_2026_08_31_16_53_45_882.jpg,0.0,0.4686249,0.0,29.19372
IMG\center_2026_08_31_21_51_07_005.jpg,IMG\left_2026_08_31_21_51_07_005.jpg,IMG\right_2026_08_31_21_51_07_005.jpg,-0.3405201,1.0,0.0,30.16287
IMG/center_2026_08_30_19_26_36_622.jpg,IMG/left_2026_08_30_19_26_36_622.jpg,IMG/right_2026_08_30_19_26_36_622.jpg,-0.4174086,1.0,0.0,30.15702
IMG/center_2026_08_30_19_27_26_730.jpg,IMG/left_2026_08_30_19_27_26_730.jpg,IMG/right_2026_08_30_19_27_26_730.jpg,0.0,1.0,0.0,30.18985
IMG\center_2026_08_31_21_59_28_557.jpg,IMG\left_2026_08_31_21_59_28_557.jpg,IMG\right_2026_08_31_21_59_28_557.jpg,0.0,1.0,0.0,30.19039
IMG\center_2026_08_31_21_55_29_327.jpg,IMG\left_2026_08_31_21_55_29_327.jpg,IMG\right_2026_08_31_21_55_29_327.jpg,0.0,1.0,0.0,30.19034
IMG/center_2026_08_31_16_53_40_877.jpg,IMG/left_2026_08_31_16_53_40_877.jpg,IMG/right_2026_08_31_16_53_40_877.jpg,0.0,1.0,0.0,30.18633
IMG\center_2026_08_31_21_56_44_255.jpg,IMG\left_2026_08_31_21_56_44_255.jpg,IMG\right_2026_08_31_21_56_44_255.jpg,0.0,1.0,0.0,30.18708
IMG/center_2026_08_30_19_26_07_880.jpg,IMG/left_2026_08_30_19_26_07_880.jpg,IMG/right_2026_08_30_19_26_07_880.jpg,-0.1723338,1.0,0.0,30.18284
IMG/center_2026_08_30_19_27_31_428.jpg,IMG/left_2026_08_30_19_27_31_428.jpg,IMG/right_2026_08_30_19_27_31_428.jpg,-0.0227565,1.0,0.0,30.1906
IMG/center_2026_08_31_16_54_17_524.jpg,IMG/left_2026_08_31_16_54_17_524.jpg,IMG/right_2026_08_31_16_54_17_524.jpg,0.0224646,1.0,0.0,30.19033
IMG/center_2026_08_31_16_53_05_026.jpg,IMG/left_2026_08_31_16_53_05_026.jpg,IMG/right_2026_08_31_16_53_05_026.jpg,0.2294262,0.0,0.0,0.0137748
IMG/center_2026_08_31_16_54_21_906.jpg,IMG/left_2026_08_31_16_54_21_906.jpg,IMG/right_2026_08_31_16_54_21_906.jpg,0.9223338,1.0,0.0,30.09582
IMG/center_2026_08_30_19_24_42_893.jpg,IMG/left_2026_08_30_19_24_42_893.jpg,IMG/right_2026_08_30_19_24_42_893.jpg,0.0,1.0,0.0,30.19029
IMG/center_2026_08_30_19_25_13_986.jpg,IMG/left_2026_08_30_19_25_13_986.jpg,IMG/right_2026_08_30_19_25_13_986.jpg,-0.206094,1.0,0.0,30.18403
IMG/center_2026_08_31_16_53_57_492.jpg,IMG/left_2026_08_31_16_53_57_492.jpg,IMG/right_2026_08_31_16_53_57_492.jpg,0.0,1.0,0.0,30.1903
IMG/center_2026_08_31_16_55_11_203.jpg,IMG/left_2026_08_31_16_55_11_203.jpg,IMG/right_2026_08_31_16_55_11_203.jpg,0.0,1.0,0.0,1.174838
IMG\center_2026_08_31_22_01_04_703.jpg,IMG\left_2026_08_31_22_01_04_703.jpg,IMG\right_2026_08_31_22_01_04_703.jpg,0.5433409,1.0,0.0,30.13059
IMG/center_2026_08_30_19_26_36_520.jpg,IMG/left_2026_08_30_19_26_36_520.jpg,IMG/right_2026_08_30_19_26_36_520.jpg,-0.1093983,1.0,0.0,30.18872
IMG/center_2026_08_31_16_52_54_449.jpg,IMG/left_2026_08_31_16_52_54_449.jpg,IMG/right_2026_08_31_16_52_54_449.jpg,-0.3270939,1.0,0.0,30.15654
IMG\center_2026_08_31_21_58_13_684.jpg,IMG\left_2026_08_31_21_58_13_684.jpg,IMG\right_2026_08_31_21_58_13_684.jpg,0.0,1.0,0.0,30.19029
IMG/center_2026_08_30_19_28_18_328.jpg,IMG/left_2026_08_30_19_28_18_328.jpg,IMG/right_2026_08_30_19_28_18_328.jpg,-0.765527,1.0,0.0,0.2425933
IMG/center_2026_08_30_19_24_57_792.jpg,IMG/left_2026_08_30_19_24_57_792.jpg,IMG/right_2026_08_30_19_24_57_792.jpg,-0.1219476,1.0,0.0,30.18645
IMG/center_2026_08_30_19_28_04_861.jpg,IMG/left_2026_08_30_19_28_04_861.jpg,IMG/right_2026_08_30_19_28_04_861.jpg,-0.0749238,1.0,0.0,30.19136
IMG/center_2026_08_30_19_25_40_181.jpg,IMG/left_2026_08_30_19_25_40_181.jpg,IMG/right_2026_08_30_19_25_40_181.jpg,-0.3222258,1.0,0.0,30.16467
IMG/center_2026_08_31_16_53_25_511.jpg,IMG/left_2026_08_31_16_53_25_511.jpg,IMG/right_2026_08_31_16_53_25_511.jpg,-0.1447001,1.0,0.0,20.03731
IMG/center_2026_08_30_19_24_30_767.jpg,IMG/left_2026_08_30_19_24_30_767.jpg,IMG/right_2026_08_30_19_24_30_767.jpg,0.0,1.0,0.0,30.1903
IMG/center_2026_08_30_19_26_17_410.jpg,IMG/left_2026_08_30_19_26_17_410.jpg,IMG/right_2026_08_30_19_26_17_410.jpg,0.0,1.0,0.0,30.19081
IMG\center_2026_08_31_21_56_48_823.jpg,IMG\left_2026_08_31_21_56_48_823.jpg,IMG\right_2026_08_31_21_56_48_823.jpg,-0.5706795,1.0,0.0,30.16576
IMG/center_2026_08_31_16_52_48_997.jpg,IMG/left_2026_08_31_16_52_48_997.jpg,IMG/right_2026_08_31_16_52_48_997.jpg,0.0,1.0,0.0,30.1887
IMG\center_2026_08_31_21_58_09_014.jpg,IMG\left_2026_08_31_21_58_09_014.jpg,IMG\right_2026_08_31_21_58_09_014.jpg,-0.0873393,1.0,0.0,30.18951
IMG\center_2026_08_31_21_51_11_959.jpg,IMG\left_2026_08_31_21_51_11_959.jpg,IMG\right_2026_08_31_21_51_11_959.jpg,0.0,1.0,0.0,30.18997
IMG/center_2026_08_31_16_54_07_843.jpg,IMG/left_2026_08_31_16_54_07_843.jpg,IMG/right_2026_08_31_16_54_07_843.jpg,0.2969553,1.0,0.0,30.16585
IMG/center_2026_08_30_19_25_32_809.jpg,IMG/left_2026_08_30_19_25_32_809.jpg,IMG/right_2026_08_30_19_25_32_809.jpg,-0.4674222,1.0,0.0,30.14955
IMG\center_2026_08_31_21_58_09_850.jpg,IMG\left_2026_08_31_21_58_09_850.jpg,IMG\right_2026_08_31_21_58_09_850.jpg,-0.1452404,1.0,0.0,30.19437
IMG/center_2026_08_31_16_54_30_239.jpg,IMG/left_2026_08_31_16_54_30_239.jpg,IMG/right_2026_08_31_16_54_30_239.jpg,-0.722511,1.0,0.0,30.11112
IMG/center_2026_08_31_16_52_51_924.jpg,IMG/left_2026_08_31_16_52_51_924.jpg,IMG/right_2026_08_31_16_52_51_924.jpg,0.0,1.0,0.0,30.19019
IMG\center_2026_08_31_21_59_32_481.jpg,IMG\left_2026_08_31_21_59_32_481.jpg,IMG\right_2026_08_31_21_59_32_481.jpg,0.0,1.0,0.0,30.19003
IMG/center_2026_08_30_19_25_01_834.jpg,IMG/left_2026_08_30_19_25_01_834.jpg,IMG/right_2026_08_30_19_25_01_834.jpg,0.1575726,1.0,0.0,30.18305
IMG/center_2026_08_31_16_52_48_793.jpg,IMG/left_2026_08_31_16_52_48_793.jpg,IMG/right_2026_08_31_16_52_48_793.jpg,0.412721,1.0,0.0,30.18173
IMG/center_2026_08_30_19_26_52_926.jpg,IMG/left_2026_08_30_19_26_52_926.jpg,IMG/right_2026_08_30_19_26_52_926.jpg,0.0,1.0,0.0,30.19023
IMG/center_2026_08_30_19_24_08_976.jpg,IMG/left_2026_08_30_19_24_08_976.jpg,IMG/right_2026_08_30_19_24_08_976.jpg,-0.5455207,1.0,0.0,2.252709
IMG/center_2026_08_30_19_24_45_511.jpg,IMG/left_2026_08_30_19_24_45_511.jpg,IMG/right_2026_08_30_19_24_45_511.jpg,-0.2095482,1.0,0.0,30.17938
IMG/center_2026_08_31_16_53_45_776.jpg,IMG/left_2026_08_31_16_53_45_776.jpg,IMG/right_2026_08_31_16_53_45_776.jpg,0.0,0.1793442,0.0,29.10615
IMG/center_2026_08_30_19_27_33_914.jpg,IMG/left_2026_08_30_19_27_33_914.jpg,IMG/right_2026_08_30_19_27_33_914.jpg,-0.1958583,1.0,0.0,30.18238
IMG/center_2026_08_30_19_24_09_182.jpg,IMG/left_2026_08_30_19_24_09_182.jpg,IMG/right_2026_08_30_19_24_09_182.jpg,-0.5328178,1.0,0.0,4.584927
IMG/center_2026_08_31_16_55_39_987.jpg,IMG/left_2026_08_31_16_55_39_987.jpg,IMG/right_2026_08_31_16_55_39_987.jpg,-0.4526185,1.0,0.0,30.21037
IMG/center_2026_08_31_16_54_24_306.jpg,IMG/left_2026_08_31_16_54_24_306.jpg,IMG/right_2026_08_31_16_54_24_306.jpg,0.1120224,1.0,0.0,30.1891
IMG/center_2026_08_30_19_25_42_069.jpg,IMG/left_2026_08_30_19_25_42_069.jpg,IMG/right_2026_08_30_19_25_42_069.jpg,-0.1112559,1.0,0.0,30.18722
IMG/center_2026_08_31_16_54_57_278.jpg,IMG/left_2026_08_31_16_54_57_278.jpg,IMG/right_2026_08_31_16_54_57_278.jpg,-0.3368661,1.0,0.0,30.16562
IMG/center_2026_08_30_19_25_48_948.jpg,IMG/left_2026_08_30_19_25_48_948.jpg,IMG/right_2026_08_30_19_25_48_948.jpg,-0.2732523,1.0,0.0,30.17113
IMG\center_2026_08_31_21_58_10_988.jpg,IMG\left_2026_08_31_21_58_10_988.jpg,IMG\right_2026_08_31_21_58_10_988.jpg,0.0,1.0,0.0,30.19061
IMG/center_2026_08_31_16_55_24_172.jpg,IMG/left_2026_08_31_16_55_24_172.jpg,IMG/right_2026_08_31_16_55_24_172.jpg,0.905488,1.0,0.0,30.11563
IMG\center_2026_08_31_21_56_39_286.jpg,IMG\left_2026_08_31_21_56_39_286.jpg,IMG\right_2026_08_31_21_56_39_286.jpg,0.0,1.0,0.0,30.19029
IMG\center_2026_08_31_21_59_39_525.jpg,IMG\left_2026_08_31_21_59_39_525.jpg,IMG\right_2026_08_31_21_59_39_525.jpg,-0.1972611,1.0,0.0,30.18806
IMG\center_2026_08_31_21_50_59_160.jpg,IMG\left_2026_08_31_21_50_59_160.jpg,IMG\right_2026_08_31_21_50_59_160.jpg,0.0,1.0,0.0,30.19039
IMG\center_2026_08_31_22_01_04_499.jpg,IMG\left_2026_08_31_22_01_04_499.jpg,IMG\right_2026_08_31_22_01_04_499.jpg,0.0,1.0,0.0,30.18889
IMG/center_2026_08_30_19_28_08_380.jpg,IMG/left_2026_08_30_19_28_08_380.jpg,IMG/right_2026_08_30_19_28_08_380.jpg,0.0,1.0,0.0,30.1902
IMG/center_2026_08_31_16_55_14_868.jpg,IMG/left_2026_08_31_16_55_14_868.jpg,IMG/right_2026_08_31_16_55_14_868.jpg,0.0,1.0,0.0,30.19008
IMG/center_2026_08_30_19_27_21_494.jpg,IMG/left_2026_08_30_19_27_21_494.jpg,IMG/right_2026_08_30_19_27_21_494.jpg,0.0,1.0,0.0,30.19061
IMG\center_2026_08_31_21_55_26_228.jpg,IMG\left_2026_08_31_21_55_26_228.jpg,IMG\right_2026_08_31_21_55_26_228.jpg,0.0,1.0,0.0,30.19034
IMG/center_2026_08_30_19_26_54_252.jpg,IMG/left_2026_08_30_19_26_54_252.jpg,IMG/right_2026_08_30_19_26_54_252.jpg,0.0,1.0,0.0,30.19017
IMG/center_2026_08_30_19_25_00_591.jpg,IMG/left_2026_08_30_19_25_00_591.jpg,IMG/right_2026_08_30_19_25_00_591.jpg,0.0,1.0,0.0,30.19055
IMG/center_2026_08_31_16_55_51_280.jpg,IMG/left_2026_08_31_16_55_51_280.jpg,IMG/right_2026_08_31_16_55_51_280.jpg,0.541842,0.0,1.0,0.003397898
IMG\center_2026_08_31_22_00_57_054.jpg,IMG\left_2026_08_31_22_00_57_054.jpg,IMG\right_2026_08_31_22_00_57_054.jpg,-0.5366972,1.0,0.0,30.13676
IMG/center_2026_08_31_16_52_45_470.jpg,IMG/left_2026_08_31_16_52_45_470.jpg,IMG/right_2026_08_31_16_52_45_470.jpg,0.3092064,1.0,0.0,30.16763
IMG/center_2026_08_31_16_54_40_846.jpg,IMG/left_2026_08_31_16_54_40_846.jpg,IMG/right_2026_08_31_16_54_40_846.jpg,0.0,1.0,0.0,30.1903
IMG\center_2026_08_31_21_59_27_723.jpg,IMG\left_2026_08_31_21_59_27_723.jpg,IMG\right_2026_08_31_21_59_27_723.jpg,-0.5523603,1.0,0.0,30.13575
IMG/center_2026_08_30_19_24_56_872.jpg,IMG/left_2026_08_30_19_24_56_872.jpg,IMG/right_2026_08_30_19_24_56_872.jpg,-0.1026072,1.0,0.0,30.18753
IMG/center_2026_08_31_16_54_51_524.jpg,IMG/left_2026_08_31_16_54_51_524.jpg,IMG/right_2026_08_31_16_54_51_524.jpg,0.0,1.0,0.0,30.19002
IMG/center_2026_08_31_16_55_25_632.jpg,IMG/left_2026_08_31_16_55_25_632.jpg,IMG/right_2026_08_31_16_55_25_632.jpg,-0.08236107,1.0,0.0,30.19245
IMG\center_2026_08_31_21_59_31_241.jpg,IMG\left_2026_08_31_21_59_31_241.jpg,IMG\right_2026_08_31_21_59_31_241.jpg,0.0,1.0,0.0,30.18989
IMG/center_2026_08_30_19_25_43_014.jpg,IMG/left_2026_08_30_19_25_43_014.jpg,IMG/right_2026_08_30_19_25_43_014.jpg,-0.1031829,1.0,0.0,30.19007
IMG/center_2026_08_30_19_24_41_219.jpg,IMG/left_2026_08_30_19_24_41_219.jpg,IMG/right_2026_08_30_19_24_41_219.jpg,-0.0712167,1.0,0.0,30.18901
IMG/center_2026_08_31_16_53_56_232.jpg,IMG/left_2026_08_31_16_53_56_232.jpg,IMG/right_2026_08_31_16_53_56_232.jpg,-0.0261762,1.0,0.0,30.19044
IMG/center_2026_08_30_19_25_22_033.jpg,IMG/left_2026_08_30_19_25_22_033.jpg,IMG/right_2026_08_30_19_25_22_033.jpg,0.0,1.0,0.0,30.18983
IMG/center_2026_08_30_19_28_06_516.jpg,IMG/left_2026_08_30_19_28_06_516.jpg,IMG/right_2026_08_30_19_28_06_516.jpg,-0.0602157,1.0,0.0,30.18962
IMG/center_2026_08_30_19_25_10_954.jpg,IMG/left_2026_08_30_19_25_10_954.jpg,IMG/right_2026_08_30_19_25_10_954.jpg,-0.2493852,1.0,0.0,30.18271
IMG/center_2026_08_31_16_54_00_294.jpg,IMG/left_2026_08_31_16_54_00_294.jpg,IMG/right_2026_08_31_16_54_00_294.jpg,0.0,1.0,0.0,30.18919
IMG/center_2026_08_31_16_55_40_924.jpg,IMG/left_2026_08_31_16_55_40_924.jpg,IMG/right_2026_08_31_16_55_40_924.jpg,1.0,0.7070605,0.0,30.08056
IMG\center_2026_08_31_21_52_31_447.jpg,IMG\left_2026_08_31_21_52_31_447.jpg,IMG\right_2026_08_31_21_52_31_447.jpg,0.0,1.0,0.0,30.1903
IMG/center_2026_08_31_16_55_00_090.jpg,IMG/left_2026_08_31_16_55_00_090.jpg,IMG/right_2026_08_31_16_55_00_090.jpg,0.0,1.0,0.0,30.19003
IMG\center_2026_08_31_22_01_00_891.jpg,IMG\left_2026_08_31_22_01_00_891.jpg,IMG\right_2026_08_31_22_01_00_891.jpg,0.0,1.0,0.0,30.19029
IMG/center_2026_08_30_19_25_51_145.jpg,IMG/left_2026_08_30_19_25_51_145.jpg,IMG/right_2026_08_30_19_25_51_145.jpg,0.0,1.0,0.0,30.19029
IMG/center_2026_08_31_16_53_36_518.jpg,IMG/left_2026_08_31_16_53_36_518.jpg,IMG/right_2026_08_31_16_53_36_518.jpg,0.0,1.0,0.0,30.18974
IMG/center_2026_08_30_19_27_38_126.jpg,IMG/left_2026_08_30_19_27_38_126.jpg,IMG/right_2026_08_30_19_27_38_126.jpg,-0.21846,1.0,0.0,30.17586
IMG/center_2026_08_31_16_52_52_977.jpg,IMG/left_2026_08_31_16_52_52_977.jpg,IMG/right_2026_08_31_16_52_52_977.jpg,0.0,1.0,0.0,30.19053
IMG/center_2026_08_30_19_26_10_579.jpg,IMG/left_2026_08_30_19_26_10_579.jpg,IMG/right_2026_08_30_19_26_10_579.jpg,0.0,1.0,0.0,30.1903
IMG/center_2026_08_30_19_27_32_252.jpg,IMG/left_2026_08_30_19_27_32_252.jpg,IMG/right_2026_08_30_19_27_32_252.jpg,0.0,1.0,0.0,30.1895
IMG/center_2026_08_30_19_27_11_431.jpg,IMG/left_2026_08_30_19_27_11_431.jpg,IMG/right_2026_08_30_19_27_11_431.jpg,0.0,1.0,0.0,30.19026
IMG/center_2026_08_31_16_55_37_185.jpg,IMG/left_2026_08_31_16_55_37_185.jpg,IMG/right_2026_08_31_16_55_37_185.jpg,0.0,1.0,0.0,28.58918
IMG/center_2026_08_31_16_54_24_099.jpg,IMG/left_2026_08_31_16_54_24_099.jpg,IMG/right_2026_08_31_16_54_24_099.jpg,0.05066393,1.0,0.0,30.18756
IMG\center_2026_08_31_21_52_30_936.jpg,IMG\left_2026_08_31_21_52_30_936.jpg,IMG\right_2026_08_31_21_52_30_936.jpg,0.0,1.0,0.0,30.19035
IMG/center_2026_08_31_16_54_50_399.jpg,IMG/left_2026_08_31_16_54_50_399.jpg,IMG/right_2026_08_31_16_54_50_399.jpg,1.0,1.0,0.0,29.982
IMG/center_2026_08_31_16_54_50_806.jpg,IMG/left_2026_08_31_16_54_50_806.jpg,IMG/right_2026_08_31_16_54_50_806.jpg,-0.5548869,1.0,0.0,30.22949
IMG/center_2026_08_31_16_54_16_898.jpg,IMG/left_2026_08_31_16_54_16_898.jpg,IMG/right_2026_08_31_16_54_16_898.jpg,-0.9177592,1.0,0.0,30.11691
IMG\center_2026_08_31_21_51_01_841.jpg,IMG\left_2026_08_31_21_51_01_841.jpg,IMG\right_2026_08_31_21_51_01_841.jpg,-0.0859344,1.0,0.0,30.18901
IMG/center_2026_08_30_19_24_50_697.jpg,IMG/left_2026_08_30_19_24_50_697.jpg,IMG/right_2026_08_30_19_24_50_697.jpg,0.0,1.0,0.0,30.1888
IMG/center_2026_08_30_19_26_47_919.jpg,IMG/left_2026_08_30_19_26_47_919.jpg,IMG/right_2026_08_30_19_26_47_919.jpg,0.3342987,1.0,0.0,30.19682
IMG/center_2026_08_30_19_24_44_150.jpg,IMG/left_2026_08_30_19_24_44_150.jpg,IMG/right_2026_08_30_19_24_44_150.jpg,0.0,1.0,0.0,30.19028
IMG/center_2026_08_30_19_24_13_509.jpg,IMG/left_2026_08_30_19_24_13_509.jpg,IMG/right_2026_08_30_19_24_13_509.jpg,-0.3524205,1.0,0.0,30.16096
IMG/center_2026_08_30_19_27_35_664.jpg,IMG/left_2026_08_30_19_27_35_664.jpg,IMG/right_2026_08_30_19_27_35_664.jpg,-0.2032815,1.0,0.0,30.1794
IMG/center_2026_08_30_19_28_03_307.jpg,IMG/left_2026_08_30_19_28_03_307.jpg,IMG/right_2026_08_30_19_28_03_307.jpg,-0.09951483,1.0,0.0,30.18998
IMG/center_2026_08_31_16_53_26_234.jpg,IMG/left_2026_08_31_16_53_26_234.jpg,IMG/right_2026_08_31_16_53_26_234.jpg,-0.6408379,1.0,0.0,26.72672
IMG/center_2026_08_30_19_24_29_182.jpg,IMG/left_2026_08_30_19_24_29_182.jpg,IMG/right_2026_08_30_19_24_29_182.jpg,-0.1512936,1.0,0.0,30.18406
IMG/center_2026_08_31_16_52_47_429.jpg,IMG/left_2026_08_31_16_52_47_429.jpg,IMG/right_2026_08_31_16_52_47_429.jpg,-1.0,1.0,0.0,27.97575
IMG/center_2026_08_30_19_26_22_888.jpg,IMG/left_2026_08_30_19_26_22_888.jpg,IMG/right_2026_08_30_19_26_22_888.jpg,-0.1147422,1.0,0.0,30.18991
IMG/center_2026_08_31_16_53_04_503.jpg,IMG/left_2026_08_31_16_53_04_503.jpg,IMG/right_2026_08_31_16_53_04_503.jpg,0.0,0.90403,0.0,0.02447134
IMG/center_2026_08_31_16_55_43_179.jpg,IMG/left_2026_08_31_16_55_43_179.jpg,IMG/right_2026_08_31_16_55_43_179.jpg,-1.0,1.0,0.0,22.33308
IMG/center_2026_08_30_19_26_45_129.jpg,IMG/left_2026_08_30_19_26_45_129.jpg,IMG/right_2026_08_30_19_26_45_129.jpg,0.0206295,1.0,0.0,30.19014
IMG/center_2026_08_31_16_52_45_680.jpg,IMG/left_2026_08_31_16_52_45_680.jpg,IMG/right_2026_08_31_16_52_45_680.jpg,0.9159214,1.0,0.0,30.10012
IMG/center_2026_08_31_16_53_28_194.jpg,IMG/left_2026_08_31_16_53_28_194.jpg,IMG/right_2026_08_31_16_53_28_194.jpg,0.0,1.0,0.0,30.19024
IMG/center_2026_08_31_16_55_45_974.jpg,IMG/left_2026_08_31_16_55_45_974.jpg,IMG/right_2026_08_31_16_55_45_974.jpg,-0.1648116,1.0,0.0,30.18295
IMG/center_2026_08_31_16_54_55_393.jpg,IMG/left_2026_08_31_16_54_55_393.jpg,IMG/right_2026_08_31_16_54_55_393.jpg,0.3460992,1.0,0.0,30.16221
IMG/center_2026_08_30_19_26_38_892.jpg,IMG/left_2026_08_30_19_26_38_892.jpg,IMG/right_2026_08_30_19_26_38_892.jpg,-0.145557,1.0,0.0,30.18683
IMG/center_2026_08_30_19_24_21_497.jpg,IMG/left_2026_08_30_19_24_21_497.jpg,IMG/right_2026_08_30_19_24_21_497.jpg,-0.1702533,1.0,0.0,30.18265
IMG/center_2026_08_30_19_24_54_399.jpg,IMG/left_2026_08_30_19_24_54_399.jpg,IMG/right_2026_08_30_19_24_54_399.jpg,-0.07012048,1.0,0.0,30.19091
IMG/center_2026_08_31_16_55_00_718.jpg,IMG/left_2026_08_31_16_55_00_718.jpg,IMG/right_2026_08_31_16_55_00_718.jpg,-0.9233284,1.0,0.0,30.10956
IMG/center_2026_08_31_16_55_22_519.jpg,IMG/left_2026_08_31_16_55_22_519.jpg,IMG/right_2026_08_31_16_55_22_519.jpg,0.7843869,1.0,0.0,30.10758
IMG/center_2026_08_30_19_26_53_337.jpg,IMG/left_2026_08_30_19_26_53_337.jpg,IMG/right_2026_08_30_19_26_53_337.jpg,0.0,1.0,0.0,30.19032
IMG/center_2026_08_30_19_24_23_272.jpg,IMG/left_2026_08_30_19_24_23_272.jpg,IMG/right_2026_08_30_19_24_23_272.jpg,0.0,1.0,0.0,30.18991
IMG/center_2026_08_31_16_53_08_356.jpg,IMG/left_2026_08_31_16_53_08_356.jpg,IMG/right_2026_08_31_16_53_08_356.jpg,0.0,0.0,0.0,0.002836696
IMG/center_2026_08_31_16_55_06_339.jpg,IMG/left_2026_08_31_16_55_06_339.jpg,IMG/right_2026_08_31_16_55_06_339.jpg,-0.4889364,1.0,0.0,30.14235
IMG/center_2026_08_30_19_26_20_095.jpg,IMG/left_2026_08_30_19_26_20_095.jpg,IMG/right_2026_08_30_19_26_20_095.jpg,0.0,1.0,0.0,30.19028
IMG/center_2026_08_30_19_28_02_690.jpg,IMG/left_2026_08_30_19_28_02_690.jpg,IMG/right_2026_08_30_19_28_02_690.jpg,-0.1734933,1.0,0.0,30.18171
IMG\center_2026_08_31_21_56_46_427.jpg,IMG\left_2026_08_31_21_56_46_427.jpg,IMG\right_2026_08_31_21_56_46_427.jpg,-0.3799442,1.0,0.0,30.18554
IMG/center_2026_08_30_19_25_40_492.jpg,IMG/left_2026_08_30_19_25_40_492.jpg,IMG/right_2026_08_30_19_25_40_492.jpg,0.0,1.0,0.0,30.19016
IMG/center_2026_08_30_19_28_23_195.jpg,IMG/left_2026_08_30_19_28_23_195.jpg,IMG/right_2026_08_30_19_28_23_195.jpg,-1.0,1.0,0.0,0.01312588
IMG\center_2026_08_31_21_58_18_434.jpg,IMG\left_2026_08_31_21_58_18_434.jpg,IMG\right_2026_08_31_21_58_18_434.jpg,-0.1201122,1.0,0.0,30.1911
IMG\center_2026_08_31_21_56_56_157.jpg,IMG\left_2026_08_31_21_56_56_157.jpg,IMG\right_2026_08_31_21_56_56_157.jpg,0.0,1.0,0.0,30.1899
IMG/center_2026_08_30_19_24_35_259.jpg,IMG/left_2026_08_30_19_24_35_259.jpg,IMG/right_2026_08_30_19_24_35_259.jpg,-0.133671,1.0,0.0,30.18836
IMG/center_2026_08_30_19_26_44_819.jpg,IMG/left_2026_08_30_19_26_44_819.jpg,IMG/right_2026_08_30_19_26_44_819.jpg,0.0,1.0,0.0,30.18988
IMG/center_2026_08_31_16_52_59_327.jpg,IMG/left_2026_08_31_16_52_59_327.jpg,IMG/right_2026_08_31_16_52_59_327.jpg,-1.0,0.0,0.0,20.93897
IMG/center_2026_08_30_19_24_51_107.jpg,IMG/left_2026_08_30_19_24_51_107.jpg,IMG/right_2026_08_30_19_24_51_107.jpg,-0.3671859,1.0,0.0,30.15832
IMG/center_2026_08_31_16_52_58_814.jpg,IMG/left_2026_08_31_16_52_58_814.jpg,IMG/right_2026_08_31_16_52_58_814.jpg,-0.1305513,0.0,0.0,24.46821
IMG/center_2026_08_31_16_55_47_217.jpg,IMG/left_2026_08_31_16_55_47_217.jpg,IMG/right_2026_08_31_16_55_47_217.jpg,0.0,1.0,0.0,29.91905
IMG/center_2026_08_30_19_26_14_200.jpg,IMG/left_2026_08_30_19_26_14_200.jpg,IMG/right_2026_08_30_19_26_14_200.jpg,-0.2239902,1.0,0.0,30.18567
IMG/center_2026_08_31_16_53_43_171.jpg,IMG/left_2026_08_31_16_53_43_171.jpg,IMG/right_2026_08_31_16_53_43_171.jpg,-0.0313857,1.0,0.0,30.18854
IMG/center_2026_08_30_19_26_47_294.jpg,IMG/left_2026_08_30_19_26_47_294.jpg,IMG/right_2026_08_30_19_26_47_294.jpg,0.3326443,1.0,0.0,30.18258
IMG/center_2026_08_31_16_54_21_698.jpg,IMG/left_2026_08_31_16_54_21_698.jpg,IMG/right_2026_08_31_16_54_21_698.jpg,0.3237384,1.0,0.0,30.16537
IMG\center_2026_08_31_21_51_03_919.jpg,IMG\left_2026_08_31_21_51_03_919.jpg,IMG\right_2026_08_31_21_51_03_919.jpg,0.0,1.0,0.0,30.18965
IMG/center_2026_08_30_19_26_40_254.jpg,IMG/left_2026_08_30_19_26_40_254.jpg,IMG/right_2026_08_30_19_26_40_254.jpg,0.0,1.0,0.0,30.19028
IMG/center_2026_08_31_16_54_21_592.jpg,IMG/left_2026_08_31_16_54_21_592.jpg,IMG/right_2026_08_31_16_54_21_592.jpg,0.0320202,1.0,0.0,30.19026
IMG/center_2026_08_31_16_53_42_333.jpg,IMG/left_2026_08_31_16_53_42_333.jpg,IMG/right_2026_08_31_16_53_42_333.jpg,0.110604,1.0,0.0,30.1898
IMG/center_2026_08_30_19_27_48_053.jpg,IMG/left_2026_08_30_19_27_48_053.jpg,IMG/right_2026_08_30_19_27_48_053.jpg,0.0,1.0,0.0,30.18988
IMG/center_2026_08_30_19_25_24_307.jpg,IMG/left_2026_08_30_19_25_24_307.jpg,IMG/right_2026_08_30_19_25_24_307.jpg,0.0,1.0,0.0,30.1893
IMG/center_2026_08_30_19_24_18_888.jpg,IMG/left_2026_08_30_19_24_18_888.jpg,IMG/right_2026_08_30_19_24_18_888.jpg,-0.3721083,1.0,0.0,30.16046
IMG/center_2026_08_31_16_53_37_759.jpg,IMG/left_2026_08_31_16_53_37_759.jpg,IMG/right_2026_08_31_16_53_37_759.jpg,0.0,1.0,0.0,30.18965
IMG/center_2026_08_30_19_25_34_465.jpg,IMG/left_2026_08_30_19_25_34_465.jpg,IMG/right_2026_08_30_19_25_34_465.jpg,-0.5170416,1.0,0.0,30.14032
IMG\center_2026_08_31_21_58_12_545.jpg,IMG\left_2026_08_31_21_58_12_545.jpg,IMG\right_2026_08_31_21_58_12_545.jpg,-0.2768557,1.0,0.0,30.20095
IMG\center_2026_08_31_21_51_11_039.jpg,IMG\left_2026_08_31_21_51_11_039.jpg,IMG\right_2026_08_31_21_51_11_039.jpg,0.0,1.0,0.0,30.18997
IMG/center_2026_08_30_19_24_42_161.jpg,IMG/left_2026_08_30_19_24_42_161.jpg,IMG/right_2026_08_30_19_24_42_161.jpg,-0.2101674,1.0,0.0,30.17809
IMG/center_2026_08_31_16_53_54_560.jpg,IMG/left_2026_08_31_16_53_54_560.jpg,IMG/right_2026_08_31_16_53_54_560.jpg,0.0,1.0,0.0,30.19082
IMG/center_2026_08_30_19_25_17_656.jpg,IMG/left_2026_08_30_19_25_17_656.jpg,IMG/right_2026_08_30_19_25_17_656.jpg,0.0,1.0,0.0,30.19029
IMG/center_2026_08_30_19_26_50_847.jpg,IMG/left_2026_08_30_19_26_50_847.jpg,IMG/right_2026_08_30_19_26_50_847.jpg,0.0,1.0,0.0,30.1897
IMG/center_2026_08_30_19_25_13_776.jpg,IMG/left_2026_08_30_19_25_13_776.jpg,IMG/right_2026_08_30_19_25_13_776.jpg,-0.1527126,1.0,0.0,30.19178
IMG/center_2026_08_31_16_53_52_872.jpg,IMG/left_2026_08_31_16_53_52_872.jpg,IMG/right_2026_08_31_16_53_52_872.jpg,-0.2768418,1.0,0.0,30.19165
IMG\center_2026_08_31_21_52_28_244.jpg,IMG\left_2026_08_31_21_52_28_244.jpg,IMG\right_2026_08_31_21_52_28_244.jpg,0.0,1.0,0.0,30.19019
IMG/center_2026_08_30_19_25_59_093.jpg,IMG/left_2026_08_30_19_25_59_093.jpg,IMG/right_2026_08_30_19_25_59_093.jpg,0.0,1.0,0.0,30.19044
IMG/center_2026_08_31_16_53_40_769.jpg,IMG/left_2026_08_31_16_53_40_769.jpg,IMG/right_2026_08_31_16_53_40_769.jpg,0.2048227,1.0,0.0,30.19398
IMG/center_2026_08_30_19_28_08_795.jpg,IMG/left_2026_08_30_19_28_08_795.jpg,IMG/right_2026_08_30_19_28_08_795.jpg,-0.1102575,1.0,0.0,30.18718
IMG/center_2026_08_31_16_54_48_727.jpg,IMG/left_2026_08_31_16_54_48_727.jpg,IMG/right_2026_08_31_16_54_48_727.jpg,-0.8923935,1.0,0.0,30.09964
IMG\center_2026_08_31_22_00_53_226.jpg,IMG\left_2026_08_31_22_00_53_226.jpg,IMG\right_2026_08_31_22_00_53_226.jpg,0.0,1.0,0.0,30.19027
IMG/center_2026_08_30_19_25_23_586.jpg,IMG/left_2026_08_30_19_25_23_586.jpg,IMG/right_2026_08_30_19_25_23_586.jpg,0.5208067,1.0,0.0,30.14318
IMG/center_2026_08_30_19_25_55_773.jpg,IMG/left_2026_08_30_19_25_55_773.jpg,IMG/right_2026_08_30_19_25_55_773.jpg,-0.1449021,1.0,0.0,30.18618
IMG\center_2026_08_31_21_50_59_677.jpg,IMG\left_2026_08_31_21_50_59_677.jpg,IMG\right_2026_08_31_21_50_59_677.jpg,-0.5637372,1.0,0.0,30.1579
IMG\center_2026_08_31_21_58_13_268.jpg,IMG\left_2026_08_31_21_58_13_268.jpg,IMG\right_2026_08_31_21_58_13_268.jpg,0.0,1.0,0.0,30.19027
IMG/center_2026_08_30_19_27_19_619.jpg,IMG/left_2026_08_30_19_27_19_619.jpg,IMG/right_2026_08_30_19_27_19_619.jpg,-0.05662201,1.0,0.0,30.18955
IMG\center_2026_08_31_21_52_24_223.jpg,IMG\left_2026_08_31_21_52_24_223.jpg,IMG\right_2026_08_31_21_52_24_223.jpg,-0.1173159,1.0,0.0,30.18764
IMG/center_2026_08_31_16_52_35_988.jpg,IMG/left_2026_08_31_16_52_35_988.jpg,IMG/right_2026_08_31_16_52_35_988.jpg,0.0,0.0,0.0,7.821024e-05
IMG\center_2026_08_31_21_50_59_472.jpg,IMG\left_2026_08_31_21_50_59_472.jpg,IMG\right_2026_08_31_21_50_59_472.jpg,-0.2025159,1.0,0.0,30.17885
IMG/center_2026_08_31_16_53_29_224.jpg,IMG/left_2026_08_31_16_53_29_224.jpg,IMG/right_2026_08_31_16_53_29_224.jpg,0.0,1.0,0.0,30.18953
IMG\center_2026_08_31_21_55_16_918.jpg,IMG\left_2026_08_31_21_55_16_918.jpg,IMG\right_2026_08_31_21_55_16_918.jpg,0.0,1.0,0.0,30.19034
IMG/center_2026_08_30_19_27_10_274.jpg,IMG/left_2026_08_30_19_27_10_274.jpg,IMG/right_2026_08_30_19_27_10_274.jpg,-0.1089594,1.0,0.0,30.18712
IMG/center_2026_08_31_16_55_01_864.jpg,IMG/left_2026_08_31_16_55_01_864.jpg,IMG/right_2026_08_31_16_55_01_864.jpg,0.0,1.0,0.0,30.18993
IMG/center_2026_08_30_19_28_20_401.jpg,IMG/left_2026_08_30_19_28_20_401.jpg,IMG/right_2026_08_30_19_28_20_401.jpg,-0.2220396,0.1238142,0.0,0.01698794
IMG\center_2026_08_31_21_55_17_021.jpg,IMG\left_2026_08_31_21_55_17_021.jpg,IMG\right_2026_08_31_21_55_17_021.jpg,0.0,1.0,0.0,30.19013
IMG/center_2026_08_31_16_55_32_046.jpg,IMG/left_2026_08_31_16_55_32_046.jpg,IMG/right_2026_08_31_16_55_32_046.jpg,0.0,1.0,0.0,30.19014
IMG/center_2026_08_30_19_27_21_703.jpg,IMG/left_2026_08_30_19_27_21_703.jpg,IMG/right_2026_08_30_19_27_21_703.jpg,0.0,1.0,0.0,30.19041
IMG/center_2026_08_31_16_53_42_856.jpg,IMG/left_2026_08_31_16_53_42_856.jpg,IMG/right_2026_08_31_16_53_42_856.jpg,0.3896382,1.0,0.0,30.15549
IMG/center_2026_08_30_19_26_56_519.jpg,IMG/left_2026_08_30_19_26_56_519.jpg,IMG/right_2026_08_30_19_26_56_519.jpg,-0.2919462,1.0,0.0,30.17347
IMG/center_2026_08_30_19_25_44_280.jpg,IMG/left_2026_08_30_19_25_44_280.jpg,IMG/right_2026_08_30_19_25_44_280.jpg,-0.2847024,1.0,0.0,30.17023
IMG\center_2026_08_31_21_50_58_131.jpg,IMG\left_2026_08_31_21_50_58_131.jpg,IMG\right_2026_08_31_21_50_58_131.jpg,0.0,1.0,0.0,30.18994
IMG/center_2026_08_30_19_24_14_437.jpg,IMG/left_2026_08_30_19_24_14_437.jpg,IMG/right_2026_08_30_19_24_14_437.jpg,0.0,1.0,0.0,30.19028
IMG/center_2026_08_30_19_26_11_198.jpg,IMG/left_2026_08_30_19_26_11_198.jpg,IMG/right_2026_08_30_19_26_11_198.jpg,-0.1083549,1.0,0.0,30.18743
IMG/center_2026_08_31_16_53_44_306.jpg,IMG/left_2026_08_31_16_53_44_306.jpg,IMG/right_2026_08_31_16_53_44_306.jpg,0.177531,1.0,0.0,30.18027
IMG/center_2026_08_30_19_25_47_492.jpg,IMG/left_2026_08_30_19_25_47_492.jpg,IMG/right_2026_08_30_19_25_47_492.jpg,-0.0234111,1.0,0.0,30.19016
IMG/center_2026_08_30_19_27_11_855.jpg,IMG/left_2026_08_30_19_27_11_855.jpg,IMG/right_2026_08_30_19_27_11_855.jpg,-0.1360503,1.0,0.0,30.18853
IMG/center_2026_08_31_16_52_59_531.jpg,IMG/left_2026_08_31_16_52_59_531.jpg,IMG/right_2026_08_31_16_52_59_531.jpg,-1.0,0.0,0.0,19.45164
IMG/center_2026_08_30_19_25_57_743.jpg,IMG/left_2026_08_30_19_25_57_743.jpg,IMG/right_2026_08_30_19_25_57_743.jpg,-0.148584,1.0,0.0,30.18625
IMG/center_2026_08_30_19_27_53_451.jpg,IMG/left_2026_08_30_19_27_53_451.jpg,IMG/right_2026_08_30_19_27_53_451.jpg,0.0,1.0,0.0,30.18998
IMG\center_2026_08_31_22_01_04_808.jpg,IMG\left_2026_08_31_22_01_04_808.jpg,IMG\right_2026_08_31_22_01_04_808.jpg,0.3417736,1.0,0.0,30.18519
IMG/center_2026_08_31_16_54_30_653.jpg,IMG/left_2026_08_31_16_54_30_653.jpg,IMG/right_2026_08_31_16_54_30_653.jpg,0.0,1.0,0.0,30.19015
IMG/center_2026_08_31_16_55_03_430.jpg,IMG/left_2026_08_31_16_55_03_430.jpg,IMG/right_2026_08_31_16_55_03_430.jpg,0.0,1.0,0.0,30.19009
IMG/center_2026_08_31_16_54_13_086.jpg,IMG/left_2026_08_31_16_54_13_086.jpg,IMG/right_2026_08_31_16_54_13_086.jpg,0.0,1.0,0.0,30.19035
IMG/center_2026_08_31_16_55_46_699.jpg,IMG/left_2026_08_31_16_55_46_699.jpg,IMG/right_2026_08_31_16_55_46_699.jpg,0.0,1.0,0.0,29.95645
IMG/center_2026_08_30_19_27_49_913.jpg,IMG/left_2026_08_30_19_27_49_913.jpg,IMG/right_2026_08_30_19_27_49_913.jpg,0.0,1.0,0.0,30.18957
IMG/center_2026_08_30_19_27_22_011.jpg,IMG/left_2026_08_30_19_27_22_011.jpg,IMG/right_2026_08_30_19_27_22_011.jpg,-0.1305774,1.0,0.0,30.18557
IMG\center_2026_08_31_21_58_11_920.jpg,IMG\left_2026_08_31_21_58_11_920.jpg,IMG\right_2026_08_31_21_58_11_920.jpg,-0.1864239,1.0,0.0,30.18347
IMG/center_2026_08_31_16_53_24_474.jpg,IMG/left_2026_08_31_16_53_24_474.jpg,IMG/right_2026_08_31_16_53_24_474.jpg,-0.064092,1.0,0.0,9.302185
IMG/center_2026_08_30_19_26_26_837.jpg,IMG/left_2026_08_30_19_26_26_837.jpg,IMG/right_2026_08_30_19_26_26_837.jpg,0.0,1.0,0.0,30.18993
IMG/center_2026_08_31_16_52_44_961.jpg,IMG/left_2026_08_31_16_52_44_961.jpg,IMG/right_2026_08_31_16_52_44_961.jpg,0.0,1.0,0.0,30.18768
IMG/center_2026_08_30_19_28_07_553.jpg,IMG/left_2026_08_30_19_28_07_553.jpg,IMG/right_2026_08_30_19_28_07_553.jpg,0.0,1.0,0.0,30.18963
IMG/center_2026_08_30_19_24_47_788.jpg,IMG/left_2026_08_30_19_24_47_788.jpg,IMG/right_2026_08_30_19_24_47_788.jpg,0.0,1.0,0.0,30.19024
IMG/center_2026_08_31_16_55_25_526.jpg,IMG/left_2026_08_31_16_55_25_526.jpg,IMG/right_2026_08_31_16_55_25_526.jpg,-0.0540453,1.0,0.0,30.18998
IMG/center_2026_08_30_19_24_48_508.jpg,IMG/left_2026_08_30_19_24_48_508.jpg,IMG/right_2026_08_30_19_24_48_508.jpg,-0.3409575,1.0,0.0,30.16396
IMG/center_2026_08_30_19_25_36_529.jpg,IMG/left_2026_08_30_19_25_36_529.jpg,IMG/right_2026_08_30_19_25_36_529.jpg,0.0,1.0,0.0,30.19007
IMG\center_2026_08_31_21_58_09_431.jpg,IMG\left_2026_08_31_21_58_09_431.jpg,IMG\right_2026_08_31_21_58_09_431.jpg,-0.2895933,1.0,0.0,30.17025
IMG/center_2026_08_30_19_24_40_172.jpg,IMG/left_2026_08_30_19_24_40_172.jpg,IMG/right_2026_08_30_19_24_40_172.jpg,0.0,1.0,0.0,30.19029
IMG/center_2026_08_30_19_26_39_207.jpg,IMG/left_2026_08_30_19_26_39_207.jpg,IMG/right_2026_08_30_19_26_39_207.jpg,0.0,1.0,0.0,30.1892
IMG/center_2026_08_30_19_24_17_025.jpg,IMG/left_2026_08_30_19_24_17_025.jpg,IMG/right_2026_08_30_19_24_17_025.jpg,-0.03248249,1.0,0.0,30.19073
IMG/center_2026_08_30_19_27_36_081.jpg,IMG/left_2026_08_30_19_27_36_081.jpg,IMG/right_2026_08_30_19_27_36_081.jpg,-0.2516529,1.0,0.0,30.18521
IMG/center_2026_08_30_19_27_58_650.jpg,IMG/left_2026_08_30_19_27_58_650.jpg,IMG/right_2026_08_30_19_27_58_650.jpg,-0.1472106,1.0,0.0,30.18427
IMG/center_2026_08_30_19_26_58_997.jpg,IMG/left_2026_08_30_19_26_58_997.jpg,IMG/right_2026_08_30_19_26_58_997.jpg,-0.2340708,1.0,0.0,30.17599
IMG/center_2026_08_30_19_26_55_900.jpg,IMG/left_2026_08_30_19_26_55_900.jpg,IMG/right_2026_08_30_19_26_55_900.jpg,-0.440589,1.0,0.0,30.15136
IMG\center_2026_08_31_21_58_14_202.jpg,IMG\left_2026_08_31_21_58_14_202.jpg,IMG\right_2026_08_31_21_58_14_202.jpg,0.0,1.0,0.0,30.19027
IMG/center_2026_08_31_16_55_16_229.jpg,IMG/left_2026_08_31_16_55_16_229.jpg,IMG/right_2026_08_31_16_55_16_229.jpg,0.0,1.0,0.0,30.19089
IMG/center_2026_08_30_19_26_06_946.jpg,IMG/left_2026_08_30_19_26_06_946.jpg,IMG/right_2026_08_30_19_26_06_946.jpg,0.0,1.0,0.0,30.19027
IMG/center_2026_08_30_19_28_02_585.jpg,IMG/left_2026_08_30_19_28_02_585.jpg,IMG/right_2026_08_30_19_28_02_585.jpg,0.0,1.0,0.0,30.1903
IMG/center_2026_08_31_16_53_01_082.jpg,IMG/left_2026_08_31_16_53_01_082.jpg,IMG/right_2026_08_31_16_53_01_082.jpg,-0.09609792,0.0,0.0,0.05945656
IMG/center_2026_08_31_16_55_38_643.jpg,IMG/left_2026_08_31_16_55_38_643.jpg,IMG/right_2026_08_31_16_55_38_643.jpg,0.3104602,1.0,0.0,30.19658
IMG/center_2026_08_30_19_24_37_132.jpg,IMG/left_2026_08_30_19_24_37_132.jpg,IMG/right_2026_08_30_19_24_37_132.jpg,-0.1019718,1.0,0.0,30.19013
IMG/center_2026_08_31_16_54_09_176.jpg,IMG/left_2026_08_31_16_54_09_176.jpg,IMG/right_2026_08_31_16_54_09_176.jpg,-0.5064321,1.0,0.0,30.14104
IMG/center_2026_08_31_16_54_37_858.jpg,IMG/left_2026_08_31_16_54_37_858.jpg,IMG/right_2026_08_31_16_54_37_858.jpg,0.0,1.0,0.0,30.19029
IMG/center_2026_08_30_19_25_54_934.jpg,IMG/left_2026_08_30_19_25_54_934.jpg,IMG/right_2026_08_30_19_25_54_934.jpg,0.0,1.0,0.0,30.19032
IMG/center_2026_08_31_16_55_41_744.jpg,IMG/left_2026_08_31_16_55_41_744.jpg,IMG/right_2026_08_31_16_55_41_744.jpg,-1.0,1.0,0.0,27.40035
IMG/center_2026_08_30_19_25_39_757.jpg,IMG/left_2026_08_30_19_25_39_757.jpg,IMG/right_2026_08_30_19_25_39_757.jpg,-0.1736292,1.0,0.0,30.18807
IMG/center_2026_08_31_16_54_17_321.jpg,IMG/left_2026_08_31_16_54_17_321.jpg,IMG/right_2026_08_31_16_54_17_321.jpg,0.0,1.0,0.0,30.18987
IMG/center_2026_08_30_19_26_50_640.jpg,IMG/left_2026_08_30_19_26_50_640.jpg,IMG/right_2026_08_30_19_26_50_640.jpg,-0.1551396,1.0,0.0,30.18391
IMG/center_2026_08_31_16_55_15_384.jpg,IMG/left_2026_08_31_16_55_15_384.jpg,IMG/right_2026_08_31_16_55_15_384.jpg,0.0,1.0,0.0,30.18978
IMG\center_2026_08_31_21_51_07_515.jpg,IMG\left_2026_08_31_21_51_07_515.jpg,IMG\right_2026_08_31_21_51_07_515.jpg,0.0,1.0,0.0,30.19032
IMG/center_2026_08_30_19_25_36_635.jpg,IMG/left_2026_08_30_19_25_36_635.jpg,IMG/right_2026_08_30_19_25_36_635.jpg,0.0,1.0,0.0,30.1903
IMG/center_2026_08_30_19_26_45_025.jpg,IMG/left_2026_08_30_19_26_45_025.jpg,IMG/right_2026_08_30_19_26_45_025.jpg,0.0,1.0,0.0,30.1903
IMG/center_2026_08_31_16_53_22_417.jpg,IMG/left_2026_08_31_16_53_22_417.jpg,IMG/right_2026_08_31_16_53_22_417.jpg,0.0,0.0,0.0,7.983431e-05
IMG/center_2026_08_30_19_24_09_598.jpg,IMG/left_2026_08_30_19_24_09_598.jpg,IMG/right_2026_08_30_19_24_09_598.jpg,-0.1629474,1.0,0.0,9.331925
IMG\center_2026_08_31_22_00_54_365.jpg,IMG\left_2026_08_31_22_00_54_365.jpg,IMG\right_2026_08_31_22_00_54_365.jpg,0.0,1.0,0.0,30.19023
IMG/center_2026_08_31_16_55_37_290.jpg,IMG/left_2026_08_31_16_55_37_290.jpg,IMG/right_2026_08_31_16_55_37_290.jpg,0.0,1.0,0.0,29.68898
IMG/center_2026_08_31_16_53_07_414.jpg,IMG/left_2026_08_31_16_53_07_414.jpg,IMG/right_2026_08_31_16_53_07_414.jpg,-1.0,0.0,0.0,0.004035983
IMG/center_2026_08_30_19_26_04_633.jpg,IMG/left_2026_08_30_19_26_04_633.jpg,IMG/right_2026_08_30_19_26_04_633.jpg,-0.1380969,1.0,0.0,30.18484
IMG/center_2026_08_31_16_55_11_103.jpg,IMG/left_2026_08_31_16_55_11_103.jpg,IMG/right_2026_08_31_16_55_11_103.jpg,0.0,1.0,0.0,0.1762405
IMG/center_2026_08_30_19_26_56_620.jpg,IMG/left_2026_08_30_19_26_56_620.jpg,IMG/right_2026_08_30_19_26_56_620.jpg,-0.3841035,1.0,0.0,30.17452
IMG\center_2026_08_31_22_01_06_250.jpg,IMG\left_2026_08_31_22_01_06_250.jpg,IMG\right_2026_08_31_22_01_06_250.jpg,-0.2542758,1.0,0.0,30.17446
IMG/center_2026_08_31_16_54_25_034.jpg,IMG/left_2026_08_31_16_54_25_034.jpg,IMG/right_2026_08_31_16_54_25_034.jpg,-1.0,1.0,0.0,30.08853
IMG/center_2026_08_30_19_25_56_706.jpg,IMG/left_2026_08_30_19_25_56_706.jpg,IMG/right_2026_08_30_19_25_56_706.jpg,0.0,1.0,0.0,30.1903
IMG/center_2026_08_30_19_27_30_169.jpg,IMG/left_2026_08_30_19_27_30_169.jpg,IMG/right_2026_08_30_19_27_30_169.jpg,0.0,1.0,0.0,30.19014
IMG/center_2026_08_31_16_55_35_952.jpg,IMG/left_2026_08_31_16_55_35_952.jpg,IMG/right_2026_08_31_16_55_35_952.jpg,-0.6496922,1.0,0.0,18.516
IMG/center_2026_08_31_16_55_08_933.jpg,IMG/left_2026_08_31_16_55_08_933.jpg,IMG/right_2026_08_31_16_55_08_933.jpg,0.0,0.0,1.0,2.33931
IMG/center_2026_08_31_16_53_34_849.jpg,IMG/left_2026_08_31_16_53_34_849.jpg,IMG/right_2026_08_31_16_53_34_849.jpg,-0.2615637,1.0,0.0,30.18224
IMG/center_2026_08_30_19_24_18_166.jpg,IMG/left_2026_08_30_19_24_18_166.jpg,IMG/right_2026_08_30_19_24_18_166.jpg,-0.1932993,1.0,0.0,30.19085
IMG/center_2026_08_31_16_54_13_912.jpg,IMG/left_2026_08_31_16_54_13_912.jpg,IMG/right_2026_08_31_16_54_13_912.jpg,-0.5752881,1.0,0.0,30.131
IMG/center_2026_08_30_19_28_07_447.jpg,IMG/left_2026_08_30_19_28_07_447.jpg,IMG/right_2026_08_30_19_28_07_447.jpg,-0.1699302,1.0,0.0,30.18904
IMG/center_2026_08_30_19_25_09_711.jpg,IMG/left_2026_08_30_19_25_09_711.jpg,IMG/right_2026_08_30_19_25_09_711.jpg,0.0,1.0,0.0,30.19031
IMG\center_2026_08_31_21_52_28_037.jpg,IMG\left_2026_08_31_21_52_28_037.jpg,IMG\right_2026_08_31_21_52_28_037.jpg,-0.1060084,1.0,0.0,30.19151
IMG/center_2026_08_31_16_55_22_619.jpg,IMG/left_2026_08_31_16_55_22_619.jpg,IMG/right_2026_08_31_16_55_22_619.jpg,0.9226468,1.0,0.0,30.10364
IMG/center_2026_08_31_16_54_50_911.jpg,IMG/left_2026_08_31_16_54_50_911.jpg,IMG/right_2026_08_31_16_54_50_911.jpg,-0.9223877,1.0,0.0,30.13515
IMG/center_2026_08_30_19_26_49_800.jpg,IMG/left_2026_08_30_19_26_49_800.jpg,IMG/right_2026_08_30_19_26_49_800.jpg,0.1224066,1.0,0.0,30.19056
IMG/center_2026_08_31_16_52_58_914.jpg,IMG/left_2026_08_31_16_52_58_914.jpg,IMG/right_2026_08_31_16_52_58_914.jpg,-0.4338459,0.0,0.0,24.06671
IMG/center_2026_08_30_19_26_46_993.jpg,IMG/left_2026_08_30_19_26_46_993.jpg,IMG/right_2026_08_30_19_26_46_993.jpg,0.238218,1.0,0.0,30.19256
IMG/center_2026_08_31_16_54_34_554.jpg,IMG/left_2026_08_31_16_54_34_554.jpg,IMG/right_2026_08_31_16_54_34_554.jpg,-1.0,1.0,0.0,30.0949
IMG\center_2026_08_31_21_52_21_957.jpg,IMG\left_2026_08_31_21_52_21_957.jpg,IMG\right_2026_08_31_21_52_21_957.jpg,-0.3978744,1.0,0.0,30.15505
IMG/center_2026_08_31_16_54_51_320.jpg,IMG/left_2026_08_31_16_54_51_320.jpg,IMG/right_2026_08_31_16_54_51_320.jpg,-0.1707399,1.0,0.0,30.19719
IMG/center_2026_08_30_19_27_34_841.jpg,IMG/left_2026_08_30_19_27_34_841.jpg,IMG/right_2026_08_30_19_27_34_841.jpg,-0.2740588,1.0,0.0,30.17532
IMG\center_2026_08_31_21_55_22_714.jpg,IMG\left_2026_08_31_21_55_22_714.jpg,IMG\right_2026_08_31_21_55_22_714.jpg,-0.6310923,1.0,0.0,30.12484
IMG/center_2026_08_30_19_26_27_346.jpg,IMG/left_2026_08_30_19_26_27_346.jpg,IMG/right_2026_08_30_19_26_27_346.jpg,0.0,1.0,0.0,30.18993
IMG\center_2026_08_31_22_00_58_411.jpg,IMG\left_2026_08_31_22_00_58_411.jpg,IMG\right_2026_08_31_22_00_58_411.jpg,-0.7801121,1.0,0.0,30.11502
IMG/center_2026_08_31_16_55_41_129.jpg,IMG/left_2026_08_31_16_55_41_129.jpg,IMG/right_2026_08_31_16_55_41_129.jpg,1.0,1.0,0.0,30.16059
IMG/center_2026_08_30_19_27_17_624.jpg,IMG/left_2026_08_30_19_27_17_624.jpg,IMG/right_2026_08_30_19_27_17_624.jpg,0.0,1.0,0.0,30.19025
IMG\center_2026_08_31_22_00_59_454.jpg,IMG\left_2026_08_31_22_00_59_454.jpg,IMG\right_2026_08_31_22_00_59_454.jpg,-0.0622284,1.0,0.0,30.18802
IMG\center_2026_08_31_21_55_26_021.jpg,IMG\left_2026_08_31_21_55_26_021.jpg,IMG\right_2026_08_31_21_55_26_021.jpg,0.0,1.0,0.0,30.19029
IMG/center_2026_08_31_16_55_40_511.jpg,IMG/left_2026_08_31_16_55_40_511.jpg,IMG/right_2026_08_31_16_55_40_511.jpg,0.7496091,1.0,0.0,30.10905
IMG/center_2026_08_30_19_27_35_766.jpg,IMG/left_2026_08_30_19_27_35_766.jpg,IMG/right_2026_08_30_19_27_35_766.jpg,0.0,1.0,0.0,30.18983
IMG/center_2026_08_31_16_55_40_717.jpg,IMG/left_2026_08_31_16_55_40_717.jpg,IMG/right_2026_08_31_16_55_40_717.jpg,1.0,1.0,0.0,30.11034
IMG/center_2026_08_30_19_27_23_696.jpg,IMG/left_2026_08_30_19_27_23_696.jpg,IMG/right_2026_08_30_19_27_23_696.jpg,0.0,1.0,0.0,30.19031
IMG/center_2026_08_30_19_24_47_581.jpg,IMG/left_2026_08_30_19_24_47_581.jpg,IMG/right_2026_08_30_19_24_47_581.jpg,-0.1187001,1.0,0.0,30.18976
IMG/center_2026_08_31_16_55_26_155.jpg,IMG/left_2026_08_31_16_55_26_155.jpg,IMG/right_2026_08_31_16_55_26_155.jpg,-0.5783529,1.0,0.0,30.14913
IMG/center_2026_08_31_16_54_00_813.jpg,IMG/left_2026_08_31_16_54_00_813.jpg,IMG/right_2026_08_31_16_54_00_813.jpg,0.5004805,1.0,0.0,30.19314
IMG/center_2026_08_30_19_26_06_004.jpg,IMG/left_2026_08_30_19_26_06_004.jpg,IMG/right_2026_08_30_19_26_06_004.jpg,0.0,1.0,0.0,30.1903
IMG/center_2026_08_31_16_55_45_868.jpg,IMG/left_2026_08_31_16_55_45_868.jpg,IMG/right_2026_08_31_16_55_45_868.jpg,0.0,1.0,0.0,30.1903
IMG/center_2026_08_30_19_25_02_772.jpg,IMG/left_2026_08_30_19_25_02_772.jpg,IMG/right_2026_08_30_19_25_02_772.jpg,0.0,1.0,0.0,30.18991
IMG/center_2026_08_30_19_24_12_371.jpg,IMG/left_2026_08_30_19_24_12_371.jpg,IMG/right_2026_08_30_19_24_12_371.jpg,0.0,1.0,0.0,30.19016
IMG/center_2026_08_30_19_25_13_238.jpg,IMG/left_2026_08_30_19_25_13_238.jpg,IMG/right_2026_08_30_19_25_13_238.jpg,-0.5185521,1.0,0.0,30.14458
IMG/center_2026_08_31_16_55_21_467.jpg,IMG/left_2026_08_31_16_55_21_467.jpg,IMG/right_2026_08_31_16_55_21_467.jpg,-0.4146954,1.0,0.0,30.19459
IMG/center_2026_08_31_16_54_25_978.jpg,IMG/left_2026_08_31_16_54_25_978.jpg,IMG/right_2026_08_31_16_54_25_978.jpg,0.3239649,1.0,0.0,30.20235
IMG/center_2026_08_31_16_54_25_462.jpg,IMG/left_2026_08_31_16_54_25_462.jpg,IMG/right_2026_08_31_16_54_25_462.jpg,0.1495422,1.0,0.0,30.16136
IMG/center_2026_08_31_16_54_04_233.jpg,IMG/left_2026_08_31_16_54_04_233.jpg,IMG/right_2026_08_31_16_54_04_233.jpg,-0.1147452,1.0,0.0,30.18705
IMG\center_2026_08_31_22_00_53_843.jpg,IMG\left_2026_08_31_22_00_53_843.jpg,IMG\right_2026_08_31_22_00_53_843.jpg,-0.3464628,1.0,0.0,30.16344
IMG/center_2026_08_31_16_55_34_621.jpg,IMG/left_2026_08_31_16_55_34_621.jpg,IMG/right_2026_08_31_16_55_34_621.jpg,1.0,1.0,0.0,11.82326
IMG/center_2026_08_30_19_27_49_811.jpg,IMG/left_2026_08_30_19_27_49_811.jpg,IMG/right_2026_08_30_19_27_49_811.jpg,-0.1265424,1.0,0.0,30.18876
IMG/center_2026_08_30_19_27_50_959.jpg,IMG/left_2026_08_30_19_27_50_959.jpg,IMG/right_2026_08_30_19_27_50_959.jpg,0.0,1.0,0.0,30.18997
IMG/center_2026_08_30_19_25_24_928.jpg,IMG/left_2026_08_30_19_25_24_928.jpg,IMG/right_2026_08_30_19_25_24_928.jpg,0.0,1.0,0.0,30.18966
IMG/center_2026_08_30_19_24_41_427.jpg,IMG/left_2026_08_30_19_24_41_427.jpg,IMG/right_2026_08_30_19_24_41_427.jpg,0.0,1.0,0.0,30.18869
IMG\center_2026_08_31_21_55_16_815.jpg,IMG\left_2026_08_31_21_55_16_815.jpg,IMG\right_2026_08_31_21_55_16_815.jpg,0.0,1.0,0.0,30.19028
IMG\center_2026_08_31_21_55_17_646.jpg,IMG\left_2026_08_31_21_55_17_646.jpg,IMG\right_2026_08_31_21_55_17_646.jpg,-0.4096941,1.0,0.0,30.171
IMG/center_2026_08_31_16_54_20_213.jpg,IMG/left_2026_08_31_16_54_20_213.jpg,IMG/right_2026_08_31_16_54_20_213.jpg,-0.1473018,1.0,0.0,30.18479
IMG/center_2026_08_31_16_54_04_746.jpg,IMG/left_2026_08_31_16_54_04_746.jpg,IMG/right_2026_08_31_16_54_04_746.jpg,-0.1933601,1.0,0.0,30.2015
IMG\center_2026_08_31_21_56_46_112.jpg,IMG\left_2026_08_31_21_56_46_112.jpg,IMG\right_2026_08_31_21_56_46_112.jpg,0.0,1.0,0.0,30.1903
IMG/center_2026_08_30_19_24_29_818.jpg,IMG/left_2026_08_30_19_24_29_818.jpg,IMG/right_2026_08_30_19_24_29_818.jpg,0.0,1.0,0.0,30.19031
IMG/center_2026_08_30_19_25_53_470.jpg,IMG/left_2026_08_30_19_25_53_470.jpg,IMG/right_2026_08_30_19_25_53_470.jpg,0.0,1.0,0.0,30.19032
IMG/center_2026_08_30_19_27_12_585.jpg,IMG/left_2026_08_30_19_27_12_585.jpg,IMG/right_2026_08_30_19_27_12_585.jpg,0.0,1.0,0.0,30.19029
IMG/center_2026_08_31_16_55_12_150.jpg,IMG/left_2026_08_31_16_55_12_150.jpg,IMG/right_2026_08_31_16_55_12_150.jpg,0.0,1.0,0.0,11.5878
IMG/center_2026_08_31_16_52_53_722.jpg,IMG/left_2026_08_31_16_52_53_722.jpg,IMG/right_2026_08_31_16_52_53_722.jpg,0.1427577,1.0,0.0,30.19202
IMG/center_2026_08_30_19_25_24_509.jpg,IMG/left_2026_08_30_19_25_24_509.jpg,IMG/right_2026_08_30_19_25_24_509.jpg,0.561156,1.0,0.0,30.13861
IMG/center_2026_08_30_19_24_17_961.jpg,IMG/left_2026_08_30_19_24_17_961.jpg,IMG/right_2026_08_30_19_24_17_961.jpg,-0.06273361,1.0,0.0,30.18944
IMG/center_2026_08_30_19_25_16_827.jpg,IMG/left_2026_08_30_19_25_16_827.jpg,IMG/right_2026_08_30_19_25_16_827.jpg,0.0,1.0,0.0,30.1903
IMG/center_2026_08_31_16_53_07_936.jpg,IMG/left_2026_08_31_16_53_07_936.jpg,IMG/right_2026_08_31_16_53_07_936.jpg,-0.8262541,0.0,0.0,0.001881216
IMG/center_2026_08_30_19_24_50_589.jpg,IMG/left_2026_08_30_19_24_50_589.jpg,IMG/right_2026_08_30_19_24_50_589.jpg,-0.3302478,1.0,0.0,30.16615
IMG/center_2026_08_30_19_27_44_235.jpg,IMG/left_2026_08_30_19_27_44_235.jpg,IMG/right_2026_08_30_19_27_44_235.jpg,0.0,1.0,0.0,30.18912
IMG/center_2026_08_31_16_55_33_691.jpg,IMG/left_2026_08_31_16_55_33_691.jpg,IMG/right_2026_08_31_16_55_33_691.jpg,1.0,1.0,0.0,16.98709
IMG\center_2026_08_31_21_56_51_396.jpg,IMG\left_2026_08_31_21_56_51_396.jpg,IMG\right_2026_08_31_21_56_51_396.jpg,0.0,1.0,0.0,30.19037
IMG/center_2026_08_30_19_26_29_625.jpg,IMG/left_2026_08_30_19_26_29_625.jpg,IMG/right_2026_08_30_19_26_29_625.jpg,0.0,1.0,0.0,30.18996
IMG/center_2026_08_31_16_55_23_654.jpg,IMG/left_2026_08_31_16_55_23_654.jpg,IMG/right_2026_08_31_16_55_23_654.jpg,-0.2684836,1.0,0.0,30.20675
IMG\center_2026_08_31_21_50_57_200.jpg,IMG\left_2026_08_31_21_50_57_200.jpg,IMG\right_2026_08_31_21_50_57_200.jpg,-0.0710766,1.0,0.0,30.18913
IMG/center_2026_08_30_19_25_37_253.jpg,IMG/left_2026_08_30_19_25_37_253.jpg,IMG/right_2026_08_30_19_25_37_253.jpg,-0.1778805,1.0,0.0,30.18247
IMG/center_2026_08_30_19_27_55_512.jpg,IMG/left_2026_08_30_19_27_55_512.jpg,IMG/right_2026_08_30_19_27_55_512.jpg,-0.1876518,1.0,0.0,30.18443
IMG\center_2026_08_31_21_58_08_096.jpg,IMG\left_2026_08_31_21_58_08_096.jpg,IMG\right_2026_08_31_21_58_08_096.jpg,0.0,1.0,0.0,30.19075
IMG/center_2026_08_30_19_27_43_930.jpg,IMG/left_2026_08_30_19_27_43_930.jpg,IMG/right_2026_08_30_19_27_43_930.jpg,-0.1886511,1.0,0.0,30.18076
IMG/center_2026_08_30_19_26_21_940.jpg,IMG/left_2026_08_30_19_26_21_940.jpg,IMG/right_2026_08_30_19_26_21_940.jpg,0.0,1.0,0.0,30.19028
IMG/center_2026_08_30_19_24_15_369.jpg,IMG/left_2026_08_30_19_24_15_369.jpg,IMG/right_2026_08_30_19_24_15_369.jpg,0.0,1.0,0.0,30.19028
IMG\center_2026_08_31_21_55_18_999.jpg,IMG\left_2026_08_31_21_55_18_999.jpg,IMG\right_2026_08_31_21_55_18_999.jpg,-0.0838602,1.0,0.0,30.18876
IMG\center_2026_08_31_21_59_37_966.jpg,IMG\left_2026_08_31_21_59_37_966.jpg,IMG\right_2026_08_31_21_59_37_966.jpg,0.1984191,1.0,0.0,30.17943
IMG/center_2026_08_30_19_27_29_436.jpg,IMG/left_2026_08_30_19_27_29_436.jpg,IMG/right_2026_08_30_19_27_29_436.jpg,0.0,1.0,0.0,30.19027
IMG\center_2026_08_31_21_50_53_798.jpg,IMG\left_2026_08_31_21_50_53_798.jpg,IMG\right_2026_08_31_21_50_53_798.jpg,0.0,0.0,0.0,5.953975
IMG/center_2026_08_30_19_25_11_165.jpg,IMG/left_2026_08_30_19_25_11_165.jpg,IMG/right_2026_08_30_19_25_11_165.jpg,0.0,1.0,0.0,30.18962
IMG\center_2026_08_31_22_00_56_953.jpg,IMG\left_2026_08_31_22_00_56_953.jpg,IMG\right_2026_08_31_22_00_56_953.jpg,-0.2227518,1.0,0.0,30.178
IMG/center_2026_08_31_16_55_34_929.jpg,IMG/left_2026_08_31_16_55_34_929.jpg,IMG/right_2026_08_31_16_55_34_929.jpg,-0.2048952,1.0,0.0,13.95236
IMG\center_2026_08_31_21_56_43_840.jpg,IMG\left_2026_08_31_21_56_43_840.jpg,IMG\right_2026_08_31_21_56_43_840.jpg,-0.1165593,1.0,0.0,30.18671
IMG/center_2026_08_31_16_53_58_530.jpg,IMG/left_2026_08_31_16_53_58_530.jpg,IMG/right_2026_08_31_16_53_58_530.jpg,0.0,1.0,0.0,30.19028
IMG/center_2026_08_30_19_26_01_094.jpg,IMG/left_2026_08_30_19_26_01_094.jpg,IMG/right_2026_08_30_19_26_01_094.jpg,0.0,1.0,0.0,30.19034
IMG/center_2026_08_31_16_54_45_829.jpg,IMG/left_2026_08_31_16_54_45_829.jpg,IMG/right_2026_08_31_16_54_45_829.jpg,0.0,1.0,0.0,30.19029
IMG/center_2026_08_31_16_55_32_871.jpg,IMG/left_2026_08_31_16_55_32_871.jpg,IMG/right_2026_08_31_16_55_32_871.jpg,0.1883919,1.0,0.0,30.13453
IMG\center_2026_08_31_22_00_57_155.jpg,IMG\left_2026_08_31_22_00_57_155.jpg,IMG\right_2026_08_31_22_00_57_155.jpg,-0.5623776,1.0,0.0,30.16118
IMG/center_2026_08_31_16_54_32_918.jpg,IMG/left_2026_08_31_16_54_32_918.jpg,IMG/right_2026_08_31_16_54_32_918.jpg,-0.7374195,1.0,0.0,30.14205
IMG/center_2026_08_31_16_53_39_300.jpg,IMG/left_2026_08_31_16_53_39_300.jpg,IMG/right_2026_08_31_16_53_39_300.jpg,-0.1743271,1.0,0.0,30.1943
IMG/center_2026_08_30_19_25_43_858.jpg,IMG/left_2026_08_30_19_25_43_858.jpg,IMG/right_2026_08_30_19_25_43_858.jpg,-0.1975533,1.0,0.0,30.18098
IMG/center_2026_08_31_16_53_30_357.jpg,IMG/left_2026_08_31_16_53_30_357.jpg,IMG/right_2026_08_31_16_53_30_357.jpg,-0.3122811,1.0,0.0,30.16731
IMG/center_2026_08_30_19_25_16_515.jpg,IMG/left_2026_08_30_19_25_16_515.jpg,IMG/right_2026_08_30_19_25_16_515.jpg,0.0,1.0,0.0,30.19032
IMG/center_2026_08_31_16_55_23_759.jpg,IMG/left_2026_08_31_16_55_23_759.jpg,IMG/right_2026_08_31_16_55_23_759.jpg,0.0529776,1.0,0.0,30.17381
IMG/center_2026_08_31_16_53_33_602.jpg,IMG/left_2026_08_31_16_53_33_602.jpg,IMG/right_2026_08_31_16_53_33_602.jpg,0.0,1.0,0.0,30.19008
IMG\center_2026_08_31_21_58_13_064.jpg,IMG\left_2026_08_31_21_58_13_064.jpg,IMG\right_2026_08_31_21_58_13_064.jpg,0.0,1.0,0.0,30.19029
IMG/center_2026_08_31_16_55_34_108.jpg,IMG/left_2026_08_31_16_55_34_108.jpg,IMG/right_2026_08_31_16_55_34_108.jpg,1.0,1.0,0.0,10.32287
IMG/center_2026_08_31_16_54_58_016.jpg,IMG/left_2026_08_31_16_54_58_016.jpg,IMG/right_2026_08_31_16_54_58_016.jpg,0.2867751,1.0,0.0,30.1692
IMG/center_2026_08_30_19_27_30_801.jpg,IMG/left_2026_08_30_19_27_30_801.jpg,IMG/right_2026_08_30_19_27_30_801.jpg,0.0,1.0,0.0,30.19021
IMG/center_2026_08_31_16_54_56_860.jpg,IMG/left_2026_08_31_16_54_56_860.jpg,IMG/right_2026_08_31_16_54_56_860.jpg,-0.2743648,1.0,0.0,30.19531
IMG/center_2026_08_31_16_55_25_424.jpg,IMG/left_2026_08_31_16_55_25_424.jpg,IMG/right_2026_08_31_16_55_25_424.jpg,-0.1364796,1.0,0.0,30.19382
IMG\center_2026_08_31_21_59_27_622.jpg,IMG\left_2026_08_31_21_59_27_622.jpg,IMG\right_2026_08_31_21_59_27_622.jpg,-0.2513316,1.0,0.0,30.17463
IMG/center_2026_08_31_16_52_44_443.jpg,IMG/left_2026_08_31_16_52_44_443.jpg,IMG/right_2026_08_31_16_52_44_443.jpg,0.0,1.0,0.0,30.18866
IMG/center_2026_08_31_16_54_17_105.jpg,IMG/left_2026_08_31_16_54_17_105.jpg,IMG/right_2026_08_31_16_54_17_105.jpg,-0.3234895,1.0,0.0,30.20482
IMG/center_2026_08_30_19_25_14_516.jpg,IMG/left_2026_08_30_19_25_14_516.jpg,IMG/right_2026_08_30_19_25_14_516.jpg,-0.2643909,1.0,0.0,30.19107
IMG/center_2026_08_30_19_27_43_523.jpg,IMG/left_2026_08_30_19_27_43_523.jpg,IMG/right_2026_08_30_19_27_43_523.jpg,0.0,1.0,0.0,30.19088
IMG/center_2026_08_31_16_54_08_353.jpg,IMG/left_2026_08_31_16_54_08_353.jpg,IMG/right_2026_08_31_16_54_08_353.jpg,0.1368498,1.0,0.0,30.19227
IMG/center_2026_08_31_16_53_24_580.jpg,IMG/left_2026_08_31_16_53_24_580.jpg,IMG/right_2026_08_31_16_53_24_580.jpg,-0.3619227,1.0,0.0,10.37751
IMG\center_2026_08_31_21_59_35_067.jpg,IMG\left_2026_08_31_21_59_35_067.jpg,IMG\right_2026_08_31_21_59_35_067.jpg,0.0,1.0,0.0,30.19033
IMG/center_2026_08_30_19_26_10_060.jpg,IMG/left_2026_08_30_19_26_10_060.jpg,IMG/right_2026_08_30_19_26_10_060.jpg,-0.3267303,1.0,0.0,30.16515
IMG/center_2026_08_30_19_24_45_620.jpg,IMG/left_2026_08_30_19_24_45_620.jpg,IMG/right_2026_08_30_19_24_45_620.jpg,-0.1384032,1.0,0.0,30.19047
IMG/center_2026_08_30_19_26_57_550.jpg,IMG/left_2026_08_30_19_26_57_550.jpg,IMG/right_2026_08_30_19_26_57_550.jpg,-0.4130359,1.0,0.0,30.15742
IMG/center_2026_08_31_16_54_39_825.jpg,IMG/left_2026_08_31_16_54_39_825.jpg,IMG/right_2026_08_31_16_54_39_825.jpg,0.0,1.0,0.0,30.1903
IMG/center_2026_08_31_16_53_33_810.jpg,IMG/left_2026_08_31_16_53_33_810.jpg,IMG/right_2026_08_31_16_53_33_810.jpg,0.0,1.0,0.0,30.18957
IMG/center_2026_08_30_19_27_35_147.jpg,IMG/left_2026_08_30_19_27_35_147.jpg,IMG/right_2026_08_30_19_27_35_147.jpg,0.0,1.0,0.0,30.19135
IMG/center_2026_08_30_19_26_57_654.jpg,IMG/left_2026_08_30_19_26_57_654.jpg,IMG/right_2026_08_30_19_26_57_654.jpg,-0.1229248,1.0,0.0,30.19261
IMG\center_2026_08_31_21_52_25_866.jpg,IMG\left_2026_08_31_21_52_25_866.jpg,IMG\right_2026_08_31_21_52_25_866.jpg,-0.4034241,1.0,0.0,30.15408
IMG/center_2026_08_30_19_27_20_658.jpg,IMG/left_2026_08_30_19_27_20_658.jpg,IMG/right_2026_08_30_19_27_20_658.jpg,0.0,1.0,0.0,30.19024
IMG/center_2026_08_30_19_26_59_409.jpg,IMG/left_2026_08_30_19_26_59_409.jpg,IMG/right_2026_08_30_19_26_59_409.jpg,0.0,1.0,0.0,30.19023
IMG/center_2026_08_30_19_28_22_264.jpg,IMG/left_2026_08_30_19_28_22_264.jpg,IMG/right_2026_08_30_19_28_22_264.jpg,0.4785738,0.0,0.4993023,0.01171678
IMG\center_2026_08_31_21_59_36_731.jpg,IMG\left_2026_08_31_21_59_36_731.jpg,IMG\right_2026_08_31_21_59_36_731.jpg,0.0,1.0,0.0,30.19031
IMG/center_2026_08_31_16_55_48_468.jpg,IMG/left_2026_08_31_16_55_48_468.jpg,IMG/right_2026_08_31_16_55_48_468.jpg,0.2020071,1.0,0.0,0.1495132
IMG\center_2026_08_31_21_59_27_316.jpg,IMG\left_2026_08_31_21_59_27_316.jpg,IMG\right_2026_08_31_21_59_27_316.jpg,0.0,1.0,0.0,30.18858
IMG/center_2026_08_31_16_54_14_630.jpg,IMG/left_2026_08_31_16_54_14_630.jpg,IMG/right_2026_08_31_16_54_14_630.jpg,0.556971,1.0,0.0,30.13375
IMG/center_2026_08_30_19_27_51_065.jpg,IMG/left_2026_08_30_19_27_51_065.jpg,IMG/right_2026_08_30_19_27_51_065.jpg,0.0,1.0,0.0,30.18999
IMG/center_2026_08_30_19_27_20_867.jpg,IMG/left_2026_08_30_19_27_20_867.jpg,IMG/right_2026_08_30_19_27_20_867.jpg,0.0,1.0,0.0,30.19022
IMG\center_2026_08_31_22_00_58_310.jpg,IMG\left_2026_08_31_22_00_58_310.jpg,IMG\right_2026_08_31_22_00_58_310.jpg,-0.6176097,1.0,0.0,30.12005
IMG/center_2026_08_30_19_24_16_921.jpg,IMG/left_2026_08_30_19_24_16_921.jpg,IMG/right_2026_08_30_19_24_16_921.jpg,-0.1636788,1.0,0.0,30.18291
IMG/center_2026_08_30_19_24_34_633.jpg,IMG/left_2026_08_30_19_24_34_633.jpg,IMG/right_2026_08_30_19_24_34_633.jpg,0.0,1.0,0.0,30.19028
IMG/center_2026_08_30_19_25_27_646.jpg,IMG/left_2026_08_30_19_25_27_646.jpg,IMG/right_2026_08_30_19_25_27_646.jpg,0.0,1.0,0.0,30.1903
IMG\center_2026_08_31_21_55_23_746.jpg,IMG\left_2026_08_31_21_55_23_746.jpg,IMG\right_2026_08_31_21_55_23_746.jpg,0.0,1.0,0.0,30.19027
IMG/center_2026_08_31_16_54_36_104.jpg,IMG/left_2026_08_31_16_54_36_104.jpg,IMG/right_2026_08_31_16_54_36_104.jpg,0.3678407,1.0,0.0,30.20508
IMG\center_2026_08_31_22_01_04_397.jpg,IMG\left_2026_08_31_22_01_04_397.jpg,IMG\right_2026_08_31_22_01_04_397.jpg,-0.1150807,1.0,0.0,30.19273
IMG/center_2026_08_31_16_55_18_108.jpg,IMG/left_2026_08_31_16_55_18_108.jpg,IMG/right_2026_08_31_16_55_18_108.jpg,0.5077767,1.0,0.0,30.12981
IMG\center_2026_08_31_21_55_24_879.jpg,IMG\left_2026_08_31_21_55_24_879.jpg,IMG\right_2026_08_31_21_55_24_879.jpg,0.0,1.0,0.0,30.18995
IMG/center_2026_08_30_19_25_28_379.jpg,IMG/left_2026_08_30_19_25_28_379.jpg,IMG/right_2026_08_30_19_25_28_379.jpg,0.0,1.0,0.0,30.19032
IMG/center_2026_08_31_16_52_59_738.jpg,IMG/left_2026_08_31_16_52_59_738.jpg,IMG/right_2026_08_31_16_52_59_738.jpg,-1.0,0.0211764,0.0,15.42031
IMG/center_2026_08_31_16_53_26_544.jpg,IMG/left_2026_08_31_16_53_26_544.jpg,IMG/right_2026_08_31_16_53_26_544.jpg,-0.3534181,1.0,0.0,29.00049
IMG/center_2026_08_30_19_27_01_580.jpg,IMG/left_2026_08_30_19_27_01_580.jpg,IMG/right_2026_08_30_19_27_01_580.jpg,-0.317179,1.0,0.0,30.18559
IMG\center_2026_08_31_21_59_37_245.jpg,IMG\left_2026_08_31_21_59_37_245.jpg,IMG\right_2026_08_31_21_59_37_245.jpg,-0.3131496,1.0,0.0,30.16647
IMG/center_2026_08_31_16_55_53_254.jpg,IMG/left_2026_08_31_16_55_53_254.jpg,IMG/right_2026_08_31_16_55_53_254.jpg,0.0,0.0,0.0,0.001921699
IMG/center_2026_08_31_16_54_04_436.jpg,IMG/left_2026_08_31_16_54_04_436.jpg,IMG/right_2026_08_31_16_54_04_436.jpg,-0.7038996,1.0,0.0,30.11409
IMG/center_2026_08_31_16_52_41_846.jpg,IMG/left_2026_08_31_16_52_41_846.jpg,IMG/right_2026_08_31_16_52_41_846.jpg,-0.344746,1.0,0.0,21.90155
IMG/center_2026_08_30_19_24_59_139.jpg,IMG/left_2026_08_30_19_24_59_139.jpg,IMG/right_2026_08_30_19_24_59_139.jpg,-0.2350635,1.0,0.0,30.17614
IMG/center_2026_08_30_19_27_03_562.jpg,IMG/left_2026_08_30_19_27_03_562.jpg,IMG/right_2026_08_30_19_27_03_562.jpg,-0.214491,1.0,0.0,30.17711
IMG/center_2026_08_31_16_54_11_843.jpg,IMG/left_2026_08_31_16_54_11_843.jpg,IMG/right_2026_08_31_16_54_11_843.jpg,0.0,1.0,0.0,30.1903
IMG/center_2026_08_31_16_55_09_655.jpg,IMG/left_2026_08_31_16_55_09_655.jpg,IMG/right_2026_08_31_16_55_09_655.jpg,0.0,0.0,1.0,0.3739722
IMG/center_2026_08_30_19_24_50_484.jpg,IMG/left_2026_08_30_19_24_50_484.jpg,IMG/right_2026_08_30_19_24_50_484.jpg,-0.1046049,1.0,0.0,30.18836
IMG/center_2026_08_30_19_26_34_746.jpg,IMG/left_2026_08_30_19_26_34_746.jpg,IMG/right_2026_08_30_19_26_34_746.jpg,0.0,1.0,0.0,30.19017
IMG/center_2026_08_31_16_53_39_930.jpg,IMG/left_2026_08_31_16_53_39_930.jpg,IMG/right_2026_08_31_16_53_39_930.jpg,-0.5600182,1.0,0.0,30.17372
IMG/center_2026_08_30_19_26_08_817.jpg,IMG/left_2026_08_30_19_26_08_817.jpg,IMG/right_2026_08_30_19_26_08_817.jpg,0.0,1.0,0.0,30.19029
IMG/center_2026_08_30_19_24_09_904.jpg,IMG/left_2026_08_30_19_24_09_904.jpg,IMG/right_2026_08_30_19_24_09_904.jpg,-0.1961532,1.0,0.0,12.38469
IMG/center_2026_08_30_19_24_57_384.jpg,IMG/left_2026_08_30_19_24_57_384.jpg,IMG/right_2026_08_30_19_24_57_384.jpg,0.0,1.0,0.0,30.19042
IMG/center_2026_08_30_19_26_15_144.jpg,IMG/left_2026_08_30_19_26_15_144.jpg,IMG/right_2026_08_30_19_26_15_144.jpg,-0.1505313,1.0,0.0,30.18948
IMG/center_2026_08_31_16_54_58_120.jpg,IMG/left_2026_08_31_16_54_58_120.jpg,IMG/right_2026_08_31_16_54_58_120.jpg,0.1245846,1.0,0.0,30.19117
IMG/center_2026_08_31_16_55_32_255.jpg,IMG/left_2026_08_31_16_55_32_255.jpg,IMG/right_2026_08_31_16_55_32_255.jpg,-0.1957737,1.0,0.0,30.17959
IMG\center_2026_08_31_21_58_02_186.jpg,IMG\left_2026_08_31_21_58_02_186.jpg,IMG\right_2026_08_31_21_58_02_186.jpg,-0.3776816,1.0,0.0,30.15865
IMG/center_2026_08_30_19_26_51_889.jpg,IMG/left_2026_08_30_19_26_51_889.jpg,IMG/right_2026_08_30_19_26_51_889.jpg,0.0,1.0,0.0,30.19031
IMG/center_2026_08_30_19_28_24_624.jpg,IMG/left_2026_08_30_19_28_24_624.jpg,IMG/right_2026_08_30_19_28_24_624.jpg,0.0,0.0,0.0,0.0004693787
IMG/center_2026_08_31_16_53_32_551.jpg,IMG/left_2026_08_31_16_53_32_551.jpg,IMG/right_2026_08_31_16_53_32_551.jpg,0.0,1.0,0.0,30.18969
IMG\center_2026_08_31_22_01_04_086.jpg,IMG\left_2026_08_31_22_01_04_086.jpg,IMG\right_2026_08_31_22_01_04_086.jpg,-0.3770274,1.0,0.0,30.15873
IMG/center_2026_08_30_19_25_02_141.jpg,IMG/left_2026_08_30_19_25_02_141.jpg,IMG/right_2026_08_30_19_25_02_141.jpg,0.0,1.0,0.0,30.1899
IMG/center_2026_08_31_16_53_46_501.jpg,IMG/left_2026_08_31_16_53_46_501.jpg,IMG/right_2026_08_31_16_53_46_501.jpg,0.0,1.0,0.0,30.19028
IMG/center_2026_08_30_19_25_37_151.jpg,IMG/left_2026_08_30_19_25_37_151.jpg,IMG/right_2026_08_30_19_25_37_151.jpg,0.0,1.0,0.0,30.19025
IMG/center_2026_08_31_16_54_09_074.jpg,IMG/left_2026_08_31_16_54_09_074.jpg,IMG/right_2026_08_31_16_54_09_074.jpg,-0.2169675,1.0,0.0,30.17661
IMG/center_2026_08_30_19_25_56_920.jpg,IMG/left_2026_08_30_19_25_56_920.jpg,IMG/right_2026_08_30_19_25_56_920.jpg,0.0,1.0,0.0,30.19028
IMG/center_2026_08_31_16_54_20_319.jpg,IMG/left_2026_08_31_16_54_20_319.jpg,IMG/right_2026_08_31_16_54_20_319.jpg,-0.1785,1.0,0.0,30.18712
IMG/center_2026_08_30_19_27_42_172.jpg,IMG/left_2026_08_30_19_27_42_172.jpg,IMG/right_2026_08_30_19_27_42_172.jpg,-0.07568581,1.0,0.0,30.19488
IMG\center_2026_08_31_21_56_53_571.jpg,IMG\left_2026_08_31_21_56_53_571.jpg,IMG\right_2026_08_31_21_56_53_571.jpg,0.0,1.0,0.0,30.19029
IMG/center_2026_08_30_19_26_28_277.jpg,IMG/left_2026_08_30_19_26_28_277.jpg,IMG/right_2026_08_30_19_26_28_277.jpg,0.0,1.0,0.0,30.18997
IMG/center_2026_08_30_19_26_38_687.jpg,IMG/left_2026_08_30_19_26_38_687.jpg,IMG/right_2026_08_30_19_26_38_687.jpg,-0.1657581,1.0,0.0,30.19103
IMG/center_2026_08_30_19_27_58_025.jpg,IMG/left_2026_08_30_19_27_58_025.jpg,IMG/right_2026_08_30_19_27_58_025.jpg,-0.1678602,1.0,0.0,30.18308
IMG\center_2026_08_31_21_52_19_885.jpg,IMG\left_2026_08_31_21_52_19_885.jpg,IMG\right_2026_08_31_21_52_19_885.jpg,-0.3079158,1.0,0.0,30.1677
IMG/center_2026_08_31_16_54_47_279.jpg,IMG/left_2026_08_31_16_54_47_279.jpg,IMG/right_2026_08_31_16_54_47_279.jpg,0.1278306,1.0,0.0,30.19333
IMG/center_2026_08_30_19_27_40_822.jpg,IMG/left_2026_08_30_19_27_40_822.jpg,IMG/right_2026_08_30_19_27_40_822.jpg,0.0,1.0,0.0,30.19063
IMG/center_2026_08_30_19_24_55_528.jpg,IMG/left_2026_08_30_19_24_55_528.jpg,IMG/right_2026_08_30_19_24_55_528.jpg,0.0,1.0,0.0,30.19029
IMG/center_2026_08_31_16_53_45_671.jpg,IMG/left_2026_08_31_16_53_45_671.jpg,IMG/right_2026_08_31_16_53_45_671.jpg,0.0,0.0,0.0,29.35033
IMG/center_2026_08_30_19_26_32_028.jpg,IMG/left_2026_08_30_19_26_32_028.jpg,IMG/right_2026_08_30_19_26_32_028.jpg,0.0,1.0,0.0,30.18996
IMG/center_2026_08_31_16_55_31_535.jpg,IMG/left_2026_08_31_16_55_31_535.jpg,IMG/right_2026_08_31_16_55_31_535.jpg,-0.0375555,1.0,0.0,30.18972
IMG/center_2026_08_30_19_26_46_888.jpg,IMG/left_2026_08_30_19_26_46_888.jpg,IMG/right_2026_08_30_19_26_46_888.jpg,0.3861852,1.0,0.0,30.16004
IMG/center_2026_08_31_16_53_21_907.jpg,IMG/left_2026_08_31_16_53_21_907.jpg,IMG/right_2026_08_31_16_53_21_907.jpg,0.0,0.0,0.0,7.994327e-05
IMG/center_2026_08_31_16_55_52_012.jpg,IMG/left_2026_08_31_16_55_52_012.jpg,IMG/right_2026_08_31_16_55_52_012.jpg,0.9068338,0.0,0.4303301,0.005890565
IMG/center_2026_08_30_19_24_17_860.jpg,IMG/left_2026_08_30_19_24_17_860.jpg,IMG/right_2026_08_30_19_24_17_860.jpg,0.0,1.0,0.0,30.19059
IMG/center_2026_08_30_19_28_16_572.jpg,IMG/left_2026_08_30_19_28_16_572.jpg,IMG/right_2026_08_30_19_28_16_572.jpg,-0.1687359,1.0,0.0,30.18242
IMG/center_2026_08_31_16_55_43_586.jpg,IMG/left_2026_08_31_16_55_43_586.jpg,IMG/right_2026_08_31_16_55_43_586.jpg,0.0,1.0,0.0,24.25385
IMG\center_2026_08_31_21_52_23_499.jpg,IMG\left_2026_08_31_21_52_23_499.jpg,IMG\right_2026_08_31_21_52_23_499.jpg,0.0,1.0,0.0,30.19071
IMG/center_2026_08_31_16_54_41_149.jpg,IMG/left_2026_08_31_16_54_41_149.jpg,IMG/right_2026_08_31_16_54_41_149.jpg,0.0,1.0,0.0,30.1903
IMG\center_2026_08_31_21_51_05_150.jpg,IMG\left_2026_08_31_21_51_05_150.jpg,IMG\right_2026_08_31_21_51_05_150.jpg,0.0,1.0,0.0,30.19046
IMG/center_2026_08_31_16_55_36_670.jpg,IMG/left_2026_08_31_16_55_36_670.jpg,IMG/right_2026_08_31_16_55_36_670.jpg,-0.3109776,1.0,0.0,24.33515
IMG/center_2026_08_31_16_55_02_799.jpg,IMG/left_2026_08_31_16_55_02_799.jpg,IMG/right_2026_08_31_16_55_02_799.jpg,0.0,1.0,0.0,30.19054
IMG/center_2026_08_31_16_54_33_534.jpg,IMG/left_2026_08_31_16_54_33_534.jpg,IMG/right_2026_08_31_16_54_33_534.jpg,0.6194289,1.0,0.0,30.12373
IMG/center_2026_08_30_19_26_23_931.jpg,IMG/left_2026_08_30_19_26_23_931.jpg,IMG/right_2026_08_30_19_26_23_931.jpg,0.0,1.0,0.0,30.19029
IMG/center_2026_08_31_16_52_55_387.jpg,IMG/left_2026_08_31_16_52_55_387.jpg,IMG/right_2026_08_31_16_52_55_387.jpg,0.0,1.0,0.0,30.19114
IMG/center_2026_08_31_16_54_44_791.jpg,IMG/left_2026_08_31_16_54_44_791.jpg,IMG/right_2026_08_31_16_54_44_791.jpg,-0.6950384,1.0,0.0,30.13104
IMG/center_2026_08_31_16_55_04_787.jpg,IMG/left_2026_08_31_16_55_04_787.jpg,IMG/right_2026_08_31_16_55_04_787.jpg,-0.3288802,1.0,0.0,30.20619
IMG/center_2026_08_31_16_53_31_714.jpg,IMG/left_2026_08_31_16_53_31_714.jpg,IMG/right_2026_08_31_16_53_31_714.jpg,0.0,1.0,0.0,30.18943
IMG/center_2026_08_31_16_54_41_767.jpg,IMG/left_2026_08_31_16_54_41_767.jpg,IMG/right_2026_08_31_16_54_41_767.jpg,-1.0,1.0,0.0,30.09728
IMG/center_2026_08_30_19_27_11_219.jpg,IMG/left_2026_08_30_19_27_11_219.jpg,IMG/right_2026_08_30_19_27_11_219.jpg,0.0,1.0,0.0,30.19019
IMG/center_2026_08_30_19_25_16_299.jpg,IMG/left_2026_08_30_19_25_16_299.jpg,IMG/right_2026_08_30_19_25_16_299.jpg,-0.1102173,1.0,0.0,30.19264
IMG/center_2026_08_30_19_24_47_373.jpg,IMG/left_2026_08_30_19_24_47_373.jpg,IMG/right_2026_08_30_19_24_47_373.jpg,0.0,1.0,0.0,30.18965
IMG/center_2026_08_30_19_28_20_708.jpg,IMG/left_2026_08_30_19_28_20_708.jpg,IMG/right_2026_08_30_19_28_20_708.jpg,-1.0,1.0,0.0,0.02076073
IMG\center_2026_08_31_21_58_12_231.jpg,IMG\left_2026_08_31_21_58_12_231.jpg,IMG\right_2026_08_31_21_58_12_231.jpg,-0.2878551,1.0,0.0,30.17167
IMG/center_2026_08_31_16_53_06_580.jpg,IMG/left_2026_08_31_16_53_06_580.jpg,IMG/right_2026_08_31_16_53_06_580.jpg,0.2210407,0.0,0.0,0.009222543
IMG/center_2026_08_31_16_55_34_418.jpg,IMG/left_2026_08_31_16_55_34_418.jpg,IMG/right_2026_08_31_16_55_34_418.jpg,1.0,1.0,0.0,10.50252
IMG/center_2026_08_31_16_54_20_733.jpg,IMG/left_2026_08_31_16_54_20_733.jpg,IMG/right_2026_08_31_16_54_20_733.jpg,-0.3511548,1.0,0.0,30.16255
IMG/center_2026_08_30_19_27_38_941.jpg,IMG/left_2026_08_30_19_27_38_941.jpg,IMG/right_2026_08_30_19_27_38_941.jpg,-0.1397157,1.0,0.0,30.18539
IMG/center_2026_08_30_19_28_18_437.jpg,IMG/left_2026_08_30_19_28_18_437.jpg,IMG/right_2026_08_30_19_28_18_437.jpg,-1.0,1.0,0.0,0.173201
IMG/center_2026_08_31_16_55_21_997.jpg,IMG/left_2026_08_31_16_55_21_997.jpg,IMG/right_2026_08_31_16_55_21_997.jpg,-0.2341602,1.0,0.0,30.17655
IMG/center_2026_08_31_16_55_17_376.jpg,IMG/left_2026_08_31_16_55_17_376.jpg,IMG/right_2026_08_31_16_55_17_376.jpg,-0.6053283,1.0,0.0,30.18786
IMG/center_2026_08_30_19_27_56_662.jpg,IMG/left_2026_08_30_19_27_56_662.jpg,IMG/right_2026_08_30_19_27_56_662.jpg,-0.2045727,1.0,0.0,30.18036
IMG/center_2026_08_31_16_52_46_914.jpg,IMG/left_2026_08_31_16_52_46_914.jpg,IMG/right_2026_08_31_16_52_46_914.jpg,-1.0,1.0,0.0,28.96782
IMG/center_2026_08_30_19_26_05_262.jpg,IMG/left_2026_08_30_19_26_05_262.jpg,IMG/right_2026_08_30_19_26_05_262.jpg,0.0,1.0,0.0,30.19032
IMG/center_2026_08_31_16_53_08_456.jpg,IMG/left_2026_08_31_16_53_08_456.jpg,IMG/right_2026_08_31_16_53_08_456.jpg,0.0,0.0,0.0,0.003033661
IMG/center_2026_08_31_16_54_46_966.jpg,IMG/left_2026_08_31_16_54_46_966.jpg,IMG/right_2026_08_31_16_54_46_966.jpg,0.39969,1.0,0.0,30.15568
IMG/center_2026_08_30_19_24_30_236.jpg,IMG/left_2026_08_30_19_24_30_236.jpg,IMG/right_2026_08_30_19_24_30_236.jpg,0.0,1.0,0.0,30.1903
IMG/center_2026_08_31_16_55_23_135.jpg,IMG/left_2026_08_31_16_55_23_135.jpg,IMG/right_2026_08_31_16_55_23_135.jpg,-0.9216534,1.0,0.0,30.08477
IMG/center_2026_08_30_19_26_40_150.jpg,IMG/left_2026_08_30_19_26_40_150.jpg,IMG/right_2026_08_30_19_26_40_150.jpg,0.0,1.0,0.0,30.1903
IMG/center_2026_08_30_19_25_00_381.jpg,IMG/left_2026_08_30_19_25_00_381.jpg,IMG/right_2026_08_30_19_25_00_381.jpg,-0.2250867,1.0,0.0,30.17754
IMG/center_2026_08_31_16_53_35_365.jpg,IMG/left_2026_08_31_16_53_35_365.jpg,IMG/right_2026_08_31_16_53_35_365.jpg,-0.2156478,1.0,0.0,30.17809
IMG/center_2026_08_31_16_54_31_892.jpg,IMG/left_2026_08_31_16_54_31_892.jpg,IMG/right_2026_08_31_16_54_31_892.jpg,0.0,1.0,0.0,30.19029
IMG/center_2026_08_30_19_27_13_942.jpg,IMG/left_2026_08_30_19_27_13_942.jpg,IMG/right_2026_08_30_19_27_13_942.jpg,0.0,1.0,0.0,30.19027
IMG/center_2026_08_31_16_55_00_929.jpg,IMG/left_2026_08_31_16_55_00_929.jpg,IMG/right_2026_08_31_16_55_00_929.jpg,-0.265946,1.0,0.0,30.20318
IMG\center_2026_08_31_21_56_40_933.jpg,IMG\left_2026_08_31_21_56_40_933.jpg,IMG\right_2026_08_31_21_56_40_933.jpg,0.0,1.0,0.0,30.19022
IMG/center_2026_08_31_16_54_05_161.jpg,IMG/left_2026_08_31_16_54_05_161.jpg,IMG/right_2026_08_31_16_54_05_161.jpg,0.601414,1.0,0.0,30.03727
IMG/center_2026_08_30_19_25_08_159.jpg,IMG/left_2026_08_30_19_25_08_159.jpg,IMG/right_2026_08_30_19_25_08_159.jpg,-0.08992711,1.0,0.0,30.18929
IMG/center_2026_08_31_16_52_54_758.jpg,IMG/left_2026_08_31_16_52_54_758.jpg,IMG/right_2026_08_31_16_52_54_758.jpg,-0.5677343,1.0,0.0,30.19215
IMG/center_2026_08_30_19_26_21_533.jpg,IMG/left_2026_08_30_19_26_21_533.jpg,IMG/right_2026_08_30_19_26_21_533.jpg,0.0,1.0,0.0,30.19029
IMG/center_2026_08_30_19_28_12_844.jpg,IMG/left_2026_08_30_19_28_12_844.jpg,IMG/right_2026_08_30_19_28_12_844.jpg,0.0,1.0,0.0,30.1903
IMG/center_2026_08_31_16_54_48_314.jpg,IMG/left_2026_08_31_16_54_48_314.jpg,IMG/right_2026_08_31_16_54_48_314.jpg,0.0,1.0,0.0,30.1903
IMG/center_2026_08_31_16_52_47_121.jpg,IMG/left_2026_08_31_16_52_47_121.jpg,IMG/right_2026_08_31_16_52_47_121.jpg,-1.0,1.0,0.0,27.32403
IMG/center_2026_08_30_19_26_48_971.jpg,IMG/left_2026_08_30_19_26_48_971.jpg,IMG/right_2026_08_30_19_26_48_971.jpg,0.1178149,1.0,0.0,30.18986
IMG/center_2026_08_30_19_26_11_299.jpg,IMG/left_2026_08_30_19_26_11_299.jpg,IMG/right_2026_08_30_19_26_11_299.jpg,-0.1572915,1.0,0.0,30.1879
IMG/center_2026_08_30_19_24_20_864.jpg,IMG/left_2026_08_30_19_24_20_864.jpg,IMG/right_2026_08_30_19_24_20_864.jpg,-0.1406181,1.0,0.0,30.18909
IMG/center_2026_08_31_16_54_38_482.jpg,IMG/left_2026_08_31_16_54_38_482.jpg,IMG/right_2026_08_31_16_54_38_482.jpg,0.3803369,1.0,0.0,30.20468
IMG/center_2026_08_31_16_54_15_360.jpg,IMG/left_2026_08_31_16_54_15_360.jpg,IMG/right_2026_08_31_16_54_15_360.jpg,0.3371544,1.0,0.0,30.1768
IMG/center_2026_08_31_16_53_44_623.jpg,IMG/left_2026_08_31_16_53_44_623.jpg,IMG/right_2026_08_31_16_53_44_623.jpg,0.3992323,0.9364384,0.0,30.19446
IMG/center_2026_08_31_16_55_35_135.jpg,IMG/left_2026_08_31_16_55_35_135.jpg,IMG/right_2026_08_31_16_55_35_135.jpg,-0.4476594,1.0,0.0,14.36299
IMG/center_2026_08_31_16_55_18_525.jpg,IMG/left_2026_08_31_16_55_18_525.jpg,IMG/right_2026_08_31_16_55_18_525.jpg,0.4052053,1.0,0.0,30.2056
IMG/center_2026_08_30_19_24_09_080.jpg,IMG/left_2026_08_30_19_24_09_080.jpg,IMG/right_2026_08_30_19_24_09_080.jpg,-0.2397504,1.0,0.0,3.433948
IMG/center_2026_08_30_19_25_01_210.jpg,IMG/left_2026_08_30_19_25_01_210.jpg,IMG/right_2026_08_30_19_25_01_210.jpg,0.0,1.0,0.0,30.1898
IMG/center_2026_08_30_19_24_39_959.jpg,IMG/left_2026_08_30_19_24_39_959.jpg,IMG/right_2026_08_30_19_24_39_959.jpg,0.0,1.0,0.0,30.19034
IMG/center_2026_08_30_19_26_08_295.jpg,IMG/left_2026_08_30_19_26_08_295.jpg,IMG/right_2026_08_30_19_26_08_295.jpg,0.0,1.0,0.0,30.19033
IMG/center_2026_08_31_16_55_00_509.jpg,IMG/left_2026_08_31_16_55_00_509.jpg,IMG/right_2026_08_31_16_55_00_509.jpg,-0.5464368,1.0,0.0,30.13395
IMG/center_2026_08_31_16_54_06_090.jpg,IMG/left_2026_08_31_16_54_06_090.jpg,IMG/right_2026_08_31_16_54_06_090.jpg,-0.3598195,1.0,0.0,30.19279
IMG/center_2026_08_31_16_53_00_363.jpg,IMG/left_2026_08_31_16_53_00_363.jpg,IMG/right_2026_08_31_16_53_00_363.jpg,-1.0,1.0,0.0,3.539091
IMG/center_2026_08_30_19_28_13_974.jpg,IMG/left_2026_08_30_19_28_13_974.jpg,IMG/right_2026_08_30_19_28_13_974.jpg,0.0,1.0,0.0,30.1903
IMG/center_2026_08_30_19_27_41_136.jpg,IMG/left_2026_08_30_19_27_41_136.jpg,IMG/right_2026_08_30_19_27_41_136.jpg,0.0,1.0,0.0,30.18685
IMG\center_2026_08_31_21_56_45_701.jpg,IMG\left_2026_08_31_21_56_45_701.jpg,IMG\right_2026_08_31_21_56_45_701.jpg,0.0,1.0,0.0,30.19042
IMG\center_2026_08_31_21_55_20_540.jpg,IMG\left_2026_08_31_21_55_20_540.jpg,IMG\right_2026_08_31_21_55_20_540.jpg,0.0,1.0,0.0,30.1556
IMG/center_2026_08_31_16_55_22_927.jpg,IMG/left_2026_08_31_16_55_22_927.jpg,IMG/right_2026_08_31_16_55_22_927.jpg,-0.2655468,1.0,0.0,30.14381
IMG/center_2026_08_30_19_28_20_091.jpg,IMG/left_2026_08_30_19_28_20_091.jpg,IMG/right_2026_08_30_19_28_20_091.jpg,1.0,0.0,1.0,0.0104751
IMG/center_2026_08_30_19_24_23_168.jpg,IMG/left_2026_08_30_19_24_23_168.jpg,IMG/right_2026_08_30_19_24_23_168.jpg,-0.0940158,1.0,0.0,30.18799
IMG/center_2026_08_31_16_54_09_277.jpg,IMG/left_2026_08_31_16_54_09_277.jpg,IMG/right_2026_08_31_16_54_09_277.jpg,-0.3256745,1.0,0.0,30.18896
IMG/center_2026_08_30_19_24_17_758.jpg,IMG/left_2026_08_30_19_24_17_758.jpg,IMG/right_2026_08_30_19_24_17_758.jpg,0.0,1.0,0.0,30.19028
IMG/center_2026_08_31_16_52_37_318.jpg,IMG/left_2026_08_31_16_52_37_318.jpg,IMG/right_2026_08_31_16_52_37_318.jpg,0.0,0.0,0.0,7.875809e-05
IMG/center_2026_08_31_16_54_05_473.jpg,IMG/left_2026_08_31_16_54_05_473.jpg,IMG/right_2026_08_31_16_54_05_473.jpg,0.1972244,1.0,0.0,30.3595
IMG/center_2026_08_31_16_55_15_909.jpg,IMG/left_2026_08_31_16_55_15_909.jpg,IMG/right_2026_08_31_16_55_15_909.jpg,0.1706365,1.0,0.0,30.19471
IMG/center_2026_08_31_16_55_25_321.jpg,IMG/left_2026_08_31_16_55_25_321.jpg,IMG/right_2026_08_31_16_55_25_321.jpg,-0.4467354,1.0,0.0,30.19021
IMG\center_2026_08_31_21_52_29_904.jpg,IMG\left_2026_08_31_21_52_29_904.jpg,IMG\right_2026_08_31_21_52_29_904.jpg,0.0,1.0,0.0,30.18994
IMG/center_2026_08_30_19_28_18_015.jpg,IMG/left_2026_08_30_19_28_18_015.jpg,IMG/right_2026_08_30_19_28_18_015.jpg,0.0,1.0,0.0,1.074576
IMG/center_2026_08_31_16_54_35_067.jpg,IMG/left_2026_08_31_16_54_35_067.jpg,IMG/right_2026_08_31_16_54_35_067.jpg,-0.184782,1.0,0.0,30.19201
IMG/center_2026_08_30_19_26_57_956.jpg,IMG/left_2026_08_30_19_26_57_956.jpg,IMG/right_2026_08_30_19_26_57_956.jpg,-0.2547603,1.0,0.0,30.19036
IMG/center_2026_08_31_16_55_09_966.jpg,IMG/left_2026_08_31_16_55_09_966.jpg,IMG/right_2026_08_31_16_55_09_966.jpg,0.0,0.0,1.0,1.483667
IMG/center_2026_08_30_19_25_20_678.jpg,IMG/left_2026_08_30_19_25_20_678.jpg,IMG/right_2026_08_30_19_25_20_678.jpg,0.0,1.0,0.0,30.1903
IMG/center_2026_08_30_19_24_10_930.jpg,IMG/left_2026_08_30_19_24_10_930.jpg,IMG/right_2026_08_30_19_24_10_930.jpg,-0.2887671,1.0,0.0,22.98435
IMG/center_2026_08_31_16_53_00_672.jpg,IMG/left_2026_08_31_16_53_00_672.jpg,IMG/right_2026_08_31_16_53_00_672.jpg,-1.0,1.0,0.0,0.08235832
IMG/center_2026_08_30_19_24_16_304.jpg,IMG/left_2026_08_30_19_24_16_304.jpg,IMG/right_2026_08_30_19_24_16_304.jpg,-0.3190104,1.0,0.0,30.1664
IMG/center_2026_08_30_19_27_39_562.jpg,IMG/left_2026_08_30_19_27_39_562.jpg,IMG/right_2026_08_30_19_27_39_562.jpg,0.0,1.0,0.0,30.19
IMG/center_2026_08_30_19_28_03_202.jpg,IMG/left_2026_08_30_19_28_03_202.jpg,IMG/right_2026_08_30_19_28_03_202.jpg,-0.1454964,1.0,0.0,30.18464
IMG/center_2026_08_30_19_27_55_106.jpg,IMG/left_2026_08_30_19_27_55_106.jpg,IMG/right_2026_08_30_19_27_55_106.jpg,0.0,1.0,0.0,30.18993
IMG/center_2026_08_31_16_54_24_413.jpg,IMG/left_2026_08_31_16_54_24_413.jpg,IMG/right_2026_08_31_16_54_24_413.jpg,0.2485275,1.0,0.0,30.18358
IMG/center_2026_08_31_16_53_28_300.jpg,IMG/left_2026_08_31_16_53_28_300.jpg,IMG/right_2026_08_31_16_53_28_300.jpg,0.0,1.0,0.0,30.18552
IMG\center_2026_08_31_22_00_57_465.jpg,IMG\left_2026_08_31_22_00_57_465.jpg,IMG\right_2026_08_31_22_00_57_465.jpg,0.0,1.0,0.0,30.18996
IMG/center_2026_08_30_19_28_06_934.jpg,IMG/left_2026_08_30_19_28_06_934.jpg,IMG/right_2026_08_30_19_28_06_934.jpg,-0.1657686,1.0,0.0,30.18301
IMG\center_2026_08_31_21_59_27_417.jpg,IMG\left_2026_08_31_21_59_27_417.jpg,IMG\right_2026_08_31_21_59_27_417.jpg,0.0,1.0,0.0,30.18973
IMG/center_2026_08_30_19_28_08_898.jpg,IMG/left_2026_08_30_19_28_08_898.jpg,IMG/right_2026_08_30_19_28_08_898.jpg,0.0,1.0,0.0,30.19007
IMG/center_2026_08_30_19_25_52_830.jpg,IMG/left_2026_08_30_19_25_52_830.jpg,IMG/right_2026_08_30_19_25_52_830.jpg,-0.1987107,1.0,0.0,30.17995
IMG/center_2026_08_31_16_53_49_519.jpg,IMG/left_2026_08_31_16_53_49_519.jpg,IMG/right_2026_08_31_16_53_49_519.jpg,0.2092998,1.0,0.0,30.17752
IMG\center_2026_08_31_21_56_40_105.jpg,IMG\left_2026_08_31_21_56_40_105.jpg,IMG\right_2026_08_31_21_56_40_105.jpg,-0.30105,1.0,0.0,30.16906
IMG\center_2026_08_31_21_59_33_103.jpg,IMG\left_2026_08_31_21_59_33_103.jpg,IMG\right_2026_08_31_21_59_33_103.jpg,0.0,1.0,0.0,30.19086
IMG/center_2026_08_30_19_25_17_240.jpg,IMG/left_2026_08_30_19_25_17_240.jpg,IMG/right_2026_08_30_19_25_17_240.jpg,-0.2940552,1.0,0.0,30.16829
IMG\center_2026_08_31_21_56_47_047.jpg,IMG\left_2026_08_31_21_56_47_047.jpg,IMG\right_2026_08_31_21_56_47_047.jpg,0.0,1.0,0.0,30.18896
IMG/center_2026_08_31_16_52_45_785.jpg,IMG/left_2026_08_31_16_52_45_785.jpg,IMG/right_2026_08_31_16_52_45_785.jpg,0.8682802,1.0,0.0,30.13571
IMG/center_2026_08_30_19_28_25_867.jpg,IMG/left_2026_08_30_19_28_25_867.jpg,IMG/right_2026_08_30_19_28_25_867.jpg,0.0,0.0,0.0,0.00242303
IMG\center_2026_08_31_21_52_18_632.jpg,IMG\left_2026_08_31_21_52_18_632.jpg,IMG\right_2026_08_31_21_52_18_632.jpg,-0.3073119,1.0,0.0,30.17292
IMG/center_2026_08_30_19_28_19_577.jpg,IMG/left_2026_08_30_19_28_19_577.jpg,IMG/right_2026_08_30_19_28_19_577.jpg,0.6176478,0.0,0.6457839,0.009770232
IMG\center_2026_08_31_21_58_18_848.jpg,IMG\left_2026_08_31_21_58_18_848.jpg,IMG\right_2026_08_31_21_58_18_848.jpg,0.0,1.0,0.0,30.19027
IMG/center_2026_08_30_19_24_31_286.jpg,IMG/left_2026_08_30_19_24_31_286.jpg,IMG/right_2026_08_30_19_24_31_286.jpg,0.0,1.0,0.0,30.19013
IMG\center_2026_08_31_21_58_02_391.jpg,IMG\left_2026_08_31_21_58_02_391.jpg,IMG\right_2026_08_31_21_58_02_391.jpg,0.0,1.0,0.0,30.18768
IMG/center_2026_08_30_19_24_56_352.jpg,IMG/left_2026_08_30_19_24_56_352.jpg,IMG/right_2026_08_30_19_24_56_352.jpg,0.0,1.0,0.0,30.1903
IMG/center_2026_08_30_19_25_12_105.jpg,IMG/left_2026_08_30_19_25_12_105.jpg,IMG/right_2026_08_30_19_25_12_105.jpg,-0.2060859,1.0,0.0,30.17871
IMG\center_2026_08_31_21_59_38_482.jpg,IMG\left_2026_08_31_21_59_38_482.jpg,IMG\right_2026_08_31_21_59_38_482.jpg,0.0,1.0,0.0,30.1903
IMG\center_2026_08_31_21_58_16_580.jpg,IMG\left_2026_08_31_21_58_16_580.jpg,IMG\right_2026_08_31_21_58_16_580.jpg,0.0,1.0,0.0,30.19019
IMG/center_2026_08_31_16_54_36_511.jpg,IMG/left_2026_08_31_16_54_36_511.jpg,IMG/right_2026_08_31_16_54_36_511.jpg,-0.5422685,1.0,0.0,30.13189
IMG\center_2026_08_31_21_52_30_217.jpg,IMG\left_2026_08_31_21_52_30_217.jpg,IMG\right_2026_08_31_21_52_30_217.jpg,0.0,1.0,0.0,30.18948
IMG/center_2026_08_30_19_25_32_400.jpg,IMG/left_2026_08_30_19_25_32_400.jpg,IMG/right_2026_08_30_19_25_32_400.jpg,-0.1687743,1.0,0.0,30.18287
IMG/center_2026_08_31_16_55_21_366.jpg,IMG/left_2026_08_31_16_55_21_366.jpg,IMG/right_2026_08_31_16_55_21_366.jpg,-0.6922101,1.0,0.0,30.13063
IMG/center_2026_08_31_16_54_38_584.jpg,IMG/left_2026_08_31_16_54_38_584.jpg,IMG/right_2026_08_31_16_54_38_584.jpg,0.09502964,1.0,0.0,30.19252
IMG/center_2026_08_31_16_53_06_166.jpg,IMG/left_2026_08_31_16_53_06_166.jpg,IMG/right_2026_08_31_16_53_06_166.jpg,1.0,0.0,0.0,0.004236201
IMG/center_2026_08_30_19_28_23_501.jpg,IMG/left_2026_08_30_19_28_23_501.jpg,IMG/right_2026_08_30_19_28_23_501.jpg,-0.8739825,0.8321571,0.0,0.002582233
IMG/center_2026_08_30_19_25_26_191.jpg,IMG/left_2026_08_30_19_25_26_191.jpg,IMG/right_2026_08_30_19_25_26_191.jpg,0.08010934,1.0,0.0,30.19129
IMG/center_2026_08_30_19_26_22_786.jpg,IMG/left_2026_08_30_19_26_22_786.jpg,IMG/right_2026_08_30_19_26_22_786.jpg,-0.137928,1.0,0.0,30.18537
IMG/center_2026_08_31_16_52_36_607.jpg,IMG/left_2026_08_31_16_52_36_607.jpg,IMG/right_2026_08_31_16_52_36_607.jpg,0.0,0.0,0.0,7.777433e-05
IMG/center_2026_08_31_16_55_13_622.jpg,IMG/left_2026_08_31_16_55_13_622.jpg,IMG/right_2026_08_31_16_55_13_622.jpg,0.0,1.0,0.0,26.46287
IMG/center_2026_08_31_16_54_56_652.jpg,IMG/left_2026_08_31_16_54_56_652.jpg,IMG/right_2026_08_31_16_54_56_652.jpg,-0.2368896,1.0,0.0,30.18286
IMG/center_2026_08_30_19_24_20_345.jpg,IMG/left_2026_08_30_19_24_20_345.jpg,IMG/right_2026_08_30_19_24_20_345.jpg,0.0,1.0,0.0,30.19028
IMG\center_2026_08_31_21_58_07_268.jpg,IMG\left_2026_08_31_21_58_07_268.jpg,IMG\right_2026_08_31_21_58_07_268.jpg,0.0,1.0,0.0,30.18991
IMG\center_2026_08_31_21_56_53_466.jpg,IMG\left_2026_08_31_21_56_53_466.jpg,IMG\right_2026_08_31_21_56_53_466.jpg,0.0,1.0,0.0,30.19006
IMG/center_2026_08_31_16_54_58_856.jpg,IMG/left_2026_08_31_16_54_58_856.jpg,IMG/right_2026_08_31_16_54_58_856.jpg,-0.4514091,1.0,0.0,30.18532
IMG/center_2026_08_31_16_52_37_114.jpg,IMG/left_2026_08_31_16_52_37_114.jpg,IMG/right_2026_08_31_16_52_37_114.jpg,0.0,0.0,0.0,7.855935e-05
IMG\center_2026_08_31_21_58_05_414.jpg,IMG\left_2026_08_31_21_58_05_414.jpg,IMG\right_2026_08_31_21_58_05_414.jpg,0.0,1.0,0.0,30.19031
IMG/center_2026_08_31_16_55_39_675.jpg,IMG/left_2026_08_31_16_55_39_675.jpg,IMG/right_2026_08_31_16_55_39_675.jpg,-0.9077764,1.0,0.0,30.09762
IMG/center_2026_08_30_19_24_10_519.jpg,IMG/left_2026_08_30_19_24_10_519.jpg,IMG/right_2026_08_30_19_24_10_519.jpg,-0.07790939,1.0,0.0,19.10634
IMG/center_2026_08_31_16_55_31_328.jpg,IMG/left_2026_08_31_16_55_31_328.jpg,IMG/right_2026_08_31_16_55_31_328.jpg,0.0,1.0,0.0,30.19028
IMG/center_2026_08_30_19_28_14_702.jpg,IMG/left_2026_08_30_19_28_14_702.jpg,IMG/right_2026_08_30_19_28_14_702.jpg,-0.2509548,1.0,0.0,30.17449
IMG/center_2026_08_31_16_52_57_674.jpg,IMG/left_2026_08_31_16_52_57_674.jpg,IMG/right_2026_08_31_16_52_57_674.jpg,0.2627592,0.0,0.0,28.51296
IMG/center_2026_08_30_19_27_45_474.jpg,IMG/left_2026_08_30_19_27_45_474.jpg,IMG/right_2026_08_30_19_27_45_474.jpg,0.0,1.0,0.0,30.19021
IMG/center_2026_08_30_19_26_39_941.jpg,IMG/left_2026_08_30_19_26_39_941.jpg,IMG/right_2026_08_30_19_26_39_941.jpg,0.0,1.0,0.0,30.18852
IMG\center_2026_08_31_21_59_32_689.jpg,IMG\left_2026_08_31_21_59_32_689.jpg,IMG\right_2026_08_31_21_59_32_689.jpg,0.2619576,1.0,0.0,30.17543
IMG/center_2026_08_31_16_54_33_738.jpg,IMG/left_2026_08_31_16_54_33_738.jpg,IMG/right_2026_08_31_16_54_33_738.jpg,1.0,1.0,0.0,30.09706
IMG/center_2026_08_31_16_54_24_520.jpg,IMG/left_2026_08_31_16_54_24_520.jpg,IMG/right_2026_08_31_16_54_24_520.jpg,0.0,1.0,0.0,30.06279
IMG/center_2026_08_31_16_53_54_034.jpg,IMG/left_2026_08_31_16_53_54_034.jpg,IMG/right_2026_08_31_16_53_54_034.jpg,0.3197199,1.0,0.0,30.16584
IMG/center_2026_08_30_19_25_40_910.jpg,IMG/left_2026_08_30_19_25_40_910.jpg,IMG/right_2026_08_30_19_25_40_910.jpg,-0.213957,1.0,0.0,30.17743
IMG\center_2026_08_31_21_59_36_835.jpg,IMG\left_2026_08_31_21_59_36_835.jpg,IMG\right_2026_08_31_21_59_36_835.jpg,0.0,1.0,0.0,30.1903
IMG/center_2026_08_30_19_26_33_709.jpg,IMG/left_2026_08_30_19_26_33_709.jpg,IMG/right_2026_08_30_19_26_33_709.jpg,0.0,1.0,0.0,30.19029
IMG\center_2026_08_31_21_58_13_995.jpg,IMG\left_2026_08_31_21_58_13_995.jpg,IMG\right_2026_08_31_21_58_13_995.jpg,0.0,1.0,0.0,30.19032
IMG\center_2026_08_31_22_00_51_997.jpg,IMG\left_2026_08_31_22_00_51_997.jpg,IMG\right_2026_08_31_22_00_51_997.jpg,0.0,1.0,0.0,30.19019
IMG/center_2026_08_30_19_26_48_232.jpg,IMG/left_2026_08_30_19_26_48_232.jpg,IMG/right_2026_08_30_19_26_48_232.jpg,0.0,1.0,0.0,30.18511
IMG\center_2026_08_31_21_52_32_375.jpg,IMG\left_2026_08_31_21_52_32_375.jpg,IMG\right_2026_08_31_21_52_32_375.jpg,-0.03892678,1.0,0.0,30.18975
IMG/center_2026_08_30_19_25_09_815.jpg,IMG/left_2026_08_30_19_25_09_815.jpg,IMG/right_2026_08_30_19_25_09_815.jpg,0.0,1.0,0.0,30.19031
IMG/center_2026_08_31_16_54_54_761.jpg,IMG/left_2026_08_31_16_54_54_761.jpg,IMG/right_2026_08_31_16_54_54_761.jpg,-0.6172953,1.0,0.0,30.12732
IMG/center_2026_08_30_19_27_34_738.jpg,IMG/left_2026_08_30_19_27_34_738.jpg,IMG/right_2026_08_30_19_27_34_738.jpg,-0.1328613,1.0,0.0,30.1855
IMG/center_2026_08_31_16_54_33_020.jpg,IMG/left_2026_08_31_16_54_33_020.jpg,IMG/right_2026_08_31_16_54_33_020.jpg,-0.4354684,1.0,0.0,30.19963
IMG/center_2026_08_30_19_26_26_215.jpg,IMG/left_2026_08_30_19_26_26_215.jpg,IMG/right_2026_08_30_19_26_26_215.jpg,0.0,1.0,0.0,30.18992
IMG/center_2026_08_31_16_52_47_530.jpg,IMG/left_2026_08_31_16_52_47_530.jpg,IMG/right_2026_08_31_16_52_47_530.jpg,-1.0,1.0,0.0,29.5574
IMG/center_2026_08_30_19_26_54_560.jpg,IMG/left_2026_08_30_19_26_54_560.jpg,IMG/right_2026_08_30_19_26_54_560.jpg,0.0,1.0,0.0,30.1903
IMG/center_2026_08_31_16_55_35_033.jpg,IMG/left_2026_08_31_16_55_35_033.jpg,IMG/right_2026_08_31_16_55_35_033.jpg,-0.5168379,1.0,0.0,13.49402
IMG/center_2026_08_31_16_55_23_961.jpg,IMG/left_2026_08_31_16_55_23_961.jpg,IMG/right_2026_08_31_16_55_23_961.jpg,0.6636578,1.0,0.0,30.11266
IMG\center_2026_08_31_21_56_42_178.jpg,IMG\left_2026_08_31_21_56_42_178.jpg,IMG\right_2026_08_31_21_56_42_178.jpg,-0.2397453,1.0,0.0,30.1892
IMG/center_2026_08_30_19_26_29_828.jpg,IMG/left_2026_08_30_19_26_29_828.jpg,IMG/right_2026_08_30_19_26_29_828.jpg,0.0,1.0,0.0,30.18996
IMG\center_2026_08_31_22_00_51_482.jpg,IMG\left_2026_08_31_22_00_51_482.jpg,IMG\right_2026_08_31_22_00_51_482.jpg,-0.1253502,1.0,0.0,30.18593
IMG\center_2026_08_31_21_51_11_250.jpg,IMG\left_2026_08_31_21_51_11_250.jpg,IMG\right_2026_08_31_21_51_11_250.jpg,0.0,1.0,0.0,30.18995
IMG/center_2026_08_31_16_55_48_881.jpg,IMG/left_2026_08_31_16_55_48_881.jpg,IMG/right_2026_08_31_16_55_48_881.jpg,1.0,1.0,0.0,0.008903218
IMG/center_2026_08_30_19_28_12_122.jpg,IMG/left_2026_08_30_19_28_12_122.jpg,IMG/right_2026_08_30_19_28_12_122.jpg,0.0,1.0,0.0,30.1901
IMG\center_2026_08_31_21_50_57_716.jpg,IMG\left_2026_08_31_21_50_57_716.jpg,IMG\right_2026_08_31_21_50_57_716.jpg,0.0,1.0,0.0,30.19009
IMG/center_2026_08_30_19_25_22_658.jpg,IMG/left_2026_08_30_19_25_22_658.jpg,IMG/right_2026_08_30_19_25_22_658.jpg,0.06611815,1.0,0.0,30.19069
IMG/center_2026_08_31_16_53_58_839.jpg,IMG/left_2026_08_31_16_53_58_839.jpg,IMG/right_2026_08_31_16_53_58_839.jpg,0.0,1.0,0.0,30.19036
IMG/center_2026_08_31_16_54_33_432.jpg,IMG/left_2026_08_31_16_54_33_432.jpg,IMG/right_2026_08_31_16_54_33_432.jpg,0.3149199,1.0,0.0,30.16238
IMG\center_2026_08_31_22_01_00_375.jpg,IMG\left_2026_08_31_22_01_00_375.jpg,IMG\right_2026_08_31_22_01_00_375.jpg,0.0,1.0,0.0,30.19011
IMG/center_2026_08_31_16_54_15_770.jpg,IMG/left_2026_08_31_16_54_15_770.jpg,IMG/right_2026_08_31_16_54_15_770.jpg,0.1879977,1.0,0.0,30.18305
IMG/center_2026_08_30_19_28_25_144.jpg,IMG/left_2026_08_30_19_28_25_144.jpg,IMG/right_2026_08_30_19_28_25_144.jpg,0.0,0.0,0.0,0.009176639
IMG/center_2026_08_30_19_27_03_996.jpg,IMG/left_2026_08_30_19_27_03_996.jpg,IMG/right_2026_08_30_19_27_03_996.jpg,0.0,1.0,0.0,30.19081
IMG/center_2026_08_31_16_55_54_702.jpg,IMG/left_2026_08_31_16_55_54_702.jpg,IMG/right_2026_08_31_16_55_54_702.jpg,0.0,0.0,0.0,0.000187509
IMG/center_2026_08_30_19_24_52_544.jpg,IMG/left_2026_08_30_19_24_52_544.jpg,IMG/right_2026_08_30_19_24_52_544.jpg,-0.2793846,1.0,0.0,30.17203
IMG/center_2026_08_30_19_25_18_187.jpg,IMG/left_2026_08_30_19_25_18_187.jpg,IMG/right_2026_08_30_19_25_18_187.jpg,0.0,1.0,0.0,30.19036
IMG/center_2026_08_30_19_24_11_545.jpg,IMG/left_2026_08_30_19_24_11_545.jpg,IMG/right_2026_08_30_19_24_11_545.jpg,0.0,1.0,0.0,28.76972
IMG/center_2026_08_30_19_26_03_070.jpg,IMG/left_2026_08_30_19_26_03_070.jpg,IMG/right_2026_08_30_19_26_03_070.jpg,-0.1373514,1.0,0.0,30.18501
IMG/center_2026_08_30_19_24_53_465.jpg,IMG/left_2026_08_30_19_24_53_465.jpg,IMG/right_2026_08_30_19_24_53_465.jpg,-0.2033301,1.0,0.0,30.18421
IMG\center_2026_08_31_21_58_04_059.jpg,IMG\left_2026_08_31_21_58_04_059.jpg,IMG\right_2026_08_31_21_58_04_059.jpg,-0.4213326,1.0,0.0,30.15215
IMG\center_2026_08_31_21_58_03_119.jpg,IMG\left_2026_08_31_21_58_03_119.jpg,IMG\right_2026_08_31_21_58_03_119.jpg,-0.1999425,1.0,0.0,30.18837
IMG\center_2026_08_31_21_58_12_021.jpg,IMG\left_2026_08_31_21_58_12_021.jpg,IMG\right_2026_08_31_21_58_12_021.jpg,0.0,1.0,0.0,30.1897
IMG/center_2026_08_30_19_28_21_332.jpg,IMG/left_2026_08_30_19_28_21_332.jpg,IMG/right_2026_08_30_19_28_21_332.jpg,-1.0,1.0,0.0,0.002715512
IMG/center_2026_08_31_16_52_45_991.jpg,IMG/left_2026_08_31_16_52_45_991.jpg,IMG/right_2026_08_31_16_52_45_991.jpg,0.2172327,1.0,0.0,30.20448
IMG/center_2026_08_31_16_53_10_003.jpg,IMG/left_2026_08_31_16_53_10_003.jpg,IMG/right_2026_08_31_16_53_10_003.jpg,0.0,0.0,0.0,0.000770358
IMG\center_2026_08_31_21_52_18_219.jpg,IMG\left_2026_08_31_21_52_18_219.jpg,IMG\right_2026_08_31_21_52_18_219.jpg,0.0,1.0,0.0,30.19028
IMG/center_2026_08_31_16_53_47_126.jpg,IMG/left_2026_08_31_16_53_47_126.jpg,IMG/right_2026_08_31_16_53_47_126.jpg,0.0,1.0,0.0,30.18983
IMG/center_2026_08_30_19_26_58_477.jpg,IMG/left_2026_08_30_19_26_58_477.jpg,IMG/right_2026_08_30_19_26_58_477.jpg,-0.1572642,1.0,0.0,30.19509
IMG/center_2026_08_31_16_55_23_554.jpg,IMG/left_2026_08_31_16_55_23_554.jpg,IMG/right_2026_08_31_16_55_23_554.jpg,-0.570178,1.0,0.0,30.21172
IMG/center_2026_08_30_19_24_53_252.jpg,IMG/left_2026_08_30_19_24_53_252.jpg,IMG/right_2026_08_30_19_24_53_252.jpg,0.0,1.0,0.0,30.19017
IMG/center_2026_08_31_16_55_44_417.jpg,IMG/left_2026_08_31_16_55_44_417.jpg,IMG/right_2026_08_31_16_55_44_417.jpg,0.0,1.0,0.0,28.86673
IMG/center_2026_08_30_19_28_16_153.jpg,IMG/left_2026_08_30_19_28_16_153.jpg,IMG/right_2026_08_30_19_28_16_153.jpg,0.0,1.0,0.0,30.1903
IMG/center_2026_08_31_16_54_44_487.jpg,IMG/left_2026_08_31_16_54_44_487.jpg,IMG/right_2026_08_31_16_54_44_487.jpg,0.0,1.0,0.0,30.19029
IMG/center_2026_08_30_19_27_25_481.jpg,IMG/left_2026_08_30_19_27_25_481.jpg,IMG/right_2026_08_30_19_27_25_481.jpg,-0.1062312,1.0,0.0,30.18713
IMG/center_2026_08_31_16_55_29_044.jpg,IMG/left_2026_08_31_16_55_29_044.jpg,IMG/right_2026_08_31_16_55_29_044.jpg,0.0,1.0,0.0,30.1903
IMG\center_2026_08_31_21_50_58_851.jpg,IMG\left_2026_08_31_21_50_58_851.jpg,IMG\right_2026_08_31_21_50_58_851.jpg,-0.2240865,1.0,0.0,30.17712
IMG/center_2026_08_31_16_54_03_618.jpg,IMG/left_2026_08_31_16_54_03_618.jpg,IMG/right_2026_08_31_16_54_03_618.jpg,0.0,1.0,0.0,30.19057
IMG/center_2026_08_31_16_54_16_688.jpg,IMG/left_2026_08_31_16_54_16_688.jpg,IMG/right_2026_08_31_16_54_16_688.jpg,-0.5648164,1.0,0.0,30.13318
IMG/center_2026_08_31_16_52_50_258.jpg,IMG/left_2026_08_31_16_52_50_258.jpg,IMG/right_2026_08_31_16_52_50_258.jpg,0.0,1.0,0.0,30.19003
IMG/center_2026_08_31_16_52_45_574.jpg,IMG/left_2026_08_31_16_52_45_574.jpg,IMG/right_2026_08_31_16_52_45_574.jpg,0.6214715,1.0,0.0,30.1269
IMG/center_2026_08_30_19_27_05_256.jpg,IMG/left_2026_08_30_19_27_05_256.jpg,IMG/right_2026_08_30_19_27_05_256.jpg,0.0,1.0,0.0,30.19041
IMG/center_2026_08_30_19_25_43_437.jpg,IMG/left_2026_08_30_19_25_43_437.jpg,IMG/right_2026_08_30_19_25_43_437.jpg,0.0,1.0,0.0,30.18952
IMG/center_2026_08_30_19_24_48_301.jpg,IMG/left_2026_08_30_19_24_48_301.jpg,IMG/right_2026_08_30_19_24_48_301.jpg,0.0,1.0,0.0,30.19023
IMG/center_2026_08_30_19_26_09_441.jpg,IMG/left_2026_08_30_19_26_09_441.jpg,IMG/right_2026_08_30_19_26_09_441.jpg,-0.138309,1.0,0.0,30.18511
IMG/center_2026_08_30_19_25_49_374.jpg,IMG/left_2026_08_30_19_25_49_374.jpg,IMG/right_2026_08_30_19_25_49_374.jpg,0.0,1.0,0.0,30.19029
IMG\center_2026_08_31_21_56_53_261.jpg,IMG\left_2026_08_31_21_56_53_261.jpg,IMG\right_2026_08_31_21_56_53_261.jpg,-0.2101437,1.0,0.0,30.18962
IMG/center_2026_08_30_19_24_38_080.jpg,IMG/left_2026_08_30_19_24_38_080.jpg,IMG/right_2026_08_30_19_24_38_080.jpg,0.0,1.0,0.0,30.19029
IMG/center_2026_08_30_19_24_36_612.jpg,IMG/left_2026_08_30_19_24_36_612.jpg,IMG/right_2026_08_30_19_24_36_612.jpg,0.0,1.0,0.0,30.19028
IMG/center_2026_08_31_16_54_16_074.jpg,IMG/left_2026_08_31_16_54_16_074.jpg,IMG/right_2026_08_31_16_54_16_074.jpg,0.0,1.0,0.0,30.18989
IMG\center_2026_08_31_21_59_38_690.jpg,IMG\left_2026_08_31_21_59_38_690.jpg,IMG\right_2026_08_31_21_59_38_690.jpg,0.0,1.0,0.0,30.19018
IMG/center_2026_08_31_16_52_47_636.jpg,IMG/left_2026_08_31_16_52_47_636.jpg,IMG/right_2026_08_31_16_52_47_636.jpg,-0.8541268,1.0,0.0,30.14747
IMG/center_2026_08_31_16_55_08_202.jpg,IMG/left_2026_08_31_16_55_08_202.jpg,IMG/right_2026_08_31_16_55_08_202.jpg,0.0,0.0,1.0,7.15416
IMG\center_2026_08_31_21_51_00_293.jpg,IMG\left_2026_08_31_21_51_00_293.jpg,IMG\right_2026_08_31_21_51_00_293.jpg,0.0,1.0,0.0,30.18995
IMG/center_2026_08_31_16_53_21_294.jpg,IMG/left_2026_08_31_16_53_21_294.jpg,IMG/right_2026_08_31_16_53_21_294.jpg,0.0,0.0,0.0,8.19667e-05
IMG\center_2026_08_31_21_59_28_663.jpg,IMG\left_2026_08_31_21_59_28_663.jpg,IMG\right_2026_08_31_21_59_28_663.jpg,0.0,1.0,0.0,30.19031
IMG/center_2026_08_30_19_27_39_253.jpg,IMG/left_2026_08_30_19_27_39_253.jpg,IMG/right_2026_08_30_19_27_39_253.jpg,-0.2146071,1.0,0.0,30.1797
IMG/center_2026_08_30_19_24_15_261.jpg,IMG/left_2026_08_30_19_24_15_261.jpg,IMG/right_2026_08_30_19_24_15_261.jpg,0.0,1.0,0.0,30.18989
IMG\center_2026_08_31_21_51_11_859.jpg,IMG\left_2026_08_31_21_51_11_859.jpg,IMG\right_2026_08_31_21_51_11_859.jpg,0.0,1.0,0.0,30.18996
IMG/center_2026_08_30_19_25_14_934.jpg,IMG/left_2026_08_30_19_25_14_934.jpg,IMG/right_2026_08_30_19_25_14_934.jpg,-0.2679399,1.0,0.0,30.1907
IMG\center_2026_08_31_22_00_54_157.jpg,IMG\left_2026_08_31_22_00_54_157.jpg,IMG\right_2026_08_31_22_00_54_157.jpg,-0.05093776,1.0,0.0,30.18905
IMG/center_2026_08_30_19_24_31_701.jpg,IMG/left_2026_08_30_19_24_31_701.jpg,IMG/right_2026_08_30_19_24_31_701.jpg,0.0,1.0,0.0,30.1903
IMG\center_2026_08_31_21_52_27_831.jpg,IMG\left_2026_08_31_21_52_27_831.jpg,IMG\right_2026_08_31_21_52_27_831.jpg,-0.07572,1.0,0.0,30.18892
IMG/center_2026_08_30_19_24_56_666.jpg,IMG/left_2026_08_30_19_24_56_666.jpg,IMG/right_2026_08_30_19_24_56_666.jpg,0.0,1.0,0.0,30.19031
IMG/center_2026_08_31_16_52_43_092.jpg,IMG/left_2026_08_31_16_52_43_092.jpg,IMG/right_2026_08_31_16_52_43_092.jpg,0.0,1.0,0.0,30.19041
IMG/center_2026_08_31_16_52_57_778.jpg,IMG/left_2026_08_31_16_52_57_778.jpg,IMG/right_2026_08_31_16_52_57_778.jpg,0.5507082,0.0,0.0,28.08554
IMG/center_2026_08_31_16_54_14_942.jpg,IMG/left_2026_08_31_16_54_14_942.jpg,IMG/right_2026_08_31_16_54_14_942.jpg,0.0,1.0,0.0,30.18858
IMG/center_2026_08_31_16_54_32_199.jpg,IMG/left_2026_08_31_16_54_32_199.jpg,IMG/right_2026_08_31_16_54_32_199.jpg,0.0,1.0,0.0,30.1903
IMG/center_2026_08_30_19_25_31_479.jpg,IMG/left_2026_08_30_19_25_31_479.jpg,IMG/right_2026_08_30_19_25_31_479.jpg,-0.1386903,1.0,0.0,30.18461
IMG/center_2026_08_31_16_55_22_827.jpg,IMG/left_2026_08_31_16_55_22_827.jpg,IMG/right_2026_08_31_16_55_22_827.jpg,0.3023223,1.0,0.0,30.20367
IMG/center_2026_08_30_19_28_23_705.jpg,IMG/left_2026_08_30_19_28_23_705.jpg,IMG/right_2026_08_30_19_28_23_705.jpg,-0.2790613,0.2372359,0.0,0.01397157
IMG/center_2026_08_30_19_24_28_140.jpg,IMG/left_2026_08_30_19_24_28_140.jpg,IMG/right_2026_08_30_19_24_28_140.jpg,0.0,1.0,0.0,30.1903
IMG\center_2026_08_31_21_52_20_297.jpg,IMG\left_2026_08_31_21_52_20_297.jpg,IMG\right_2026_08_31_21_52_20_297.jpg,0.0,1.0,0.0,30.19033
IMG/center_2026_08_30_19_25_33_434.jpg,IMG/left_2026_08_30_19_25_33_434.jpg,IMG/right_2026_08_30_19_25_33_434.jpg,-0.1249377,1.0,0.0,30.19404
IMG/center_2026_08_30_19_27_48_669.jpg,IMG/left_2026_08_30_19_27_48_669.jpg,IMG/right_2026_08_30_19_27_48_669.jpg,0.0,1.0,0.0,30.1898
IMG/center_2026_08_30_19_26_18_545.jpg,IMG/left_2026_08_30_19_26_18_545.jpg,IMG/right_2026_08_30_19_26_18_545.jpg,-0.2262318,1.0,0.0,30.17622
IMG/center_2026_08_31_16_53_43_481.jpg,IMG/left_2026_08_31_16_53_43_481.jpg,IMG/right_2026_08_31_16_53_43_481.jpg,-0.9362451,1.0,0.0,30.09538
IMG/center_2026_08_30_19_26_58_165.jpg,IMG/left_2026_08_30_19_26_58_165.jpg,IMG/right_2026_08_30_19_26_58_165.jpg,-0.1037211,1.0,0.0,30.19031
IMG/center_2026_08_30_19_25_10_129.jpg,IMG/left_2026_08_30_19_25_10_129.jpg,IMG/right_2026_08_30_19_25_10_129.jpg,-0.07726561,1.0,0.0,30.18885
IMG/center_2026_08_30_19_25_34_156.jpg,IMG/left_2026_08_30_19_25_34_156.jpg,IMG/right_2026_08_30_19_25_34_156.jpg,-0.07198229,1.0,0.0,30.19054
IMG/center_2026_08_31_16_54_05_880.jpg,IMG/left_2026_08_31_16_54_05_880.jpg,IMG/right_2026_08_31_16_54_05_880.jpg,-0.3377742,1.0,0.0,30.16682
IMG\center_2026_08_31_21_58_13_583.jpg,IMG\left_2026_08_31_21_58_13_583.jpg,IMG\right_2026_08_31_21_58_13_583.jpg,0.0,1.0,0.0,30.19038
IMG\center_2026_08_31_21_58_02_080.jpg,IMG\left_2026_08_31_21_58_02_080.jpg,IMG\right_2026_08_31_21_58_02_080.jpg,-0.0794526,1.0,0.0,30.18871
IMG/center_2026_08_30_19_25_41_013.jpg,IMG/left_2026_08_30_19_25_41_013.jpg,IMG/right_2026_08_30_19_25_41_013.jpg,-0.03913711,1.0,0.0,30.19051
IMG/center_2026_08_31_16_53_35_261.jpg,IMG/left_2026_08_31_16_53_35_261.jpg,IMG/right_2026_08_31_16_53_35_261.jpg,0.0,1.0,0.0,30.19032
IMG/center_2026_08_31_16_54_20_525.jpg,IMG/left_2026_08_31_16_54_20_525.jpg,IMG/right_2026_08_31_16_54_20_525.jpg,0.0,1.0,0.0,30.18991
IMG/center_2026_08_30_19_26_00_575.jpg,IMG/left_2026_08_30_19_26_00_575.jpg,IMG/right_2026_08_30_19_26_00_575.jpg,0.0,1.0,0.0,30.1903
IMG/center_2026_08_31_16_55_23_453.jpg,IMG/left_2026_08_31_16_55_23_453.jpg,IMG/right_2026_08_31_16_55_23_453.jpg,-0.871285,1.0,0.0,30.16931
IMG\center_2026_08_31_21_59_29_798.jpg,IMG\left_2026_08_31_21_59_29_798.jpg,IMG\right_2026_08_31_21_59_29_798.jpg,0.0,1.0,0.0,30.19024
IMG/center_2026_08_30_19_27_04_313.jpg,IMG/left_2026_08_30_19_27_04_313.jpg,IMG/right_2026_08_30_19_27_04_313.jpg,0.0,1.0,0.0,30.19018
IMG/center_2026_08_30_19_25_59_933.jpg,IMG/left_2026_08_30_19_25_59_933.jpg,IMG/right_2026_08_30_19_25_59_933.jpg,0.0,1.0,0.0,30.1903
IMG/center_2026_08_31_16_54_09_685.jpg,IMG/left_2026_08_31_16_54_09_685.jpg,IMG/right_2026_08_31_16_54_09_685.jpg,-0.1085289,1.0,0.0,30.18726
IMG/center_2026_08_30_19_26_25_063.jpg,IMG/left_2026_08_30_19_26_25_063.jpg,IMG/right_2026_08_30_19_26_25_063.jpg,-0.0487656,1.0,0.0,30.19019
IMG\center_2026_08_31_21_56_43_532.jpg,IMG\left_2026_08_31_21_56_43_532.jpg,IMG\right_2026_08_31_21_56_43_532.jpg,0.0,1.0,0.0,30.19022
IMG/center_2026_08_31_16_52_47_741.jpg,IMG/left_2026_08_31_16_52_47_741.jpg,IMG/right_2026_08_31_16_52_47_741.jpg,-0.5663638,1.0,0.0,30.19333
IMG/center_2026_08_30_19_24_08_768.jpg,IMG/left_2026_08_30_19_24_08_768.jpg,IMG/right_2026_08_30_19_24_08_768.jpg,-0.4100438,0.4100438,0.0,0.3586587
IMG/center_2026_08_30_19_24_19_414.jpg,IMG/left_2026_08_30_19_24_19_414.jpg,IMG/right_2026_08_30_19_24_19_414.jpg,0.0,1.0,0.0,30.1903
IMG/center_2026_08_31_16_53_06_063.jpg,IMG/left_2026_08_31_16_53_06_063.jpg,IMG/right_2026_08_31_16_53_06_063.jpg,1.0,0.0,0.0,0.009057549
IMG/center_2026_08_30_19_25_58_891.jpg,IMG/left_2026_08_30_19_25_58_891.jpg,IMG/right_2026_08_30_19_25_58_891.jpg,-0.01785629,1.0,0.0,30.19042
IMG/center_2026_08_31_16_55_47_949.jpg,IMG/left_2026_08_31_16_55_47_949.jpg,IMG/right_2026_08_31_16_55_47_949.jpg,-1.0,1.0,0.0,6.409161
IMG/center_2026_08_30_19_27_13_837.jpg,IMG/left_2026_08_30_19_27_13_837.jpg,IMG/right_2026_08_30_19_27_13_837.jpg,0.0,1.0,0.0,30.19028
IMG/center_2026_08_31_16_55_03_536.jpg,IMG/left_2026_08_31_16_55_03_536.jpg,IMG/right_2026_08_31_16_55_03_536.jpg,0.0,1.0,0.0,30.19039
IMG\center_2026_08_31_21_59_38_072.jpg,IMG\left_2026_08_31_21_59_38_072.jpg,IMG\right_2026_08_31_21_59_38_072.jpg,0.5118423,1.0,0.0,30.13807
IMG/center_2026_08_31_16_53_32_138.jpg,IMG/left_2026_08_31_16_53_32_138.jpg,IMG/right_2026_08_31_16_53_32_138.jpg,0.0,1.0,0.0,30.18986
IMG/center_2026_08_31_16_55_20_524.jpg,IMG/left_2026_08_31_16_55_20_524.jpg,IMG/right_2026_08_31_16_55_20_524.jpg,0.1263597,1.0,0.0,30.19299
IMG/center_2026_08_30_19_25_11_477.jpg,IMG/left_2026_08_30_19_25_11_477.jpg,IMG/right_2026_08_30_19_25_11_477.jpg,0.0,1.0,0.0,30.19038
IMG/center_2026_08_30_19_24_38_291.jpg,IMG/left_2026_08_30_19_24_38_291.jpg,IMG/right_2026_08_30_19_24_38_291.jpg,0.0,1.0,0.0,30.1898
IMG/center_2026_08_31_16_55_50_961.jpg,IMG/left_2026_08_31_16_55_50_961.jpg,IMG/right_2026_08_31_16_55_50_961.jpg,0.0,0.0,1.0,0.002863301
IMG/center_2026_08_31_16_52_58_191.jpg,IMG/left_2026_08_31_16_52_58_191.jpg,IMG/right_2026_08_31_16_52_58_191.jpg,0.6660193,0.0,0.0,26.00784
IMG/center_2026_08_31_16_53_00_568.jpg,IMG/left_2026_08_31_16_53_00_568.jpg,IMG/right_2026_08_31_16_53_00_568.jpg,-1.0,1.0,0.0,0.01197288
IMG/center_2026_08_31_16_55_41_233.jpg,IMG/left_2026_08_31_16_55_41_233.jpg,IMG/right_2026_08_31_16_55_41_233.jpg,-0.0801273,0.8878903,0.0,30.11799
IMG/center_2026_08_30_19_26_36_209.jpg,IMG/left_2026_08_30_19_26_36_209.jpg,IMG/right_2026_08_30_19_26_36_209.jpg,-0.3688731,1.0,0.0,30.16002
IMG/center_2026_08_31_16_52_51_199.jpg,IMG/left_2026_08_31_16_52_51_199.jpg,IMG/right_2026_08_31_16_52_51_199.jpg,-0.4748547,1.0,0.0,30.1445
IMG\center_2026_08_31_21_56_48_925.jpg,IMG\left_2026_08_31_21_56_48_925.jpg,IMG\right_2026_08_31_21_56_48_925.jpg,-0.2625234,1.0,0.0,30.19763
IMG\center_2026_08_31_21_58_15_955.jpg,IMG\left_2026_08_31_21_58_15_955.jpg,IMG\right_2026_08_31_21_58_15_955.jpg,-0.3021972,1.0,0.0,30.16957
IMG/center_2026_08_31_16_53_07_522.jpg,IMG/left_2026_08_31_16_53_07_522.jpg,IMG/right_2026_08_31_16_53_07_522.jpg,-1.0,0.0,0.0,0.000977381
IMG/center_2026_08_31_16_55_46_179.jpg,IMG/left_2026_08_31_16_55_46_179.jpg,IMG/right_2026_08_31_16_55_46_179.jpg,-0.7615074,1.0,0.0,30.10954
IMG/center_2026_08_31_16_52_40_609.jpg,IMG/left_2026_08_31_16_52_40_609.jpg,IMG/right_2026_08_31_16_52_40_609.jpg,0.0,1.0,0.0,9.585368
IMG/center_2026_08_31_16_54_35_591.jpg,IMG/left_2026_08_31_16_54_35_591.jpg,IMG/right_2026_08_31_16_54_35_591.jpg,0.1663224,1.0,0.0,30.18275
IMG\center_2026_08_31_22_01_05_737.jpg,IMG\left_2026_08_31_22_01_05_737.jpg,IMG\right_2026_08_31_22_01_05_737.jpg,0.0,1.0,0.0,30.18903
IMG/center_2026_08_31_16_52_44_651.jpg,IMG/left_2026_08_31_16_52_44_651.jpg,IMG/right_2026_08_31_16_52_44_651.jpg,0.0,1.0,0.0,30.18954
IMG/center_2026_08_31_16_55_51_386.jpg,IMG/left_2026_08_31_16_55_51_386.jpg,IMG/right_2026_08_31_16_55_51_386.jpg,0.8395413,0.0,1.0,0.002138769
IMG\center_2026_08_31_21_55_24_366.jpg,IMG\left_2026_08_31_21_55_24_366.jpg,IMG\right_2026_08_31_21_55_24_366.jpg,-0.3973083,1.0,0.0,30.15773
IMG\center_2026_08_31_21_56_39_691.jpg,IMG\left_2026_08_31_21_56_39_691.jpg,IMG\right_2026_08_31_21_56_39_691.jpg,-0.05307056,1.0,0.0,30.19056
IMG/center_2026_08_31_16_52_55_279.jpg,IMG/left_2026_08_31_16_52_55_279.jpg,IMG/right_2026_08_31_16_52_55_279.jpg,0.0,1.0,0.0,30.1911
IMG\center_2026_08_31_21_59_30_730.jpg,IMG\left_2026_08_31_21_59_30_730.jpg,IMG\right_2026_08_31_21_59_30_730.jpg,-0.2868834,1.0,0.0,30.17059
IMG/center_2026_08_30_19_26_33_917.jpg,IMG/left_2026_08_30_19_26_33_917.jpg,IMG/right_2026_08_30_19_26_33_917.jpg,-0.0429936,1.0,0.0,30.18988
IMG\center_2026_08_31_22_00_51_691.jpg,IMG\left_2026_08_31_22_00_51_691.jpg,IMG\right_2026_08_31_22_00_51_691.jpg,-0.2890842,1.0,0.0,30.18824
IMG/center_2026_08_31_16_53_42_646.jpg,IMG/left_2026_08_31_16_53_42_646.jpg,IMG/right_2026_08_31_16_53_42_646.jpg,0.0,1.0,0.0,30.19029
IMG\center_2026_08_31_21_52_22_057.jpg,IMG\left_2026_08_31_21_52_22_057.jpg,IMG\right_2026_08_31_21_52_22_057.jpg,-0.5238129,1.0,0.0,30.15178
IMG/center_2026_08_30_19_24_19_206.jpg,IMG/left_2026_08_30_19_24_19_206.jpg,IMG/right_2026_08_30_19_24_19_206.jpg,0.0,1.0,0.0,30.19024
IMG/center_2026_08_30_19_26_41_393.jpg,IMG/left_2026_08_30_19_26_41_393.jpg,IMG/right_2026_08_30_19_26_41_393.jpg,0.0,1.0,0.0,30.19031
IMG/center_2026_08_30_19_25_04_423.jpg,IMG/left_2026_08_30_19_25_04_423.jpg,IMG/right_2026_08_30_19_25_04_423.jpg,0.0,1.0,0.0,30.18993
IMG/center_2026_08_31_16_54_55_604.jpg,IMG/left_2026_08_31_16_54_55_604.jpg,IMG/right_2026_08_31_16_54_55_604.jpg,0.9489264,1.0,0.0,30.09157
IMG/center_2026_08_31_16_53_52_762.jpg,IMG/left_2026_08_31_16_53_52_762.jpg,IMG/right_2026_08_31_16_53_52_762.jpg,-0.4633239,1.0,0.0,30.14753
IMG/center_2026_08_30_19_28_06_415.jpg,IMG/left_2026_08_30_19_28_06_415.jpg,IMG/right_2026_08_30_19_28_06_415.jpg,0.0,1.0,0.0,30.19026
IMG\center_2026_08_31_21_51_05_045.jpg,IMG\left_2026_08_31_21_51_05_045.jpg,IMG\right_2026_08_31_21_51_05_045.jpg,0.0,1.0,0.0,30.19051
IMG/center_2026_08_30_19_24_15_987.jpg,IMG/left_2026_08_30_19_24_15_987.jpg,IMG/right_2026_08_30_19_24_15_987.jpg,0.0,1.0,0.0,30.19027
IMG/center_2026_08_30_19_24_16_508.jpg,IMG/left_2026_08_30_19_24_16_508.jpg,IMG/right_2026_08_30_19_24_16_508.jpg,0.0,1.0,0.0,30.18994
IMG/center_2026_08_31_16_52_44_856.jpg,IMG/left_2026_08_31_16_52_44_856.jpg,IMG/right_2026_08_31_16_52_44_856.jpg,0.0,1.0,0.0,30.19057
IMG/center_2026_08_30_19_24_34_218.jpg,IMG/left_2026_08_30_19_24_34_218.jpg,IMG/right_2026_08_30_19_24_34_218.jpg,0.0,1.0,0.0,30.19029
IMG\center_2026_08_31_21_55_30_251.jpg,IMG\left_2026_08_31_21_55_30_251.jpg,IMG\right_2026_08_31_21_55_30_251.jpg,0.0,1.0,0.0,30.18979
IMG/center_2026_08_31_16_55_27_494.jpg,IMG/left_2026_08_31_16_55_27_494.jpg,IMG/right_2026_08_31_16_55_27_494.jpg,-0.9348555,1.0,0.0,30.0926
IMG/center_2026_08_31_16_53_10_925.jpg,IMG/left_2026_08_31_16_53_10_925.jpg,IMG/right_2026_08_31_16_53_10_925.jpg,0.0,0.0,0.5884894,0.000302754
IMG/center_2026_08_31_16_54_56_444.jpg,IMG/left_2026_08_31_16_54_56_444.jpg,IMG/right_2026_08_31_16_54_56_444.jpg,-0.2228008,1.0,0.0,30.19172
IMG/center_2026_08_30_19_28_08_175.jpg,IMG/left_2026_08_30_19_28_08_175.jpg,IMG/right_2026_08_30_19_28_08_175.jpg,-0.0719526,1.0,0.0,30.18902
IMG/center_2026_08_30_19_27_28_185.jpg,IMG/left_2026_08_30_19_27_28_185.jpg,IMG/right_2026_08_30_19_27_28_185.jpg,0.0,1.0,0.0,30.19012
IMG/center_2026_08_30_19_26_28_074.jpg,IMG/left_2026_08_30_19_26_28_074.jpg,IMG/right_2026_08_30_19_26_28_074.jpg,0.0,1.0,0.0,30.18994
IMG/center_2026_08_30_19_24_56_252.jpg,IMG/left_2026_08_30_19_24_56_252.jpg,IMG/right_2026_08_30_19_24_56_252.jpg,0.0,1.0,0.0,30.19028
IMG/center_2026_08_31_16_55_53_147.jpg,IMG/left_2026_08_31_16_55_53_147.jpg,IMG/right_2026_08_31_16_55_53_147.jpg,0.0,0.0,0.0,0.008148933
IMG\center_2026_08_31_21_56_47_569.jpg,IMG\left_2026_08_31_21_56_47_569.jpg,IMG\right_2026_08_31_21_56_47_569.jpg,0.0,1.0,0.0,30.19063
IMG/center_2026_08_31_16_53_32_241.jpg,IMG/left_2026_08_31_16_53_32_241.jpg,IMG/right_2026_08_31_16_53_32_241.jpg,0.0,1.0,0.0,30.18855
IMG/center_2026_08_30_19_24_51_728.jpg,IMG/left_2026_08_30_19_24_51_728.jpg,IMG/right_2026_08_30_19_24_51_728.jpg,-0.1765659,1.0,0.0,30.19037
IMG/center_2026_08_31_16_54_48_831.jpg,IMG/left_2026_08_31_16_54_48_831.jpg,IMG/right_2026_08_31_16_54_48_831.jpg,-0.5359468,1.0,0.0,30.19609
IMG/center_2026_08_30_19_28_18_846.jpg,IMG/left_2026_08_30_19_28_18_846.jpg,IMG/right_2026_08_30_19_28_18_846.jpg,-1.0,1.0,0.0,0.08577789
IMG/center_2026_08_31_16_53_28_913.jpg,IMG/left_2026_08_31_16_53_28_913.jpg,IMG/right_2026_08_31_16_53_28_913.jpg,0.0,1.0,0.0,30.19209
IMG/center_2026_08_31_16_54_10_820.jpg,IMG/left_2026_08_31_16_54_10_820.jpg,IMG/right_2026_08_31_16_54_10_820.jpg,0.1794482,1.0,0.0,30.19485
IMG\center_2026_08_31_21_58_17_609.jpg,IMG\left_2026_08_31_21_58_17_609.jpg,IMG\right_2026_08_31_21_58_17_609.jpg,0.1247265,1.0,0.0,30.19124
IMG/center_2026_08_30_19_26_32_442.jpg,IMG/left_2026_08_30_19_26_32_442.jpg,IMG/right_2026_08_30_19_26_32_442.jpg,0.0,1.0,0.0,30.53725
IMG/center_2026_08_31_16_54_52_358.jpg,IMG/left_2026_08_31_16_54_52_358.jpg,IMG/right_2026_08_31_16_54_52_358.jpg,-0.3541802,1.0,0.0,30.19028
IMG/center_2026_08_30_19_25_34_872.jpg,IMG/left_2026_08_30_19_25_34_872.jpg,IMG/right_2026_08_30_19_25_34_872.jpg,-0.2312574,1.0,0.0,30.17847
IMG/center_2026_08_30_19_26_56_929.jpg,IMG/left_2026_08_30_19_26_56_929.jpg,IMG/right_2026_08_30_19_26_56_929.jpg,-0.3417261,1.0,0.0,30.17317
IMG/center_2026_08_31_16_53_41_816.jpg,IMG/left_2026_08_31_16_53_41_816.jpg,IMG/right_2026_08_31_16_53_41_816.jpg,0.0,1.0,0.0,30.19043
IMG/center_2026_08_31_16_54_14_125.jpg,IMG/left_2026_08_31_16_54_14_125.jpg,IMG/right_2026_08_31_16_54_14_125.jpg,-0.3255903,1.0,0.0,30.1973
IMG/center_2026_08_30_19_26_57_754.jpg,IMG/left_2026_08_30_19_26_57_754.jpg,IMG/right_2026_08_30_19_26_57_754.jpg,-0.0889461,1.0,0.0,30.19065
IMG/center_2026_08_30_19_26_02_347.jpg,IMG/left_2026_08_30_19_26_02_347.jpg,IMG/right_2026_08_30_19_26_02_347.jpg,0.0,1.0,0.0,30.19028
IMG/center_2026_08_30_19_28_05_372.jpg,IMG/left_2026_08_30_19_28_05_372.jpg,IMG/right_2026_08_30_19_28_05_372.jpg,0.0,1.0,0.0,30.1903
IMG/center_2026_08_31_16_54_50_603.jpg,IMG/left_2026_08_31_16_54_50_603.jpg,IMG/right_2026_08_31_16_54_50_603.jpg,0.605149,1.0,0.0,29.04612
IMG\center_2026_08_31_21_58_14_101.jpg,IMG\left_2026_08_31_21_58_14_101.jpg,IMG\right_2026_08_31_21_58_14_101.jpg,0.0,1.0,0.0,30.19051
IMG\center_2026_08_31_21_58_17_918.jpg,IMG\left_2026_08_31_21_58_17_918.jpg,IMG\right_2026_08_31_21_58_17_918.jpg,-0.1539252,1.0,0.0,30.18269
IMG/center_2026_08_30_19_24_29_386.jpg,IMG/left_2026_08_30_19_24_29_386.jpg,IMG/right_2026_08_30_19_24_29_386.jpg,0.0,1.0,0.0,30.18847
IMG/center_2026_08_31_16_54_33_840.jpg,IMG/left_2026_08_31_16_54_33_840.jpg,IMG/right_2026_08_31_16_54_33_840.jpg,0.9226213,1.0,0.0,30.14306
IMG\center_2026_08_31_22_01_04_294.jpg,IMG\left_2026_08_31_22_01_04_294.jpg,IMG\right_2026_08_31_22_01_04_294.jpg,-0.4267258,1.0,0.0,30.18876
IMG/center_2026_08_30_19_24_37_454.jpg,IMG/left_2026_08_30_19_24_37_454.jpg,IMG/right_2026_08_30_19_24_37_454.jpg,0.0,1.0,0.0,30.19028
IMG/center_2026_08_31_16_54_32_504.jpg,IMG/left_2026_08_31_16_54_32_504.jpg,IMG/right_2026_08_31_16_54_32_504.jpg,0.0,1.0,0.0,30.1903
IMG\center_2026_08_31_22_01_00_789.jpg,IMG\left_2026_08_31_22_01_00_789.jpg,IMG\right_2026_08_31_22_01_00_789.jpg,0.0,1.0,0.0,30.1903
IMG/center_2026_08_30_19_27_07_979.jpg,IMG/left_2026_08_30_19_27_07_979.jpg,IMG/right_2026_08_30_19_27_07_979.jpg,0.0,1.0,0.0,30.19019
IMG/center_2026_08_31_16_53_55_288.jpg,IMG/left_2026_08_31_16_53_55_288.jpg,IMG/right_2026_08_31_16_53_55_288.jpg,-0.1253762,1.0,0.0,30.19267
IMG/center_2026_08_31_16_52_39_376.jpg,IMG/left_2026_08_31_16_52_39_376.jpg,IMG/right_2026_08_31_16_52_39_376.jpg,0.0,0.0,0.0,0.7262475
IMG/center_2026_08_30_19_25_43_749.jpg,IMG/left_2026_08_30_19_25_43_749.jpg,IMG/right_2026_08_30_19_25_43_749.jpg,0.0,1.0,0.0,30.19032
IMG/center_2026_08_30_19_27_47_642.jpg,IMG/left_2026_08_30_19_27_47_642.jpg,IMG/right_2026_08_30_19_27_47_642.jpg,-0.2084055,1.0,0.0,30.25247
IMG/center_2026_08_31_16_53_48_584.jpg,IMG/left_2026_08_31_16_53_48_584.jpg,IMG/right_2026_08_31_16_53_48_584.jpg,-0.1816044,1.0,0.0,30.18343
IMG/center_2026_08_30_19_24_35_151.jpg,IMG/left_2026_08_30_19_24_35_151.jpg,IMG/right_2026_08_30_19_24_35_151.jpg,0.0,1.0,0.0,30.19029
IMG/center_2026_08_30_19_25_33_740.jpg,IMG/left_2026_08_30_19_25_33_740.jpg,IMG/right_2026_08_30_19_25_33_740.jpg,-0.3235548,1.0,0.0,30.1876
IMG/center_2026_08_31_16_53_23_446.jpg,IMG/left_2026_08_31_16_53_23_446.jpg,IMG/right_2026_08_31_16_53_23_446.jpg,0.0,0.6190866,0.0,0.9970376
IMG/center_2026_08_30_19_26_47_093.jpg,IMG/left_2026_08_30_19_26_47_093.jpg,IMG/right_2026_08_30_19_26_47_093.jpg,0.0,1.0,0.0,30.1868
IMG/center_2026_08_30_19_24_30_554.jpg,IMG/left_2026_08_30_19_24_30_554.jpg,IMG/right_2026_08_30_19_24_30_554.jpg,0.0,1.0,0.0,30.19029
IMG/center_2026_08_31_16_53_08_660.jpg,IMG/left_2026_08_31_16_53_08_660.jpg,IMG/right_2026_08_31_16_53_08_660.jpg,0.0,0.0,0.0,0.000464828
IMG/center_2026_08_30_19_26_54_047.jpg,IMG/left_2026_08_30_19_26_54_047.jpg,IMG/right_2026_08_30_19_26_54_047.jpg,-0.176604,1.0,0.0,30.18984
IMG\center_2026_08_31_21_56_49_848.jpg,IMG\left_2026_08_31_21_56_49_848.jpg,IMG\right_2026_08_31_21_56_49_848.jpg,0.0,1.0,0.0,30.18993
IMG/center_2026_08_30_19_27_04_104.jpg,IMG/left_2026_08_30_19_27_04_104.jpg,IMG/right_2026_08_30_19_27_04_104.jpg,-0.2983518,1.0,0.0,30.16738
IMG/center_2026_08_31_16_55_20_739.jpg,IMG/left_2026_08_31_16_55_20_739.jpg,IMG/right_2026_08_31_16_55_20_739.jpg,0.0,1.0,0.0,30.19019
IMG/center_2026_08_30_19_26_56_826.jpg,IMG/left_2026_08_30_19_26_56_826.jpg,IMG/right_2026_08_30_19_26_56_826.jpg,-0.1488582,1.0,0.0,30.19023
IMG/center_2026_08_30_19_27_47_749.jpg,IMG/left_2026_08_30_19_27_47_749.jpg,IMG/right_2026_08_30_19_27_47_749.jpg,0.0,1.0,0.0,30.06894
IMG\center_2026_08_31_21_59_38_794.jpg,IMG\left_2026_08_31_21_59_38_794.jpg,IMG\right_2026_08_31_21_59_38_794.jpg,-0.2090964,1.0,0.0,30.17859
IMG/center_2026_08_31_16_55_24_381.jpg,IMG/left_2026_08_31_16_55_24_381.jpg,IMG/right_2026_08_31_16_55_24_381.jpg,0.304717,1.0,0.0,30.20277
IMG\center_2026_08_31_21_59_30_315.jpg,IMG\left_2026_08_31_21_59_30_315.jpg,IMG\right_2026_08_31_21_59_30_315.jpg,-0.218322,1.0,0.0,30.17786
IMG\center_2026_08_31_22_00_58_827.jpg,IMG\left_2026_08_31_22_00_58_827.jpg,IMG\right_2026_08_31_22_00_58_827.jpg,0.0,1.0,0.0,30.19004
IMG/center_2026_08_31_16_54_18_550.jpg,IMG/left_2026_08_31_16_54_18_550.jpg,IMG/right_2026_08_31_16_54_18_550.jpg,0.0,1.0,0.0,30.18974
IMG/center_2026_08_31_16_55_23_347.jpg,IMG/left_2026_08_31_16_55_23_347.jpg,IMG/right_2026_08_31_16_55_23_347.jpg,-1.0,1.0,0.0,30.10515
IMG\center_2026_08_31_21_52_26_390.jpg,IMG\left_2026_08_31_21_52_26_390.jpg,IMG\right_2026_08_31_21_52_26_390.jpg,-0.3326187,1.0,0.0,30.16452
IMG\center_2026_08_31_21_50_54_929.jpg,IMG\left_2026_08_31_21_50_54_929.jpg,IMG\right_2026_08_31_21_50_54_929.jpg,0.0,0.7583648,0.0,14.23564
IMG/center_2026_08_30_19_24_38_821.jpg,IMG/left_2026_08_30_19_24_38_821.jpg,IMG/right_2026_08_30_19_24_38_821.jpg,-0.1923411,1.0,0.0,30.18008
IMG/center_2026_08_30_19_24_16_406.jpg,IMG/left_2026_08_30_19_24_16_406.jpg,IMG/right_2026_08_30_19_24_16_406.jpg,-0.01494746,1.0,0.0,30.18977
IMG/center_2026_08_31_16_55_27_078.jpg,IMG/left_2026_08_31_16_55_27_078.jpg,IMG/right_2026_08_31_16_55_27_078.jpg,0.2754301,1.0,0.0,30.20293
IMG/center_2026_08_30_19_27_40_506.jpg,IMG/left_2026_08_30_19_27_40_506.jpg,IMG/right_2026_08_30_19_27_40_506.jpg,-0.1456743,1.0,0.0,30.18738
IMG/center_2026_08_30_19_26_54_872.jpg,IMG/left_2026_08_30_19_26_54_872.jpg,IMG/right_2026_08_30_19_26_54_872.jpg,-0.1350591,1.0,0.0,30.18515
IMG/center_2026_08_30_19_25_46_351.jpg,IMG/left_2026_08_30_19_25_46_351.jpg,IMG/right_2026_08_30_19_25_46_351.jpg,0.0,1.0,0.0,30.18978
IMG/center_2026_08_31_16_53_42_963.jpg,IMG/left_2026_08_31_16_53_42_963.jpg,IMG/right_2026_08_31_16_53_42_963.jpg,0.1169994,1.0,0.0,30.19111
IMG/center_2026_08_30_19_28_09_426.jpg,IMG/left_2026_08_30_19_28_09_426.jpg,IMG/right_2026_08_30_19_28_09_426.jpg,0.0,1.0,0.0,30.1903
IMG/center_2026_08_31_16_53_50_468.jpg,IMG/left_2026_08_31_16_53_50_468.jpg,IMG/right_2026_08_31_16_53_50_468.jpg,0.2809442,1.0,0.0,30.19276
IMG/center_2026_08_31_16_55_00_408.jpg,IMG/left_2026_08_31_16_55_00_408.jpg,IMG/right_2026_08_31_16_55_00_408.jpg,-0.2066091,1.0,0.0,30.17783
IMG/center_2026_08_31_16_54_15_872.jpg,IMG/left_2026_08_31_16_54_15_872.jpg,IMG/right_2026_08_31_16_54_15_872.jpg,0.3096486,1.0,0.0,30.17694
IMG/center_2026_08_30_19_26_38_999.jpg,IMG/left_2026_08_30_19_26_38_999.jpg,IMG/right_2026_08_30_19_26_38_999.jpg,-0.4166145,1.0,0.0,30.15712
IMG/center_2026_08_30_19_26_26_316.jpg,IMG/left_2026_08_30_19_26_26_316.jpg,IMG/right_2026_08_30_19_26_26_316.jpg,0.0,1.0,0.0,30.18995
IMG\center_2026_08_31_21_59_40_762.jpg,IMG\left_2026_08_31_21_59_40_762.jpg,IMG\right_2026_08_31_21_59_40_762.jpg,0.0,1.0,0.0,30.19021
IMG/center_2026_08_31_16_54_48_419.jpg,IMG/left_2026_08_31_16_54_48_419.jpg,IMG/right_2026_08_31_16_54_48_419.jpg,-0.1179303,1.0,0.0,30.18657
IMG/center_2026_08_31_16_55_43_074.jpg,IMG/left_2026_08_31_16_55_43_074.jpg,IMG/right_2026_08_31_16_55_43_074.jpg,-1.0,1.0,0.0,21.02663
IMG/center_2026_08_30_19_27_26_932.jpg,IMG/left_2026_08_30_19_27_26_932.jpg,IMG/right_2026_08_30_19_27_26_932.jpg,-0.0746511,1.0,0.0,30.18922
IMG/center_2026_08_31_16_54_00_916.jpg,IMG/left_2026_08_31_16_54_00_916.jpg,IMG/right_2026_08_31_16_54_00_916.jpg,0.2111953,1.0,0.0,30.19831
IMG\center_2026_08_31_21_55_19_713.jpg,IMG\left_2026_08_31_21_55_19_713.jpg,IMG\right_2026_08_31_21_55_19_713.jpg,0.0,1.0,0.0,30.18926
IMG/center_2026_08_31_16_54_41_664.jpg,IMG/left_2026_08_31_16_54_41_664.jpg,IMG/right_2026_08_31_16_54_41_664.jpg,-0.9054923,1.0,0.0,30.09762
IMG/center_2026_08_30_19_27_12_059.jpg,IMG/left_2026_08_30_19_27_12_059.jpg,IMG/right_2026_08_30_19_27_12_059.jpg,0.0,1.0,0.0,30.19032
IMG/center_2026_08_30_19_25_34_053.jpg,IMG/left_2026_08_30_19_25_34_053.jpg,IMG/right_2026_08_30_19_25_34_053.jpg,-0.3776649,1.0,0.0,30.16429
IMG/center_2026_08_30_19_25_23_071.jpg,IMG/left_2026_08_30_19_25_23_071.jpg,IMG/right_2026_08_30_19_25_23_071.jpg,0.0514356,1.0,0.0,30.19015
IMG\center_2026_08_31_22_01_05_637.jpg,IMG\left_2026_08_31_22_01_05_637.jpg,IMG\right_2026_08_31_22_01_05_637.jpg,0.2815071,1.0,0.0,30.18245
IMG/center_2026_08_30_19_27_43_728.jpg,IMG/left_2026_08_30_19_27_43_728.jpg,IMG/right_2026_08_30_19_27_43_728.jpg,0.0,1.0,0.0,30.19123
IMG/center_2026_08_31_16_54_54_546.jpg,IMG/left_2026_08_31_16_54_54_546.jpg,IMG/right_2026_08_31_16_54_54_546.jpg,0.0,1.0,0.0,30.1903
IMG/center_2026_08_31_16_53_06_473.jpg,IMG/left_2026_08_31_16_53_06_473.jpg,IMG/right_2026_08_31_16_53_06_473.jpg,0.5160446,0.0,0.0,0.009576892
IMG\center_2026_08_31_21_59_31_755.jpg,IMG\left_2026_08_31_21_59_31_755.jpg,IMG\right_2026_08_31_21_59_31_755.jpg,-0.3152649,1.0,0.0,30.16554
IMG/center_2026_08_31_16_55_19_055.jpg,IMG/left_2026_08_31_16_55_19_055.jpg,IMG/right_2026_08_31_16_55_19_055.jpg,-0.7485246,1.0,0.0,30.10911
IMG/center_2026_08_30_19_26_35_161.jpg,IMG/left_2026_08_30_19_26_35_161.jpg,IMG/right_2026_08_30_19_26_35_161.jpg,0.0,1.0,0.0,30.19017
IMG/center_2026_08_31_16_54_48_932.jpg,IMG/left_2026_08_31_16_54_48_932.jpg,IMG/right_2026_08_31_16_54_48_932.jpg,-0.231667,1.0,0.0,30.20025
IMG\center_2026_08_31_22_01_07_288.jpg,IMG\left_2026_08_31_22_01_07_288.jpg,IMG\right_2026_08_31_22_01_07_288.jpg,-0.0598014,1.0,0.0,30.189
IMG\center_2026_08_31_21_52_27_523.jpg,IMG\left_2026_08_31_21_52_27_523.jpg,IMG\right_2026_08_31_21_52_27_523.jpg,0.0,1.0,0.0,30.19124
IMG/center_2026_08_30_19_27_51_689.jpg,IMG/left_2026_08_30_19_27_51_689.jpg,IMG/right_2026_08_30_19_27_51_689.jpg,0.0,1.0,0.0,30.18997
IMG/center_2026_08_30_19_24_16_198.jpg,IMG/left_2026_08_30_19_24_16_198.jpg,IMG/right_2026_08_30_19_24_16_198.jpg,-0.0672534,1.0,0.0,30.18927
IMG/center_2026_08_31_16_53_47_851.jpg,IMG/left_2026_08_31_16_53_47_851.jpg,IMG/right_2026_08_31_16_53_47_851.jpg,-0.050895,1.0,0.0,30.18888
IMG/center_2026_08_31_16_55_54_388.jpg,IMG/left_2026_08_31_16_55_54_388.jpg,IMG/right_2026_08_31_16_55_54_388.jpg,0.0,0.0,0.0,0.000461232
IMG\center_2026_08_31_21_58_15_855.jpg,IMG\left_2026_08_31_21_58_15_855.jpg,IMG\right_2026_08_31_21_58_15_855.jpg,-0.1056657,1.0,0.0,30.18681
IMG\center_2026_08_31_21_55_19_200.jpg,IMG\left_2026_08_31_21_55_19_200.jpg,IMG\right_2026_08_31_21_55_19_200.jpg,-0.6882393,1.0,0.0,30.11561
IMG/center_2026_08_30_19_24_12_261.jpg,IMG/left_2026_08_30_19_24_12_261.jpg,IMG/right_2026_08_30_19_24_12_261.jpg,0.0,1.0,0.0,30.19004
IMG\center_2026_08_31_21_52_24_932.jpg,IMG\left_2026_08_31_21_52_24_932.jpg,IMG\right_2026_08_31_21_52_24_932.jpg,-0.4632102,1.0,0.0,30.16901
IMG/center_2026_08_31_16_54_11_024.jpg,IMG/left_2026_08_31_16_54_11_024.jpg,IMG/right_2026_08_31_16_54_11_024.jpg,0.0,1.0,0.0,30.18926
IMG/center_2026_08_30_19_27_25_585.jpg,IMG/left_2026_08_30_19_27_25_585.jpg,IMG/right_2026_08_30_19_27_25_585.jpg,0.0,1.0,0.0,30.19044
IMG\center_2026_08_31_22_01_00_477.jpg,IMG\left_2026_08_31_22_01_00_477.jpg,IMG\right_2026_08_31_22_01_00_477.jpg,0.0,1.0,0.0,30.18975
IMG/center_2026_08_30_19_25_47_597.jpg,IMG/left_2026_08_30_19_25_47_597.jpg,IMG/right_2026_08_30_19_25_47_597.jpg,-0.1107249,1.0,0.0,30.18826
IMG/center_2026_08_31_16_55_01_141.jpg,IMG/left_2026_08_31_16_55_01_141.jpg,IMG/right_2026_08_31_16_55_01_141.jpg,0.0,1.0,0.0,30.19026
IMG/center_2026_08_31_16_54_45_937.jpg,IMG/left_2026_08_31_16_54_45_937.jpg,IMG/right_2026_08_31_16_54_45_937.jpg,0.0,1.0,0.0,30.1903
IMG/center_2026_08_30_19_28_22_884.jpg,IMG/left_2026_08_30_19_28_22_884.jpg,IMG/right_2026_08_30_19_28_22_884.jpg,-0.3042528,0.5500296,0.0,0.02239684
IMG/center_2026_08_30_19_26_22_571.jpg,IMG/left_2026_08_30_19_26_22_571.jpg,IMG/right_2026_08_30_19_26_22_571.jpg,0.0,1.0,0.0,30.19026
IMG/center_2026_08_31_16_55_48_573.jpg,IMG/left_2026_08_31_16_55_48_573.jpg,IMG/right_2026_08_31_16_55_48_573.jpg,0.5590113,1.0,0.0,0.02326974
IMG/center_2026_08_30_19_28_14_390.jpg,IMG/left_2026_08_30_19_28_14_390.jpg,IMG/right_2026_08_30_19_28_14_390.jpg,0.0,1.0,0.0,30.1903
IMG/center_2026_08_30_19_28_10_139.jpg,IMG/left_2026_08_30_19_28_10_139.jpg,IMG/right_2026_08_30_19_28_10_139.jpg,0.0,1.0,0.0,30.1903
IMG/center_2026_08_30_19_25_18_288.jpg,IMG/left_2026_08_30_19_25_18_288.jpg,IMG/right_2026_08_30_19_25_18_288.jpg,0.0,1.0,0.0,30.19031
IMG/center_2026_08_31_16_52_48_894.jpg,IMG/left_2026_08_31_16_52_48_894.jpg,IMG/right_2026_08_31_16_52_48_894.jpg,0.1093376,1.0,0.0,30.19172
IMG\center_2026_08_31_22_00_51_585.jpg,IMG\left_2026_08_31_22_00_51_585.jpg,IMG\right_2026_08_31_22_00_51_585.jpg,-0.4335573,1.0,0.0,30.15026
IMG/center_2026_08_31_16_54_29_104.jpg,IMG/left_2026_08_31_16_54_29_104.jpg,IMG/right_2026_08_31_16_54_29_104.jpg,0.0,1.0,0.0,30.18879
IMG/center_2026_08_31_16_55_42_258.jpg,IMG/left_2026_08_31_16_55_42_258.jpg,IMG/right_2026_08_31_16_55_42_258.jpg,-1.0,1.0,0.0,27.82908
IMG/center_2026_08_31_16_54_18_141.jpg,IMG/left_2026_08_31_16_54_18_141.jpg,IMG/right_2026_08_31_16_54_18_141.jpg,0.0,1.0,0.0,30.18711
IMG/center_2026_08_30_19_28_18_740.jpg,IMG/left_2026_08_30_19_28_18_740.jpg,IMG/right_2026_08_30_19_28_18_740.jpg,-1.0,1.0,0.0,0.04677621
IMG/center_2026_08_30_19_25_51_668.jpg,IMG/left_2026_08_30_19_25_51_668.jpg,IMG/right_2026_08_30_19_25_51_668.jpg,0.0,1.0,0.0,30.19028
IMG/center_2026_08_30_19_25_31_995.jpg,IMG/left_2026_08_30_19_25_31_995.jpg,IMG/right_2026_08_30_19_25_31_995.jpg,-0.1563243,1.0,0.0,30.19037
IMG/center_2026_08_30_19_24_08_462.jpg,IMG/left_2026_08_30_19_24_08_462.jpg,IMG/right_2026_08_30_19_24_08_462.jpg,0.0,0.0,0.0,7.809743e-05
IMG/center_2026_08_31_16_54_35_896.jpg,IMG/left_2026_08_31_16_54_35_896.jpg,IMG/right_2026_08_31_16_54_35_896.jpg,0.959408,1.0,0.0,30.09283
IMG/center_2026_08_30_19_26_30_875.jpg,IMG/left_2026_08_30_19_26_30_875.jpg,IMG/right_2026_08_30_19_26_30_875.jpg,0.0,1.0,0.0,30.18996
IMG/center_2026_08_30_19_24_46_753.jpg,IMG/left_2026_08_30_19_24_46_753.jpg,IMG/right_2026_08_30_19_24_46_753.jpg,0.0,1.0,0.0,30.19031
IMG/center_2026_08_31_16_53_36_312.jpg,IMG/left_2026_08_31_16_53_36_312.jpg,IMG/right_2026_08_31_16_53_36_312.jpg,0.0,1.0,0.0,30.18925
IMG/center_2026_08_31_16_55_01_549.jpg,IMG/left_2026_08_31_16_55_01_549.jpg,IMG/right_2026_08_31_16_55_01_549.jpg,0.0919878,1.0,0.0,30.18825
IMG/center_2026_08_30_19_27_35_977.jpg,IMG/left_2026_08_30_19_27_35_977.jpg,IMG/right_2026_08_30_19_27_35_977.jpg,-0.1822635,1.0,0.0,30.18181
IMG/center_2026_08_30_19_24_20_241.jpg,IMG/left_2026_08_30_19_24_20_241.jpg,IMG/right_2026_08_30_19_24_20_241.jpg,0.0,1.0,0.0,30.19018
IMG/center_2026_08_31_16_53_38_988.jpg,IMG/left_2026_08_31_16_53_38_988.jpg,IMG/right_2026_08_31_16_53_38_988.jpg,-0.1805607,1.0,0.0,30.18121
IMG/center_2026_08_30_19_25_21_094.jpg,IMG/left_2026_08_30_19_25_21_094.jpg,IMG/right_2026_08_30_19_25_21_094.jpg,0.0,1.0,0.0,30.19031
IMG/center_2026_08_30_19_24_11_239.jpg,IMG/left_2026_08_30_19_24_11_239.jpg,IMG/right_2026_08_30_19_24_11_239.jpg,-0.2446404,1.0,0.0,25.96191
IMG/center_2026_08_30_19_27_30_274.jpg,IMG/left_2026_08_30_19_27_30_274.jpg,IMG/right_2026_08_30_19_27_30_274.jpg,-0.1354509,1.0,0.0,30.18451
IMG/center_2026_08_31_16_55_27_599.jpg,IMG/left_2026_08_31_16_55_27_599.jpg,IMG/right_2026_08_31_16_55_27_599.jpg,-0.954682,1.0,0.0,30.10171
IMG\center_2026_08_31_21_55_24_986.jpg,IMG\left_2026_08_31_21_55_24_986.jpg,IMG\right_2026_08_31_21_55_24_986.jpg,0.0,1.0,0.0,30.19033
IMG/center_2026_08_31_16_54_33_121.jpg,IMG/left_2026_08_31_16_54_33_121.jpg,IMG/right_2026_08_31_16_54_33_121.jpg,-0.1343014,1.0,0.0,30.19391
IMG/center_2026_08_31_16_55_34_725.jpg,IMG/left_2026_08_31_16_55_34_725.jpg,IMG/right_2026_08_31_16_55_34_725.jpg,1.0,1.0,0.0,12.36123
IMG\center_2026_08_31_21_50_57_612.jpg,IMG\left_2026_08_31_21_50_57_612.jpg,IMG\right_2026_08_31_21_50_57_612.jpg,0.0,1.0,0.0,30.18978
IMG/center_2026_08_30_19_27_46_294.jpg,IMG/left_2026_08_30_19_27_46_294.jpg,IMG/right_2026_08_30_19_27_46_294.jpg,0.0,1.0,0.0,30.19063
IMG\center_2026_08_31_21_59_35_582.jpg,IMG\left_2026_08_31_21_59_35_582.jpg,IMG\right_2026_08_31_21_59_35_582.jpg,-0.3023244,1.0,0.0,30.18373
IMG/center_2026_08_30_19_27_22_324.jpg,IMG/left_2026_08_30_19_27_22_324.jpg,IMG/right_2026_08_30_19_27_22_324.jpg,0.0,1.0,0.0,30.1903
IMG/center_2026_08_31_16_53_43_793.jpg,IMG/left_2026_08_31_16_53_43_793.jpg,IMG/right_2026_08_31_16_53_43_793.jpg,-0.1904705,1.0,0.0,30.19858
IMG/center_2026_08_31_16_53_11_859.jpg,IMG/left_2026_08_31_16_53_11_859.jpg,IMG/right_2026_08_31_16_53_11_859.jpg,0.0,0.0,0.0,0.000467123
IMG/center_2026_08_30_19_25_12_724.jpg,IMG/left_2026_08_30_19_25_12_724.jpg,IMG/right_2026_08_30_19_25_12_724.jpg,-0.4223628,1.0,0.0,30.15273
IMG/center_2026_08_30_19_28_00_309.jpg,IMG/left_2026_08_30_19_28_00_309.jpg,IMG/right_2026_08_30_19_28_00_309.jpg,0.0,1.0,0.0,30.18763
IMG/center_2026_08_30_19_24_33_060.jpg,IMG/left_2026_08_30_19_24_33_060.jpg,IMG/right_2026_08_30_19_24_33_060.jpg,0.0,1.0,0.0,30.19029
IMG\center_2026_08_31_21_58_16_887.jpg,IMG\left_2026_08_31_21_58_16_887.jpg,IMG\right_2026_08_31_21_58_16_887.jpg,0.2305398,1.0,0.0,30.17549
IMG/center_2026_08_30_19_26_37_970.jpg,IMG/left_2026_08_30_19_26_37_970.jpg,IMG/right_2026_08_30_19_26_37_970.jpg,-0.3488199,1.0,0.0,30.17299
IMG/center_2026_08_31_16_55_38_435.jpg,IMG/left_2026_08_31_16_55_38_435.jpg,IMG/right_2026_08_31_16_55_38_435.jpg,0.6255421,1.0,0.0,30.11903
IMG/center_2026_08_30_19_27_33_496.jpg,IMG/left_2026_08_30_19_27_33_496.jpg,IMG/right_2026_08_30_19_27_33_496.jpg,-0.1476489,1.0,0.0,30.18876
IMG\center_2026_08_31_21_58_02_915.jpg,IMG\left_2026_08_31_21_58_02_915.jpg,IMG\right_2026_08_31_21_58_02_915.jpg,0.0,1.0,0.0,30.19021
IMG/center_2026_08_30_19_25_22_139.jpg,IMG/left_2026_08_30_19_25_22_139.jpg,IMG/right_2026_08_30_19_25_22_139.jpg,0.0,1.0,0.0,30.19014
IMG/center_2026_08_31_16_55_05_203.jpg,IMG/left_2026_08_31_16_55_05_203.jpg,IMG/right_2026_08_31_16_55_05_203.jpg,0.8983021,1.0,0.0,30.09269
IMG/center_2026_08_31_16_55_19_161.jpg,IMG/left_2026_08_31_16_55_19_161.jpg,IMG/right_2026_08_31_16_55_19_161.jpg,-0.7527298,1.0,0.0,30.1336
IMG/center_2026_08_31_16_55_48_263.jpg,IMG/left_2026_08_31_16_55_48_263.jpg,IMG/right_2026_08_31_16_55_48_263.jpg,-0.3539185,1.0,0.0,2.157542
IMG/center_2026_08_31_16_54_10_510.jpg,IMG/left_2026_08_31_16_54_10_510.jpg,IMG/right_2026_08_31_16_54_10_510.jpg,0.3993831,1.0,0.0,30.14801
